family,curve_id,temperature_c,below_anchor_c,err_anchor_log,err_family_mean_log
[Cu]CC(C#N)[Au],12212313724299089707,65.0,40.0,-0.8287326053883852,-1.9816186273082845
[Cu]CC(C#N)[Au],12212313724299089707,70.0,35.0,-0.6326126124213882,-1.7854986343412875
[Cu]CC(C#N)[Au],12212313724299089707,75.0,30.0,-0.4671962830157561,-1.6200823049356554
[Cu]CC(C#N)[Au],12212313724299089707,80.0,25.0,-0.3301296952509656,-1.4830157171708649
[Cu]CC(C#N)[Au],12212313724299089707,85.0,20.0,-0.2192481805389992,-1.3721342024588985
[Cu]CC(C#N)[Au],12212313724299089707,90.0,15.0,-0.13255937044737465,-1.2854453923672722
[Cu]CC(C#N)[Au],12212313724299089707,95.0,10.0,-0.06822794047669412,-1.2211139623965934
[Cu]CC(C#N)[Au],12212313724299089707,100.0,5.0,-0.02456186243215086,-1.1774478843520484
[Cu]CC(C#N)[Au],12294902457415397060,65.0,40.0,2.255455351526603,4.6183604743971465
[Cu]CC(C#N)[Au],12294902457415397060,70.0,35.0,1.824791216494372,4.187696339364919
[Cu]CC(C#N)[Au],12294902457415397060,75.0,30.0,1.4431951619343817,3.806100284804927
[Cu]CC(C#N)[Au],12294902457415397060,80.0,25.0,1.1070463536816284,3.4699514765521737
[Cu]CC(C#N)[Au],12294902457415397060,85.0,20.0,0.8130107678517948,3.17591589072234
[Cu]CC(C#N)[Au],12294902457415397060,90.0,15.0,0.5580157014398157,2.920920824310361
[Cu]CC(C#N)[Au],12294902457415397060,95.0,10.0,0.3392268217883956,2.702131944658941
[Cu]CC(C#N)[Au],12294902457415397060,100.0,5.0,0.15402747405799033,2.5169325969285374
[Cu]CC(C#N)[Au],12699488429248185518,65.0,40.0,2.242066588941551,4.546289068237815
[Cu]CC(C#N)[Au],12699488429248185518,70.0,35.0,1.8100838266773849,4.114306305973649
[Cu]CC(C#N)[Au],12699488429248185518,75.0,30.0,1.4281744865123098,3.732396965808576
[Cu]CC(C#N)[Au],12699488429248185518,80.0,25.0,1.0926345213269357,3.3968570006232
[Cu]CC(C#N)[Au],12699488429248185518,85.0,20.0,0.8000535717692294,3.1042760510654954
[Cu]CC(C#N)[Au],12699488429248185518,90.0,15.0,0.5472888519433514,2.8515113312396156
[Cu]CC(C#N)[Au],12699488429248185518,95.0,10.0,0.3314416370651294,2.635664116361392
[Cu]CC(C#N)[Au],12699488429248185518,100.0,5.0,0.1498360651709767,2.454058544467239
[Cu]CC(C#N)[Au],16509720034861533200,65.0,40.0,-0.8493063770130398,-2.0371101494131363
[Cu]CC(C#N)[Au],16509720034861533200,70.0,35.0,-0.6354273411914235,-1.8232311135915218
[Cu]CC(C#N)[Au],16509720034861533200,75.0,30.0,-0.457327290020233,-1.6451310624203312
[Cu]CC(C#N)[Au],16509720034861533200,80.0,25.0,-0.3122455660997314,-1.500049338499828
[Cu]CC(C#N)[Au],16509720034861533200,85.0,20.0,-0.19764400443120067,-1.3854477768312972
[Cu]CC(C#N)[Au],16509720034861533200,90.0,15.0,-0.11118697634337948,-1.2989907487434778
[Cu]CC(C#N)[Au],16509720034861533200,95.0,10.0,-0.05072343251990041,-1.238527204919997
[Cu]CC(C#N)[Au],16509720034861533200,100.0,5.0,-0.014270723111076578,-1.202074495511173
[Cu]CC(C#N)[Au],17155791768952619361,65.0,40.0,0.5047107782829485,0.5355624966326005
[Cu]CC(C#N)[Au],17155791768952619361,70.0,35.0,0.43745236547968247,0.4683040838293344
[Cu]CC(C#N)[Au],17155791768952619361,75.0,30.0,0.37143294198500776,0.4022846603346597
[Cu]CC(C#N)[Au],17155791768952619361,80.0,25.0,0.3066288956597205,0.33748061400937246
[Cu]CC(C#N)[Au],17155791768952619361,85.0,20.0,0.24301633534298972,0.27386805369264167
[Cu]CC(C#N)[Au],17155791768952619361,90.0,15.0,0.18057121852746505,0.21142293687711877
[Cu]CC(C#N)[Au],17155791768952619361,95.0,10.0,0.11926945991158178,0.15012117826123728
[Cu]CC(C#N)[Au],17155791768952619361,100.0,5.0,0.05908702342951244,0.08993874177916616
[Cu]CC(C#N)[Au],2785567759072506999,65.0,40.0,0.519392549467069,0.5432253425489382
[Cu]CC(C#N)[Au],2785567759072506999,70.0,35.0,0.43653321975902415,0.4603660128408933
[Cu]CC(C#N)[Au],2785567759072506999,75.0,30.0,0.3595143465168942,0.3833471395987633
[Cu]CC(C#N)[Au],2785567759072506999,80.0,25.0,0.2879429552565185,0.31177574833838584
[Cu]CC(C#N)[Au],2785567759072506999,85.0,20.0,0.22145599490143297,0.24528878798330211
[Cu]CC(C#N)[Au],2785567759072506999,90.0,15.0,0.15971773608426965,0.1835505291661388
[Cu]CC(C#N)[Au],2785567759072506999,95.0,10.0,0.10241742500027229,0.12625021808214143
[Cu]CC(C#N)[Au],2785567759072506999,100.0,5.0,0.049267164813683095,0.07309995789555224
[Cu]CC(C#N)[Au],3301259145196243448,65.0,40.0,-2.188382238345614,-3.3633750513986964
[Cu]CC(C#N)[Au],3301259145196243448,70.0,35.0,-1.837453877004295,-3.012446690057379
[Cu]CC(C#N)[Au],3301259145196243448,75.0,30.0,-1.5117400504120528,-2.686732863465135
[Cu]CC(C#N)[Au],3301259145196243448,80.0,25.0,-1.2095360303789384,-2.384528843432024
[Cu]CC(C#N)[Au],3301259145196243448,85.0,20.0,-0.9292671808468569,-2.104259993899939
[Cu]CC(C#N)[Au],3301259145196243448,90.0,15.0,-0.6694776328531109,-1.8444704459061931
[Cu]CC(C#N)[Au],3301259145196243448,95.0,10.0,-0.4288200727970235,-1.6038128858501057
[Cu]CC(C#N)[Au],3301259145196243448,100.0,5.0,-0.20604652196261242,-1.3810393350156946
[Cu]CC(C#N)[Au],470068033949097368,65.0,40.0,-2.177700464829611,-3.384771627807284
[Cu]CC(C#N)[Au],470068033949097368,70.0,35.0,-1.8431802767999557,-3.0502514397776306
[Cu]CC(C#N)[Au],470068033949097368,75.0,30.0,-1.5288345101926009,-2.7359056731702758
[Cu]CC(C#N)[Au],470068033949097368,80.0,25.0,-1.2333638273284624,-2.4404349903061355
[Cu]CC(C#N)[Au],470068033949097368,85.0,20.0,-0.9555658104125211,-2.162636973390196
[Cu]CC(C#N)[Au],470068033949097368,90.0,15.0,-0.6943266353564645,-1.9013977983341395
[Cu]CC(C#N)[Au],470068033949097368,95.0,10.0,-0.44861355704165184,-1.655684720019325
[Cu]CC(C#N)[Au],470068033949097368,100.0,5.0,-0.21746811760914397,-1.424539280586819
[Cu]CC(C#N)[Au],920364910538270051,65.0,40.0,0.5224964173583757,0.5234380741107767
[Cu]CC(C#N)[Au],920364910538270051,70.0,35.0,0.4398134790065118,0.4407551357589128
[Cu]CC(C#N)[Au],920364910538270051,75.0,30.0,0.36278119669196407,0.36372285344436506
[Cu]CC(C#N)[Au],920364910538270051,80.0,25.0,0.29102239313323075,0.29196404988563174
[Cu]CC(C#N)[Au],920364910538270051,85.0,20.0,0.22418850636407583,0.22513016311647682
[Cu]CC(C#N)[Au],920364910538270051,90.0,15.0,0.16195710700538335,0.16289876375778434
[Cu]CC(C#N)[Au],920364910538270051,95.0,10.0,0.10402965906985884,0.10497131582225983
[Cu]CC(C#N)[Au],920364910538270051,100.0,5.0,0.05012949764279817,0.051071154395200935
[Cu]CC(O)[Au],10579488478914093928,30.0,80.0,1.5036202671208727,1.0213115941851427
[Cu]CC(O)[Au],10579488478914093928,35.0,75.0,1.433177896889461,0.9508692239537311
[Cu]CC(O)[Au],10579488478914093928,40.0,70.0,1.3575352047167435,0.8752265317810135
[Cu]CC(O)[Au],10579488478914093928,45.0,65.0,1.2772830930469503,0.7949744201112168
[Cu]CC(O)[Au],10579488478914093928,50.0,60.0,1.192954827120591,0.7106461541848574
[Cu]CC(O)[Au],10579488478914093928,55.0,55.0,1.1050320064834107,0.6227233335476754
[Cu]CC(O)[Au],10579488478914093928,60.0,50.0,1.0139498585820181,0.5316411856462864
[Cu]CC(O)[Au],10579488478914093928,65.0,45.0,0.9201019389081875,0.43779326597245394
[Cu]CC(O)[Au],10579488478914093928,70.0,40.0,0.8238443106660043,0.34153563773027074
[Cu]CC(O)[Au],10579488478914093928,75.0,35.0,0.7254992671428919,0.24319059420716016
[Cu]CC(O)[Au],10579488478914093928,80.0,30.0,0.6253586515966951,0.14304997866096336
[Cu]CC(O)[Au],10579488478914093928,85.0,25.0,0.5236868223043221,0.041378149368588524
[Cu]CC(O)[Au],10579488478914093928,90.0,20.0,0.4207233042663159,-0.06158536866941766
[Cu]CC(O)[Au],10579488478914093928,95.0,15.0,0.3166851637714245,-0.165623509164309
[Cu]CC(O)[Au],10579488478914093928,100.0,10.0,0.2117691374659021,-0.27053953546983145
[Cu]CC(O)[Au],10579488478914093928,105.0,5.0,0.10615354363529939,-0.37615512930043415
[Cu]CC(O)[Au],12691587092936115254,30.0,80.0,-8.485702217054007,-11.290210420410018
[Cu]CC(O)[Au],12691587092936115254,35.0,75.0,-7.727522682663322,-10.532030886019337
[Cu]CC(O)[Au],12691587092936115254,40.0,70.0,-7.009405709652134,-9.813913913008147
[Cu]CC(O)[Au],12691587092936115254,45.0,65.0,-6.3287268462278625,-9.133235049583876
[Cu]CC(O)[Au],12691587092936115254,50.0,60.0,-5.683068892300941,-8.487577095656958
[Cu]CC(O)[Au],12691587092936115254,55.0,55.0,-5.070202747334371,-7.874710950690386
[Cu]CC(O)[Au],12691587092936115254,60.0,50.0,-4.488070281104449,-7.292578484460462
[Cu]CC(O)[Au],12691587092936115254,65.0,45.0,-3.934768987576936,-6.739277190932949
[Cu]CC(O)[Au],12691587092936115254,70.0,40.0,-3.408538213548929,-6.213046416904942
[Cu]CC(O)[Au],12691587092936115254,75.0,35.0,-2.907746780643187,-5.712254983999202
[Cu]CC(O)[Au],12691587092936115254,80.0,30.0,-2.4308818423690983,-5.235390045725115
[Cu]CC(O)[Au],12691587092936115254,85.0,25.0,-1.976538837866384,-4.781047041222399
[Cu]CC(O)[Au],12691587092936115254,90.0,20.0,-1.5434124211117197,-4.347920624467735
[Cu]CC(O)[Au],12691587092936115254,95.0,15.0,-1.1302882592028771,-3.934796462558892
[Cu]CC(O)[Au],12691587092936115254,100.0,10.0,-0.7360356061822886,-3.5405438095383044
[Cu]CC(O)[Au],12691587092936115254,105.0,5.0,-0.35960057001124035,-3.164108773367256
[Cu]CC(O)[Au],14335382806229136597,30.0,80.0,-2.3090363203631856,-3.8402732371099386
[Cu]CC(O)[Au],14335382806229136597,35.0,75.0,-2.5179233248387654,-4.049160241585518
[Cu]CC(O)[Au],14335382806229136597,40.0,70.0,-2.657800557679458,-4.1890374744262076
[Cu]CC(O)[Au],14335382806229136597,45.0,65.0,-2.7348146157187383,-4.266051532465493
[Cu]CC(O)[Au],14335382806229136597,50.0,60.0,-2.7545554014549705,-4.285792318201725
[Cu]CC(O)[Au],14335382806229136597,55.0,55.0,-2.72211175958849,-4.253348676335241
[Cu]CC(O)[Au],14335382806229136597,60.0,50.0,-2.642120930486639,-4.173357847233392
[Cu]CC(O)[Au],14335382806229136597,65.0,45.0,-2.5188125801699037,-4.050049496916657
[Cu]CC(O)[Au],14335382806229136597,70.0,40.0,-2.3560480641284354,-3.8872849808751866
[Cu]CC(O)[Au],14335382806229136597,75.0,35.0,-2.157355494965378,-3.688592411712129
[Cu]CC(O)[Au],14335382806229136597,80.0,30.0,-1.9259611091579174,-3.4571980259046704
[Cu]CC(O)[Au],14335382806229136597,85.0,25.0,-1.6648173641644775,-3.1960542809112287
[Cu]CC(O)[Au],14335382806229136597,90.0,20.0,-1.3766281420513113,-2.907865058798066
[Cu]CC(O)[Au],14335382806229136597,95.0,15.0,-1.0638713883972635,-2.5951083051440147
[Cu]CC(O)[Au],14335382806229136597,100.0,10.0,-0.7288194743171168,-2.2600563910638716
[Cu]CC(O)[Au],14335382806229136597,105.0,5.0,-0.3735575340619537,-1.9047944508087067
[Cu]CC(O)[Au],16107276123883657546,30.0,80.0,-3.0979752223496924,-2.4829493807369687
[Cu]CC(O)[Au],16107276123883657546,35.0,75.0,-3.239035904437351,-2.624010062824624
[Cu]CC(O)[Au],16107276123883657546,40.0,70.0,-3.314298867020872,-2.6992730254081447
[Cu]CC(O)[Au],16107276123883657546,45.0,65.0,-3.3297107198285545,-2.714684878215831
[Cu]CC(O)[Au],16107276123883657546,50.0,60.0,-3.290676713707972,-2.6756508720952485
[Cu]CC(O)[Au],16107276123883657546,55.0,55.0,-3.202114986908464,-2.587089145295737
[Cu]CC(O)[Au],16107276123883657546,60.0,50.0,-3.0685047731679003,-2.4534789315551695
[Cu]CC(O)[Au],16107276123883657546,65.0,45.0,-2.8939293141942954,-2.2789034725815682
[Cu]CC(O)[Au],16107276123883657546,70.0,40.0,-2.6821141190613673,-2.06708827744864
[Cu]CC(O)[Au],16107276123883657546,75.0,35.0,-2.4364611276215165,-1.8214352860087892
[Cu]CC(O)[Au],16107276123883657546,80.0,30.0,-2.1600792619648015,-1.5450534203520743
[Cu]CC(O)[Au],16107276123883657546,85.0,25.0,-1.8558117872945363,-1.2407859456818109
[Cu]CC(O)[Au],16107276123883657546,90.0,20.0,-1.5262608497475778,-0.9112350081348524
[Cu]CC(O)[Au],16107276123883657546,95.0,15.0,-1.173809512322011,-0.5587836707092837
[Cu]CC(O)[Au],16107276123883657546,100.0,10.0,-0.8006415700661744,-0.1856157284534472
[Cu]CC(O)[Au],16107276123883657546,105.0,5.0,-0.40875939109093373,0.20626645052179526
[Cu]CC(O)[Au],16730591990923957706,30.0,80.0,2.1466834255110037,3.5570845093356844
[Cu]CC(O)[Au],16730591990923957706,35.0,75.0,1.9251965641238975,3.3355976479485747
[Cu]CC(O)[Au],16730591990923957706,40.0,70.0,1.7195580132058623,3.129959097030543
[Cu]CC(O)[Au],16730591990923957706,45.0,65.0,1.528613324886205,2.9390144087108823
[Cu]CC(O)[Au],16730591990923957706,50.0,60.0,1.3513043152774138,2.761705399102091
[Cu]CC(O)[Au],16730591990923957706,55.0,55.0,1.1866598689691017,2.597060952793779
[Cu]CC(O)[Au],16730591990923957706,60.0,50.0,1.0337877366990273,2.4441888205237063
[Cu]CC(O)[Au],16730591990923957706,65.0,45.0,0.8918672065645143,2.3022682903891933
[Cu]CC(O)[Au],16730591990923957706,70.0,40.0,0.7601425450174872,2.1705436288421662
[Cu]CC(O)[Au],16730591990923957706,75.0,35.0,0.6379171174672464,2.0483182012919254
[Cu]CC(O)[Au],16730591990923957706,80.0,30.0,0.524548109957049,1.9349491937817245
[Cu]CC(O)[Au],16730591990923957706,85.0,25.0,0.4194417833827302,1.8298428672074092
[Cu]CC(O)[Au],16730591990923957706,90.0,20.0,0.3220492003339448,1.732450284158622
[Cu]CC(O)[Au],16730591990923957706,95.0,15.0,0.2318623720699211,1.6422634558945983
[Cu]CC(O)[Au],16730591990923957706,100.0,10.0,0.14841077956725535,1.5588118633919308
[Cu]CC(O)[Au],16730591990923957706,105.0,5.0,0.07125822814437832,1.4816593119690573
[Cu]CC(O)[Au],17802812866398275837,30.0,80.0,1.5227566783754938,1.0757557455073474
[Cu]CC(O)[Au],17802812866398275837,35.0,75.0,1.4391363636594932,0.9921354307913468
[Cu]CC(O)[Au],17802812866398275837,40.0,70.0,1.3526133109405194,0.905612378072373
[Cu]CC(O)[Au],17802812866398275837,45.0,65.0,1.2635830028615018,0.8165820699933555
[Cu]CC(O)[Au],17802812866398275837,50.0,60.0,1.172400686471791,0.7253997536036447
[Cu]CC(O)[Au],17802812866398275837,55.0,55.0,1.0793856208538362,0.6323846879856898
[Cu]CC(O)[Au],17802812866398275837,60.0,50.0,0.9848248373861779,0.5378239045180315
[Cu]CC(O)[Au],17802812866398275837,65.0,45.0,0.8889764737807173,0.44197554091257096
[Cu]CC(O)[Au],17802812866398275837,70.0,40.0,0.7920727346771574,0.3450718018090093
[Cu]CC(O)[Au],17802812866398275837,75.0,35.0,0.6943225244589186,0.24732159159077405
[Cu]CC(O)[Au],17802812866398275837,80.0,30.0,0.5959137918757342,0.14891285900758788
[Cu]CC(O)[Au],17802812866398275837,85.0,25.0,0.4970156208551302,0.050014687986982054
[Cu]CC(O)[Au],17802812866398275837,90.0,20.0,0.39778009742242837,-0.04922083544571798
[Cu]CC(O)[Au],17802812866398275837,95.0,15.0,0.2983439788131417,-0.14865695405500468
[Cu]CC(O)[Au],17802812866398275837,100.0,10.0,0.19883018755804116,-0.2481707453101052
[Cu]CC(O)[Au],17802812866398275837,105.0,5.0,0.09934915047040604,-0.34765178239773853
[Cu]CC(O)[Au],2146581153500798208,30.0,80.0,4.126620509834524,4.828999890584374
[Cu]CC(O)[Au],2146581153500798208,35.0,75.0,3.6902481902755326,4.392627571025379
[Cu]CC(O)[Au],2146581153500798208,40.0,70.0,3.2863821541652385,3.988761534915092
[Cu]CC(O)[Au],2146581153500798208,45.0,65.0,2.912627975639573,3.615007356389423
[Cu]CC(O)[Au],2146581153500798208,50.0,60.0,2.5667919359059503,3.269171316655802
[Cu]CC(O)[Au],2146581153500798208,55.0,55.0,2.246861792621395,2.949241173371245
[Cu]CC(O)[Au],2146581153500798208,60.0,50.0,1.9509896304332077,2.6533690111830577
[Cu]CC(O)[Au],2146581153500798208,65.0,45.0,1.677476541637791,2.379855922387639
[Cu]CC(O)[Au],2146581153500798208,70.0,40.0,1.4247589192697472,2.127138300019597
[Cu]CC(O)[Au],2146581153500798208,75.0,35.0,1.1913961734575356,1.8937755542073855
[Cu]CC(O)[Au],2146581153500798208,80.0,30.0,0.9760597063296839,1.6784390870795338
[Cu]CC(O)[Au],2146581153500798208,85.0,25.0,0.777523001757471,1.479902382507321
[Cu]CC(O)[Au],2146581153500798208,90.0,20.0,0.5946527043007386,1.2970320850505885
[Cu]CC(O)[Au],2146581153500798208,95.0,15.0,0.4264005773230206,1.1287799580728706
[Cu]CC(O)[Au],2146581153500798208,100.0,10.0,0.27179624372828926,0.9741756244781392
[Cu]CC(O)[Au],2146581153500798208,105.0,5.0,0.12994062445459775,0.8323200052044477
[Cu]CC(O)[Au],4606700850234046527,30.0,80.0,2.770083187989556,4.497319016811172
[Cu]CC(O)[Au],4606700850234046527,35.0,75.0,2.5783237053496357,4.305559534171248
[Cu]CC(O)[Au],4606700850234046527,40.0,70.0,2.388913890381829,4.116149719203445
[Cu]CC(O)[Au],4606700850234046527,45.0,65.0,2.2019180957984474,3.9291539246200635
[Cu]CC(O)[Au],4606700850234046527,50.0,60.0,2.0173860200175895,3.744621848839202
[Cu]CC(O)[Au],4606700850234046527,55.0,55.0,1.835354624209458,3.5625904530310706
[Cu]CC(O)[Au],4606700850234046527,60.0,50.0,1.6558498057006723,3.38308563452229
[Cu]CC(O)[Au],4606700850234046527,65.0,45.0,1.4788878601960906,3.206123689017705
[Cu]CC(O)[Au],4606700850234046527,70.0,40.0,1.3044767606620056,3.0317125894836217
[Cu]CC(O)[Au],4606700850234046527,75.0,35.0,1.1326172768018168,2.859853105623431
[Cu]CC(O)[Au],4606700850234046527,80.0,30.0,0.9633039557303498,2.690539784551964
[Cu]CC(O)[Au],4606700850234046527,85.0,25.0,0.7965259816223238,2.523761810443938
[Cu]CC(O)[Au],4606700850234046527,90.0,20.0,0.6322679296949314,2.3595037585165457
[Cu]CC(O)[Au],4606700850234046527,95.0,15.0,0.4705104278197165,2.197746256641331
[Cu]CC(O)[Au],4606700850234046527,100.0,10.0,0.3112307372898382,2.0384665661114543
[Cu]CC(O)[Au],4606700850234046527,105.0,5.0,0.1544032627511278,1.8816390915727421
[Cu]CC(O)[Au],5716548932809506827,30.0,80.0,2.793108733170886,4.5265651533045315
[Cu]CC(O)[Au],5716548932809506827,35.0,75.0,2.608498526246237,4.341954946379882
[Cu]CC(O)[Au],5716548932809506827,40.0,70.0,2.4245747378454503,4.158031157979099
[Cu]CC(O)[Au],5716548932809506827,45.0,65.0,2.241546729870663,3.9750031500043157
[Cu]CC(O)[Au],5716548932809506827,50.0,60.0,2.0595961775994134,3.7930525977330625
[Cu]CC(O)[Au],5716548932809506827,55.0,55.0,1.8788802840116006,3.6123367041452497
[Cu]CC(O)[Au],5716548932809506827,60.0,50.0,1.699534606653799,3.432991026787448
[Cu]CC(O)[Au],5716548932809506827,65.0,45.0,1.521675547139811,3.25513196727346
[Cu]CC(O)[Au],5716548932809506827,70.0,40.0,1.3454025463984944,3.0788589665321435
[Cu]CC(O)[Au],5716548932809506827,75.0,35.0,1.1708000228413216,2.9042564429749707
[Cu]CC(O)[Au],5716548932809506827,80.0,30.0,0.9979390855640968,2.731395505697746
[Cu]CC(O)[Au],5716548932809506827,85.0,25.0,0.8268790503798975,2.5603354705135466
[Cu]CC(O)[Au],5716548932809506827,90.0,20.0,0.6576687827870042,2.3911252029206533
[Cu]CC(O)[Au],5716548932809506827,95.0,15.0,0.4903478888101205,2.2238043089437696
[Cu]CC(O)[Au],5716548932809506827,100.0,10.0,0.32494777193420354,2.0584041920678526
[Cu]CC(O)[Au],5716548932809506827,105.0,5.0,0.1614925720108502,1.8949489921444975
[Cu]CC(O)[Au],6320649779526226739,30.0,80.0,-8.529578622532357,-11.411308456218075
[Cu]CC(O)[Au],6320649779526226739,35.0,75.0,-7.740516455194053,-10.62224628887977
[Cu]CC(O)[Au],6320649779526226739,40.0,70.0,-6.996913358541503,-9.878643192227216
[Cu]CC(O)[Au],6320649779526226739,45.0,65.0,-6.295685780653061,-9.177415614338777
[Cu]CC(O)[Au],6320649779526226739,50.0,60.0,-5.633998306421395,-8.515728140107113
[Cu]CC(O)[Au],6320649779526226739,55.0,55.0,-5.00924045495775,-7.890970288643466
[Cu]CC(O)[Au],6320649779526226739,60.0,50.0,-4.419005947636318,-7.300735781322034
[Cu]CC(O)[Au],6320649779526226739,65.0,45.0,-3.861074152178441,-6.742803985864155
[Cu]CC(O)[Au],6320649779526226739,70.0,40.0,-3.3333934469828534,-6.2151232806685694
[Cu]CC(O)[Au],6320649779526226739,75.0,35.0,-2.8340662831300003,-5.715796116815716
[Cu]CC(O)[Au],6320649779526226739,80.0,30.0,-2.361335749995364,-5.243065583681078
[Cu]CC(O)[Au],6320649779526226739,85.0,25.0,-1.9135734749235391,-4.795303308609253
[Cu]CC(O)[Au],6320649779526226739,90.0,20.0,-1.489268708545981,-4.370998542231697
[Cu]CC(O)[Au],6320649779526226739,95.0,15.0,-1.0870184655778266,-3.9687482992635426
[Cu]CC(O)[Au],6320649779526226739,100.0,10.0,-0.7055186067270185,-3.5872484404127336
[Cu]CC(O)[Au],6320649779526226739,105.0,5.0,-0.34355576105070096,-3.225285594736416
[Cu]CC(O)[Au],7674006479790499461,30.0,80.0,1.8776987021070788,3.5644641869811338
[Cu]CC(O)[Au],7674006479790499461,35.0,75.0,2.395313764588007,4.082079249462062
[Cu]CC(O)[Au],7674006479790499461,40.0,70.0,2.7898802292183618,4.47664571409242
[Cu]CC(O)[Au],7674006479790499461,45.0,65.0,3.0721427377982202,4.758908222672275
[Cu]CC(O)[Au],7674006479790499461,50.0,60.0,3.251879733372057,4.938645218246112
[Cu]CC(O)[Au],7674006479790499461,55.0,55.0,3.337999667298547,5.024765152172604
[Cu]CC(O)[Au],7674006479790499461,60.0,50.0,3.3386265385621368,5.025392023436195
[Cu]CC(O)[Au],7674006479790499461,65.0,45.0,3.2611760738780404,4.947941558752095
[Cu]CC(O)[Au],7674006479790499461,70.0,40.0,3.112423681129954,4.799189166004011
[Cu]CC(O)[Au],7674006479790499461,75.0,35.0,2.8985651584090775,4.5853306432831324
[Cu]CC(O)[Au],7674006479790499461,80.0,30.0,2.6252710123314937,4.312036497205549
[Cu]CC(O)[Au],7674006479790499461,85.0,25.0,2.2977351290241987,3.9845006138982537
[Cu]CC(O)[Au],7674006479790499461,90.0,20.0,1.9207184463755524,3.607483931249609
[Cu]CC(O)[Au],7674006479790499461,95.0,15.0,1.498588194495463,3.18535367936952
[Cu]CC(O)[Au],7674006479790499461,100.0,10.0,1.0353532008568003,2.722118685730857
[Cu]CC(O)[Au],7674006479790499461,105.0,5.0,0.5346956956412452,2.2214611805153
[Cu]CC(O)[Au],885173914411122668,30.0,80.0,1.4999960832395658,1.020387338730174
[Cu]CC(O)[Au],885173914411122668,35.0,75.0,1.4301977369338417,0.9505889924244464
[Cu]CC(O)[Au],885173914411122668,40.0,70.0,1.3551203283083133,0.875511583798918
[Cu]CC(O)[Au],885173914411122668,45.0,65.0,1.2753611719009292,0.7957524273915411
[Cu]CC(O)[Au],885173914411122668,50.0,60.0,1.1914593836968361,0.7118506391874426
[Cu]CC(O)[Au],885173914411122668,55.0,55.0,1.1039019077448398,0.6242931632354498
[Cu]CC(O)[Au],885173914411122668,60.0,50.0,1.0131288588036647,0.5335201142942712
[Cu]CC(O)[Au],885173914411122668,65.0,45.0,0.9195382662181775,0.43992952170878574
[Cu]CC(O)[Au],885173914411122668,70.0,40.0,0.8234902926397805,0.34388154813038696
[Cu]CC(O)[Au],885173914411122668,75.0,35.0,0.7253109913268023,0.24570224681740882
[Cu]CC(O)[Au],885173914411122668,80.0,30.0,0.6252956573201445,0.14568691281075274
[Cu]CC(O)[Au],885173914411122668,85.0,25.0,0.5237118205602567,0.044103076050863166
[Cu]CC(O)[Au],885173914411122668,90.0,20.0,0.42080192280716133,-0.05880682170222862
[Cu]CC(O)[Au],885173914411122668,95.0,15.0,0.31678571488894924,-0.16282302962044248
[Cu]CC(O)[Au],885173914411122668,100.0,10.0,0.21186240620502694,-0.2677463383043648
[Cu]CC(O)[Au],885173914411122668,105.0,5.0,0.1062125944390111,-0.37339615007037885
[Cu]CC(O)[Au],9759210188208748116,30.0,80.0,4.1817247949502985,4.932854059035343
[Cu]CC(O)[Au],9759210188208748116,35.0,75.0,3.7249056190674246,4.476034883152469
[Cu]CC(O)[Au],9759210188208748116,40.0,70.0,3.3038406241116647,4.054969888196709
[Cu]CC(O)[Au],9759210188208748116,45.0,65.0,2.9158618306257473,3.666991094710795
[Cu]CC(O)[Au],9759210188208748116,50.0,60.0,2.5585262344236632,3.309655498508711
[Cu]CC(O)[Au],9759210188208748116,55.0,55.0,2.2295941765969047,2.9807234406819507
[Cu]CC(O)[Au],9759210188208748116,60.0,50.0,1.9270100595746058,2.6781393236596536
[Cu]CC(O)[Au],9759210188208748116,65.0,45.0,1.6488851257962658,2.40001438988131
[Cu]CC(O)[Au],9759210188208748116,70.0,40.0,1.393482053260966,2.144611317346012
[Cu]CC(O)[Au],9759210188208748116,75.0,35.0,1.1592011544544842,1.9103304185395302
[Cu]CC(O)[Au],9759210188208748116,80.0,30.0,0.9445679927819484,1.6956972568669944
[Cu]CC(O)[Au],9759210188208748116,85.0,25.0,0.7482222543626165,1.4993515184476625
[Cu]CC(O)[Au],9759210188208748116,90.0,20.0,0.5689077334685191,1.320036997553565
[Cu]CC(O)[Au],9759210188208748116,95.0,15.0,0.40546330750823145,1.1565925715932774
[Cu]CC(O)[Au],9759210188208748116,100.0,10.0,0.25681479268724416,1.0079440567722902
[Cu]CC(O)[Au],9759210188208748116,105.0,5.0,0.1219675846679138,0.8730968487529598
[Cu]CC(OCC)[Au],10543901220516951649,15.0,30.0,-1.125197363669173,2.653384575667708
[Cu]CC(OCC)[Au],10543901220516951649,20.0,25.0,-0.8386895953632489,2.9398923439736357
[Cu]CC(OCC)[Au],10543901220516951649,25.0,20.0,-0.5966167265716642,3.181965212765217
[Cu]CC(OCC)[Au],10543901220516951649,30.0,15.0,-0.3950853436637054,3.3834965956731757
[Cu]CC(OCC)[Au],10543901220516951649,35.0,10.0,-0.2305629396676423,3.5480189996692353
[Cu]CC(OCC)[Au],10543901220516951649,40.0,5.0,-0.09984060071969836,3.6787413386171792
[Cu]CC(OCC)[Au],10600370546359071751,15.0,30.0,0.8477863032996922,-1.2861909575296124
[Cu]CC(OCC)[Au],10600370546359071751,20.0,25.0,0.6892808772222345,-1.44469638360707
[Cu]CC(OCC)[Au],10600370546359071751,25.0,20.0,0.5382563269785514,-1.5957209338507568
[Cu]CC(OCC)[Au],10600370546359071751,30.0,15.0,0.39423715765545,-1.7397401031738546
[Cu]CC(OCC)[Au],10600370546359071751,35.0,10.0,0.25678546145565306,-1.8771917993736515
[Cu]CC(OCC)[Au],10600370546359071751,40.0,5.0,0.12549738859205206,-2.0084798722372526
[Cu]CC(OCC)[Au],12798890779581918797,15.0,30.0,-0.7184137957631762,-2.217066980692941
[Cu]CC(OCC)[Au],12798890779581918797,20.0,25.0,-0.5470083790404345,-2.045661563970196
[Cu]CC(OCC)[Au],12798890779581918797,25.0,20.0,-0.3987510551858158,-1.8974042401155842
[Cu]CC(OCC)[Au],12798890779581918797,30.0,15.0,-0.27164972881845273,-1.770302913748214
[Cu]CC(OCC)[Au],12798890779581918797,35.0,10.0,-0.163895661615431,-1.6625488465451959
[Cu]CC(OCC)[Au],12798890779581918797,40.0,5.0,-0.07384458703119634,-1.5724977719609612
[Cu]CC(OCC)[Au],13219206715855893258,15.0,30.0,4.101095238799033,3.811971631836659
[Cu]CC(OCC)[Au],13219206715855893258,20.0,25.0,2.964442118389055,2.675318511426685
[Cu]CC(OCC)[Au],13219206715855893258,25.0,20.0,2.0316194396403553,1.7424958326779851
[Cu]CC(OCC)[Au],13219206715855893258,30.0,15.0,1.2844775604734942,0.995353953511124
[Cu]CC(OCC)[Au],13219206715855893258,35.0,10.0,0.7065597036762412,0.41743609671387105
[Cu]CC(OCC)[Au],13219206715855893258,40.0,5.0,0.2829263594190863,-0.0061972475432803265
[Cu]CC(OCC)[Au],16223039784257461479,15.0,30.0,-0.9569401237645394,-0.13151766435680656
[Cu]CC(OCC)[Au],16223039784257461479,20.0,25.0,-0.6997296344868289,0.1256928249209075
[Cu]CC(OCC)[Au],16223039784257461479,25.0,20.0,-0.486448623382028,0.33897383602571196
[Cu]CC(OCC)[Au],16223039784257461479,30.0,15.0,-0.31320546197799004,0.5122169974297428
[Cu]CC(OCC)[Au],16223039784257461479,35.0,10.0,-0.1764707954154936,0.6489516639922392
[Cu]CC(OCC)[Au],16223039784257461479,40.0,5.0,-0.07304000327884452,0.7523824561288883
[Cu]CC(OCC)[Au],4684481507302060777,15.0,30.0,-0.9877505499512331,0.9462145903414836
[Cu]CC(OCC)[Au],4684481507302060777,20.0,25.0,-0.6995785652426747,1.2343865750500456
[Cu]CC(OCC)[Au],4684481507302060777,25.0,20.0,-0.4670294098782719,1.4669357304144484
[Cu]CC(OCC)[Au],4684481507302060777,30.0,15.0,-0.2851143493836936,1.6488507909090266
[Cu]CC(OCC)[Au],4684481507302060777,35.0,10.0,-0.14931123614324449,1.7846539041494758
[Cu]CC(OCC)[Au],4684481507302060777,40.0,5.0,-0.05551604160973156,1.8784490986829887
[Cu]CC(OCC)[Au],551657785961097027,15.0,30.0,-0.5034148766271009,-2.486751384784405
[Cu]CC(OCC)[Au],551657785961097027,20.0,25.0,-0.4011754929897826,-2.3845120011470904
[Cu]CC(OCC)[Au],551657785961097027,25.0,20.0,-0.3070578853441148,-2.290394393501419
[Cu]CC(OCC)[Au],551657785961097027,30.0,15.0,-0.2204318197417301,-2.2037683278990343
[Cu]CC(OCC)[Au],551657785961097027,35.0,10.0,-0.1407225477645433,-2.1240590559218475
[Cu]CC(OCC)[Au],551657785961097027,40.0,5.0,-0.0674052314102056,-2.05074173956751
[Cu]CC(OCC)[Au],6354010472197796371,15.0,30.0,-0.6571648323234918,-1.290043810482274
[Cu]CC(OCC)[Au],6354010472197796371,20.0,25.0,-0.46754132848831276,-1.1004203066470986
[Cu]CC(OCC)[Au],6354010472197796371,25.0,20.0,-0.3139720662569978,-0.9468510444157836
[Cu]CC(OCC)[Au],6354010472197796371,30.0,15.0,-0.19322801454335448,-0.8261069927021438
[Cu]CC(OCC)[Au],6354010472197796371,35.0,10.0,-0.10238198452552183,-0.7352609626843112
[Cu]CC(OCC)[Au],6354010472197796371,40.0,5.0,-0.038777283961454856,-0.6716562621202407
[Cu]CN(C)C[Au],11492884861352438676,40.0,30.0,-0.11474508771162739,0.003024200703382718
[Cu]CN(C)C[Au],11492884861352438676,45.0,25.0,-0.0872781650484793,0.030491123366530815
[Cu]CN(C)C[Au],11492884861352438676,50.0,20.0,-0.06352158691145426,0.054247701503555845
[Cu]CN(C)C[Au],11492884861352438676,55.0,15.0,-0.0431769928838559,0.0745922955311542
[Cu]CN(C)C[Au],11492884861352438676,60.0,10.0,-0.025971547722573263,0.09179774069243862
[Cu]CN(C)C[Au],11492884861352438676,65.0,5.0,-0.01165549966858137,0.10611378874643052
[Cu]CN(C)C[Au],11510392751439632842,40.0,30.0,-0.2422654894189069,-1.311064999210723
[Cu]CN(C)C[Au],11510392751439632842,45.0,25.0,-0.1895485253613689,-1.2583480351531868
[Cu]CN(C)C[Au],11510392751439632842,50.0,20.0,-0.14229621028833073,-1.2110957200801487
[Cu]CN(C)C[Au],11510392751439632842,55.0,15.0,-0.10008619724112222,-1.1688857070329401
[Cu]CN(C)C[Au],11510392751439632842,60.0,10.0,-0.0625316974599528,-1.131331207251769
[Cu]CN(C)C[Au],11510392751439632842,65.0,5.0,-0.029278108303200767,-1.0980776180950187
[Cu]CN(C)C[Au],14033277266226664704,40.0,30.0,0.06632459909315536,-0.8456829440681073
[Cu]CN(C)C[Au],14033277266226664704,45.0,25.0,0.02823277361345511,-0.8837747695478058
[Cu]CN(C)C[Au],14033277266226664704,50.0,20.0,0.002263218867133432,-0.9097443242941274
[Cu]CN(C)C[Au],14033277266226664704,55.0,15.0,-0.012630798191846537,-0.9246383413531074
[Cu]CN(C)C[Au],14033277266226664704,60.0,10.0,-0.01740404278230656,-0.9294115859435674
[Cu]CN(C)C[Au],14033277266226664704,65.0,5.0,-0.012928233366023889,-0.924935776527283
[Cu]CN(C)C[Au],16156443318730703118,40.0,30.0,0.6915177502613012,1.031140547543984
[Cu]CN(C)C[Au],16156443318730703118,45.0,25.0,0.5742169878780299,0.9138397851607127
[Cu]CN(C)C[Au],16156443318730703118,50.0,20.0,0.45761521851524734,0.7972380157979302
[Cu]CN(C)C[Au],16156443318730703118,55.0,15.0,0.3418124241550977,0.6814352214377806
[Cu]CN(C)C[Au],16156443318730703118,60.0,10.0,0.22689478306339517,0.5665175803460798
[Cu]CN(C)C[Au],16156443318730703118,65.0,5.0,0.1129362585710112,0.45255905585369405
[Cu]CN(C)C[Au],16369244027415539494,40.0,30.0,-0.39562458346582474,-1.105776400537552
[Cu]CN(C)C[Au],16369244027415539494,45.0,25.0,-0.3134565409075325,-1.0236083579792616
[Cu]CN(C)C[Au],16369244027415539494,50.0,20.0,-0.23845186046479228,-0.9486036775365196
[Cu]CN(C)C[Au],16369244027415539494,55.0,15.0,-0.17007510414813432,-0.8802269212198617
[Cu]CN(C)C[Au],16369244027415539494,60.0,10.0,-0.10783527709001106,-0.8179870941617402
[Cu]CN(C)C[Au],16369244027415539494,65.0,5.0,-0.051281645937091724,-0.7614334630088209
[Cu]CN(C)C[Au],16594202875413803686,40.0,30.0,1.1257101523616058,3.7755987835606
[Cu]CN(C)C[Au],16594202875413803686,45.0,25.0,0.9347296440181658,3.58461827521716
[Cu]CN(C)C[Au],16594202875413803686,50.0,20.0,0.7448998435438536,3.394788474742848
[Cu]CN(C)C[Au],16594202875413803686,55.0,15.0,0.5563823858213208,3.206271017020315
[Cu]CN(C)C[Au],16594202875413803686,60.0,10.0,0.36931653417339483,3.019205165372389
[Cu]CN(C)C[Au],16594202875413803686,65.0,5.0,0.18382175705794346,2.8337103882569377
[Cu]CN(C)C[Au],3997411549088946711,40.0,30.0,-0.5185224621503419,-0.24920056758324804
[Cu]CN(C)C[Au],3997411549088946711,45.0,25.0,-0.41374072135849893,-0.14441882679140328
[Cu]CN(C)C[Au],3997411549088946711,50.0,20.0,-0.31704008164690123,-0.047718187079805574
[Cu]CN(C)C[Au],3997411549088946711,55.0,15.0,-0.2278333435969575,0.04148855097013815
[Cu]CN(C)C[Au],3997411549088946711,60.0,10.0,-0.14558143844190496,0.12374045612519069
[Cu]CN(C)C[Au],3997411549088946711,65.0,5.0,-0.06978893157763721,0.19953296298945666
[Cu]CN(C)C[Au],4259452119032673162,40.0,30.0,0.42321628626948815,0.9532041186613949
[Cu]CN(C)C[Au],4259452119032673162,45.0,25.0,0.3191903845391195,0.8491782169310262
[Cu]CN(C)C[Au],4259452119032673162,50.0,20.0,0.23007067334430964,0.7600585057362164
[Cu]CN(C)C[Au],4259452119032673162,55.0,15.0,0.15464969337871182,0.6846375257706203
[Cu]CN(C)C[Au],4259452119032673162,60.0,10.0,0.09182358125678114,0.6218114136486896
[Cu]CN(C)C[Au],4259452119032673162,65.0,5.0,0.0405821445962502,0.5705699769881587
[Cu]CN(C)C[Au],4387194433059058633,40.0,30.0,-0.03940350424293193,-0.7298958091900118
[Cu]CN(C)C[Au],4387194433059058633,45.0,25.0,-0.04593715054115144,-0.7364294554882296
[Cu]CN(C)C[Au],4387194433059058633,50.0,20.0,-0.04657421886771296,-0.7370665238147946
[Cu]CN(C)C[Au],4387194433059058633,55.0,15.0,-0.04184057565685251,-0.7323328806039324
[Cu]CN(C)C[Au],4387194433059058633,60.0,10.0,-0.03221536073305309,-0.7227076656801312
[Cu]CN(C)C[Au],4387194433059058633,65.0,5.0,-0.01813554592039246,-0.7086278508674724
[Cu]CN(C)C[Au],5801902020102963474,40.0,30.0,-0.23702027405624548,-1.3413734432744935
[Cu]CN(C)C[Au],5801902020102963474,45.0,25.0,-0.18276168709024532,-1.2871148563084933
[Cu]CN(C)C[Au],5801902020102963474,50.0,20.0,-0.13505444204912997,-1.239407611267378
[Cu]CN(C)C[Au],5801902020102963474,55.0,15.0,-0.09337974909149516,-1.1977329183097432
[Cu]CN(C)C[Au],5801902020102963474,60.0,10.0,-0.057262931894255686,-1.1616161011125037
[Cu]CN(C)C[Au],5801902020102963474,65.0,5.0,-0.026269221623305583,-1.1306223908415518
[Cu]CN(C)C[Au],7674112491759089831,40.0,30.0,-0.7591873869396473,-0.17997348660521517
[Cu]CN(C)C[Au],7674112491759089831,45.0,25.0,-0.623646999741462,-0.044433099407029886
[Cu]CN(C)C[Au],7674112491759089831,50.0,20.0,-0.49191055404218353,0.08730334629224856
[Cu]CN(C)C[Au],7674112491759089831,55.0,15.0,-0.36382174254483246,0.21539215778959964
[Cu]CN(C)C[Au],7674112491759089831,60.0,10.0,-0.23923260236949595,0.33998129796493615
[Cu]CN(C)C[Au],7674112491759089831,65.0,5.0,-0.11800297382895586,0.46121092650547624
[Cu]OC(=O)OCC(OC)(OC)C[Au],15355920876642770114,40.0,40.0,3.624555312151273,9.203991307165275
[Cu]OC(=O)OCC(OC)(OC)C[Au],15355920876642770114,45.0,35.0,3.197290340674975,8.776726335688975
[Cu]OC(=O)OCC(OC)(OC)C[Au],15355920876642770114,50.0,30.0,2.7599927555549577,8.339428750568963
[Cu]OC(=O)OCC(OC)(OC)C[Au],15355920876642770114,55.0,25.0,2.314167940501509,7.8936039355155145
[Cu]OC(=O)OCC(OC)(OC)C[Au],15355920876642770114,60.0,20.0,1.861169007984845,7.440605002998851
[Cu]OC(=O)OCC(OC)(OC)C[Au],15355920876642770114,65.0,15.0,1.4022125655001645,6.981648560514168
[Cu]OC(=O)OCC(OC)(OC)C[Au],15355920876642770114,70.0,10.0,0.9383927150396829,6.517828710053687
[Cu]OC(=O)OCC(OC)(OC)C[Au],15355920876642770114,75.0,5.0,0.470693501877804,6.050129496891806
[Cu]OC(=O)OCC(OC)(OC)C[Au],1567566099929888339,40.0,40.0,0.12702587431009782,0.44274182514058325
[Cu]OC(=O)OCC(OC)(OC)C[Au],1567566099929888339,45.0,35.0,0.07958070968013686,0.39529666051062406
[Cu]OC(=O)OCC(OC)(OC)C[Au],1567566099929888339,50.0,30.0,0.04277069812641976,0.3584866489569052
[Cu]OC(=O)OCC(OC)(OC)C[Au],1567566099929888339,55.0,25.0,0.015697054582293646,0.33141300541277907
[Cu]OC(=O)OCC(OC)(OC)C[Au],1567566099929888339,60.0,20.0,-0.0024606487813141342,0.3132553020491713
[Cu]OC(=O)OCC(OC)(OC)C[Au],1567566099929888339,65.0,15.0,-0.012452052931594793,0.3032638978988942
[Cu]OC(=O)OCC(OC)(OC)C[Au],1567566099929888339,70.0,10.0,-0.014962767390592546,0.30075318343989643
[Cu]OC(=O)OCC(OC)(OC)C[Au],1567566099929888339,75.0,5.0,-0.010620407793945574,0.3050955430365434
[Cu]OC(=O)OCC(OC)(OC)C[Au],17289939441251122196,40.0,40.0,1.9709844125623306,6.0864993957639335
[Cu]OC(=O)OCC(OC)(OC)C[Au],17289939441251122196,45.0,35.0,1.7071376552534154,5.822652638455017
[Cu]OC(=O)OCC(OC)(OC)C[Au],17289939441251122196,50.0,30.0,1.4484953877226978,5.564010370924299
[Cu]OC(=O)OCC(OC)(OC)C[Au],17289939441251122196,55.0,25.0,1.1949529666214325,5.310467949823035
[Cu]OC(=O)OCC(OC)(OC)C[Au],17289939441251122196,60.0,20.0,0.9464041508377861,5.061919134039389
[Cu]OC(=O)OCC(OC)(OC)C[Au],17289939441251122196,65.0,15.0,0.7027417935764397,4.818256776778043
[Cu]OC(=O)OCC(OC)(OC)C[Au],17289939441251122196,70.0,10.0,0.46385842448588477,4.579373407687488
[Cu]OC(=O)OCC(OC)(OC)C[Au],17289939441251122196,75.0,5.0,0.22964673778671596,4.345161720988319
[Cu]OC(=O)OCC(OC)(OC)C[Au],17554072115143558048,40.0,40.0,-1.4359634636476013,-1.990828525429567
[Cu]OC(=O)OCC(OC)(OC)C[Au],17554072115143558048,45.0,35.0,-1.3188667803110832,-1.8737318420930507
[Cu]OC(=O)OCC(OC)(OC)C[Au],17554072115143558048,50.0,30.0,-1.1801416229297548,-1.7350066847117223
[Cu]OC(=O)OCC(OC)(OC)C[Au],17554072115143558048,55.0,25.0,-1.0219133511897027,-1.5767784129716702
[Cu]OC(=O)OCC(OC)(OC)C[Au],17554072115143558048,60.0,20.0,-0.8461125173628261,-1.4009775791447954
[Cu]OC(=O)OCC(OC)(OC)C[Au],17554072115143558048,65.0,15.0,-0.6544941646358762,-1.2093592264178454
[Cu]OC(=O)OCC(OC)(OC)C[Au],17554072115143558048,70.0,10.0,-0.44865501648887296,-1.0035200782708404
[Cu]OC(=O)OCC(OC)(OC)C[Au],17554072115143558048,75.0,5.0,-0.23004881093261176,-0.7849138727145792
[Cu]OC(=O)OCC(OC)(OC)C[Au],2807446749950966677,40.0,40.0,-1.6065048647915994,-6.9229815039908456
[Cu]OC(=O)OCC(OC)(OC)C[Au],2807446749950966677,45.0,35.0,-1.3280641828660888,-6.644540822065339
[Cu]OC(=O)OCC(OC)(OC)C[Au],2807446749950966677,50.0,30.0,-1.0753121255733609,-6.391788764772611
[Cu]OC(=O)OCC(OC)(OC)C[Au],2807446749950966677,55.0,25.0,-0.8463059532238351,-6.162782592423081
[Cu]OC(=O)OCC(OC)(OC)C[Au],2807446749950966677,60.0,20.0,-0.6392649971467188,-5.955741636345966
[Cu]OC(=O)OCC(OC)(OC)C[Au],2807446749950966677,65.0,15.0,-0.4525553675428613,-5.769032006742108
[Cu]OC(=O)OCC(OC)(OC)C[Au],2807446749950966677,70.0,10.0,-0.28467628341667695,-5.601152922615926
[Cu]OC(=O)OCC(OC)(OC)C[Au],2807446749950966677,75.0,5.0,-0.1342478332616821,-5.450724472460929
[Cu]OC(=O)OCC(OC)(OC)C[Au],3095182397291944335,40.0,40.0,-2.539450381196426,-6.1125856441385835
[Cu]OC(=O)OCC(OC)(OC)C[Au],3095182397291944335,45.0,35.0,-2.1321253469176025,-5.70526060985976
[Cu]OC(=O)OCC(OC)(OC)C[Au],3095182397291944335,50.0,30.0,-1.7543042049750923,-5.327439467917252
[Cu]OC(=O)OCC(OC)(OC)C[Au],3095182397291944335,55.0,25.0,-1.4038776090543958,-4.977012871996555
[Cu]OC(=O)OCC(OC)(OC)C[Au],3095182397291944335,60.0,20.0,-1.0789078249823305,-4.65204308792449
[Cu]OC(=O)OCC(OC)(OC)C[Au],3095182397291944335,65.0,15.0,-0.7776127667508508,-4.35074802969301
[Cu]OC(=O)OCC(OC)(OC)C[Au],3095182397291944335,70.0,10.0,-0.49835171046335347,-4.071486973405513
[Cu]OC(=O)OCC(OC)(OC)C[Au],3095182397291944335,75.0,5.0,-0.23961248955052206,-3.8127477524926814
[Cu]OC(=O)OCC(OC)(OC)C[Au],8381188487092981629,40.0,40.0,1.5161677865433312,1.816624269972884
[Cu]OC(=O)OCC(OC)(OC)C[Au],8381188487092981629,45.0,35.0,1.3191402409534234,1.6195967243829745
[Cu]OC(=O)OCC(OC)(OC)C[Au],8381188487092981629,50.0,30.0,1.1241081020835875,1.4245645855131386
[Cu]OC(=O)OCC(OC)(OC)C[Au],8381188487092981629,55.0,25.0,0.931164792849593,1.2316212762791459
[Cu]OC(=O)OCC(OC)(OC)C[Au],8381188487092981629,60.0,20.0,0.7403872098918036,1.0408436933213565
[Cu]OC(=O)OCC(OC)(OC)C[Au],8381188487092981629,65.0,15.0,0.5518377406280166,0.8522942240575677
[Cu]OC(=O)OCC(OC)(OC)C[Au],8381188487092981629,70.0,10.0,0.3655660354539467,0.6660225188834978
[Cu]OC(=O)OCC(OC)(OC)C[Au],8381188487092981629,75.0,5.0,0.18161056649524454,0.48206704992479743
[Cu]OC(=O)OCC(OC)(OC)C[Au],8597600725342570451,40.0,40.0,-1.6568146759314324,-2.5234611244839886
[Cu]OC(=O)OCC(OC)(OC)C[Au],8597600725342570451,45.0,35.0,-1.5240926364671594,-2.390739085019714
[Cu]OC(=O)OCC(OC)(OC)C[Au],8597600725342570451,50.0,30.0,-1.3656089900094113,-2.2322554385619675
[Cu]OC(=O)OCC(OC)(OC)C[Au],8597600725342570451,55.0,25.0,-1.1838858410868376,-2.050532289639394
[Cu]OC(=O)OCC(OC)(OC)C[Au],8597600725342570451,60.0,20.0,-0.9812143804411786,-1.8478608289937348
[Cu]OC(=O)OCC(OC)(OC)C[Au],8597600725342570451,65.0,15.0,-0.7596777478433712,-1.6263241963959292
[Cu]OC(=O)OCC(OC)(OC)C[Au],8597600725342570451,70.0,10.0,-0.5211713972199714,-1.3878178457725276
[Cu]OC(=O)OCC(OC)(OC)C[Au],8597600725342570451,75.0,5.0,-0.2674212646209746,-1.1340677131735308
[Cu]OC(=O)OCCC[Au],1004806867648529511,40.0,35.0,-0.10234079795603179,0.25269661712946956
[Cu]OC(=O)OCCC[Au],1004806867648529511,45.0,30.0,-0.10881982403627788,0.24621759104922347
[Cu]OC(=O)OCCC[Au],1004806867648529511,50.0,25.0,-0.10715101940615313,0.24788639567934823
[Cu]OC(=O)OCCC[Au],1004806867648529511,55.0,20.0,-0.09806457174520844,0.25697284334028936
[Cu]OC(=O)OCCC[Au],1004806867648529511,60.0,15.0,-0.08222567924688207,0.2728117358386193
[Cu]OC(=O)OCCC[Au],1004806867648529511,65.0,10.0,-0.060240896235102426,0.2947965188503989
[Cu]OC(=O)OCCC[Au],1004806867648529511,70.0,5.0,-0.032663791268186415,0.32237362381731494
[Cu]OC(=O)OCCC[Au],10237300756802767644,40.0,35.0,0.41590672131544437,5.105027374265461
[Cu]OC(=O)OCCC[Au],10237300756802767644,45.0,30.0,0.24782228811058005,4.9369429410606
[Cu]OC(=O)OCCC[Au],10237300756802767644,50.0,25.0,0.12137999742515859,4.810500650375182
[Cu]OC(=O)OCCC[Au],10237300756802767644,55.0,20.0,0.03303600024926112,4.722156653199281
[Cu]OC(=O)OCCC[Au],10237300756802767644,60.0,15.0,-0.020443807062598296,4.6686768458874255
[Cu]OC(=O)OCCC[Au],10237300756802767644,65.0,10.0,-0.04201374793564128,4.647106905014381
[Cu]OC(=O)OCCC[Au],10237300756802767644,70.0,5.0,-0.03437510233390384,4.65474555061612
[Cu]OC(=O)OCCC[Au],10353550511518655670,40.0,35.0,-0.9060416368007651,-2.778774977685707
[Cu]OC(=O)OCCC[Au],10353550511518655670,45.0,30.0,-0.8097561619180755,-2.6824895028030156
[Cu]OC(=O)OCCC[Au],10353550511518655670,50.0,25.0,-0.700414677509217,-2.5731480183941624
[Cu]OC(=O)OCCC[Au],10353550511518655670,55.0,20.0,-0.5793358157427679,-2.4520691566277115
[Cu]OC(=O)OCCC[Au],10353550511518655670,60.0,15.0,-0.44771636395901027,-2.320449704843952
[Cu]OC(=O)OCCC[Au],10353550511518655670,65.0,10.0,-0.3066433818558867,-2.1793767227408285
[Cu]OC(=O)OCCC[Au],10353550511518655670,70.0,5.0,-0.15710499148182322,-2.0298383323667633
[Cu]OC(=O)OCCC[Au],10790011646943888734,40.0,35.0,-0.11555084511460478,1.3353521493891805
[Cu]OC(=O)OCCC[Au],10790011646943888734,45.0,30.0,-0.24307409246687683,1.2078289020369084
[Cu]OC(=O)OCCC[Au],10790011646943888734,50.0,25.0,-0.3151766544447838,1.1357263400590014
[Cu]OC(=O)OCCC[Au],10790011646943888734,55.0,20.0,-0.33670894104594495,1.1141940534578403
[Cu]OC(=O)OCCC[Au],10790011646943888734,60.0,15.0,-0.312093163525752,1.138809830978035
[Cu]OC(=O)OCCC[Au],10790011646943888734,65.0,10.0,-0.24536497174749172,1.2055380227562935
[Cu]OC(=O)OCCC[Au],10790011646943888734,70.0,5.0,-0.14021059159115623,1.310692402912629
[Cu]OC(=O)OCCC[Au],10882147699741639669,40.0,35.0,0.7082233046427149,4.805247162076867
[Cu]OC(=O)OCCC[Au],10882147699741639669,45.0,30.0,0.57676428771601,4.673788145150159
[Cu]OC(=O)OCCC[Au],10882147699741639669,50.0,25.0,0.45670765353864695,4.553731510972792
[Cu]OC(=O)OCCC[Au],10882147699741639669,55.0,20.0,0.347202040081406,4.444225897515551
[Cu]OC(=O)OCCC[Au],10882147699741639669,60.0,15.0,0.24746671758356342,4.34449057501771
[Cu]OC(=O)OCCC[Au],10882147699741639669,65.0,10.0,0.1567849446049756,4.2538088020391225
[Cu]OC(=O)OCCC[Au],10882147699741639669,70.0,5.0,0.07449802743354539,4.171521884867696
[Cu]OC(=O)OCCC[Au],11291917676415587627,40.0,35.0,0.36282617367454506,3.9915463554528188
[Cu]OC(=O)OCCC[Au],11291917676415587627,45.0,30.0,0.45376271438799876,4.0824828961662725
[Cu]OC(=O)OCCC[Au],11291917676415587627,50.0,25.0,0.4896791208201208,4.1183993025983945
[Cu]OC(=O)OCCC[Au],11291917676415587627,55.0,20.0,0.4754404276589419,4.104160609437216
[Cu]OC(=O)OCCC[Au],11291917676415587627,60.0,15.0,0.41548064541979457,4.044200827198072
[Cu]OC(=O)OCCC[Au],11291917676415587627,65.0,10.0,0.3138447485348337,3.9425649303131074
[Cu]OC(=O)OCCC[Au],11291917676415587627,70.0,5.0,0.17422612061703546,3.802946302395309
[Cu]OC(=O)OCCC[Au],11577753923307682236,40.0,35.0,-1.507278660432874,4.88683281074243
[Cu]OC(=O)OCCC[Au],11577753923307682236,45.0,30.0,-1.025424949232825,5.368686521942482
[Cu]OC(=O)OCCC[Au],11577753923307682236,50.0,25.0,-0.6455384833462432,5.748572987829061
[Cu]OC(=O)OCCC[Au],11577753923307682236,55.0,20.0,-0.3590394878668981,6.035071983308409
[Cu]OC(=O)OCCC[Au],11577753923307682236,60.0,15.0,-0.15809498250053267,6.236016488674771
[Cu]OC(=O)OCCC[Au],11577753923307682236,65.0,10.0,-0.03554669128844168,6.358564779886862
[Cu]OC(=O)OCCC[Au],11577753923307682236,70.0,5.0,0.015153291046630102,6.409264762221936
[Cu]OC(=O)OCCC[Au],12123119280384358868,40.0,35.0,0.36383884036506764,-2.6522047996449576
[Cu]OC(=O)OCCC[Au],12123119280384358868,45.0,30.0,0.2824123128322533,-2.733631327177772
[Cu]OC(=O)OCCC[Au],12123119280384358868,50.0,25.0,0.21218499573855354,-2.8038586442714717
[Cu]OC(=O)OCCC[Au],12123119280384358868,55.0,20.0,0.15225426537810094,-2.863789374631926
[Cu]OC(=O)OCCC[Au],12123119280384358868,60.0,15.0,0.10179478808268527,-2.9142488519273417
[Cu]OC(=O)OCCC[Au],12123119280384358868,65.0,10.0,0.060051123264527106,-2.9559925167455035
[Cu]OC(=O)OCCC[Au],12123119280384358868,70.0,5.0,0.026331118113821717,-2.9897125218962053
[Cu]OC(=O)OCCC[Au],12274211628421729948,40.0,35.0,-0.7446222891128187,-1.9915772176491018
[Cu]OC(=O)OCCC[Au],12274211628421729948,45.0,30.0,-0.7319334695607971,-1.9788883980970802
[Cu]OC(=O)OCCC[Au],12274211628421729948,50.0,25.0,-0.6829668639814663,-1.9299217925177494
[Cu]OC(=O)OCCC[Au],12274211628421729948,55.0,20.0,-0.6010314539639747,-1.8479863825002596
[Cu]OC(=O)OCCC[Au],12274211628421729948,60.0,15.0,-0.48913996401207527,-1.7360948925483601
[Cu]OC(=O)OCCC[Au],12274211628421729948,65.0,10.0,-0.3500378740193959,-1.5969928025556808
[Cu]OC(=O)OCCC[Au],12274211628421729948,70.0,5.0,-0.18622928280954376,-1.4331842113458286
[Cu]OC(=O)OCCC[Au],1306441648045580929,40.0,35.0,0.8289297817964023,-1.234879806634968
[Cu]OC(=O)OCCC[Au],1306441648045580929,45.0,30.0,0.6388972260787149,-1.4249123623526572
[Cu]OC(=O)OCCC[Au],1306441648045580929,50.0,25.0,0.47611747382125813,-1.587692114610114
[Cu]OC(=O)OCCC[Au],1306441648045580929,55.0,20.0,0.3383827238385866,-1.7254268645927837
[Cu]OC(=O)OCCC[Au],1306441648045580929,60.0,15.0,0.22367460409698303,-1.8401349843343855
[Cu]OC(=O)OCCC[Au],1306441648045580929,65.0,10.0,0.13014602324730262,-1.9336635651840677
[Cu]OC(=O)OCCC[Au],1306441648045580929,70.0,5.0,0.05610496577492974,-2.007704622656439
[Cu]OC(=O)OCCC[Au],13854826787694162984,40.0,35.0,-0.38747804393526764,4.75826128001831
[Cu]OC(=O)OCCC[Au],13854826787694162984,45.0,30.0,-0.30928927747272894,4.836450046480849
[Cu]OC(=O)OCCC[Au],13854826787694162984,50.0,25.0,-0.23974818399092257,4.905991139962659
[Cu]OC(=O)OCCC[Au],13854826787694162984,55.0,20.0,-0.17817911815676624,4.967560205796811
[Cu]OC(=O)OCCC[Au],13854826787694162984,60.0,15.0,-0.12396357352221798,5.02177575043136
[Cu]OC(=O)OCCC[Au],13854826787694162984,65.0,10.0,-0.07653475064374149,5.06920457330984
[Cu]OC(=O)OCCC[Au],13854826787694162984,70.0,5.0,-0.03537270411413829,5.110366619839439
[Cu]OC(=O)OCCC[Au],14392960141965104015,40.0,35.0,-2.1193447962134435,4.221523804876373
[Cu]OC(=O)OCCC[Au],14392960141965104015,45.0,30.0,-1.7474985647082129,4.593370036381607
[Cu]OC(=O)OCCC[Au],14392960141965104015,50.0,25.0,-1.4014904868952343,4.939378114194586
[Cu]OC(=O)OCCC[Au],14392960141965104015,55.0,20.0,-1.079494369574121,5.261374231515703
[Cu]OC(=O)OCCC[Au],14392960141965104015,60.0,15.0,-0.7798317981226646,5.561036802967159
[Cu]OC(=O)OCCC[Au],14392960141965104015,65.0,10.0,-0.5009584324293357,5.839910168660488
[Cu]OC(=O)OCCC[Au],14392960141965104015,70.0,5.0,-0.24145174028429395,6.099416860805528
[Cu]OC(=O)OCCC[Au],14405321281015926049,40.0,35.0,-0.5379618455277644,-5.632909964340074
[Cu]OC(=O)OCCC[Au],14405321281015926049,45.0,30.0,-0.44307523875924737,-5.538023357571557
[Cu]OC(=O)OCCC[Au],14405321281015926049,50.0,25.0,-0.3549392501541586,-5.449887368966468
[Cu]OC(=O)OCCC[Au],14405321281015926049,55.0,20.0,-0.2730736047341704,-5.368021723546478
[Cu]OC(=O)OCCC[Au],14405321281015926049,60.0,15.0,-0.1970370127756702,-5.29198513158798
[Cu]OC(=O)OCCC[Au],14405321281015926049,65.0,10.0,-0.12642354804215472,-5.221371666854463
[Cu]OC(=O)OCCC[Au],14405321281015926049,70.0,5.0,-0.060859406361702284,-5.155807525174012
[Cu]OC(=O)OCCC[Au],16365811234219697999,40.0,35.0,-0.14028695633376032,-1.4921124309664968
[Cu]OC(=O)OCCC[Au],16365811234219697999,45.0,30.0,-0.12697233898528282,-1.4787978136180158
[Cu]OC(=O)OCCC[Au],16365811234219697999,50.0,25.0,-0.11102338392488598,-1.4628488585576171
[Cu]OC(=O)OCCC[Au],16365811234219697999,55.0,20.0,-0.09269763880273274,-1.4445231134354675
[Cu]OC(=O)OCCC[Au],16365811234219697999,60.0,15.0,-0.07222908113380022,-1.4240545557665332
[Cu]OC(=O)OCCC[Au],16365811234219697999,65.0,10.0,-0.049830451508629636,-1.4016559261413626
[Cu]OC(=O)OCCC[Au],16365811234219697999,70.0,5.0,-0.0256953319386497,-1.3775208065713809
[Cu]OC(=O)OCCC[Au],16723341456280966297,40.0,35.0,0.16247745363695287,0.2402333602049005
[Cu]OC(=O)OCCC[Au],16723341456280966297,45.0,30.0,0.09329674443532099,0.1710526510032686
[Cu]OC(=O)OCCC[Au],16723341456280966297,50.0,25.0,0.04173625320292729,0.11949215977087135
[Cu]OC(=O)OCCC[Au],16723341456280966297,55.0,20.0,0.0062937513558090075,0.08404965792375307
[Cu]OC(=O)OCCC[Au],16723341456280966297,60.0,15.0,-0.01440160351621067,0.06335430305173517
[Cu]OC(=O)OCCC[Au],16723341456280966297,65.0,10.0,-0.021601982405709208,0.05615392416223486
[Cu]OC(=O)OCCC[Au],16723341456280966297,70.0,5.0,-0.01645222949832892,0.06130367706961515
[Cu]OC(=O)OCCC[Au],1791005158334903741,40.0,35.0,-1.6350707361714676,4.620501531630612
[Cu]OC(=O)OCCC[Au],1791005158334903741,45.0,30.0,-1.3526953815333904,4.9028768862686825
[Cu]OC(=O)OCCC[Au],1791005158334903741,50.0,25.0,-1.0885225332157553,5.167049734586321
[Cu]OC(=O)OCCC[Au],1791005158334903741,55.0,20.0,-0.8412941114024051,5.414278156399671
[Cu]OC(=O)OCCC[Au],1791005158334903741,60.0,15.0,-0.6098527545425867,5.64571951325949
[Cu]OC(=O)OCCC[Au],1791005158334903741,65.0,10.0,-0.3931325381365447,5.8624397296655335
[Cu]OC(=O)OCCC[Au],1791005158334903741,70.0,5.0,-0.1901506630173344,6.065421604784742
[Cu]OC(=O)OCCC[Au],18336710271364676683,40.0,35.0,-1.2091052353469731,-6.045978089889175
[Cu]OC(=O)OCCC[Au],18336710271364676683,45.0,30.0,-1.0632728057989098,-5.9001456603411135
[Cu]OC(=O)OCCC[Au],18336710271364676683,50.0,25.0,-0.9066847330071024,-5.743557587549304
[Cu]OC(=O)OCCC[Au],18336710271364676683,55.0,20.0,-0.7405199663130944,-5.5773928208552945
[Cu]OC(=O)OCCC[Au],18336710271364676683,60.0,15.0,-0.5658460377138894,-5.40271889225609
[Cu]OC(=O)OCCC[Au],18336710271364676683,65.0,10.0,-0.3836302593973304,-5.220503113939531
[Cu]OC(=O)OCCC[Au],18336710271364676683,70.0,5.0,-0.19474968729833364,-5.031622541840534
[Cu]OC(=O)OCCC[Au],2399564804636296621,40.0,35.0,0.06957207265251597,0.4205819030100173
[Cu]OC(=O)OCCC[Au],2399564804636296621,45.0,30.0,0.058733880738373045,0.4097437110958815
[Cu]OC(=O)OCCC[Au],2399564804636296621,50.0,25.0,0.04821769395017128,0.39922752430767616
[Cu]OC(=O)OCCC[Au],2399564804636296621,55.0,20.0,0.038009395775151944,0.3890192261326533
[Cu]OC(=O)OCCC[Au],2399564804636296621,60.0,15.0,0.028095681524455074,0.37910551188195996
[Cu]OC(=O)OCCC[Au],2399564804636296621,65.0,10.0,0.018464000909077072,0.3694738312665802
[Cu]OC(=O)OCCC[Au],2399564804636296621,70.0,5.0,0.00910250541249269,0.36011233576999935
[Cu]OC(=O)OCCC[Au],2449737950385668438,40.0,35.0,1.1761298245198901,0.34275319767874635
[Cu]OC(=O)OCCC[Au],2449737950385668438,45.0,30.0,0.883667044763417,0.050290417922269626
[Cu]OC(=O)OCCC[Au],2449737950385668438,50.0,25.0,0.638652069085131,-0.1947245577560146
[Cu]OC(=O)OCCC[Au],2449737950385668438,55.0,20.0,0.43718758634330257,-0.3961890404978412
[Cu]OC(=O)OCCC[Au],2449737950385668438,60.0,15.0,0.27571245854839965,-0.5576641682927441
[Cu]OC(=O)OCCC[Au],2449737950385668438,65.0,10.0,0.15096942249667578,-0.6824072043444698
[Cu]OC(=O)OCCC[Au],2449737950385668438,70.0,5.0,0.05997625645496818,-0.7734003703861774
[Cu]OC(=O)OCCC[Au],3089410091517911762,40.0,35.0,-0.061815135357147,1.259839431258893
[Cu]OC(=O)OCCC[Au],3089410091517911762,45.0,30.0,-0.045161062190068435,1.2764935044259715
[Cu]OC(=O)OCCC[Au],3089410091517911762,50.0,25.0,-0.03149399987115231,1.2901605667448877
[Cu]OC(=O)OCCC[Au],3089410091517911762,55.0,20.0,-0.020566150376485126,1.3010884162395548
[Cu]OC(=O)OCCC[Au],3089410091517911762,60.0,15.0,-0.01215117073689953,1.3095033958791387
[Cu]OC(=O)OCCC[Au],3089410091517911762,65.0,10.0,-0.006042107625695792,1.3156124589903442
[Cu]OC(=O)OCCC[Au],3089410091517911762,70.0,5.0,-0.0020495537997078372,1.3196050128163321
[Cu]OC(=O)OCCC[Au],3528338839478636447,40.0,35.0,0.9819951054797507,7.771522601541726
[Cu]OC(=O)OCCC[Au],3528338839478636447,45.0,30.0,1.1867261122838393,7.976253608345811
[Cu]OC(=O)OCCC[Au],3528338839478636447,50.0,25.0,1.2584591734443613,8.047986669506336
[Cu]OC(=O)OCCC[Au],3528338839478636447,55.0,20.0,1.2089753554482243,7.9985028515101995
[Cu]OC(=O)OCCC[Au],3528338839478636447,60.0,15.0,1.0490113232416185,7.838538819303592
[Cu]OC(=O)OCCC[Au],3528338839478636447,65.0,10.0,0.7883611119962666,7.5778886080582435
[Cu]OC(=O)OCCC[Au],3528338839478636447,70.0,5.0,0.4359668857903749,7.22549438185235
[Cu]OC(=O)OCCC[Au],354669614962352473,40.0,35.0,0.43700616381226,-1.7354188479997852
[Cu]OC(=O)OCCC[Au],354669614962352473,45.0,30.0,0.34270622523973415,-1.8297187865723075
[Cu]OC(=O)OCCC[Au],354669614962352473,50.0,25.0,0.2605113475572516,-1.9119136642547936
[Cu]OC(=O)OCCC[Au],354669614962352473,55.0,20.0,0.18945465614255141,-1.982970355669492
[Cu]OC(=O)OCCC[Au],354669614962352473,60.0,15.0,0.1286517743856006,-2.043773237426443
[Cu]OC(=O)OCCC[Au],354669614962352473,65.0,10.0,0.07729294330688319,-2.09513206850516
[Cu]OC(=O)OCCC[Au],354669614962352473,70.0,5.0,0.03463598357049058,-2.137789028241553
[Cu]OC(=O)OCCC[Au],377028855813182384,40.0,35.0,0.07938285978087833,-3.7529893358391817
[Cu]OC(=O)OCCC[Au],377028855813182384,45.0,30.0,-0.0013777102266345764,-3.8337499058466946
[Cu]OC(=O)OCCC[Au],377028855813182384,50.0,25.0,-0.05547268599068822,-3.8878448816107465
[Cu]OC(=O)OCCC[Au],377028855813182384,55.0,20.0,-0.08520880831162359,-3.9175810039316836
[Cu]OC(=O)OCCC[Au],377028855813182384,60.0,15.0,-0.09269001148400591,-3.9250622071040624
[Cu]OC(=O)OCCC[Au],377028855813182384,65.0,10.0,-0.07983710252586995,-3.912209298145928
[Cu]OC(=O)OCCC[Au],377028855813182384,70.0,5.0,-0.04840531629074363,-3.8807775119108
[Cu]OC(=O)OCCC[Au],3828384285916826701,40.0,35.0,0.1206924199117907,-0.4147811131694539
[Cu]OC(=O)OCCC[Au],3828384285916826701,45.0,30.0,0.0881589951619226,-0.44731453791932196
[Cu]OC(=O)OCCC[Au],3828384285916826701,50.0,25.0,0.06146408483247967,-0.47400944824876845
[Cu]OC(=O)OCCC[Au],3828384285916826701,55.0,20.0,0.04012330761305272,-0.49535022546819185
[Cu]OC(=O)OCCC[Au],3828384285916826701,60.0,15.0,0.023694222170499657,-0.5117793109107449
[Cu]OC(=O)OCCC[Au],3828384285916826701,65.0,10.0,0.011772289671931446,-0.5237012434093131
[Cu]OC(=O)OCCC[Au],3828384285916826701,70.0,5.0,0.003987269990743059,-0.5314862630905033
[Cu]OC(=O)OCCC[Au],3908433162926107001,40.0,35.0,-0.27267240909371004,-2.943518676564718
[Cu]OC(=O)OCCC[Au],3908433162926107001,45.0,30.0,-0.2854397545472782,-2.9562860220182827
[Cu]OC(=O)OCCC[Au],3908433162926107001,50.0,25.0,-0.2782267789471433,-2.9490730464181496
[Cu]OC(=O)OCCC[Au],3908433162926107001,55.0,20.0,-0.252828414467265,-2.9236746819382695
[Cu]OC(=O)OCCC[Au],3908433162926107001,60.0,15.0,-0.21087970636482822,-2.8817259738358327
[Cu]OC(=O)OCCC[Au],3908433162926107001,65.0,10.0,-0.1538714308865039,-2.8247176983575084
[Cu]OC(=O)OCCC[Au],3908433162926107001,70.0,5.0,-0.083164020640206,-2.7540102881112123
[Cu]OC(=O)OCCC[Au],4093418937201980739,40.0,35.0,-0.9958346657876689,0.792040114260363
[Cu]OC(=O)OCCC[Au],4093418937201980739,45.0,30.0,-0.8596950120163278,0.9281797680317041
[Cu]OC(=O)OCCC[Au],4093418937201980739,50.0,25.0,-0.7208606371868065,1.0670141428612325
[Cu]OC(=O)OCCC[Au],4093418937201980739,55.0,20.0,-0.5797656606693629,1.2081091193786762
[Cu]OC(=O)OCCC[Au],4093418937201980739,60.0,15.0,-0.43679975373652624,1.3510750263115074
[Cu]OC(=O)OCCC[Au],4093418937201980739,65.0,10.0,-0.292312764938611,1.4955620151094262
[Cu]OC(=O)OCCC[Au],4093418937201980739,70.0,5.0,-0.14661882572565332,1.6412559543223857
[Cu]OC(=O)OCCC[Au],4142487215441221622,40.0,35.0,-0.24783902170513628,-0.9352822901237516
[Cu]OC(=O)OCCC[Au],4142487215441221622,45.0,30.0,-0.26715532753755156,-0.9545985959561669
[Cu]OC(=O)OCCC[Au],4142487215441221622,50.0,25.0,-0.26534576281005506,-0.9527890312286704
[Cu]OC(=O)OCCC[Au],4142487215441221622,55.0,20.0,-0.24430006720193198,-0.9317433356205491
[Cu]OC(=O)OCCC[Au],4142487215441221622,60.0,15.0,-0.20573989212375565,-0.8931831605423692
[Cu]OC(=O)OCCC[Au],4142487215441221622,65.0,10.0,-0.15123520777143895,-0.8386784761900543
[Cu]OC(=O)OCCC[Au],4142487215441221622,70.0,5.0,-0.08221893290509286,-0.7696622013237082
[Cu]OC(=O)OCCC[Au],4398033724227398863,40.0,35.0,-0.09143196882204307,-3.0077262014633863
[Cu]OC(=O)OCCC[Au],4398033724227398863,45.0,30.0,-0.09898936670023595,-3.0152835993415756
[Cu]OC(=O)OCCC[Au],4398033724227398863,50.0,25.0,-0.09858724197851032,-3.014881474619857
[Cu]OC(=O)OCCC[Au],4398033724227398863,55.0,20.0,-0.09093719590598148,-3.0072314285473265
[Cu]OC(=O)OCCC[Au],4398033724227398863,60.0,15.0,-0.0766875461068448,-2.992981778748188
[Cu]OC(=O)OCCC[Au],4398033724227398863,65.0,10.0,-0.05642950310057593,-2.9727237357419174
[Cu]OC(=O)OCCC[Au],4398033724227398863,70.0,5.0,-0.03070267779544089,-2.946996910436784
[Cu]OC(=O)OCCC[Au],4654339165289687569,40.0,35.0,-0.3263231219124343,-3.8287710813370364
[Cu]OC(=O)OCCC[Au],4654339165289687569,45.0,30.0,-0.3270508243817254,-3.8294987838063292
[Cu]OC(=O)OCCC[Au],4654339165289687569,50.0,25.0,-0.30946218623769184,-3.8119101456622975
[Cu]OC(=O)OCCC[Au],4654339165289687569,55.0,20.0,-0.27521794588219883,-3.7776659053068062
[Cu]OC(=O)OCCC[Au],4654339165289687569,60.0,15.0,-0.22583044831398524,-3.728278407738589
[Cu]OC(=O)OCCC[Au],4654339165289687569,65.0,10.0,-0.16267816292089243,-3.665126122345498
[Cu]OC(=O)OCCC[Au],4654339165289687569,70.0,5.0,-0.08701862648591785,-3.5894665859105235
[Cu]OC(=O)OCCC[Au],5154563316240370192,40.0,35.0,-0.007053283200288973,2.3320530696427895
[Cu]OC(=O)OCCC[Au],5154563316240370192,45.0,30.0,-0.03734551370024164,2.301760839142844
[Cu]OC(=O)OCCC[Au],5154563316240370192,50.0,25.0,-0.05560023072679954,2.283506122116286
[Cu]OC(=O)OCCC[Au],5154563316240370192,55.0,20.0,-0.06286734243283121,2.276239010410251
[Cu]OC(=O)OCCC[Au],5154563316240370192,60.0,15.0,-0.06010418168571263,2.279002171157371
[Cu]OC(=O)OCCC[Au],5154563316240370192,65.0,10.0,-0.04818450241040395,2.29092185043268
[Cu]OC(=O)OCCC[Au],5154563316240370192,70.0,5.0,-0.02790650401813366,2.3111998488249483
[Cu]OC(=O)OCCC[Au],53164993581513754,40.0,35.0,1.17953961071958,-1.1583454556374022
[Cu]OC(=O)OCCC[Au],53164993581513754,45.0,30.0,1.0548888537787526,-1.282996212578226
[Cu]OC(=O)OCCC[Au],53164993581513754,50.0,25.0,0.912972040683135,-1.4249130256738471
[Cu]OC(=O)OCCC[Au],53164993581513754,55.0,20.0,0.755529272971998,-1.5823557933849806
[Cu]OC(=O)OCCC[Au],53164993581513754,60.0,15.0,0.5841399625796573,-1.753745103777323
[Cu]OC(=O)OCCC[Au],53164993581513754,65.0,10.0,0.40023880731122397,-1.9376462590457582
[Cu]OC(=O)OCCC[Au],53164993581513754,70.0,5.0,0.2051300168306156,-2.1327550495263665
[Cu]OC(=O)OCCC[Au],5412939366761849886,40.0,35.0,0.46791051672473927,-2.545837851996362
[Cu]OC(=O)OCCC[Au],5412939366761849886,45.0,30.0,0.4781494445919101,-2.535598924129191
[Cu]OC(=O)OCCC[Au],5412939366761849886,50.0,25.0,0.45858905236886827,-2.555159316352235
[Cu]OC(=O)OCCC[Au],5412939366761849886,55.0,20.0,0.4119186240791137,-2.601829744641984
[Cu]OC(=O)OCCC[Au],5412939366761849886,60.0,15.0,0.3405875218344132,-2.6731608468866863
[Cu]OC(=O)OCCC[Au],5412939366761849886,65.0,10.0,0.2468286397467523,-2.7669197289743472
[Cu]OC(=O)OCCC[Au],5412939366761849886,70.0,5.0,0.13267931492578278,-2.8810690537953167
[Cu]OC(=O)OCCC[Au],5424356685932545648,40.0,35.0,1.1762061765174927,-0.4381553309777786
[Cu]OC(=O)OCCC[Au],5424356685932545648,45.0,30.0,0.9871146308935099,-0.6272468766017596
[Cu]OC(=O)OCCC[Au],5424356685932545648,50.0,25.0,0.8057193999042624,-0.8086421075910089
[Cu]OC(=O)OCCC[Au],5424356685932545648,55.0,20.0,0.6315856362191052,-0.9827758712761643
[Cu]OC(=O)OCCC[Au],5424356685932545648,60.0,15.0,0.4643095081829127,-1.1500519993123586
[Cu]OC(=O)OCCC[Au],5424356685932545648,65.0,10.0,0.3035155491029524,-1.3108459583923189
[Cu]OC(=O)OCCC[Au],5424356685932545648,70.0,5.0,0.1488542690892185,-1.4655072384060528
[Cu]OC(=O)OCCC[Au],6741435440045710458,40.0,35.0,0.19315758281910078,-0.16200307432200134
[Cu]OC(=O)OCCC[Au],6741435440045710458,45.0,30.0,0.09831550416013357,-0.25684515298096855
[Cu]OC(=O)OCCC[Au],6741435440045710458,50.0,25.0,0.029264943551062572,-0.32589571359003955
[Cu]OC(=O)OCCC[Au],6741435440045710458,55.0,20.0,-0.016201923816199226,-0.3713625809573031
[Cu]OC(=O)OCCC[Au],6741435440045710458,60.0,15.0,-0.040099540968794756,-0.39526019810989865
[Cu]OC(=O)OCCC[Au],6741435440045710458,65.0,10.0,-0.044267697644977844,-0.39942835478607996
[Cu]OC(=O)OCCC[Au],6741435440045710458,70.0,5.0,-0.030388239665699146,-0.38554889680680304
[Cu]OC(=O)OCCC[Au],7104588732427011514,40.0,35.0,-0.7712618838616834,-2.5285101292767926
[Cu]OC(=O)OCCC[Au],7104588732427011514,45.0,30.0,-0.7541267173464448,-2.5113749627615523
[Cu]OC(=O)OCCC[Au],7104588732427011514,50.0,25.0,-0.7009510058112465,-2.4581992512263557
[Cu]OC(=O)OCCC[Au],7104588732427011514,55.0,20.0,-0.6150284008225757,-2.372276646237683
[Cu]OC(=O)OCCC[Au],7104588732427011514,60.0,15.0,-0.499357482408465,-2.2566057278235707
[Cu]OC(=O)OCCC[Au],7104588732427011514,65.0,10.0,-0.3566706645646409,-2.11391890997975
[Cu]OC(=O)OCCC[Au],7104588732427011514,70.0,5.0,-0.18945996284171152,-1.9467082082568208
[Cu]OC(=O)OCCC[Au],7366577595172267568,40.0,35.0,0.43956080815579845,-1.672553961772234
[Cu]OC(=O)OCCC[Au],7366577595172267568,45.0,30.0,0.25488936314723176,-1.857225406780806
[Cu]OC(=O)OCCC[Au],7366577595172267568,50.0,25.0,0.1169305232374942,-1.9951842466905418
[Cu]OC(=O)OCCC[Au],7366577595172267568,55.0,20.0,0.021703526582554034,-2.0904112433454802
[Cu]OC(=O)OCCC[Au],7366577595172267568,60.0,15.0,-0.03442428388009411,-2.1465390538081284
[Cu]OC(=O)OCCC[Au],7366577595172267568,65.0,10.0,-0.05477114509924874,-2.166885915027285
[Cu]OC(=O)OCCC[Au],7366577595172267568,70.0,5.0,-0.042370928893216586,-2.1544856988212526
[Cu]OC(=O)OCCC[Au],7501894889814872777,40.0,35.0,1.8875364969368924,0.5987338972553928
[Cu]OC(=O)OCCC[Au],7501894889814872777,45.0,30.0,1.6189023717786668,0.33009977209716723
[Cu]OC(=O)OCCC[Au],7501894889814872777,50.0,25.0,1.3492328256540986,0.06043022597259906
[Cu]OC(=O)OCCC[Au],7501894889814872777,55.0,20.0,1.0789960005564172,-0.2098065991250806
[Cu]OC(=O)OCCC[Au],7501894889814872777,60.0,15.0,0.8086070510312666,-0.4801955486502294
[Cu]OC(=O)OCCC[Au],7501894889814872777,65.0,10.0,0.5384338741030099,-0.7503687255784879
[Cu]OC(=O)OCCC[Au],7501894889814872777,70.0,5.0,0.2688021821129887,-1.0200004175685073
[Cu]OC(=O)OCCC[Au],8376419510100178237,40.0,35.0,1.7747255347057127,4.960801044887628
[Cu]OC(=O)OCCC[Au],8376419510100178237,45.0,30.0,1.8106780255967685,4.99675353577868
[Cu]OC(=O)OCCC[Au],8376419510100178237,50.0,25.0,1.7347137948994273,4.9207893050813425
[Cu]OC(=O)OCCC[Au],8376419510100178237,55.0,20.0,1.5569364185981946,4.743011928780106
[Cu]OC(=O)OCCC[Au],8376419510100178237,60.0,15.0,1.2865479874010148,4.472623497582928
[Cu]OC(=O)OCCC[Au],8376419510100178237,65.0,10.0,0.9319372378462489,4.118012748028162
[Cu]OC(=O)OCCC[Au],8376419510100178237,70.0,5.0,0.5007581277462236,3.686833637928137
[Cu]OC(=O)OCCC[Au],8766311354148656611,40.0,35.0,-1.1363984535058815,-2.4427827730021736
[Cu]OC(=O)OCCC[Au],8766311354148656611,45.0,30.0,-0.9722140746386785,-2.278598394134967
[Cu]OC(=O)OCCC[Au],8766311354148656611,50.0,25.0,-0.8083492091482345,-2.114733528644523
[Cu]OC(=O)OCCC[Au],8766311354148656611,55.0,20.0,-0.6450035755252497,-1.9513878950215382
[Cu]OC(=O)OCCC[Au],8766311354148656611,60.0,15.0,-0.4823522291615294,-1.788736548657818
[Cu]OC(=O)OCCC[Au],8766311354148656611,65.0,10.0,-0.32054830884569085,-1.6269326283419794
[Cu]OC(=O)OCCC[Au],8766311354148656611,70.0,5.0,-0.15972546361823348,-1.466109783114522
[Cu]OC(=O)OCCC[Au],9454643117090410971,40.0,35.0,0.4900943380248872,-3.3004342950289
[Cu]OC(=O)OCCC[Au],9454643117090410971,45.0,30.0,0.4544814420629759,-3.3360471909908114
[Cu]OC(=O)OCCC[Au],9454643117090410971,50.0,25.0,0.40547356486992037,-3.385055068183865
[Cu]OC(=O)OCCC[Au],9454643117090410971,55.0,20.0,0.3443355758679516,-3.4461930571858357
[Cu]OC(=O)OCCC[Au],9454643117090410971,60.0,15.0,0.2722178225223093,-3.5183108105314798
[Cu]OC(=O)OCCC[Au],9454643117090410971,65.0,10.0,0.19016740783712827,-3.600361225216659
[Cu]OC(=O)OCCC[Au],9454643117090410971,70.0,5.0,0.09913823976717318,-3.691390393286614
[Cu]OC(=O)OCC[Au],1091384905445496665,30.0,40.0,-1.361024216015572,-2.065468581581296
[Cu]OC(=O)OCC[Au],1091384905445496665,35.0,35.0,-1.1726344493214,-1.8770788148871222
[Cu]OC(=O)OCC[Au],1091384905445496665,40.0,30.0,-0.9899335830426708,-1.6943779486083947
[Cu]OC(=O)OCC[Au],1091384905445496665,45.0,25.0,-0.8126685770330688,-1.5171129425987928
[Cu]OC(=O)OCC[Au],1091384905445496665,50.0,20.0,-0.6406011271692353,-1.3450454927349593
[Cu]OC(=O)OCC[Au],1091384905445496665,55.0,15.0,-0.47350661207562084,-1.1779509776413448
[Cu]OC(=O)OCC[Au],1091384905445496665,60.0,10.0,-0.3111731285420287,-1.0156174941077527
[Cu]OC(=O)OCC[Au],1091384905445496665,65.0,5.0,-0.15340060708138026,-0.8578449726471025
[Cu]OC(=O)OCC[Au],1100538004898963529,30.0,40.0,2.1559266339357563,4.628542043448238
[Cu]OC(=O)OCC[Au],1100538004898963529,35.0,35.0,1.9631675950591045,4.4357830045715865
[Cu]OC(=O)OCC[Au],1100538004898963529,40.0,30.0,1.743493729929794,4.216109139442274
[Cu]OC(=O)OCC[Au],1100538004898963529,45.0,25.0,1.4997086882429365,3.9723240977554184
[Cu]OC(=O)OCC[Au],1100538004898963529,50.0,20.0,1.2343490867343228,3.7069644962468047
[Cu]OC(=O)OCC[Au],1100538004898963529,55.0,15.0,0.9497118686997119,3.422327278212194
[Cu]OC(=O)OCC[Au],1100538004898963529,60.0,10.0,0.6478785775233611,3.120493987035843
[Cu]OC(=O)OCC[Au],1100538004898963529,65.0,5.0,0.33073692708560287,2.803352336598085
[Cu]OC(=O)OCC[Au],16076209338513823582,30.0,40.0,1.7164460067611138,3.3614291865435977
[Cu]OC(=O)OCC[Au],16076209338513823582,35.0,35.0,1.343985817721789,2.988968997504273
[Cu]OC(=O)OCC[Au],16076209338513823582,40.0,30.0,1.0245599968385868,2.6695431766210707
[Cu]OC(=O)OCC[Au],16076209338513823582,45.0,25.0,0.7537589168890406,2.3987420966715245
[Cu]OC(=O)OCC[Au],16076209338513823582,50.0,20.0,0.5275621985245369,2.1725453783070208
[Cu]OC(=O)OCC[Au],16076209338513823582,55.0,15.0,0.34230032782313025,1.987283507605616
[Cu]OC(=O)OCC[Au],16076209338513823582,60.0,10.0,0.1946205042957505,1.8396036840782362
[Cu]OC(=O)OCC[Au],16076209338513823582,65.0,5.0,0.0814562025341452,1.726439382316629
[Cu]OC(=O)OCC[Au],16449462915271541152,30.0,40.0,0.8199625184945312,2.011168766397768
[Cu]OC(=O)OCC[Au],16449462915271541152,35.0,35.0,0.6100186884722252,1.8012249363754655
[Cu]OC(=O)OCC[Au],16449462915271541152,40.0,30.0,0.43629599920132556,1.627502247104566
[Cu]OC(=O)OCC[Au],16449462915271541152,45.0,25.0,0.2957169334410814,1.48692318134432
[Cu]OC(=O)OCC[Au],16449462915271541152,50.0,20.0,0.18547790874796277,1.3766841566512031
[Cu]OC(=O)OCC[Au],16449462915271541152,55.0,15.0,0.10302214598431014,1.2942283938875487
[Cu]OC(=O)OCC[Au],16449462915271541152,60.0,10.0,0.04601553641953515,1.2372217843227755
[Cu]OC(=O)OCC[Au],16449462915271541152,65.0,5.0,0.012325140418724345,1.2035313883219612
[Cu]OC(=O)OCC[Au],17335629673525116036,30.0,40.0,-0.1393699024992756,0.9442722658085518
[Cu]OC(=O)OCC[Au],17335629673525116036,35.0,35.0,-0.11866004928422846,0.9649821190235972
[Cu]OC(=O)OCC[Au],17335629673525116036,40.0,30.0,-0.09901509670594955,0.9846270716018779
[Cu]OC(=O)OCC[Au],17335629673525116036,45.0,25.0,-0.0803661093919068,1.0032760589159189
[Cu]OC(=O)OCC[Au],17335629673525116036,50.0,20.0,-0.06264955958181062,1.020992608726015
[Cu]OC(=O)OCC[Au],17335629673525116036,55.0,15.0,-0.04580682953702642,1.037835338770801
[Cu]OC(=O)OCC[Au],17335629673525116036,60.0,10.0,-0.029783766351524577,1.053858401956301
[Cu]OC(=O)OCC[Au],17335629673525116036,65.0,5.0,-0.014530282966219943,1.0691118853416075
[Cu]OC(=O)OCC[Au],6117486233592092698,30.0,40.0,-1.3728893315832238,-2.9400784038759884
[Cu]OC(=O)OCC[Au],6117486233592092698,35.0,35.0,-1.0688616280462302,-2.636050700338993
[Cu]OC(=O)OCC[Au],6117486233592092698,40.0,30.0,-0.8093332618004663,-2.376522334093229
[Cu]OC(=O)OCC[Au],6117486233592092698,45.0,25.0,-0.5905916813447725,-2.157780753637537
[Cu]OC(=O)OCC[Au],6117486233592092698,50.0,20.0,-0.40925248534938596,-1.9764415576421506
[Cu]OC(=O)OCC[Au],6117486233592092698,55.0,15.0,-0.2622270419819728,-1.8294161142747374
[Cu]OC(=O)OCC[Au],6117486233592092698,60.0,10.0,-0.14669367874819983,-1.7138827510409627
[Cu]OC(=O)OCC[Au],6117486233592092698,65.0,5.0,-0.060072006525791366,-1.627261078818556
[Cu]OC(=O)OCC[Au],765751833925579038,30.0,40.0,-1.4381662572667757,-5.0808697787864805
[Cu]OC(=O)OCC[Au],765751833925579038,35.0,35.0,-1.1891653483450355,-4.8318688698647385
[Cu]OC(=O)OCC[Au],765751833925579038,40.0,30.0,-0.9631541378908839,-4.605857659410589
[Cu]OC(=O)OCC[Au],765751833925579038,45.0,25.0,-0.7583508452060563,-4.401054366725761
[Cu]OC(=O)OCC[Au],765751833925579038,50.0,20.0,-0.5731264889098622,-4.215830010429565
[Cu]OC(=O)OCC[Au],765751833925579038,55.0,15.0,-0.4059900556928042,-4.048693577212507
[Cu]OC(=O)OCC[Au],765751833925579038,60.0,10.0,-0.25557528758856307,-3.898278809108268
[Cu]OC(=O)OCC[Au],765751833925579038,65.0,5.0,-0.1206288913848903,-3.763332412904596
[Cu]OC(=O)OCC[Au],8213908640482760646,30.0,40.0,0.05712629855191764,-1.0961531025092164
[Cu]OC(=O)OCC[Au],8213908640482760646,35.0,35.0,0.006539545339766306,-1.1467398557213677
[Cu]OC(=O)OCC[Au],8213908640482760646,40.0,30.0,-0.029296533250569468,-1.1825759343117035
[Cu]OC(=O)OCC[Au],8213908640482760646,45.0,25.0,-0.05168695849946303,-1.204966359560597
[Cu]OC(=O)OCC[Au],8213908640482760646,50.0,20.0,-0.061818840346296255,-1.215098241407432
[Cu]OC(=O)OCC[Au],8213908640482760646,55.0,15.0,-0.06077314700554126,-1.2140525480666753
[Cu]OC(=O)OCC[Au],8213908640482760646,60.0,10.0,-0.049535167570311955,-1.2028145686314478
[Cu]OC(=O)OCC[Au],8213908640482760646,65.0,5.0,-0.02900382808926416,-1.1822832291503982
[Cu]OC(=O)OCC[Au],9525724293102698250,30.0,40.0,-0.43801175037841666,0.23715760455478296
[Cu]OC(=O)OCC[Au],9525724293102698250,35.0,35.0,-0.3743901715959055,0.30077918333729414
[Cu]OC(=O)OCC[Au],9525724293102698250,40.0,30.0,-0.3136171132790544,0.36155224165414346
[Cu]OC(=O)OCC[Au],9525724293102698250,45.0,25.0,-0.25552036709767023,0.4196489878355294
[Cu]OC(=O)OCC[Au],9525724293102698250,50.0,20.0,-0.19994069265011483,0.475228662283083
[Cu]OC(=O)OCC[Au],9525724293102698250,55.0,15.0,-0.14673065621408732,0.5284386987191123
[Cu]OC(=O)OCC[Au],9525724293102698250,60.0,10.0,-0.09575358943794399,0.5794157654952539
[Cu]OC(=O)OCC[Au],9525724293102698250,65.0,5.0,-0.04688265399088287,0.628286700942315
[Cu]OCC[Au],10080168666265399748,50.0,30.0,0.03651145388387711,-0.5346906129465427
[Cu]OCC[Au],10080168666265399748,55.0,25.0,-0.4330498226207151,-1.0042518894511332
[Cu]OCC[Au],10080168666265399748,60.0,20.0,-0.6951395938624767,-1.2663416606928948
[Cu]OCC[Au],10080168666265399748,65.0,15.0,-0.7674122624981283,-1.3386143293285464
[Cu]OCC[Au],10080168666265399748,70.0,10.0,-0.6660078827539371,-1.2372099495843552
[Cu]OCC[Au],10080168666265399748,75.0,5.0,-0.4056952571269363,-0.9768973239573526
[Cu]OCC[Au],10196705002377175757,50.0,30.0,1.2315756404639675,-0.09995175056974581
[Cu]OCC[Au],10196705002377175757,55.0,25.0,0.4972592867615777,-0.8342681042721374
[Cu]OCC[Au],10196705002377175757,60.0,20.0,-0.0005875620732442854,-1.3321149531069594
[Cu]OCC[Au],10196705002377175757,65.0,15.0,-0.2818256243496098,-1.6133530153833249
[Cu]OCC[Au],10196705002377175757,70.0,10.0,-0.364619838876977,-1.6961472299106912
[Cu]OCC[Au],10196705002377175757,75.0,5.0,-0.2655992296812286,-1.5971266207149428
[Cu]OCC[Au],10366766487264027926,50.0,30.0,-1.1641007457561559,-3.4454346626445593
[Cu]OCC[Au],10366766487264027926,55.0,25.0,-0.8884170553761752,-3.169750972264577
[Cu]OCC[Au],10366766487264027926,60.0,20.0,-0.6489432459845146,-2.930277162872917
[Cu]OCC[Au],10366766487264027926,65.0,15.0,-0.4428522446998411,-2.7241861615882437
[Cu]OCC[Au],10366766487264027926,70.0,10.0,-0.2675518684854783,-2.54888578537388
[Cu]OCC[Au],10366766487264027926,75.0,5.0,-0.1206629944180655,-2.401996911306469
[Cu]OCC[Au],1037839198710433199,50.0,30.0,-1.0406812313749612,-2.1510753041492663
[Cu]OCC[Au],1037839198710433199,55.0,25.0,-0.6273608114702078,-1.737754884244513
[Cu]OCC[Au],1037839198710433199,60.0,20.0,-0.32111107959661567,-1.4315051523709208
[Cu]OCC[Au],1037839198710433199,65.0,15.0,-0.11304536405428678,-1.223439436828592
[Cu]OCC[Au],1037839198710433199,70.0,10.0,0.004967447369548239,-1.1054266254047578
[Cu]OCC[Au],1037839198710433199,75.0,5.0,0.040373980192394576,-1.0700200925819106
[Cu]OCC[Au],10565487469494001954,50.0,30.0,-2.1272398005137205,0.5979571949158693
[Cu]OCC[Au],10565487469494001954,55.0,25.0,-1.4378532325766784,1.2873437628529114
[Cu]OCC[Au],10565487469494001954,60.0,20.0,-0.8977272347913168,1.827469760638273
[Cu]OCC[Au],10565487469494001954,65.0,15.0,-0.49462195272925236,2.2305750427003375
[Cu]OCC[Au],10565487469494001954,70.0,10.0,-0.21733362617445984,2.50786336925513
[Cu]OCC[Au],10565487469494001954,75.0,5.0,-0.05559734859518706,2.6695996468344028
[Cu]OCC[Au],10655877475513174204,50.0,30.0,1.1529375314764447,-0.8792582008653032
[Cu]OCC[Au],10655877475513174204,55.0,25.0,0.5341718489715852,-1.4980238833701645
[Cu]OCC[Au],10655877475513174204,60.0,20.0,0.1060384480517449,-1.9261572842900039
[Cu]OCC[Au],10655877475513174204,65.0,15.0,-0.14743844772522774,-2.1796341800669765
[Cu]OCC[Au],10655877475513174204,70.0,10.0,-0.24087161161719717,-2.273067343958946
[Cu]OCC[Au],10655877475513174204,75.0,5.0,-0.18763925538510495,-2.2198349877268537
[Cu]OCC[Au],10676921301097264143,50.0,30.0,-1.8611668283290435,-5.078810083867317
[Cu]OCC[Au],10676921301097264143,55.0,25.0,-1.2503286578485566,-4.46797191338683
[Cu]OCC[Au],10676921301097264143,60.0,20.0,-0.7735194902973301,-3.991162745835604
[Cu]OCC[Au],10676921301097264143,65.0,15.0,-0.4197377543669596,-3.6373810099052326
[Cu]OCC[Au],10676921301097264143,70.0,10.0,-0.17891348740085355,-3.3965567429391275
[Cu]OCC[Au],10676921301097264143,75.0,5.0,-0.041820884863559726,-3.2594641404018327
[Cu]OCC[Au],10735635823506124060,50.0,30.0,-1.4739243620773816,-2.9475682532170637
[Cu]OCC[Au],10735635823506124060,55.0,25.0,-0.9791322630124242,-2.4527761541521045
[Cu]OCC[Au],10735635823506124060,60.0,20.0,-0.5954281336178635,-2.069072024757542
[Cu]OCC[Au],10735635823506124060,65.0,15.0,-0.31367840760917254,-1.787322298748852
[Cu]OCC[Au],10735635823506124060,70.0,10.0,-0.12552341335557404,-1.5991673044952543
[Cu]OCC[Au],10735635823506124060,75.0,5.0,-0.023304705240114743,-1.4969485963797942
[Cu]OCC[Au],10844139051351032556,50.0,30.0,-1.6351518530445999,-4.094675328072522
[Cu]OCC[Au],10844139051351032556,55.0,25.0,-1.075838244080165,-3.535361719108085
[Cu]OCC[Au],10844139051351032556,60.0,20.0,-0.6444189258972166,-3.1039424009251366
[Cu]OCC[Au],10844139051351032556,65.0,15.0,-0.3303649722531743,-2.7898884472810943
[Cu]OCC[Au],10844139051351032556,70.0,10.0,-0.12404000166834095,-2.583563476696261
[Cu]OCC[Au],10844139051351032556,75.0,5.0,-0.01661634709848947,-2.4761398221264095
[Cu]OCC[Au],10872075017767777612,50.0,30.0,-1.0877585840625983,5.780871775848242
[Cu]OCC[Au],10872075017767777612,55.0,25.0,-0.6603961331210826,6.2082342267897594
[Cu]OCC[Au],10872075017767777612,60.0,20.0,-0.3428638830740631,6.525766476836779
[Cu]OCC[Au],10872075017767777612,65.0,15.0,-0.12605057421837884,6.742579785692463
[Cu]OCC[Au],10872075017767777612,70.0,10.0,-0.0016194646889609032,6.867010895221881
[Cu]OCC[Au],10872075017767777612,75.0,5.0,0.038064519055266643,6.906694878966109
[Cu]OCC[Au],10996097036898882921,50.0,30.0,1.9140038925635405,2.5112325530961392
[Cu]OCC[Au],10996097036898882921,55.0,25.0,0.9642191970498537,1.5614478575824524
[Cu]OCC[Au],10996097036898882921,60.0,20.0,0.2962402507803432,0.8934689113129419
[Cu]OCC[Au],10996097036898882921,65.0,15.0,-0.11350341569414013,0.4837252448384586
[Cu]OCC[Au],10996097036898882921,70.0,10.0,-0.2865727123445154,0.3106559481880833
[Cu]OCC[Au],10996097036898882921,75.0,5.0,-0.24270829149979178,0.3545203690328069
[Cu]OCC[Au],11006660502503375432,50.0,30.0,2.8256876707740695,3.083511636383337
[Cu]OCC[Au],11006660502503375432,55.0,25.0,1.827433667721703,2.0852576333309703
[Cu]OCC[Au],11006660502503375432,60.0,20.0,1.064388028445153,1.3222119940544204
[Cu]OCC[Au],11006660502503375432,65.0,15.0,0.5171473306641605,0.7749712962734279
[Cu]OCC[Au],11006660502503375432,70.0,10.0,0.1679542273280017,0.42577819293726904
[Cu]OCC[Au],11006660502503375432,75.0,5.0,0.0005427825778951956,0.2583667481871643
[Cu]OCC[Au],11053882267350739117,50.0,30.0,-0.9928093345836206,-1.4286362137774464
[Cu]OCC[Au],11053882267350739117,55.0,25.0,-0.8458374793321575,-1.2816643585259833
[Cu]OCC[Au],11053882267350739117,60.0,20.0,-0.6902872583364754,-1.1261141375303012
[Cu]OCC[Au],11053882267350739117,65.0,15.0,-0.5271069004786675,-0.9629337796724933
[Cu]OCC[Au],11053882267350739117,70.0,10.0,-0.35715676297975385,-0.7929836421735779
[Cu]OCC[Au],11053882267350739117,75.0,5.0,-0.18121794901485977,-0.6170448282086856
[Cu]OCC[Au],11076495689739030084,50.0,30.0,1.1835525526064075,1.9239606187042977
[Cu]OCC[Au],11076495689739030084,55.0,25.0,0.5557471930047448,1.296155259102635
[Cu]OCC[Au],11076495689739030084,60.0,20.0,0.12032745918782162,0.8607355252857101
[Cu]OCC[Au],11076495689739030084,65.0,15.0,-0.13882497010816053,0.6015830959897315
[Cu]OCC[Au],11076495689739030084,70.0,10.0,-0.23645338502759827,0.5039546810702902
[Cu]OCC[Au],11076495689739030084,75.0,5.0,-0.18605561327041364,0.5543524528274784
[Cu]OCC[Au],11098280926091290182,50.0,30.0,1.5242299943546609,0.29957477276706257
[Cu]OCC[Au],11098280926091290182,55.0,25.0,0.7315469335397342,-0.4931082880478641
[Cu]OCC[Au],11098280926091290182,60.0,20.0,0.17953904111320362,-1.0451161804743947
[Cu]OCC[Au],11098280926091290182,65.0,15.0,-0.1519481945667458,-1.3766034161543441
[Cu]OCC[Au],11098280926091290182,70.0,10.0,-0.28135022339909277,-1.5060054449866929
[Cu]OCC[Au],11098280926091290182,75.0,5.0,-0.22554540601966444,-1.4502006276072636
[Cu]OCC[Au],11326097864634796300,50.0,30.0,4.51187118328907,5.199676866158461
[Cu]OCC[Au],11326097864634796300,55.0,25.0,3.6688006812337974,4.356606364103191
[Cu]OCC[Au],11326097864634796300,60.0,20.0,2.865153907851454,3.552959590720846
[Cu]OCC[Au],11326097864634796300,65.0,15.0,2.0985650783589733,2.7863707612283655
[Cu]OCC[Au],11326097864634796300,70.0,10.0,1.3668417305349845,2.0546474134043766
[Cu]OCC[Au],11326097864634796300,75.0,5.0,0.6679497706865547,1.3557554535559486
[Cu]OCC[Au],11590834073917115241,50.0,30.0,-1.6417448036077698,-3.622937330170144
[Cu]OCC[Au],11590834073917115241,55.0,25.0,-1.0802202944263701,-3.0614128209887443
[Cu]OCC[Au],11590834073917115241,60.0,20.0,-0.6470859342061193,-2.6282784607684953
[Cu]OCC[Au],11590834073917115241,65.0,15.0,-0.3317720306745793,-2.3129645572369544
[Cu]OCC[Au],11590834073917115241,70.0,10.0,-0.1246048903674497,-2.105797416929824
[Cu]OCC[Au],11590834073917115241,75.0,5.0,-0.016722663971195928,-1.997915190533571
[Cu]OCC[Au],11831643889440491637,50.0,30.0,-0.9179733747274668,-0.40045639829605406
[Cu]OCC[Au],11831643889440491637,55.0,25.0,-0.7674110490520825,-0.24989407262067154
[Cu]OCC[Au],11831643889440491637,60.0,20.0,-0.6154837507626816,-0.09796677433126888
[Cu]OCC[Au],11831643889440491637,65.0,15.0,-0.46250919210164554,0.05500778432976716
[Cu]OCC[Au],11831643889440491637,70.0,10.0,-0.30877179791232123,0.20874517851909147
[Cu]OCC[Au],11831643889440491637,75.0,5.0,-0.15452614131903175,0.36299083511238095
[Cu]OCC[Au],1209507828930113593,50.0,30.0,-0.09455781258057883,4.808133812449631
[Cu]OCC[Au],1209507828930113593,55.0,25.0,0.05877615306649275,4.961467778096704
[Cu]OCC[Au],1209507828930113593,60.0,20.0,0.1505511646722706,5.053242789702482
[Cu]OCC[Au],1209507828930113593,65.0,15.0,0.18598708832165656,5.088678713351868
[Cu]OCC[Au],1209507828930113593,70.0,10.0,0.16985659392693542,5.072548218957147
[Cu]OCC[Au],1209507828930113593,75.0,5.0,0.10652738607861068,5.009219011108822
[Cu]OCC[Au],12125689090475974298,50.0,30.0,-1.1943902982375167,-3.139672041953581
[Cu]OCC[Au],12125689090475974298,55.0,25.0,-0.754303932983662,-2.6995856766997264
[Cu]OCC[Au],12125689090475974298,60.0,20.0,-0.42175590879890024,-2.3670376525149646
[Cu]OCC[Au],12125689090475974298,65.0,15.0,-0.18785348342582076,-2.133135227141885
[Cu]OCC[Au],12125689090475974298,70.0,10.0,-0.04445898511279456,-1.9897407288288589
[Cu]OCC[Au],12125689090475974298,75.0,5.0,0.01588116541469642,-1.929400578301368
[Cu]OCC[Au],12240050357772431420,50.0,30.0,3.5343312658527974,7.432746993418453
[Cu]OCC[Au],12240050357772431420,55.0,25.0,2.920864724581083,6.819280452146739
[Cu]OCC[Au],12240050357772431420,60.0,20.0,2.3172648396700755,6.215680567235731
[Cu]OCC[Au],12240050357772431420,65.0,15.0,1.7234674868647595,5.621883214430413
[Cu]OCC[Au],12240050357772431420,70.0,10.0,1.1393908246638347,5.03780655222949
[Cu]OCC[Au],12240050357772431420,75.0,5.0,0.5649380850535035,4.463353812619157
[Cu]OCC[Au],1224737384715962281,50.0,30.0,-1.420591771304693,-3.260031013111581
[Cu]OCC[Au],1224737384715962281,55.0,25.0,-0.9476232830233604,-2.78706252483025
[Cu]OCC[Au],1224737384715962281,60.0,20.0,-0.5799682909535973,-2.419407532760485
[Cu]OCC[Au],1224737384715962281,65.0,15.0,-0.3089731126372284,-2.148412354444117
[Cu]OCC[Au],1224737384715962281,70.0,10.0,-0.12671714093646536,-1.9661563827433541
[Cu]OCC[Au],1224737384715962281,75.0,5.0,-0.025944016036435258,-1.8653832578433232
[Cu]OCC[Au],1230341816369350981,50.0,30.0,-0.7695849316733039,0.5149582297099382
[Cu]OCC[Au],1230341816369350981,55.0,25.0,-0.4084073563183246,0.8761358050649175
[Cu]OCC[Au],1230341816369350981,60.0,20.0,-0.15126607466219255,1.1332770867210478
[Cu]OCC[Au],1230341816369350981,65.0,15.0,0.010526771552788361,1.2950699329360287
[Cu]OCC[Au],1230341816369350981,70.0,10.0,0.08491875654769032,1.3694619179309324
[Cu]OCC[Au],1230341816369350981,75.0,5.0,0.07918688537956342,1.3637300467628055
[Cu]OCC[Au],12533297706161161870,50.0,30.0,0.6244629161839281,5.087021818126569
[Cu]OCC[Au],12533297706161161870,55.0,25.0,0.37632040520379384,4.838879307146435
[Cu]OCC[Au],12533297706161161870,60.0,20.0,0.19248351440908174,4.6550424163517246
[Cu]OCC[Au],12533297706161161870,65.0,15.0,0.0676148717173195,4.5301737736599605
[Cu]OCC[Au],12533297706161161870,70.0,10.0,-0.003169099000528419,4.459389802942113
[Cu]OCC[Au],12533297706161161870,75.0,5.0,-0.024340865073453344,4.438218036869191
[Cu]OCC[Au],12563568731441051984,50.0,30.0,-0.9619903508253227,-2.3055553828108373
[Cu]OCC[Au],12563568731441051984,55.0,25.0,-0.7282008844220087,-2.0717659164075215
[Cu]OCC[Au],12563568731441051984,60.0,20.0,-0.5270070377330214,-1.870572069718536
[Cu]OCC[Au],12563568731441051984,65.0,15.0,-0.35584505992039084,-1.6994100919059036
[Cu]OCC[Au],12563568731441051984,70.0,10.0,-0.21236482708716586,-1.5559298590726804
[Cu]OCC[Au],12563568731441051984,75.0,5.0,-0.09440995808011898,-1.4379749900656318
[Cu]OCC[Au],12580747066770543356,50.0,30.0,-0.46933899431261317,-0.5624356739438614
[Cu]OCC[Au],12580747066770543356,55.0,25.0,-0.13551236470379813,-0.22860904433504814
[Cu]OCC[Au],12580747066770543356,60.0,20.0,0.08403023669499632,-0.009066442936251917
[Cu]OCC[Au],12580747066770543356,65.0,15.0,0.19891498471048763,0.10581830507923762
[Cu]OCC[Au],12580747066770543356,70.0,10.0,0.2179452986026913,0.12484861897144128
[Cu]OCC[Au],12580747066770543356,75.0,5.0,0.14917944546471595,0.05608276583346594
[Cu]OCC[Au],12614347647550871495,50.0,30.0,2.682674160947302,5.0304734118737535
[Cu]OCC[Au],12614347647550871495,55.0,25.0,2.1340452820597395,4.481844532986191
[Cu]OCC[Au],12614347647550871495,60.0,20.0,1.6300562106318726,3.9778554615583257
[Cu]OCC[Au],12614347647550871495,65.0,15.0,1.1674955701052525,3.5152948210317057
[Cu]OCC[Au],12614347647550871495,70.0,10.0,0.7434098673946163,3.0912091183210677
[Cu]OCC[Au],12614347647550871495,75.0,5.0,0.35507996991159096,2.702879220838044
[Cu]OCC[Au],12677372547560175190,50.0,30.0,-0.2816294678851161,-1.9225151547774306
[Cu]OCC[Au],12677372547560175190,55.0,25.0,-0.1595176721732301,-1.8004033590655446
[Cu]OCC[Au],12677372547560175190,60.0,20.0,-0.07097393888554215,-1.7118596257778567
[Cu]OCC[Au],12677372547560175190,65.0,15.0,-0.013202381416066444,-1.65408806830838
[Cu]OCC[Au],12677372547560175190,70.0,10.0,0.016354875167397864,-1.6245308117249149
[Cu]OCC[Au],12677372547560175190,75.0,5.0,0.020040097627846976,-1.6208455892644666
[Cu]OCC[Au],12707039486747357085,50.0,30.0,-2.4399438381803424,4.701448184070159
[Cu]OCC[Au],12707039486747357085,55.0,25.0,-1.73395549145922,5.40743653079128
[Cu]OCC[Au],12707039486747357085,60.0,20.0,-1.16123469070134,5.98015733154916
[Cu]OCC[Au],12707039486747357085,65.0,15.0,-0.7109717395057018,6.430420282744798
[Cu]OCC[Au],12707039486747357085,70.0,10.0,-0.37326828675632306,6.768123735494179
[Cu]OCC[Au],12707039486747357085,75.0,5.0,-0.13905197383505374,7.002340048415446
[Cu]OCC[Au],1288724586974709896,50.0,30.0,-1.3771819471816311,-3.0856927432602497
[Cu]OCC[Au],1288724586974709896,55.0,25.0,-1.0085858630939546,-2.717096659172573
[Cu]OCC[Au],1288724586974709896,60.0,20.0,-0.7018311844260348,-2.4103419805046515
[Cu]OCC[Au],1288724586974709896,65.0,15.0,-0.4519555558263848,-2.1604663519050025
[Cu]OCC[Au],1288724586974709896,70.0,10.0,-0.2544132999165951,-1.9629240959952146
[Cu]OCC[Au],1288724586974709896,75.0,5.0,-0.10503647561305574,-1.8135472716916734
[Cu]OCC[Au],12978261208621099175,50.0,30.0,-0.3267748710177667,0.0006354846762590682
[Cu]OCC[Au],12978261208621099175,55.0,25.0,-0.16124152875856979,0.16616882693545598
[Cu]OCC[Au],12978261208621099175,60.0,20.0,-0.045332697429234514,0.2820776582647895
[Cu]OCC[Au],12978261208621099175,65.0,15.0,0.02510451340596198,0.3525148690999895
[Cu]OCC[Au],12978261208621099175,70.0,10.0,0.053868860416496744,0.3812792161105243
[Cu]OCC[Au],12978261208621099175,75.0,5.0,0.04443832946432735,0.3718486851583549
[Cu]OCC[Au],13210623991567613173,50.0,30.0,-1.2792105945731027,-2.9145321065844794
[Cu]OCC[Au],13210623991567613173,55.0,25.0,-0.7847741308669409,-2.4200956428783176
[Cu]OCC[Au],13210623991567613173,60.0,20.0,-0.41585269890294185,-2.0511742109143185
[Cu]OCC[Au],13210623991567613173,65.0,15.0,-0.16204178823757687,-1.7973633002489544
[Cu]OCC[Au],13210623991567613173,70.0,10.0,-0.013821097768187407,-1.649142609779565
[Cu]OCC[Au],13210623991567613173,75.0,5.0,0.03752861931930518,-1.5977928926920733
[Cu]OCC[Au],13219571994175296435,50.0,30.0,3.9896001367643947,10.116931248219203
[Cu]OCC[Au],13219571994175296435,55.0,25.0,3.0929448084499747,9.220275919904783
[Cu]OCC[Au],13219571994175296435,60.0,20.0,2.2988253350581704,8.42615644651298
[Cu]OCC[Au],13219571994175296435,65.0,15.0,1.5993884377059047,7.726719549160714
[Cu]OCC[Au],13219571994175296435,70.0,10.0,0.9874283685224619,7.114759479977273
[Cu]OCC[Au],13219571994175296435,75.0,5.0,0.4563269782196304,6.583658089674438
[Cu]OCC[Au],13251548504133624724,50.0,30.0,3.0326921999265117,1.6069930942981419
[Cu]OCC[Au],13251548504133624724,55.0,25.0,1.6359562155165346,0.2102571098881647
[Cu]OCC[Au],13251548504133624724,60.0,20.0,0.6373084515224186,-0.7883906541059513
[Cu]OCC[Au],13251548504133624724,65.0,15.0,0.003524675134884525,-1.4221744304934854
[Cu]OCC[Au],13251548504133624724,70.0,10.0,-0.2957889304157799,-1.7214880360441498
[Cu]OCC[Au],13251548504133624724,75.0,5.0,-0.2884622865200228,-1.7141613921483927
[Cu]OCC[Au],13561651474459847693,50.0,30.0,1.7517551045949293,2.0583199428261043
[Cu]OCC[Au],13561651474459847693,55.0,25.0,1.1519907668340057,1.4585556050651842
[Cu]OCC[Au],13561651474459847693,60.0,20.0,0.6894942315067798,0.9960590697379565
[Cu]OCC[Au],13561651474459847693,65.0,15.0,0.35296418494726645,0.6595290231784432
[Cu]OCC[Au],13561651474459847693,70.0,10.0,0.1320573561004892,0.4386221943316677
[Cu]OCC[Au],13561651474459847693,75.0,5.0,0.017298533381309156,0.32386337161248413
[Cu]OCC[Au],1358887523146916965,50.0,30.0,-0.6438828832449168,-1.7609788019639332
[Cu]OCC[Au],1358887523146916965,55.0,25.0,-0.6471015762261718,-1.7641974949451882
[Cu]OCC[Au],1358887523146916965,60.0,20.0,-0.6006452444599351,-1.7177411631789514
[Cu]OCC[Au],1358887523146916965,65.0,15.0,-0.5088841534699355,-1.625980072188952
[Cu]OCC[Au],1358887523146916965,70.0,10.0,-0.37580940953005815,-1.4929053282490745
[Cu]OCC[Au],1358887523146916965,75.0,5.0,-0.20506899418145608,-1.3221649129004742
[Cu]OCC[Au],13619860870895641144,50.0,30.0,-0.9100587829634588,-2.0740134897373768
[Cu]OCC[Au],13619860870895641144,55.0,25.0,-0.8392543641248196,-2.0032090708987376
[Cu]OCC[Au],13619860870895641144,60.0,20.0,-0.731972960720122,-1.89592766749404
[Cu]OCC[Au],13619860870895641144,65.0,15.0,-0.5915196955138029,-1.755474402287721
[Cu]OCC[Au],13619860870895641144,70.0,10.0,-0.4209101630257104,-1.5848648697996284
[Cu]OCC[Au],13619860870895641144,75.0,5.0,-0.22289807786143534,-1.3868527846353533
[Cu]OCC[Au],13734652855655989955,50.0,30.0,2.9011650077325903,2.8423580609043295
[Cu]OCC[Au],13734652855655989955,55.0,25.0,2.2661530187619157,2.207346071933655
[Cu]OCC[Au],13734652855655989955,60.0,20.0,1.6980841795338346,1.6392772327055738
[Cu]OCC[Au],13734652855655989955,65.0,15.0,1.1918963525763573,1.1330894057480965
[Cu]OCC[Au],13734652855655989955,70.0,10.0,0.7429426271011295,0.6841356802728669
[Cu]OCC[Au],13734652855655989955,75.0,5.0,0.346952995871014,0.28814604904275143
[Cu]OCC[Au],13894940187204731763,50.0,30.0,-1.7109659057034268,-1.8284411336111113
[Cu]OCC[Au],13894940187204731763,55.0,25.0,-1.1403971056320898,-1.2578723335397726
[Cu]OCC[Au],13894940187204731763,60.0,20.0,-0.6970818311611566,-0.8145570590688411
[Cu]OCC[Au],13894940187204731763,65.0,15.0,-0.3705623479110809,-0.4880375758187654
[Cu]OCC[Au],13894940187204731763,70.0,10.0,-0.1512668605915497,-0.26874208849923065
[Cu]OCC[Au],13894940187204731763,75.0,5.0,-0.03042633086848845,-0.14790155877617295
[Cu]OCC[Au],14025187737183534322,50.0,30.0,-0.83134517080018,-1.6320579993079818
[Cu]OCC[Au],14025187737183534322,55.0,25.0,-0.40844525416770416,-1.209158082675506
[Cu]OCC[Au],14025187737183534322,60.0,20.0,-0.11258608412953386,-0.9132989126373374
[Cu]OCC[Au],14025187737183534322,65.0,15.0,0.06686505012823929,-0.7338477783795643
[Cu]OCC[Au],14025187737183534322,70.0,10.0,0.13963413032919725,-0.6610786981786063
[Cu]OCC[Au],14025187737183534322,75.0,5.0,0.11462583378158175,-0.6860869947262227
[Cu]OCC[Au],141449952189474906,50.0,30.0,-0.982640712624363,-2.2488484041769183
[Cu]OCC[Au],141449952189474906,55.0,25.0,-0.6012742078957949,-1.8674818994483502
[Cu]OCC[Au],141449952189474906,60.0,20.0,-0.31702160187090556,-1.5832292934234626
[Cu]OCC[Au],141449952189474906,65.0,15.0,-0.12183112118476913,-1.3880388127373262
[Cu]OCC[Au],141449952189474906,70.0,10.0,-0.008335306516321417,-1.2745429980688794
[Cu]OCC[Au],141449952189474906,75.0,5.0,0.030213345734424024,-1.2359943458181313
[Cu]OCC[Au],14404320967163976993,50.0,30.0,-0.19632666942820265,5.5233283840061596
[Cu]OCC[Au],14404320967163976993,55.0,25.0,-0.33817980260760017,5.38147525082676
[Cu]OCC[Au],14404320967163976993,60.0,20.0,-0.40182301591684677,5.317832037517512
[Cu]OCC[Au],14404320967163976993,65.0,15.0,-0.39395755546972033,5.325697497964642
[Cu]OCC[Au],14404320967163976993,70.0,10.0,-0.3207084712368964,5.398946582197464
[Cu]OCC[Au],14404320967163976993,75.0,5.0,-0.18767913047541462,5.531975922958948
[Cu]OCC[Au],1441746369575301070,50.0,30.0,5.240387411287786,7.553544035913369
[Cu]OCC[Au],1441746369575301070,55.0,25.0,4.5047036509968095,6.817860275622394
[Cu]OCC[Au],1441746369575301070,60.0,20.0,3.7057961023111403,6.018952726936723
[Cu]OCC[Au],1441746369575301070,65.0,15.0,2.8501974666275878,5.163354091253172
[Cu]OCC[Au],1441746369575301070,70.0,10.0,1.943845572229833,4.257002196855417
[Cu]OCC[Au],1441746369575301070,75.0,5.0,0.9921412460413404,3.3052978706669247
[Cu]OCC[Au],14588897339596316217,50.0,30.0,1.1636549516176178,2.473149399404452
[Cu]OCC[Au],14588897339596316217,55.0,25.0,0.42828312971209215,1.7377775774989281
[Cu]OCC[Au],14588897339596316217,60.0,20.0,-0.06505866071749189,1.244435787069344
[Cu]OCC[Au],14588897339596316217,65.0,15.0,-0.3367194251475958,0.9727750226392384
[Cu]OCC[Au],14588897339596316217,70.0,10.0,-0.4053100527264437,0.9041843950603905
[Cu]OCC[Au],14588897339596316217,75.0,5.0,-0.28786720333972937,1.0216272444471048
[Cu]OCC[Au],14589617942451380938,50.0,30.0,0.07722627907422819,-0.5632476320294977
[Cu]OCC[Au],14589617942451380938,55.0,25.0,0.07259780524274184,-0.567876105860984
[Cu]OCC[Au],14589617942451380938,60.0,20.0,0.06425621833003703,-0.5762176927736871
[Cu]OCC[Au],14589617942451380938,65.0,15.0,0.052534574635291875,-0.5879393364684322
[Cu]OCC[Au],14589617942451380938,70.0,10.0,0.03773684990311743,-0.6027370612006084
[Cu]OCC[Au],14589617942451380938,75.0,5.0,0.02014071187456068,-0.6203331992291634
[Cu]OCC[Au],14667432397525678422,50.0,30.0,-0.8772038097296289,-2.170044546051768
[Cu]OCC[Au],14667432397525678422,55.0,25.0,-0.7652411852017913,-2.0580819215239288
[Cu]OCC[Au],14667432397525678422,60.0,20.0,-0.6376879160157571,-1.9305286523378928
[Cu]OCC[Au],14667432397525678422,65.0,15.0,-0.4960638215597042,-1.7889045578818417
[Cu]OCC[Au],14667432397525678422,70.0,10.0,-0.34175257171999895,-1.6345933080421373
[Cu]OCC[Au],14667432397525678422,75.0,5.0,-0.1760148303083442,-1.46885556663048
[Cu]OCC[Au],1469657373225803656,50.0,30.0,-0.932354899840738,-3.494466371535384
[Cu]OCC[Au],1469657373225803656,55.0,25.0,-0.6833822039386162,-3.2454936756332637
[Cu]OCC[Au],1469657373225803656,60.0,20.0,-0.4760221747903648,-3.0381336464850097
[Cu]OCC[Au],1469657373225803656,65.0,15.0,-0.30693691888745533,-2.869048390582102
[Cu]OCC[Au],1469657373225803656,70.0,10.0,-0.17306877879921245,-2.73518025049386
[Cu]OCC[Au],1469657373225803656,75.0,5.0,-0.0716141449492893,-2.633725616643936
[Cu]OCC[Au],14953275751489776986,50.0,30.0,-0.2768615725259913,-0.8133949531438809
[Cu]OCC[Au],14953275751489776986,55.0,25.0,0.026373880104356928,-0.5101595005135344
[Cu]OCC[Au],14953275751489776986,60.0,20.0,0.2146011946173889,-0.32193218600050066
[Cu]OCC[Au],14953275751489776986,65.0,15.0,0.29755044244537565,-0.2389829381725157
[Cu]OCC[Au],14953275751489776986,70.0,10.0,0.28411876159734106,-0.2524146190205503
[Cu]OCC[Au],14953275751489776986,75.0,5.0,0.18244898268171106,-0.3540843979361785
[Cu]OCC[Au],14992395365222254574,50.0,30.0,-0.5904654906311091,-1.6307679703184146
[Cu]OCC[Au],14992395365222254574,55.0,25.0,-0.7216961861589031,-1.7619986658462103
[Cu]OCC[Au],14992395365222254574,60.0,20.0,-0.749946801579684,-1.7902492812669895
[Cu]OCC[Au],14992395365222254574,65.0,15.0,-0.6841138304309,-1.7244163101182055
[Cu]OCC[Au],14992395365222254574,70.0,10.0,-0.5323266484400211,-1.5726291281273284
[Cu]OCC[Au],14992395365222254574,75.0,5.0,-0.30202019384329226,-1.3423226735305978
[Cu]OCC[Au],15045795487230439370,50.0,30.0,-0.3215628091274727,2.2994364703579766
[Cu]OCC[Au],15045795487230439370,55.0,25.0,0.05618664431267817,2.6771859237981275
[Cu]OCC[Au],15045795487230439370,60.0,20.0,0.2889192028270049,2.909918482312456
[Cu]OCC[Au],15045795487230439370,65.0,15.0,0.38890982394989493,3.0099091034353442
[Cu]OCC[Au],15045795487230439370,70.0,10.0,0.3673824972123434,2.9883817766977927
[Cu]OCC[Au],15045795487230439370,75.0,5.0,0.23460946064443,2.855608740129883
[Cu]OCC[Au],1518011792571125091,50.0,30.0,0.34662706475621263,2.1056620511200457
[Cu]OCC[Au],1518011792571125091,55.0,25.0,0.1949118712323905,1.9539468575962236
[Cu]OCC[Au],1518011792571125091,60.0,20.0,0.08514811871316041,1.8441831050769935
[Cu]OCC[Au],1518011792571125091,65.0,15.0,0.013840496696108318,1.7728754830599431
[Cu]OCC[Au],1518011792571125091,70.0,10.0,-0.022208716391325822,1.736826269972509
[Cu]OCC[Au],1518011792571125091,75.0,5.0,-0.025927666306449382,1.7331073200573819
[Cu]OCC[Au],15194082930163505608,50.0,30.0,-1.5683939297413918,-2.668939323633678
[Cu]OCC[Au],15194082930163505608,55.0,25.0,-1.0210369530767824,-2.121582346969067
[Cu]OCC[Au],15194082930163505608,60.0,20.0,-0.601222614264282,-1.7017680081565683
[Cu]OCC[Au],15194082930163505608,65.0,15.0,-0.2984372694774251,-1.398982663369713
[Cu]OCC[Au],15194082930163505608,70.0,10.0,-0.10305894712060759,-1.2036043410128938
[Cu]OCC[Au],15194082930163505608,75.0,5.0,-0.006273578869734564,-1.10681897276202
[Cu]OCC[Au],15253915528722134558,50.0,30.0,-1.30203622764075,-3.3988161487616004
[Cu]OCC[Au],15253915528722134558,55.0,25.0,-0.8160292458519267,-2.912809166972777
[Cu]OCC[Au],15253915528722134558,60.0,20.0,-0.45005380459318634,-2.546833725714035
[Cu]OCC[Au],15253915528722134558,65.0,15.0,-0.1941772233490573,-2.290957144469906
[Cu]OCC[Au],15253915528722134558,70.0,10.0,-0.03931040224747129,-2.13609032336832
[Cu]OCC[Au],15253915528722134558,75.0,5.0,0.0228714863085262,-2.0739084348123225
[Cu]OCC[Au],15257596464249909907,50.0,30.0,-2.0700018106602283,-5.927398304388918
[Cu]OCC[Au],15257596464249909907,55.0,25.0,-1.4191782486146316,-5.276574742343321
[Cu]OCC[Au],15257596464249909907,60.0,20.0,-0.904639683559104,-4.762036177287794
[Cu]OCC[Au],15257596464249909907,65.0,15.0,-0.5152383299941059,-4.372634823722795
[Cu]OCC[Au],15257596464249909907,70.0,10.0,-0.24076918300288774,-4.098165676731577
[Cu]OCC[Au],15257596464249909907,75.0,5.0,-0.07188157792324645,-3.929278071651936
[Cu]OCC[Au],15366012665378425561,50.0,30.0,-0.1607484995210804,1.2534709005206288
[Cu]OCC[Au],15366012665378425561,55.0,25.0,0.16775507404475043,1.5819744740864596
[Cu]OCC[Au],15366012665378425561,60.0,20.0,0.3612406452936092,1.7754600453353167
[Cu]OCC[Au],15366012665378425561,65.0,15.0,0.43116724957337027,1.8453866496150795
[Cu]OCC[Au],15366012665378425561,70.0,10.0,0.38801189652482293,1.8022312965665304
[Cu]OCC[Au],15366012665378425561,75.0,5.0,0.24136232223019682,1.6555817222719078
[Cu]OCC[Au],15454046629965621537,50.0,30.0,-1.9460257587792018,-4.174316984710188
[Cu]OCC[Au],15454046629965621537,55.0,25.0,-1.1218181534175562,-3.3501093793485426
[Cu]OCC[Au],15454046629965621537,60.0,20.0,-0.5208009006812899,-2.7490921266122745
[Cu]OCC[Au],15454046629965621537,65.0,15.0,-0.12440059318317953,-2.352691819114164
[Cu]OCC[Au],15454046629965621537,70.0,10.0,0.08437553014146815,-2.1439156957895165
[Cu]OCC[Au],15454046629965621537,75.0,5.0,0.12108834280919467,-2.107202883121791
[Cu]OCC[Au],15656796080971987871,50.0,30.0,-1.5333369388933686,-0.8059884259540411
[Cu]OCC[Au],15656796080971987871,55.0,25.0,-1.0099219854314487,-0.28257347249212117
[Cu]OCC[Au],15656796080971987871,60.0,20.0,-0.6059578055529329,0.12139070738639646
[Cu]OCC[Au],15656796080971987871,65.0,15.0,-0.3116119346344277,0.4157365783049016
[Cu]OCC[Au],15656796080971987871,70.0,10.0,-0.11788537156463263,0.6094631413746967
[Cu]OCC[Au],15656796080971987871,75.0,5.0,-0.016534299523812024,0.7108142134155173
[Cu]OCC[Au],15660748664818833097,50.0,30.0,-0.5187573072406835,-0.5082517836948934
[Cu]OCC[Au],15660748664818833097,55.0,25.0,-0.20496457164552062,-0.1944590480997288
[Cu]OCC[Au],15660748664818833097,60.0,20.0,0.007214621012950673,0.01772014455874249
[Cu]OCC[Au],15660748664818833097,65.0,15.0,0.1263169365576342,0.13682246010342602
[Cu]OCC[Au],15660748664818833097,70.0,10.0,0.16015007992656116,0.17065560347235298
[Cu]OCC[Au],15660748664818833097,75.0,5.0,0.11586151922199939,0.1263670427677912
[Cu]OCC[Au],15710378375918209282,50.0,30.0,-1.4996347267029009,-1.200934977867492
[Cu]OCC[Au],15710378375918209282,55.0,25.0,-0.8789421190243498,-0.580242370188941
[Cu]OCC[Au],15710378375918209282,60.0,20.0,-0.4237728627028492,-0.12507311386744036
[Cu]OCC[Au],15710378375918209282,65.0,15.0,-0.12036485462196111,0.17833489421344773
[Cu]OCC[Au],15710378375918209282,70.0,10.0,0.04387319592905925,0.3425729447644681
[Cu]OCC[Au],15710378375918209282,75.0,5.0,0.0804719371062319,0.37917168594164075
[Cu]OCC[Au],15710669143673576137,50.0,30.0,3.0829412220994445,3.011322470095468
[Cu]OCC[Au],15710669143673576137,55.0,25.0,3.104093519803884,3.0324747677999078
[Cu]OCC[Au],15710669143673576137,60.0,20.0,2.8848294151678004,2.813210663163824
[Cu]OCC[Au],15710669143673576137,65.0,15.0,2.4462927377022794,2.374673985698305
[Cu]OCC[Au],15710669143673576137,70.0,10.0,1.8077931141671364,1.7361743621631618
[Cu]OCC[Au],15710669143673576137,75.0,5.0,0.9869802773677705,0.9153615253637923
[Cu]OCC[Au],15727492152695179536,50.0,30.0,-0.2196536942484162,-0.5264991925487674
[Cu]OCC[Au],15727492152695179536,55.0,25.0,-0.2785193251411098,-0.585364823441461
[Cu]OCC[Au],15727492152695179536,60.0,20.0,-0.294578262341453,-0.6014237606418025
[Cu]OCC[Au],15727492152695179536,65.0,15.0,-0.2715229331304805,-0.5783684314308317
[Cu]OCC[Au],15727492152695179536,70.0,10.0,-0.21272754488057188,-0.5195730431809213
[Cu]OCC[Au],15727492152695179536,75.0,5.0,-0.121278226706103,-0.42812372500645424
[Cu]OCC[Au],15809046188639980355,50.0,30.0,2.1836042601928654,5.986796487566055
[Cu]OCC[Au],15809046188639980355,55.0,25.0,1.8219962515244958,5.625188478897686
[Cu]OCC[Au],15809046188639980355,60.0,20.0,1.4586911537026843,5.261883381075874
[Cu]OCC[Au],15809046188639980355,65.0,15.0,1.0943127786734816,4.897505006046671
[Cu]OCC[Au],15809046188639980355,70.0,10.0,0.7294170759254719,4.532609303298663
[Cu]OCC[Au],15809046188639980355,75.0,5.0,0.3644992353538541,4.167691462727046
[Cu]OCC[Au],16010127846425058764,50.0,30.0,-1.033662006655927,-2.294297828329009
[Cu]OCC[Au],16010127846425058764,55.0,25.0,-0.7517697274289468,-2.012405549102029
[Cu]OCC[Au],16010127846425058764,60.0,20.0,-0.5186380432988198,-1.779273864971902
[Cu]OCC[Au],16010127846425058764,65.0,15.0,-0.33034278344494616,-1.5909786051180284
[Cu]OCC[Au],16010127846425058764,70.0,10.0,-0.18328964489302102,-1.443925466566104
[Cu]OCC[Au],16010127846425058764,75.0,5.0,-0.0741833460147232,-1.3348191676878054
[Cu]OCC[Au],16106095522064801040,50.0,30.0,-0.5162051043299396,1.255143131724246
[Cu]OCC[Au],16106095522064801040,55.0,25.0,-0.20956844459018065,1.561779791464005
[Cu]OCC[Au],16106095522064801040,60.0,20.0,-0.0015329847258929163,1.7698152513282945
[Cu]OCC[Au],16106095522064801040,65.0,15.0,0.11618205522318092,1.8875302912773666
[Cu]OCC[Au],16106095522064801040,70.0,10.0,0.15115043026171016,1.9224986663158958
[Cu]OCC[Au],16106095522064801040,75.0,5.0,0.11030552231533974,1.8816537583695254
[Cu]OCC[Au],16129324183835758143,50.0,30.0,-1.4848305746100614,-3.2595329704072356
[Cu]OCC[Au],16129324183835758143,55.0,25.0,-0.9475244656667412,-2.7222268614639153
[Cu]OCC[Au],16129324183835758143,60.0,20.0,-0.5395214049916843,-2.3142238007888585
[Cu]OCC[Au],16129324183835758143,65.0,15.0,-0.2501395384145102,-2.0248419342116835
[Cu]OCC[Au],16129324183835758143,70.0,10.0,-0.06960366388718242,-1.8443060596843575
[Cu]OCC[Au],16129324183835758143,75.0,5.0,0.011039979493954633,-1.7636624163032204
[Cu]OCC[Au],16206263885750360596,50.0,30.0,-1.024720793697222,-2.83454502258731
[Cu]OCC[Au],16206263885750360596,55.0,25.0,-0.5867447582599343,-2.396568987150024
[Cu]OCC[Au],16206263885750360596,60.0,20.0,-0.26807250975214014,-2.07789673864223
[Cu]OCC[Au],16206263885750360596,65.0,15.0,-0.05877244748234123,-1.8685966763724284
[Cu]OCC[Au],16206263885750360596,70.0,10.0,0.050241719433447685,-1.7595825094566404
[Cu]OCC[Au],16206263885750360596,75.0,5.0,0.06729053144721231,-1.7425336974428767
[Cu]OCC[Au],16492825629843213366,50.0,30.0,0.41110963392946154,-0.1800182288670218
[Cu]OCC[Au],16492825629843213366,55.0,25.0,0.07666493821739984,-0.5144629245790835
[Cu]OCC[Au],16492825629843213366,60.0,20.0,-0.13885700306936144,-0.7299848658658483
[Cu]OCC[Au],16492825629843213366,65.0,15.0,-0.2454900500211039,-0.8366179128175872
[Cu]OCC[Au],16492825629843213366,70.0,10.0,-0.25240994891460566,-0.8435378117110908
[Cu]OCC[Au],16492825629843213366,75.0,5.0,-0.16801529541468518,-0.7591431582111685
[Cu]OCC[Au],1658536385784696447,50.0,30.0,-1.5350090073632465,-3.6232253406744803
[Cu]OCC[Au],1658536385784696447,55.0,25.0,-1.0000594416076174,-3.088275774918851
[Cu]OCC[Au],1658536385784696447,60.0,20.0,-0.5895990465139551,-2.677815379825188
[Cu]OCC[Au],1658536385784696447,65.0,15.0,-0.29336679681806643,-2.3815831301292993
[Cu]OCC[Au],1658536385784696447,70.0,10.0,-0.10197188641546262,-2.1901882197266946
[Cu]OCC[Au],1658536385784696447,75.0,5.0,-0.0068119762042764265,-2.0950283095155093
[Cu]OCC[Au],16638054881254460910,50.0,30.0,1.305555026516016,2.0671067245063846
[Cu]OCC[Au],16638054881254460910,55.0,25.0,0.5653545636891675,1.3269062616795342
[Cu]OCC[Au],16638054881254460910,60.0,20.0,0.058715826985975994,0.8202675249763409
[Cu]OCC[Au],16638054881254460910,65.0,15.0,-0.23395811788953225,0.5275935801008345
[Cu]OCC[Au],16638054881254460910,70.0,10.0,-0.33059154202156904,0.43096015596879766
[Cu]OCC[Au],16638054881254460910,75.0,5.0,-0.2475937101055692,0.5139579878847957
[Cu]OCC[Au],16770087140128449544,50.0,30.0,4.622320001160336,4.495231467942379
[Cu]OCC[Au],16770087140128449544,55.0,25.0,3.189956098593729,3.0628675653757718
[Cu]OCC[Au],16770087140128449544,60.0,20.0,2.0525486866503098,1.9254601534323506
[Cu]OCC[Au],16770087140128449544,65.0,15.0,1.1860022682239784,1.0589137350060192
[Cu]OCC[Au],16770087140128449544,70.0,10.0,0.5682581562350713,0.44116962301711204
[Cu]OCC[Au],16770087140128449544,75.0,5.0,0.17910345208044554,0.0520149188624881
[Cu]OCC[Au],1678497842726537856,50.0,30.0,-0.548205209524566,-2.243673768287202
[Cu]OCC[Au],1678497842726537856,55.0,25.0,-0.44895963123378557,-2.1444281899964217
[Cu]OCC[Au],1678497842726537856,60.0,20.0,-0.35307614262974063,-2.0485447013923768
[Cu]OCC[Au],1678497842726537856,65.0,15.0,-0.26038886277953477,-1.955857421542171
[Cu]OCC[Au],1678497842726537856,70.0,10.0,-0.1707425404424141,-1.866211099205053
[Cu]OCC[Au],1678497842726537856,75.0,5.0,-0.08399172271510036,-1.7794602814777383
[Cu]OCC[Au],16831564073658193424,50.0,30.0,-0.3946675372612951,-0.9098164807542304
[Cu]OCC[Au],16831564073658193424,55.0,25.0,-0.07546708663350898,-0.5906160301264443
[Cu]OCC[Au],16831564073658193424,60.0,20.0,0.13040324068258258,-0.3847457028103527
[Cu]OCC[Au],16831564073658193424,65.0,15.0,0.23250480346451852,-0.28264414002841676
[Cu]OCC[Au],16831564073658193424,70.0,10.0,0.23958127500612747,-0.2755676684868078
[Cu]OCC[Au],16831564073658193424,75.0,5.0,0.15963579097398295,-0.3555131525189523
[Cu]OCC[Au],16846077399772882469,50.0,30.0,0.07030599539815974,-0.4506799969980957
[Cu]OCC[Au],16846077399772882469,55.0,25.0,-0.11628190868785993,-0.6372679010841171
[Cu]OCC[Au],16846077399772882469,60.0,20.0,-0.22460746456189362,-0.7455934569581508
[Cu]OCC[Au],16846077399772882469,65.0,15.0,-0.2613178515608059,-0.7823038439570613
[Cu]OCC[Au],16846077399772882469,70.0,10.0,-0.23249044294309584,-0.7534764353393513
[Cu]OCC[Au],16846077399772882469,75.0,5.0,-0.14368663122335334,-0.6646726236196088
[Cu]OCC[Au],16963637738073718133,50.0,30.0,-0.1120410267155254,-0.19876420093264002
[Cu]OCC[Au],16963637738073718133,55.0,25.0,-0.38537199526179045,-0.47209516947890506
[Cu]OCC[Au],16963637738073718133,60.0,20.0,-0.5279488347716867,-0.6146720089888014
[Cu]OCC[Au],16963637738073718133,65.0,15.0,-0.5509274711157861,-0.637650645332899
[Cu]OCC[Au],16963637738073718133,70.0,10.0,-0.4645060164423338,-0.5512291906594484
[Cu]OCC[Au],16963637738073718133,75.0,5.0,-0.27801531942527546,-0.36473849364238653
[Cu]OCC[Au],17117275825540168739,50.0,30.0,0.7476380629350441,-1.0882668872767454
[Cu]OCC[Au],17117275825540168739,55.0,25.0,0.10925036643911135,-1.726654583772678
[Cu]OCC[Au],17117275825540168739,60.0,20.0,-0.2993594160226962,-2.1352643662344857
[Cu]OCC[Au],17117275825540168739,65.0,15.0,-0.49758856772065574,-2.333493517932446
[Cu]OCC[Au],17117275825540168739,70.0,10.0,-0.5031751717737221,-2.3390801219855124
[Cu]OCC[Au],17117275825540168739,75.0,5.0,-0.33235467192796975,-2.16825962213976
[Cu]OCC[Au],17306164139621144319,50.0,30.0,3.4713114555997446,3.4161629287694204
[Cu]OCC[Au],17306164139621144319,55.0,25.0,3.399677537376384,3.3445290105460597
[Cu]OCC[Au],17306164139621144319,60.0,20.0,3.1000711206329896,3.0449225938026654
[Cu]OCC[Au],17306164139621144319,65.0,15.0,2.592661916680754,2.53751338985043
[Cu]OCC[Au],17306164139621144319,70.0,10.0,1.895866453253161,1.8407179264228368
[Cu]OCC[Au],17306164139621144319,75.0,5.0,1.0265148495461176,0.9713663227157934
[Cu]OCC[Au],17428342797631537559,50.0,30.0,0.6334660661883262,2.9551647636060405
[Cu]OCC[Au],17428342797631537559,55.0,25.0,0.47838814061034185,2.800086838028058
[Cu]OCC[Au],17428342797631537559,60.0,20.0,0.34527954486448564,2.6669782422822017
[Cu]OCC[Au],17428342797631537559,65.0,15.0,0.23240904674591434,2.554107744163632
[Cu]OCC[Au],17428342797631537559,70.0,10.0,0.13818977662760012,2.459888474045318
[Cu]OCC[Au],17428342797631537559,75.0,5.0,0.06116578507639936,2.3828644824941136
[Cu]OCC[Au],17726887840219748824,50.0,30.0,-1.6156470462397436,-3.3469736764973064
[Cu]OCC[Au],17726887840219748824,55.0,25.0,-1.0558657109184315,-2.7871923411759942
[Cu]OCC[Au],17726887840219748824,60.0,20.0,-0.6256491826580239,-2.3569758129155867
[Cu]OCC[Au],17726887840219748824,65.0,15.0,-0.3143220395858064,-2.045648669843369
[Cu]OCC[Au],17726887840219748824,70.0,10.0,-0.11211410072922234,-1.8434407309867842
[Cu]OCC[Au],17726887840219748824,75.0,5.0,-0.010075389722945083,-1.7414020199805087
[Cu]OCC[Au],17822208070912905768,50.0,30.0,-0.6305403353355707,-2.1516939908069777
[Cu]OCC[Au],17822208070912905768,55.0,25.0,-0.29990667321939135,-1.8210603286907983
[Cu]OCC[Au],17822208070912905768,60.0,20.0,-0.07005184888281946,-1.5912055043542246
[Cu]OCC[Au],17822208070912905768,65.0,15.0,0.06746520541959367,-1.4536884500518115
[Cu]OCC[Au],17822208070912905768,70.0,10.0,0.12036553235034209,-1.400788123121064
[Cu]OCC[Au],17822208070912905768,75.0,5.0,0.09571799378109436,-1.4254356616903108
[Cu]OCC[Au],17950849761673470436,50.0,30.0,-1.7291077671035353,-2.2280135849200366
[Cu]OCC[Au],17950849761673470436,55.0,25.0,-1.1487792700747583,-1.647685087891258
[Cu]OCC[Au],17950849761673470436,60.0,20.0,-0.6987143522960384,-1.1976201701125397
[Cu]OCC[Au],17950849761673470436,65.0,15.0,-0.36820301060390115,-0.8671088284204007
[Cu]OCC[Au],17950849761673470436,70.0,10.0,-0.1474427041256039,-0.6463485219421052
[Cu]OCC[Au],17950849761673470436,75.0,5.0,-0.027453143901478683,-0.5263589617179782
[Cu]OCC[Au],18091182530278607881,50.0,30.0,0.9868495631547187,3.7462603521231443
[Cu]OCC[Au],18091182530278607881,55.0,25.0,0.5772381991062687,3.336648988074696
[Cu]OCC[Au],18091182530278607881,60.0,20.0,0.2770697068629673,3.0364804958313947
[Cu]OCC[Au],18091182530278607881,65.0,15.0,0.07724364960553842,2.836654438573964
[Cu]OCC[Au],18091182530278607881,70.0,10.0,-0.03056615723851941,2.728844631729908
[Cu]OCC[Au],18091182530278607881,75.0,5.0,-0.05398450228546281,2.705426286682963
[Cu]OCC[Au],18335871003077177671,50.0,30.0,0.13289968213265801,-0.12239762594760428
[Cu]OCC[Au],18335871003077177671,55.0,25.0,-0.098110394859388,-0.3534077029396503
[Cu]OCC[Au],18335871003077177671,60.0,20.0,-0.2356608029045848,-0.4909581109848453
[Cu]OCC[Au],18335871003077177671,65.0,15.0,-0.28767875592276226,-0.5429760640030246
[Cu]OCC[Au],18335871003077177671,70.0,10.0,-0.26141225755430497,-0.516709565634569
[Cu]OCC[Au],18335871003077177671,75.0,5.0,-0.16349424558619674,-0.41879155366645904
[Cu]OCC[Au],1910041752080837974,50.0,30.0,2.2788538263445854,1.9736361263762667
[Cu]OCC[Au],1910041752080837974,55.0,25.0,1.6116203274772243,1.3064026275089056
[Cu]OCC[Au],1910041752080837974,60.0,20.0,1.072372613717313,0.7671549137489944
[Cu]OCC[Au],1910041752080837974,65.0,15.0,0.6507152725304355,0.3454975725621168
[Cu]OCC[Au],1910041752080837974,70.0,10.0,0.3371297531222659,0.031912053153947184
[Cu]OCC[Au],1910041752080837974,75.0,5.0,0.12289222151372314,-0.18232547845459557
[Cu]OCC[Au],1996939901953732675,50.0,30.0,-1.776566024974148,-0.5590178716973373
[Cu]OCC[Au],1996939901953732675,55.0,25.0,-1.1875068257902832,0.030041327486527436
[Cu]OCC[Au],1996939901953732675,60.0,20.0,-0.7290644831528788,0.4884836701239337
[Cu]OCC[Au],1996939901953732675,65.0,15.0,-0.39050933661472875,0.8270388166620819
[Cu]OCC[Au],1996939901953732675,70.0,10.0,-0.16202056266324938,1.0555275906135613
[Cu]OCC[Au],1996939901953732675,75.0,5.0,-0.034600849427995684,1.182947303848815
[Cu]OCC[Au],2112701026638041296,50.0,30.0,-0.6428425156984279,-1.8719748827330918
[Cu]OCC[Au],2112701026638041296,55.0,25.0,-0.6594988304513372,-1.8886311974859993
[Cu]OCC[Au],2112701026638041296,60.0,20.0,-0.6205424891441815,-1.8496748561788436
[Cu]OCC[Au],2112701026638041296,65.0,15.0,-0.5308490100163024,-1.7599813770509662
[Cu]OCC[Au],2112701026638041296,70.0,10.0,-0.39487141277237026,-1.6240037798070333
[Cu]OCC[Au],2112701026638041296,75.0,5.0,-0.2166803483993096,-1.4458127154339726
[Cu]OCC[Au],2351764696157537609,50.0,30.0,-0.8803938043006294,0.3474268618855163
[Cu]OCC[Au],2351764696157537609,55.0,25.0,-0.7354983015715568,0.4923223646145889
[Cu]OCC[Au],2351764696157537609,60.0,20.0,-0.5895161178899819,0.638304548296162
[Cu]OCC[Au],2351764696157537609,65.0,15.0,-0.442733024724026,0.785087641462118
[Cu]OCC[Au],2351764696157537609,70.0,10.0,-0.29540449324893103,0.9324161729372147
[Cu]OCC[Au],2351764696157537609,75.0,5.0,-0.14775883587030236,1.0800618303158416
[Cu]OCC[Au],2408009410218859251,50.0,30.0,-1.3880403271995219,-3.3898698927785498
[Cu]OCC[Au],2408009410218859251,55.0,25.0,-0.8810851726237612,-2.8829147382027873
[Cu]OCC[Au],2408009410218859251,60.0,20.0,-0.4970966619104722,-2.498926227489499
[Cu]OCC[Au],2408009410218859251,65.0,15.0,-0.22591112325035034,-2.2277406888293765
[Cu]OCC[Au],2408009410218859251,70.0,10.0,-0.0582277174465613,-2.0600572830255883
[Cu]OCC[Au],2408009410218859251,75.0,5.0,0.014472662626924482,-1.9873569029521025
[Cu]OCC[Au],2557593011851096227,50.0,30.0,0.7103596640791388,1.4943298187599847
[Cu]OCC[Au],2557593011851096227,55.0,25.0,0.30961848746287224,1.0935886421437182
[Cu]OCC[Au],2557593011851096227,60.0,20.0,0.03506152814867036,0.8190316828295146
[Cu]OCC[Au],2557593011851096227,65.0,15.0,-0.12389756505413452,0.6600725896267114
[Cu]OCC[Au],2557593011851096227,70.0,10.0,-0.176941596677489,0.607028558003357
[Cu]OCC[Au],2557593011851096227,75.0,5.0,-0.1329349867419367,0.6510351679389093
[Cu]OCC[Au],2565918123864513098,50.0,30.0,-1.6072936489470084,-3.033467654972334
[Cu]OCC[Au],2565918123864513098,55.0,25.0,-1.0506656375099013,-2.476839643535225
[Cu]OCC[Au],2565918123864513098,60.0,20.0,-0.6228165613151937,-2.0489905673405175
[Cu]OCC[Au],2565918123864513098,65.0,15.0,-0.3131360674499142,-1.739310073475238
[Cu]OCC[Au],2565918123864513098,70.0,10.0,-0.1119135164492473,-1.5380875224745711
[Cu]OCC[Au],2565918123864513098,75.0,5.0,-0.010253465717570798,-1.4364274717428955
[Cu]OCC[Au],2751304091228676504,50.0,30.0,-1.3583693975429156,-3.289300535833137
[Cu]OCC[Au],2751304091228676504,55.0,25.0,-0.8557804922898171,-2.7867116305800383
[Cu]OCC[Au],2751304091228676504,60.0,20.0,-0.47642629835144756,-2.407357436641669
[Cu]OCC[Au],2751304091228676504,65.0,15.0,-0.2101138096212809,-2.141044947911502
[Cu]OCC[Au],2751304091228676504,70.0,10.0,-0.04751556414399882,-1.9784467024342192
[Cu]OCC[Au],2751304091228676504,75.0,5.0,0.019911722043205238,-1.911019416247016
[Cu]OCC[Au],2797363997292875772,50.0,30.0,1.8051976002613177,3.041597648484178
[Cu]OCC[Au],2797363997292875772,55.0,25.0,0.8164770125141203,2.0528770607369786
[Cu]OCC[Au],2797363997292875772,60.0,20.0,0.13514327428081785,1.3715433225036762
[Cu]OCC[Au],2797363997292875772,65.0,15.0,-0.264575733064655,0.9718243151582051
[Cu]OCC[Au],2797363997292875772,70.0,10.0,-0.4062529722615924,0.8301470759612659
[Cu]OCC[Au],2797363997292875772,75.0,5.0,-0.31146950351820735,0.9249305447046527
[Cu]OCC[Au],2927932497161282910,50.0,30.0,-1.1937658525130939,-3.1879521594360956
[Cu]OCC[Au],2927932497161282910,55.0,25.0,-0.736673511043513,-2.7308598179665164
[Cu]OCC[Au],2927932497161282910,60.0,20.0,-0.39477928636293136,-2.388965593285935
[Cu]OCC[Au],2927932497161282910,65.0,15.0,-0.15853820883528158,-2.152724515758285
[Cu]OCC[Au],2927932497161282910,70.0,10.0,-0.019216338650558384,-2.013402645573562
[Cu]OCC[Au],2927932497161282910,75.0,5.0,0.03118550064214265,-1.9630008062808608
[Cu]OCC[Au],296568744605361087,50.0,30.0,0.9096022957436478,4.566304778720964
[Cu]OCC[Au],296568744605361087,55.0,25.0,0.6242297271840265,4.2809322101613425
[Cu]OCC[Au],296568744605361087,60.0,20.0,0.3984692393429796,4.055171722320296
[Cu]OCC[Au],296568744605361087,65.0,15.0,0.2274456220955745,3.8841481050728905
[Cu]OCC[Au],296568744605361087,70.0,10.0,0.10669593874661132,3.763398421723929
[Cu]OCC[Au],296568744605361087,75.0,5.0,0.03213085288902029,3.6888333358663363
[Cu]OCC[Au],298387209372873233,50.0,30.0,-0.007912522457733218,-0.7062884942940197
[Cu]OCC[Au],298387209372873233,55.0,25.0,0.10321128682021552,-0.595164685016071
[Cu]OCC[Au],298387209372873233,60.0,20.0,0.16518148047849657,-0.53319449135779
[Cu]OCC[Au],298387209372873233,65.0,15.0,0.18218085613710322,-0.5161951156991833
[Cu]OCC[Au],298387209372873233,70.0,10.0,0.15803341714085484,-0.5403425546954299
[Cu]OCC[Au],298387209372873233,75.0,5.0,0.09623827666577611,-0.6021376951705086
[Cu]OCC[Au],3065223924167482658,50.0,30.0,-0.634518834924922,-1.1786693402839816
[Cu]OCC[Au],3065223924167482658,55.0,25.0,-0.2763499029956211,-0.8205004083546807
[Cu]OCC[Au],3065223924167482658,60.0,20.0,-0.03098837873446314,-0.5751388840935228
[Cu]OCC[Au],3065223924167482658,65.0,15.0,0.11102994576529746,-0.4331205595937604
[Cu]OCC[Au],3065223924167482658,70.0,10.0,0.15836150327929133,-0.3857890020797665
[Cu]OCC[Au],3065223924167482658,75.0,5.0,0.11893108700069988,-0.42521941835835797
[Cu]OCC[Au],3115930190842410583,50.0,30.0,0.48252250376699735,-0.6946301353279907
[Cu]OCC[Au],3115930190842410583,55.0,25.0,-0.010220965102186952,-1.1873736041971732
[Cu]OCC[Au],3115930190842410583,60.0,20.0,-0.3185263313754465,-1.4956789704704327
[Cu]OCC[Au],3115930190842410583,65.0,15.0,-0.4579892167643447,-1.6351418558593327
[Cu]OCC[Au],3115930190842410583,70.0,10.0,-0.4428704493963984,-1.6200230884913847
[Cu]OCC[Au],3115930190842410583,75.0,5.0,-0.2862220514233984,-1.4633746905183864
[Cu]OCC[Au],3331604203728007829,50.0,30.0,-0.6185678668330752,9.486462457338028
[Cu]OCC[Au],3331604203728007829,55.0,25.0,-0.2676340466541234,9.83739627751698
[Cu]OCC[Au],3331604203728007829,60.0,20.0,-0.027463628762077974,10.077566695409027
[Cu]OCC[Au],3331604203728007829,65.0,15.0,0.11123708643388497,10.216267410604992
[Cu]OCC[Au],3331604203728007829,70.0,10.0,0.1569685466782147,10.26199887084932
[Cu]OCC[Au],3331604203728007829,75.0,5.0,0.11751271598368618,10.222543040154793
[Cu]OCC[Au],3332609642913368135,50.0,30.0,-0.06365465372181411,-0.8436435770753885
[Cu]OCC[Au],3332609642913368135,55.0,25.0,-0.45941070517104876,-1.2393996285246214
[Cu]OCC[Au],3332609642913368135,60.0,20.0,-0.6732317659076035,-1.4532206892611779
[Cu]OCC[Au],3332609642913368135,65.0,15.0,-0.720620257825666,-1.5006091811792386
[Cu]OCC[Au],3332609642913368135,70.0,10.0,-0.6157482168674093,-1.3957371402209837
[Cu]OCC[Au],3332609642913368135,75.0,5.0,-0.3715830366302004,-1.151571959983773
[Cu]OCC[Au],3416090609618304802,50.0,30.0,0.3437295607353992,-0.6513014506594406
[Cu]OCC[Au],3416090609618304802,55.0,25.0,-0.09677148792251167,-1.0918024993173496
[Cu]OCC[Au],3416090609618304802,60.0,20.0,-0.36582442580570707,-1.3608554372005468
[Cu]OCC[Au],3416090609618304802,65.0,15.0,-0.47794948081528776,-1.4729804922101275
[Cu]OCC[Au],3416090609618304802,70.0,10.0,-0.4464234345540703,-1.44145444594891
[Cu]OCC[Au],3416090609618304802,75.0,5.0,-0.28339702131922007,-1.2784280327140598
[Cu]OCC[Au],3715100896747512270,50.0,30.0,-1.6764243720399392,-4.895680887233638
[Cu]OCC[Au],3715100896747512270,55.0,25.0,-1.110405074665663,-4.329661589859362
[Cu]OCC[Au],3715100896747512270,60.0,20.0,-0.6721901974757687,-3.8914467126694667
[Cu]OCC[Au],3715100896747512270,65.0,15.0,-0.35126752504300196,-3.570524040236702
[Cu]OCC[Au],3715100896747512270,70.0,10.0,-0.1380156819292102,-3.35727219712291
[Cu]OCC[Au],3715100896747512270,75.0,5.0,-0.023620476498839693,-3.2428769916925395
[Cu]OCC[Au],3764287491058307319,50.0,30.0,1.4326506272737554,-0.37981223233909134
[Cu]OCC[Au],3764287491058307319,55.0,25.0,0.6935691510807711,-1.1188937085320756
[Cu]OCC[Au],3764287491058307319,60.0,20.0,0.17802756781055606,-1.6344352918022906
[Cu]OCC[Au],3764287491058307319,65.0,15.0,-0.13268998088579842,-1.9451528404986451
[Cu]OCC[Au],3764287491058307319,70.0,10.0,-0.25570311344880725,-2.068165973061655
[Cu]OCC[Au],3764287491058307319,75.0,5.0,-0.20668560296788208,-2.0191484625807297
[Cu]OCC[Au],3998108855652701676,50.0,30.0,2.7105007455404824,1.3729052388257674
[Cu]OCC[Au],3998108855652701676,55.0,25.0,1.2219005706824806,-0.11569493603223435
[Cu]OCC[Au],3998108855652701676,60.0,20.0,0.19664888402131275,-1.1409466226934004
[Cu]OCC[Au],3998108855652701676,65.0,15.0,-0.40410499581304826,-1.7417005025277614
[Cu]OCC[Au],3998108855652701676,70.0,10.0,-0.6158965190708292,-1.9534920257855433
[Cu]OCC[Au],3998108855652701676,75.0,5.0,-0.4712583430807413,-1.8088538497954545
[Cu]OCC[Au],4028921389770050189,50.0,30.0,0.25224597935799586,0.2979642473012163
[Cu]OCC[Au],4028921389770050189,55.0,25.0,0.4346330229745714,0.4803512909177936
[Cu]OCC[Au],4028921389770050189,60.0,20.0,0.5164755023690795,0.5621937703123017
[Cu]OCC[Au],4028921389770050189,65.0,15.0,0.5063883267469276,0.5521065946901498
[Cu]OCC[Au],4028921389770050189,70.0,10.0,0.4122456668040009,0.45796393474722485
[Cu]OCC[Au],4028921389770050189,75.0,5.0,0.2412510353243036,0.2869693032675258
[Cu]OCC[Au],4286912739292508490,50.0,30.0,0.8396653236444038,0.9321842998819374
[Cu]OCC[Au],4286912739292508490,55.0,25.0,0.3688982631276492,0.46141723936518275
[Cu]OCC[Au],4286912739292508490,60.0,20.0,0.04597716916766181,0.1384961454051954
[Cu]OCC[Au],4286912739292508490,65.0,15.0,-0.1415000279481955,-0.048981051710661916
[Cu]OCC[Au],4286912739292508490,70.0,10.0,-0.20487692848856653,-0.11235795225103118
[Cu]OCC[Au],4286912739292508490,75.0,5.0,-0.15453842501957915,-0.06201944878204735
[Cu]OCC[Au],4327888663644017189,50.0,30.0,3.398833857744428,2.365173702462375
[Cu]OCC[Au],4327888663644017189,55.0,25.0,1.6814959500623345,0.6478357947802831
[Cu]OCC[Au],4327888663644017189,60.0,20.0,0.4783406894489328,-0.5553194658331186
[Cu]OCC[Au],4327888663644017189,65.0,15.0,-0.25365910761512644,-1.287319262897178
[Cu]OCC[Au],4327888663644017189,70.0,10.0,-0.5538616093215367,-1.5875217646035864
[Cu]OCC[Au],4327888663644017189,75.0,5.0,-0.4583016224482819,-1.4919617777303325
[Cu]OCC[Au],4458458218864882718,50.0,30.0,0.18831008672278493,-1.0918677284337441
[Cu]OCC[Au],4458458218864882718,55.0,25.0,0.22067973289252585,-1.0594980822640032
[Cu]OCC[Au],4458458218864882718,60.0,20.0,0.22445202877951864,-1.0557257863770122
[Cu]OCC[Au],4458458218864882718,65.0,15.0,0.20210285462065158,-1.0780749605358793
[Cu]OCC[Au],4458458218864882718,70.0,10.0,0.15589444540194553,-1.1242833697545853
[Cu]OCC[Au],4458458218864882718,75.0,5.0,0.08789564014386553,-1.1922821750126644
[Cu]OCC[Au],4552437605825844180,50.0,30.0,-0.5233120835492162,-2.2592147220842573
[Cu]OCC[Au],4552437605825844180,55.0,25.0,-0.4774517536665446,-2.213354392201584
[Cu]OCC[Au],4552437605825844180,60.0,20.0,-0.41291952914204266,-2.148822167677082
[Cu]OCC[Au],4552437605825844180,65.0,15.0,-0.3314198568028539,-2.067322495337894
[Cu]OCC[Au],4552437605825844180,70.0,10.0,-0.23450751947319137,-1.9704101580082316
[Cu]OCC[Au],4552437605825844180,75.0,5.0,-0.12360194475487596,-1.8595045832899162
[Cu]OCC[Au],4575585759019684098,50.0,30.0,-0.9851895071198555,-2.556800917706452
[Cu]OCC[Au],4575585759019684098,55.0,25.0,-0.7269239008920376,-2.2985353114786324
[Cu]OCC[Au],4575585759019684098,60.0,20.0,-0.510473170705116,-2.0820845812917144
[Cu]OCC[Au],4575585759019684098,65.0,15.0,-0.3324938066485048,-1.9041052172351005
[Cu]OCC[Au],4575585759019684098,70.0,10.0,-0.18992266963297944,-1.761534080219576
[Cu]OCC[Au],4575585759019684098,75.0,5.0,-0.07995080712313385,-1.6515622177097304
[Cu]OCC[Au],4750045422488372113,50.0,30.0,-0.15469628498683718,0.13940327169236788
[Cu]OCC[Au],4750045422488372113,55.0,25.0,-0.22651365392865053,0.06758590275055454
[Cu]OCC[Au],4750045422488372113,60.0,20.0,-0.2545923223127655,0.03950723436643955
[Cu]OCC[Au],4750045422488372113,65.0,15.0,-0.24268980163837917,0.051409755040827676
[Cu]OCC[Au],4750045422488372113,70.0,10.0,-0.19424022659085516,0.0998593300883499
[Cu]OCC[Au],4750045422488372113,75.0,5.0,-0.11238496350901883,0.18171459317018623
[Cu]OCC[Au],4765785225801656314,50.0,30.0,2.235115002015064,2.9070371889504827
[Cu]OCC[Au],4765785225801656314,55.0,25.0,2.0393371599446155,2.711259346880034
[Cu]OCC[Au],4765785225801656314,60.0,20.0,1.7637669599927435,2.4356891469281585
[Cu]OCC[Au],4765785225801656314,65.0,15.0,1.4156879103733147,2.0876100973087333
[Cu]OCC[Au],4765785225801656314,70.0,10.0,1.0017439766587053,1.673666163594124
[Cu]OCC[Au],4765785225801656314,75.0,5.0,0.5280007255637038,1.1999229124991206
[Cu]OCC[Au],4770968340628258744,50.0,30.0,0.725071467401488,1.4834211518483666
[Cu]OCC[Au],4770968340628258744,55.0,25.0,0.4197763044295897,1.1781259888764684
[Cu]OCC[Au],4770968340628258744,60.0,20.0,0.19683534107620915,0.9551850255230878
[Cu]OCC[Au],4770968340628258744,65.0,15.0,0.049396782827114905,0.8077464672739936
[Cu]OCC[Au],4770968340628258744,70.0,10.0,-0.028808106052858662,0.72954157839402
[Cu]OCC[Au],4770968340628258744,75.0,5.0,-0.04351987342692176,0.7148298110199551
[Cu]OCC[Au],4951929917187691789,50.0,30.0,3.639762913070971,8.58528495673081
[Cu]OCC[Au],4951929917187691789,55.0,25.0,2.992501873526491,7.93802391718633
[Cu]OCC[Au],4951929917187691789,60.0,20.0,2.3623381135558326,7.30786015721567
[Cu]OCC[Au],4951929917187691789,65.0,15.0,1.7486150970327987,6.6941371406926375
[Cu]OCC[Au],4951929917187691789,70.0,10.0,1.1507087015472717,6.0962307452071105
[Cu]OCC[Au],4951929917187691789,75.0,5.0,0.5680253049904369,5.513547348650274
[Cu]OCC[Au],4970103019410230763,50.0,30.0,-0.06051852965003235,1.6095597477443064
[Cu]OCC[Au],4970103019410230763,55.0,25.0,0.27258707044206254,1.9426653478364049
[Cu]OCC[Au],4970103019410230763,60.0,20.0,0.46110613664626143,2.1311844140406038
[Cu]OCC[Au],4970103019410230763,65.0,15.0,0.5173342924534818,2.1874125698478224
[Cu]OCC[Au],4970103019410230763,70.0,10.0,0.4525127054877256,2.122590982882068
[Cu]OCC[Au],4970103019410230763,75.0,5.0,0.2769277160758268,1.9470059934701691
[Cu]OCC[Au],5076312027794656331,50.0,30.0,0.7285756990969681,0.9596684757430634
[Cu]OCC[Au],5076312027794656331,55.0,25.0,0.1504842984204231,0.3815770750665166
[Cu]OCC[Au],5076312027794656331,60.0,20.0,-0.22339380379266238,0.007698972853432906
[Cu]OCC[Au],5076312027794656331,65.0,15.0,-0.4102837142034286,-0.17919093755733329
[Cu]OCC[Au],5076312027794656331,70.0,10.0,-0.4259375672264305,-0.19484479058033521
[Cu]OCC[Au],5076312027794656331,75.0,5.0,-0.2847734930086929,-0.053680716362597636
[Cu]OCC[Au],5094503204809693097,50.0,30.0,-1.534776652965962,-3.4026554919309104
[Cu]OCC[Au],5094503204809693097,55.0,25.0,-0.9939886194295982,-2.8618674583945465
[Cu]OCC[Au],5094503204809693097,60.0,20.0,-0.5803208461566998,-2.4481996851216463
[Cu]OCC[Au],5094503204809693097,65.0,15.0,-0.2832882675497084,-2.151167106514655
[Cu]OCC[Au],5094503204809693097,70.0,10.0,-0.09329525933423799,-1.9611740982991845
[Cu]OCC[Au],5094503204809693097,75.0,5.0,-0.001552069804838574,-1.8694309087697851
[Cu]OCC[Au],5306221079743974065,50.0,30.0,1.8731814658624124,2.619242609041949
[Cu]OCC[Au],5306221079743974065,55.0,25.0,0.7907839562533319,1.5368450994328704
[Cu]OCC[Au],5306221079743974065,60.0,20.0,0.05261650874991908,0.7986776519294576
[Cu]OCC[Au],5306221079743974065,65.0,15.0,-0.370214599821848,0.37584654335768874
[Cu]OCC[Au],5306221079743974065,70.0,10.0,-0.5041365778889624,0.24192456529057438
[Cu]OCC[Au],5306221079743974065,75.0,5.0,-0.3733426168320175,0.372718526347521
[Cu]OCC[Au],5394875964977532938,50.0,30.0,-1.913087479419847,-5.804938599640068
[Cu]OCC[Au],5394875964977532938,55.0,25.0,-1.2905914951217117,-5.182442615341932
[Cu]OCC[Au],5394875964977532938,60.0,20.0,-0.8034538756461886,-4.69530499586641
[Cu]OCC[Au],5394875964977532938,65.0,15.0,-0.4405712761528999,-4.33242239637312
[Cu]OCC[Au],5394875964977532938,70.0,10.0,-0.19178035061420662,-4.083631470834427
[Cu]OCC[Au],5394875964977532938,75.0,5.0,-0.0477695248022707,-3.939620645022491
[Cu]OCC[Au],5411746840917595814,50.0,30.0,-1.0375045020991465,-2.6220100248826963
[Cu]OCC[Au],5411746840917595814,55.0,25.0,-0.7607302330629313,-2.3452357558464776
[Cu]OCC[Au],5411746840917595814,60.0,20.0,-0.5301375534234785,-2.1146430762070265
[Cu]OCC[Au],5411746840917595814,65.0,15.0,-0.34202269118174566,-1.9265282139652928
[Cu]OCC[Au],5411746840917595814,70.0,10.0,-0.19299280871378244,-1.7774983314973296
[Cu]OCC[Au],5411746840917595814,75.0,5.0,-0.07993694672608065,-1.664442469509627
[Cu]OCC[Au],5487694945758832376,50.0,30.0,-1.3936282663061892,-3.2662816573489213
[Cu]OCC[Au],5487694945758832376,55.0,25.0,-0.8834550525556821,-2.7561084435984142
[Cu]OCC[Au],5487694945758832376,60.0,20.0,-0.49727049843582716,-2.369923889478561
[Cu]OCC[Au],5487694945758832376,65.0,15.0,-0.2248251527620999,-2.097478543804833
[Cu]OCC[Au],5487694945758832376,70.0,10.0,-0.05673971934850819,-1.9293931103912412
[Cu]OCC[Au],5487694945758832376,75.0,5.0,0.01557673374559343,-1.8570766572971404
[Cu]OCC[Au],5510356124633460625,50.0,30.0,-1.6738285745352393,-3.0893744426622387
[Cu]OCC[Au],5510356124633460625,55.0,25.0,-1.0989268046679381,-2.514472672794936
[Cu]OCC[Au],5510356124633460625,60.0,20.0,-0.6560002907298177,-2.071546158856817
[Cu]OCC[Au],5510356124633460625,65.0,15.0,-0.334181176824873,-1.7497270449518707
[Cu]OCC[Au],5510356124633460625,70.0,10.0,-0.12352297483908714,-1.5390688429660857
[Cu]OCC[Au],5510356124633460625,75.0,5.0,-0.014914022511040237,-1.4304598906380388
[Cu]OCC[Au],5569875119728274449,50.0,30.0,0.920322374299781,2.074185615154436
[Cu]OCC[Au],5569875119728274449,55.0,25.0,0.22263090585326673,1.3764941467079232
[Cu]OCC[Au],5569875119728274449,60.0,20.0,-0.23167037711105287,0.9221928637436019
[Cu]OCC[Au],5569875119728274449,65.0,15.0,-0.4630996877507414,0.6907635531039151
[Cu]OCC[Au],5569875119728274449,70.0,10.0,-0.4904210078489921,0.6634422330056644
[Cu]OCC[Au],5569875119728274449,75.0,5.0,-0.3308095746408579,0.8230536662137968
[Cu]OCC[Au],5600397861967789718,50.0,30.0,0.49924744325809733,2.4380134469222945
[Cu]OCC[Au],5600397861967789718,55.0,25.0,0.17441334722678548,2.1131793508909844
[Cu]OCC[Au],5600397861967789718,60.0,20.0,-0.04240285408230626,1.896363149581891
[Cu]OCC[Au],5600397861967789718,65.0,15.0,-0.16028732305141702,1.7784786806127801
[Cu]OCC[Au],5600397861967789718,70.0,10.0,-0.18754999116766946,1.7512160124965277
[Cu]OCC[Au],5600397861967789718,75.0,5.0,-0.1317977563229853,1.8069682473412136
[Cu]OCC[Au],5627828985666886573,50.0,30.0,-0.20203368342125216,-1.4083737971396957
[Cu]OCC[Au],5627828985666886573,55.0,25.0,0.0944655978333504,-1.1118745158850931
[Cu]OCC[Au],5627828985666886573,60.0,20.0,0.27336683904703385,-0.9329732746714097
[Cu]OCC[Au],5627828985666886573,65.0,15.0,0.34463702050712364,-0.8617030932113199
[Cu]OCC[Au],5627828985666886573,70.0,10.0,0.31738937286146474,-0.888950740856977
[Cu]OCC[Au],5627828985666886573,75.0,5.0,0.19996399394190423,-1.0063761197765402
[Cu]OCC[Au],5770138174050159523,50.0,30.0,-1.9673147981982524,2.950524556223707
[Cu]OCC[Au],5770138174050159523,55.0,25.0,-1.3501131878344097,3.5677261665875495
[Cu]OCC[Au],5770138174050159523,60.0,20.0,-0.8618375902438515,4.056001764178111
[Cu]OCC[Au],5770138174050159523,65.0,15.0,-0.49194416188910317,4.425895192532856
[Cu]OCC[Au],5770138174050159523,70.0,10.0,-0.23078070164482156,4.687058652777139
[Cu]OCC[Au],5770138174050159523,75.0,5.0,-0.06950301066773967,4.8483363437542195
[Cu]OCC[Au],5805238895876990844,50.0,30.0,4.660462465246802,7.519880710103626
[Cu]OCC[Au],5805238895876990844,55.0,25.0,2.714479874514039,5.573898119370863
[Cu]OCC[Au],5805238895876990844,60.0,20.0,1.2905261045691567,4.149944349425983
[Cu]OCC[Au],5805238895876990844,65.0,15.0,0.34518296066708665,3.204601205523913
[Cu]OCC[Au],5805238895876990844,70.0,10.0,-0.1612734795540547,2.6981447653027697
[Cu]OCC[Au],5805238895876990844,75.0,5.0,-0.265220508293039,2.5941977365637854
[Cu]OCC[Au],5877034755851325481,50.0,30.0,-1.0270657830240673,-2.849641924730122
[Cu]OCC[Au],5877034755851325481,55.0,25.0,-0.5865448937215216,-2.4091210354275745
[Cu]OCC[Au],5877034755851325481,60.0,20.0,-0.26629136966817146,-2.088867511374226
[Cu]OCC[Au],5877034755851325481,65.0,15.0,-0.05629209380214739,-1.878868235508202
[Cu]OCC[Au],5877034755851325481,70.0,10.0,0.05261376316782762,-1.7699623785382252
[Cu]OCC[Au],5877034755851325481,75.0,5.0,0.06881496082538074,-1.7537611808806748
[Cu]OCC[Au],6200526238701439949,50.0,30.0,2.7636569646613296,7.782220249735371
[Cu]OCC[Au],6200526238701439949,55.0,25.0,2.480949016795801,7.499512301869839
[Cu]OCC[Au],6200526238701439949,60.0,20.0,2.1177705822419473,7.136333867315985
[Cu]OCC[Au],6200526238701439949,65.0,15.0,1.6815789228581313,6.700142207932169
[Cu]OCC[Au],6200526238701439949,70.0,10.0,1.1791733791505177,6.197736664224555
[Cu]OCC[Au],6200526238701439949,75.0,5.0,0.6167584178293595,5.635321702903397
[Cu]OCC[Au],6419985693366235248,50.0,30.0,0.5708671458502437,-0.9765430062156533
[Cu]OCC[Au],6419985693366235248,55.0,25.0,-0.04175566005182496,-1.5891658121177201
[Cu]OCC[Au],6419985693366235248,60.0,20.0,-0.42289247281276676,-1.9703026248786637
[Cu]OCC[Au],6419985693366235248,65.0,15.0,-0.592124791526258,-2.139534943592154
[Cu]OCC[Au],6419985693366235248,70.0,10.0,-0.5673579497973886,-2.1147681018632856
[Cu]OCC[Au],6419985693366235248,75.0,5.0,-0.3649793356098643,-1.9123894876757612
[Cu]OCC[Au],6507725248122625605,50.0,30.0,-0.4350879050627974,3.6580460777424744
[Cu]OCC[Au],6507725248122625605,55.0,25.0,-0.38296044317478106,3.7101735396304907
[Cu]OCC[Au],6507725248122625605,60.0,20.0,-0.321575659515549,3.7715583232897245
[Cu]OCC[Au],6507725248122625605,65.0,15.0,-0.251817155008073,3.8413168277971987
[Cu]OCC[Au],6507725248122625605,70.0,10.0,-0.1744898673191475,3.918644115486126
[Cu]OCC[Au],6507725248122625605,75.0,5.0,-0.09032764209283606,4.002806340712436
[Cu]OCC[Au],6509342615204728449,50.0,30.0,-0.43390382676480854,-1.1703896015616948
[Cu]OCC[Au],6509342615204728449,55.0,25.0,-0.42939468559482386,-1.1658804603917101
[Cu]OCC[Au],6509342615204728449,60.0,20.0,-0.3943998195084042,-1.1308855943052905
[Cu]OCC[Au],6509342615204728449,65.0,15.0,-0.3316097811441665,-1.0680955559410528
[Cu]OCC[Au],6509342615204728449,70.0,10.0,-0.243481447526829,-0.9799672223237152
[Cu]OCC[Au],6509342615204728449,75.0,5.0,-0.13226023983066248,-0.8687460146275505
[Cu]OCC[Au],6592787694786550197,50.0,30.0,3.2518799368575397,2.58473993618718
[Cu]OCC[Au],6592787694786550197,55.0,25.0,2.4688248972525795,1.8016848965822199
[Cu]OCC[Au],6592787694786550197,60.0,20.0,1.7927143274389419,1.1255743267685823
[Cu]OCC[Au],6592787694786550197,65.0,15.0,1.2151576940516176,0.5480176933812562
[Cu]OCC[Au],6592787694786550197,70.0,10.0,0.7284629327182639,0.06132293204790251
[Cu]OCC[Au],6592787694786550197,75.0,5.0,0.3255714688810336,-0.341568531789326
[Cu]OCC[Au],6601342375791028542,50.0,30.0,-0.5662264650648723,3.589871288895841
[Cu]OCC[Au],6601342375791028542,55.0,25.0,-0.5764545379451693,3.579643216015546
[Cu]OCC[Au],6601342375791028542,60.0,20.0,-0.5396870707141428,3.6164106832465706
[Cu]OCC[Au],6601342375791028542,65.0,15.0,-0.4600491727981826,3.6960485811625308
[Cu]OCC[Au],6601342375791028542,70.0,10.0,-0.3413083367107905,3.814789417249923
[Cu]OCC[Au],6601342375791028542,75.0,5.0,-0.1869084122558533,3.9691893417048583
[Cu]OCC[Au],6656035941260047632,50.0,30.0,-1.3117005374650113,-2.5500767545686074
[Cu]OCC[Au],6656035941260047632,55.0,25.0,-0.8050419515366016,-2.0434181686401995
[Cu]OCC[Au],6656035941260047632,60.0,20.0,-0.42693596119849,-1.6653121783020879
[Cu]OCC[Au],6656035941260047632,65.0,15.0,-0.16672659486242214,-1.40510281196602
[Cu]OCC[Au],6656035941260047632,70.0,10.0,-0.014663449935709671,-1.2530396670393067
[Cu]OCC[Au],6656035941260047632,75.0,5.0,0.03818347048804327,-1.2001927466155546
[Cu]OCC[Au],6747267072850778319,50.0,30.0,-1.0574943859781634,-2.603324503950626
[Cu]OCC[Au],6747267072850778319,55.0,25.0,-0.6192464428278779,-2.1650765608003404
[Cu]OCC[Au],6747267072850778319,60.0,20.0,-0.2979688969552896,-1.8437990149277521
[Cu]OCC[Au],6747267072850778319,65.0,15.0,-0.08393598759446164,-1.6297661055669241
[Cu]OCC[Au],6747267072850778319,70.0,10.0,0.03175061072314289,-1.5140795072493187
[Cu]OCC[Au],6747267072850778319,75.0,5.0,0.05723964802319781,-1.4885904699492638
[Cu]OCC[Au],6805274690217538317,50.0,30.0,-1.4692952090621407,-1.699275597869125
[Cu]OCC[Au],6805274690217538317,55.0,25.0,-0.954129819939542,-1.184110208746528
[Cu]OCC[Au],6805274690217538317,60.0,20.0,-0.55951960614955,-0.7894999949565324
[Cu]OCC[Au],6805274690217538317,65.0,15.0,-0.275524025213139,-0.5055044140201232
[Cu]OCC[Au],6805274690217538317,70.0,10.0,-0.09304569098463311,-0.3230260797916156
[Cu]OCC[Au],6805274690217538317,75.0,5.0,-0.003751158215228756,-0.23373154702221122
[Cu]OCC[Au],6893216680876805059,50.0,30.0,-1.1453723928161281,-2.723279222524308
[Cu]OCC[Au],6893216680876805059,55.0,25.0,-0.6785950368233848,-2.2565018665315684
[Cu]OCC[Au],6893216680876805059,60.0,20.0,-0.33497666809663773,-1.9128834978048195
[Cu]OCC[Au],6893216680876805059,65.0,15.0,-0.10428397083457863,-1.6821908005427604
[Cu]OCC[Au],6893216680876805059,70.0,10.0,0.022845969137074817,-1.555060860571107
[Cu]OCC[Au],6893216680876805059,75.0,5.0,0.05498755684478507,-1.5229192728633976
[Cu]OCC[Au],705990876074300252,50.0,30.0,-0.9582434113933882,-3.1698517445034415
[Cu]OCC[Au],705990876074300252,55.0,25.0,-0.4352522021851364,-2.6468605352951897
[Cu]OCC[Au],705990876074300252,60.0,20.0,-0.07460309357816541,-2.2862114266882196
[Cu]OCC[Au],705990876074300252,65.0,15.0,0.1373140359924978,-2.0742942971175564
[Cu]OCC[Au],705990876074300252,70.0,10.0,0.21294797770026452,-1.9986603554097888
[Cu]OCC[Au],705990876074300252,75.0,5.0,0.16369563712823698,-2.0479126959818155
[Cu]OCC[Au],7215917011954738455,50.0,30.0,0.6479610491955139,1.6281160412980142
[Cu]OCC[Au],7215917011954738455,55.0,25.0,0.3590255592539684,1.3391805513564705
[Cu]OCC[Au],7215917011954738455,60.0,20.0,0.15089704348596022,1.1310520355884623
[Cu]OCC[Au],7215917011954738455,65.0,15.0,0.016838498467070195,0.9969934905695723
[Cu]OCC[Au],7215917011954738455,70.0,10.0,-0.04931336191554969,0.9308416301869542
[Cu]OCC[Au],7215917011954738455,75.0,5.0,-0.05320211894506244,0.9269528731574379
[Cu]OCC[Au],7363615709883268912,50.0,30.0,-1.5663625946089965,-3.0085013894682824
[Cu]OCC[Au],7363615709883268912,55.0,25.0,-1.0140519791703788,-2.4561907740296665
[Cu]OCC[Au],7363615709883268912,60.0,20.0,-0.5916537473525993,-2.0337925422118834
[Cu]OCC[Au],7363615709883268912,65.0,15.0,-0.28845206875541063,-1.7305908636146974
[Cu]OCC[Au],7363615709883268912,70.0,10.0,-0.09464014433598145,-1.5367789391952673
[Cu]OCC[Au],7363615709883268912,75.0,5.0,-0.0012347963439633958,-1.4433735912032493
[Cu]OCC[Au],7430656674946414663,50.0,30.0,0.06542767009978867,1.2135356415570602
[Cu]OCC[Au],7430656674946414663,55.0,25.0,-0.1353255297162601,1.0127824417410132
[Cu]OCC[Au],7430656674946414663,60.0,20.0,-0.2511096179318173,0.8969983535254578
[Cu]OCC[Au],7430656674946414663,65.0,15.0,-0.289143803425036,0.8589641680322355
[Cu]OCC[Au],7430656674946414663,70.0,10.0,-0.2560283819799576,0.8920795894773157
[Cu]OCC[Au],7430656674946414663,75.0,5.0,-0.15780320384974367,0.9903047676075278
[Cu]OCC[Au],7500374599072077527,50.0,30.0,-0.8455927707155855,-0.9134958461075247
[Cu]OCC[Au],7500374599072077527,55.0,25.0,-0.4779691034881246,-0.5458721788800638
[Cu]OCC[Au],7500374599072077527,60.0,20.0,-0.21157357767666518,-0.2794766530686026
[Cu]OCC[Au],7500374599072077527,65.0,15.0,-0.03797408293674032,-0.10587715832868128
[Cu]OCC[Au],7500374599072077527,70.0,10.0,0.05054364722834315,-0.017359428163596036
[Cu]OCC[Au],7500374599072077527,75.0,5.0,0.061043605698687387,-0.006859469693253573
[Cu]OCC[Au],7558717763643138716,50.0,30.0,0.4540300979387766,0.9143558809300014
[Cu]OCC[Au],7558717763643138716,55.0,25.0,0.5712607973105204,1.0315865803017434
[Cu]OCC[Au],7558717763643138716,60.0,20.0,0.6019992962859604,1.062325079277187
[Cu]OCC[Au],7558717763643138716,65.0,15.0,0.5537084962067329,1.0140342791979595
[Cu]OCC[Au],7558717763643138716,70.0,10.0,0.4332080661686284,0.8935338491598532
[Cu]OCC[Au],7558717763643138716,75.0,5.0,0.24673537286841807,0.7070611558596429
[Cu]OCC[Au],7996102172479850823,50.0,30.0,-1.0097989484985188,-3.1099418145548636
[Cu]OCC[Au],7996102172479850823,55.0,25.0,-0.4582456870061229,-2.5583885530624677
[Cu]OCC[Au],7996102172479850823,60.0,20.0,-0.07795869230885089,-2.178101558365195
[Cu]OCC[Au],7996102172479850823,65.0,15.0,0.14542057000921993,-1.9547222960471249
[Cu]OCC[Au],7996102172479850823,70.0,10.0,0.22502543559995214,-1.8751174304563945
[Cu]OCC[Au],7996102172479850823,75.0,5.0,0.1728795055255281,-1.9272633605308158
[Cu]OCC[Au],8043703341661198553,50.0,30.0,4.494257343649933,3.5693520254052444
[Cu]OCC[Au],8043703341661198553,55.0,25.0,3.6288196446476793,2.703914326402991
[Cu]OCC[Au],8043703341661198553,60.0,20.0,2.8141381845259303,1.889232866281242
[Cu]OCC[Au],8043703341661198553,65.0,15.0,2.0468785552758604,1.1219732370311721
[Cu]OCC[Au],8043703341661198553,70.0,10.0,1.3239628862871253,0.3990575680424371
[Cu]OCC[Au],8043703341661198553,75.0,5.0,0.6425470208218309,-0.28235829742285823
[Cu]OCC[Au],8065657533313134629,50.0,30.0,-1.2141264221495405,-2.763633297619082
[Cu]OCC[Au],8065657533313134629,55.0,25.0,-0.7337884288575669,-2.2832953043271083
[Cu]OCC[Au],8065657533313134629,60.0,20.0,-0.37752960332807817,-1.9270364787976195
[Cu]OCC[Au],8065657533313134629,65.0,15.0,-0.13505338575965098,-1.6845602612291914
[Cu]OCC[Au],8065657533313134629,70.0,10.0,0.0030614079326616306,-1.546445467536878
[Cu]OCC[Au],8065657533313134629,75.0,5.0,0.04544292693748364,-1.5040639485320586
[Cu]OCC[Au],8153187545187339911,50.0,30.0,-0.25346465438980914,4.296591533572899
[Cu]OCC[Au],8153187545187339911,55.0,25.0,0.07891620499713348,4.628972392959838
[Cu]OCC[Au],8153187545187339911,60.0,20.0,0.28148882374235384,4.8315450117050585
[Cu]OCC[Au],8153187545187339911,65.0,15.0,0.3652483682700609,4.9153045562327655
[Cu]OCC[Au],8153187545187339911,70.0,10.0,0.3402483841531847,4.890304572115889
[Cu]OCC[Au],8153187545187339911,75.0,5.0,0.21568970065423976,4.765745888616946
[Cu]OCC[Au],8330582821270489587,50.0,30.0,-1.244857158712442,-2.5931006927577602
[Cu]OCC[Au],8330582821270489587,55.0,25.0,-0.7706689771325141,-2.118912511177834
[Cu]OCC[Au],8330582821270489587,60.0,20.0,-0.4155048211438519,-1.7637483551891702
[Cu]OCC[Au],8330582821270489587,65.0,15.0,-0.1695052300544102,-1.5177487640997285
[Cu]OCC[Au],8330582821270489587,70.0,10.0,-0.023648417849702952,-1.371891951895023
[Cu]OCC[Au],8330582821270489587,75.0,5.0,0.030328495114474663,-1.3179150389308445
[Cu]OCC[Au],8550233171062419265,50.0,30.0,0.2278215705118356,0.25727883393885165
[Cu]OCC[Au],8550233171062419265,55.0,25.0,0.4180745693585308,0.44753183278554687
[Cu]OCC[Au],8550233171062419265,60.0,20.0,0.5060913481578204,0.5355486115848365
[Cu]OCC[Au],8550233171062419265,65.0,15.0,0.5006254682334195,0.5300827316604355
[Cu]OCC[Au],8550233171062419265,70.0,10.0,0.4096780177544588,0.43913528118147305
[Cu]OCC[Au],8550233171062419265,75.0,5.0,0.24056879355975802,0.27002605698677407
[Cu]OCC[Au],8616086834510873250,50.0,30.0,-1.0011325760338288,-2.7361599936528265
[Cu]OCC[Au],8616086834510873250,55.0,25.0,-0.6328118885236282,-2.367839306142624
[Cu]OCC[Au],8616086834510873250,60.0,20.0,-0.354379680525466,-2.0894070981444637
[Cu]OCC[Au],8616086834510873250,65.0,15.0,-0.15840335069214628,-1.893430768311144
[Cu]OCC[Au],8616086834510873250,70.0,10.0,-0.038081370872771636,-1.7731087884917685
[Cu]OCC[Au],8616086834510873250,75.0,5.0,0.012816035027588768,-1.722211382591409
[Cu]OCC[Au],8714245040629453208,50.0,30.0,-1.2228419661044434,-2.1470670141035324
[Cu]OCC[Au],8714245040629453208,55.0,25.0,-0.8062886843109744,-1.7305137323100634
[Cu]OCC[Au],8714245040629453208,60.0,20.0,-0.484607429443205,-1.408832477442294
[Cu]OCC[Au],8714245040629453208,65.0,15.0,-0.24999001064102977,-1.1742150586401188
[Cu]OCC[Au],8714245040629453208,70.0,10.0,-0.09529007592499639,-1.0195151239240854
[Cu]OCC[Au],8714245040629453208,75.0,5.0,-0.01396095368562289,-0.9381860016847119
[Cu]OCC[Au],875987299770149065,50.0,30.0,-1.6798086596545296,-2.3919022326602892
[Cu]OCC[Au],875987299770149065,55.0,25.0,-1.1106020477634715,-1.822695620769231
[Cu]OCC[Au],875987299770149065,60.0,20.0,-0.6703731869577769,-1.3824667599635365
[Cu]OCC[Au],875987299770149065,65.0,15.0,-0.3485107169727186,-1.0606042899784782
[Cu]OCC[Au],875987299770149065,70.0,10.0,-0.1353026010313929,-0.8473961740371525
[Cu]OCC[Au],875987299770149065,75.0,5.0,-0.021851669023709164,-0.7339452420294688
[Cu]OCC[Au],8851796324309116449,50.0,30.0,-1.5210378051987519,-3.199303849969862
[Cu]OCC[Au],8851796324309116449,55.0,25.0,-0.9646094501787923,-2.6428754949499043
[Cu]OCC[Au],8851796324309116449,60.0,20.0,-0.543332191268572,-2.221598236039682
[Cu]OCC[Au],8851796324309116449,65.0,15.0,-0.24603426766564862,-1.9243003124367606
[Cu]OCC[Au],8851796324309116449,70.0,10.0,-0.06249236239330003,-1.7407584071644102
[Cu]OCC[Au],8851796324309116449,75.0,5.0,0.016657546619951447,-1.6616084981511587
[Cu]OCC[Au],9004066540433821736,50.0,30.0,-0.4270987715203063,-2.1664770095082364
[Cu]OCC[Au],9004066540433821736,55.0,25.0,-0.34021729408389767,-2.0795955320718242
[Cu]OCC[Au],9004066540433821736,60.0,20.0,-0.2602351632789466,-1.999613401266875
[Cu]OCC[Au],9004066540433821736,65.0,15.0,-0.186658780428254,-1.9260370184161806
[Cu]OCC[Au],9004066540433821736,70.0,10.0,-0.11903408736900811,-1.8584123253569356
[Cu]OCC[Au],9004066540433821736,75.0,5.0,-0.056942964726172995,-1.7963212027140996
[Cu]OCC[Au],9076549042257292291,50.0,30.0,0.2713765336010585,3.969255849858868
[Cu]OCC[Au],9076549042257292291,55.0,25.0,0.09243439932541975,3.7903137155832294
[Cu]OCC[Au],9076549042257292291,60.0,20.0,-0.02673060017065154,3.6711487160871563
[Cu]OCC[Au],9076549042257292291,65.0,15.0,-0.0911478270246846,3.606731489233125
[Cu]OCC[Au],9076549042257292291,70.0,10.0,-0.10541695231713177,3.592462363940676
[Cu]OCC[Au],9076549042257292291,75.0,5.0,-0.0737484768084915,3.624130839449318
[Cu]OCC[Au],9174788350689592422,50.0,30.0,-0.677051190485626,-1.821865506923034
[Cu]OCC[Au],9174788350689592422,55.0,25.0,-0.1733334217297653,-1.3181477381671733
[Cu]OCC[Au],9174788350689592422,60.0,20.0,0.1556058265857061,-0.989208489851702
[Cu]OCC[Au],9174788350689592422,65.0,15.0,0.3244971366689331,-0.820317179768475
[Cu]OCC[Au],9174788350689592422,70.0,10.0,0.3468117876620189,-0.7980025287753882
[Cu]OCC[Au],9174788350689592422,75.0,5.0,0.234880547832514,-0.909933768604894
[Cu]OCC[Au],9318465886563036231,50.0,30.0,-1.6166963986229543,0.17130006754555183
[Cu]OCC[Au],9318465886563036231,55.0,25.0,-2.1009734607533,-0.312976994584794
[Cu]OCC[Au],9318465886563036231,60.0,20.0,-2.2473472560018664,-0.4593507898333602
[Cu]OCC[Au],9318465886563036231,65.0,15.0,-2.0849389797234235,-0.2969425135549173
[Cu]OCC[Au],9318465886563036231,70.0,10.0,-1.640360870972355,0.14763559519615121
[Cu]OCC[Au],9318465886563036231,75.0,5.0,-0.9379538233797646,0.8500426427887415
[Cu]OCC[Au],9370995126562182753,50.0,30.0,0.5374560085982587,2.1398814198774456
[Cu]OCC[Au],9370995126562182753,55.0,25.0,0.2673391714991027,1.8697645827782896
[Cu]OCC[Au],9370995126562182753,60.0,20.0,0.07788291711579198,1.6803083283949807
[Cu]OCC[Au],9370995126562182753,65.0,15.0,-0.03766155301880936,1.5647638582603776
[Cu]OCC[Au],9370995126562182753,70.0,10.0,-0.08546758219743822,1.5169578290817505
[Cu]OCC[Au],9370995126562182753,75.0,5.0,-0.071187270157413,1.5312381411217757
[Cu]OCC[Au],9401931080213247511,50.0,30.0,-1.1761194766047147,-3.1330861649987582
[Cu]OCC[Au],9401931080213247511,55.0,25.0,-0.7121534267736127,-2.6691201151676545
[Cu]OCC[Au],9401931080213247511,60.0,20.0,-0.36778453293130386,-2.3247512213253465
[Cu]OCC[Au],9401931080213247511,65.0,15.0,-0.13308945376734638,-2.090056142161388
[Cu]OCC[Au],9401931080213247511,70.0,10.0,0.0010115454039425487,-1.9559551429900983
[Cu]OCC[Au],9401931080213247511,75.0,5.0,0.0428339432417264,-1.9141327451523154
[Cu]OCC[Au],9411380829794964521,50.0,30.0,2.247141894610829,0.9508848745037657
[Cu]OCC[Au],9411380829794964521,55.0,25.0,1.3539689583936507,0.05771193828658738
[Cu]OCC[Au],9411380829794964521,60.0,20.0,0.6923027986447803,-0.6039542214622813
[Cu]OCC[Au],9411380829794964521,65.0,15.0,0.24292811581679175,-1.0533289042902698
[Cu]OCC[Au],9411380829794964521,70.0,10.0,-0.011736652925780966,-1.3079936730328425
[Cu]OCC[Au],9411380829794964521,75.0,5.0,-0.08779301448675625,-1.3840500345938178
[Cu]OCC[Au],9541926307646186360,50.0,30.0,-0.4797811284564606,-2.1652768004649836
[Cu]OCC[Au],9541926307646186360,55.0,25.0,-0.462934225304247,-2.148429897312772
[Cu]OCC[Au],9541926307646186360,60.0,20.0,-0.4176880641774936,-2.1031837361860184
[Cu]OCC[Au],9541926307646186360,65.0,15.0,-0.34656564387527844,-2.0320613158838023
[Cu]OCC[Au],9541926307646186360,70.0,10.0,-0.25187036080127534,-1.9373660328097992
[Cu]OCC[Au],9541926307646186360,75.0,5.0,-0.1357069132783888,-1.8212025852869136
[Cu]OCC[Au],9692249336025776624,50.0,30.0,1.681208414924038,2.4592785545710285
[Cu]OCC[Au],9692249336025776624,55.0,25.0,0.7301201381176092,1.5081902777645997
[Cu]OCC[Au],9692249336025776624,60.0,20.0,0.07886019921965115,0.8569303388666452
[Cu]OCC[Au],9692249336025776624,65.0,15.0,-0.2977272684775478,0.48034287116944263
[Cu]OCC[Au],9692249336025776624,70.0,10.0,-0.4226510301056372,0.3554191095413568
[Cu]OCC[Au],9692249336025776624,75.0,5.0,-0.31697512252994464,0.4610950171170476
[Cu]OCC[Au],9891163539880485111,50.0,30.0,-1.5816130150253649,-3.253632138418796
[Cu]OCC[Au],9891163539880485111,55.0,25.0,-1.0254486739833197,-2.697467797376751
[Cu]OCC[Au],9891163539880485111,60.0,20.0,-0.5997794692313718,-2.271798592624801
[Cu]OCC[Au],9891163539880485111,65.0,15.0,-0.29384330730909447,-1.9658624307025239
[Cu]OCC[Au],9891163539880485111,70.0,10.0,-0.09779099487966647,-1.7698101182730968
[Cu]OCC[Au],9891163539880485111,75.0,5.0,-0.002600467877962309,-1.6746195912713926
[Cu]OCC[Au],9978902722030382433,50.0,30.0,-1.7295894778713485,-2.525313546549638
[Cu]OCC[Au],9978902722030382433,55.0,25.0,-1.1444359765914829,-1.9401600452697743
[Cu]OCC[Au],9978902722030382433,60.0,20.0,-0.6916699594066795,-1.4873940280849673
[Cu]OCC[Au],9978902722030382433,65.0,15.0,-0.36040071710727695,-1.1561247857855665
[Cu]OCC[Au],9978902722030382433,70.0,10.0,-0.1406605025563774,-0.936384571234667
[Cu]OCC[Au],9978902722030382433,75.0,5.0,-0.02331785571131828,-0.819041924389607
[Cu]OCOCCOCC[Au],10611444124590308832,30.0,80.0,-1.9722427250413208,-2.0655790287743425
[Cu]OCOCCOCC[Au],10611444124590308832,35.0,75.0,-1.7223054693026505,-1.8156417730356722
[Cu]OCOCCOCC[Au],10611444124590308832,40.0,70.0,-1.4958684832251006,-1.589204786958124
[Cu]OCOCCOCC[Au],10611444124590308832,45.0,65.0,-1.291103607640954,-1.3844399113739776
[Cu]OCOCCOCC[Au],10611444124590308832,50.0,60.0,-1.1063397122905752,-1.1996760160235986
[Cu]OCOCCOCC[Au],10611444124590308832,55.0,55.0,-0.940047440374288,-1.0333837441073115
[Cu]OCOCCOCC[Au],10611444124590308832,60.0,50.0,-0.7908256188664513,-0.8841619225994748
[Cu]OCOCCOCC[Au],10611444124590308832,65.0,45.0,-0.657389132400068,-0.7507254361330915
[Cu]OCOCCOCC[Au],10611444124590308832,70.0,40.0,-0.5385580855196732,-0.6318943892526967
[Cu]OCOCCOCC[Au],10611444124590308832,75.0,35.0,-0.4332481011654403,-0.5265844048984638
[Cu]OCOCCOCC[Au],10611444124590308832,80.0,30.0,-0.3404616230087587,-0.4337979267417822
[Cu]OCOCCOCC[Au],10611444124590308832,85.0,25.0,-0.259280106221599,-0.3526164099546216
[Cu]OCOCCOCC[Au],10611444124590308832,90.0,20.0,-0.18885699585603444,-0.2821932995890579
[Cu]OCOCCOCC[Au],10611444124590308832,95.0,15.0,-0.12841140459376899,-0.22174770832679158
[Cu]OCOCCOCC[Au],10611444124590308832,100.0,10.0,-0.0772224124975267,-0.1705587162305502
[Cu]OCOCCOCC[Au],10611444124590308832,105.0,5.0,-0.034623920808696695,-0.12796022454172018
[Cu]OCOCCOCC[Au],16881074872245450261,30.0,80.0,1.92722021112567,1.531617293450207
[Cu]OCOCCOCC[Au],16881074872245450261,35.0,75.0,1.7076923395004542,1.3120894218249894
[Cu]OCOCCOCC[Au],16881074872245450261,40.0,70.0,1.5063736109819175,1.1107706933064563
[Cu]OCOCCOCC[Au],16881074872245450261,45.0,65.0,1.321885808855738,0.926282891180275
[Cu]OCOCCOCC[Au],16881074872245450261,50.0,60.0,1.1529676822370636,0.7573647645616024
[Cu]OCOCCOCC[Au],16881074872245450261,55.0,55.0,0.9984636592910316,0.6028607416155687
[Cu]OCOCCOCC[Au],16881074872245450261,60.0,50.0,0.8573137875490655,0.46171086987360255
[Cu]OCOCCOCC[Au],16881074872245450261,65.0,45.0,0.7285447528226818,0.33294183514722064
[Cu]OCOCCOCC[Au],16881074872245450261,70.0,40.0,0.6112618479947276,0.21565893031926464
[Cu]OCOCCOCC[Au],16881074872245450261,75.0,35.0,0.5046417798755476,0.10903886220008552
[Cu]OCOCCOCC[Au],16881074872245450261,80.0,30.0,0.40792621679850694,0.012323299123044862
[Cu]OCOCCOCC[Au],16881074872245450261,85.0,25.0,0.3204159920701901,-0.07518692560527285
[Cu]OCOCCOCC[Au],16881074872245450261,90.0,20.0,0.24146588909793554,-0.15413702857752742
[Cu]OCOCCOCC[Au],16881074872245450261,95.0,15.0,0.1704799432522126,-0.22512297442324947
[Cu]OCOCCOCC[Au],16881074872245450261,100.0,10.0,0.10690720350264105,-0.288695714172821
[Cu]OCOCCOCC[Au],16881074872245450261,105.0,5.0,0.050237903778271864,-0.3453650138971902
[Cu]OCOCCOCC[Au],16989126436421772917,30.0,80.0,1.6768713492621785,1.7800596745513708
[Cu]OCOCCOCC[Au],16989126436421772917,35.0,75.0,1.4736636456284948,1.5768519709176854
[Cu]OCOCCOCC[Au],16989126436421772917,40.0,70.0,1.288647176038566,1.3918355013277584
[Cu]OCOCCOCC[Au],16989126436421772917,45.0,65.0,1.1204212139151224,1.2236095392043147
[Cu]OCOCCOCC[Au],16989126436421772917,50.0,60.0,0.9677048147097871,1.0708931399989776
[Cu]OCOCCOCC[Au],16989126436421772917,55.0,55.0,0.8293252078098821,0.9325135330990726
[Cu]OCOCCOCC[Au],16989126436421772917,60.0,50.0,0.7042074539448429,0.8073957792340316
[Cu]OCOCCOCC[Au],16989126436421772917,65.0,45.0,0.5913652146532424,0.694553539942433
[Cu]OCOCCOCC[Au],16989126436421772917,70.0,40.0,0.4898925008366586,0.5930808261258491
[Cu]OCOCCOCC[Au],16989126436421772917,75.0,35.0,0.39895628491798973,0.502144610207182
[Cu]OCOCCOCC[Au],16989126436421772917,80.0,30.0,0.31778987610636733,0.42097820139555786
[Cu]OCOCCOCC[Au],16989126436421772917,85.0,25.0,0.24568697113661386,0.3488752964258053
[Cu]OCOCCOCC[Au],16989126436421772917,90.0,20.0,0.18199630392212818,0.2851846292113196
[Cu]OCOCCOCC[Au],16989126436421772917,95.0,15.0,0.12611682710676408,0.22930515239595461
[Cu]OCOCCOCC[Au],16989126436421772917,100.0,10.0,0.07749336675046514,0.18068169203965567
[Cu]OCOCCOCC[Au],16989126436421772917,105.0,5.0,0.035612698525969044,0.13880102381516046
[Cu]OCOCCOCC[Au],2252437592301959236,30.0,80.0,-2.651178747148963,-0.9923954049415826
[Cu]OCOCCOCC[Au],2252437592301959236,35.0,75.0,-2.33179513007925,-0.6730117878718698
[Cu]OCOCCOCC[Au],2252437592301959236,40.0,70.0,-2.040807959274705,-0.38202461706732294
[Cu]OCOCCOCC[Au],2252437592301959236,45.0,65.0,-1.7760339323622336,-0.11725059015485151
[Cu]OCOCCOCC[Au],2252437592301959236,50.0,60.0,-1.535476329973143,0.12330701223423546
[Cu]OCOCCOCC[Au],2252437592301959236,55.0,55.0,-1.3173069404943103,0.3414764017130718
[Cu]OCOCCOCC[Au],2252437592301959236,60.0,50.0,-1.1198499549042928,0.5389333873030875
[Cu]OCOCCOCC[Au],2252437592301959236,65.0,45.0,-0.9415675928644305,0.7172157493429481
[Cu]OCOCCOCC[Au],2252437592301959236,70.0,40.0,-0.7810472530854984,0.8777360891218802
[Cu]OCOCCOCC[Au],2252437592301959236,75.0,35.0,-0.636990008213429,1.0217933339939496
[Cu]OCOCCOCC[Au],2252437592301959236,80.0,30.0,-0.5082002877990934,1.1505830544082851
[Cu]OCOCCOCC[Au],2252437592301959236,85.0,25.0,-0.3935766129416063,1.2652067292657732
[Cu]OCOCCOCC[Au],2252437592301959236,90.0,20.0,-0.2921032634256253,1.3666800787817541
[Cu]OCOCCOCC[Au],2252437592301959236,95.0,15.0,-0.20284277303215248,1.4559405691752287
[Cu]OCOCCOCC[Au],2252437592301959236,100.0,10.0,-0.12492916154200806,1.5338541806653705
[Cu]OCOCCOCC[Au],2252437592301959236,105.0,5.0,-0.057561823068457585,1.6012215191389227
[Cu]OCOCCOCC[Au],6297970728518646564,30.0,80.0,0.927372785653672,0.04209296634865112
[Cu]OCOCCOCC[Au],6297970728518646564,35.0,75.0,0.7701056137756783,-0.11517420552934077
[Cu]OCOCCOCC[Au],6297970728518646564,40.0,70.0,0.6315378810599288,-0.25374193824509383
[Cu]OCOCCOCC[Au],6297970728518646564,45.0,65.0,0.5101532356089873,-0.3751265836960336
[Cu]OCOCCOCC[Au],6297970728518646564,50.0,60.0,0.40456784911110333,-0.4807119701939193
[Cu]OCOCCOCC[Au],6297970728518646564,55.0,55.0,0.3135174189961454,-0.5717624003088737
[Cu]OCOCCOCC[Au],6297970728518646564,60.0,50.0,0.23584559840557873,-0.6494342208994421
[Cu]OCOCCOCC[Au],6297970728518646564,65.0,45.0,0.1704936799469916,-0.7147861393580293
[Cu]OCOCCOCC[Au],6297970728518646564,70.0,40.0,0.11649138250459945,-0.7687884368004223
[Cu]OCOCCOCC[Au],6297970728518646564,75.0,35.0,0.07294861028197808,-0.8123312090230446
[Cu]OCOCCOCC[Au],6297970728518646564,80.0,30.0,0.03904807029694002,-0.8462317490080808
[Cu]OCOCCOCC[Au],6297970728518646564,85.0,25.0,0.014038649174834106,-0.8712411701301868
[Cu]OCOCCOCC[Au],6297970728518646564,90.0,20.0,-0.0027705373340500827,-0.888050356639071
[Cu]OCOCCOCC[Au],6297970728518646564,95.0,15.0,-0.012015497845319523,-0.8972953171503404
[Cu]OCOCCOCC[Au],6297970728518646564,100.0,10.0,-0.014282188208299296,-0.899562007513321
[Cu]OCOCCOCC[Au],6297970728518646564,105.0,5.0,-0.01011086201643785,-0.8953906813214596
[Cu]OCOCCOCC[Au],7964539367389874307,30.0,80.0,-1.765858800873536,-1.9113183212593192
[Cu]OCOCCOCC[Au],7964539367389874307,35.0,75.0,-1.547365607564739,-1.6928251279505222
[Cu]OCOCCOCC[Au],7964539367389874307,40.0,70.0,-1.3488954508500566,-1.4943549712358397
[Cu]OCOCCOCC[Au],7964539367389874307,45.0,65.0,-1.168898883378791,-1.3143584037645741
[Cu]OCOCCOCC[Au],7964539367389874307,50.0,60.0,-1.0059592438021294,-1.1514187641879126
[Cu]OCOCCOCC[Au],7964539367389874307,55.0,55.0,-0.8587797729210909,-1.004239293306874
[Cu]OCOCCOCC[Au],7964539367389874307,60.0,50.0,-0.7261721354994304,-0.8716316558852117
[Cu]OCOCCOCC[Au],7964539367389874307,65.0,45.0,-0.6070461772164748,-0.7525056976022579
[Cu]OCOCCOCC[Au],7964539367389874307,70.0,40.0,-0.5004007689879479,-0.6458602893737311
[Cu]OCOCCOCC[Au],7964539367389874307,75.0,35.0,-0.405315610328568,-0.5507751307143494
[Cu]OCOCCOCC[Au],7964539367389874307,80.0,30.0,-0.32094388008821095,-0.4664034004739941
[Cu]OCOCCOCC[Au],7964539367389874307,85.0,25.0,-0.24650563719530094,-0.3919651575810841
[Cu]OCOCCOCC[Au],7964539367389874307,90.0,20.0,-0.1812818863470449,-0.32674140673282714
[Cu]OCOCCOCC[Au],7964539367389874307,95.0,15.0,-0.12460923419737036,-0.2700687545831535
[Cu]OCOCCOCC[Au],7964539367389874307,100.0,10.0,-0.07587507076194377,-0.22133459114772602
[Cu]OCOCCOCC[Au],7964539367389874307,105.0,5.0,-0.03451321869765245,-0.17997273908343647
[Cu]OCOCCOCC[Au],8769619734623489369,30.0,80.0,-0.2548114469723277,-0.7967095484382671
[Cu]OCOCCOCC[Au],8769619734623489369,35.0,75.0,-0.2002122376759683,-0.7421103391419095
[Cu]OCOCCOCC[Au],8769619734623489369,40.0,70.0,-0.15294270964857049,-0.6948408111145099
[Cu]OCOCCOCC[Au],8769619734623489369,45.0,65.0,-0.11239805272751724,-0.6542961541934567
[Cu]OCOCCOCC[Au],8769619734623489369,50.0,60.0,-0.07802668482452901,-0.6199247862904684
[Cu]OCOCCOCC[Au],8769619734623489369,55.0,55.0,-0.04932501169213843,-0.5912231131580796
[Cu]OCOCCOCC[Au],8769619734623489369,60.0,50.0,-0.025832763684149995,-0.5677308651500894
[Cu]OCOCCOCC[Au],8769619734623489369,65.0,45.0,-0.0071288390697876736,-0.5490269405357289
[Cu]OCOCCOCC[Au],8769619734623489369,70.0,40.0,0.007172407096316391,-0.534725694369623
[Cu]OCOCCOCC[Au],8769619734623489369,75.0,35.0,0.017424481481386422,-0.524473619984553
[Cu]OCOCCOCC[Au],8769619734623489369,80.0,30.0,0.02395172438740456,-0.5179463770785357
[Cu]OCOCCOCC[Au],8769619734623489369,85.0,25.0,0.027051975173781884,-0.5148461262921584
[Cu]OCOCCOCC[Au],8769619734623489369,90.0,20.0,0.026998966199339947,-0.5148991352666004
[Cu]OCOCCOCC[Au],8769619734623489369,95.0,15.0,0.024044475903083118,-0.5178536255628572
[Cu]OCOCCOCC[Au],8769619734623489369,100.0,10.0,0.018420267852250483,-0.5234778336136889
[Cu]OCOCCOCC[Au],8769619734623489369,105.0,5.0,0.010339839306063858,-0.5315582621598764
[Cu]OCOCCOCC[Au],8836799261789859958,30.0,80.0,2.112627373994618,2.412232369063288
[Cu]OCOCCOCC[Au],8836799261789859958,35.0,75.0,1.8502168457179735,2.1498218407866414
[Cu]OCOCCOCC[Au],8836799261789859958,40.0,70.0,1.6119559349180044,1.9115609299866758
[Cu]OCOCCOCC[Au],8836799261789859958,45.0,65.0,1.3959742177296341,1.6955792127983038
[Cu]OCOCCOCC[Au],8836799261789859958,50.0,60.0,1.2005616248324102,1.5001666199010781
[Cu]OCOCCOCC[Au],8836799261789859958,55.0,55.0,1.0241528793847579,1.3237578744534257
[Cu]OCOCCOCC[Au],8836799261789859958,60.0,50.0,0.8653136330548232,1.1649186281234947
[Cu]OCOCCOCC[Au],8836799261789859958,65.0,45.0,0.7227280941278362,1.022333089196506
[Cu]OCOCCOCC[Au],8836799261789859958,70.0,40.0,0.5951879691608077,0.8947929642294774
[Cu]OCOCCOCC[Au],8836799261789859958,75.0,35.0,0.48158256315052483,0.7811875582191945
[Cu]OCOCCOCC[Au],8836799261789859958,80.0,30.0,0.38088990330683536,0.680494898375505
[Cu]OCOCCOCC[Au],8836799261789859958,85.0,25.0,0.2921687688030783,0.591773763871748
[Cu]OCOCCOCC[Au],8836799261789859958,90.0,20.0,0.21455152374334308,0.5141565188120119
[Cu]OCOCCOCC[Au],8836799261789859958,95.0,15.0,0.14723766340654532,0.446842658475215
[Cu]OCOCCOCC[Au],8836799261789859958,100.0,10.0,0.0894879949044185,0.3890929899730873
[Cu]OCOCCOCC[Au],8836799261789859958,105.0,5.0,0.04061938298093981,0.3402243780496095
[Cu]OCP(=S)(CC1=CC=CC=C1)COCC(C(C)=C1(C))=C(C)C(C)=C1C[Au],1529537981208278284,30.0,50.0,-0.6034854534764378,0.8158869966506348
[Cu]OCP(=S)(CC1=CC=CC=C1)COCC(C(C)=C1(C))=C(C)C(C)=C1C[Au],1529537981208278284,35.0,45.0,-0.5697527963520308,0.8496196537750418
[Cu]OCP(=S)(CC1=CC=CC=C1)COCC(C(C)=C1(C))=C(C)C(C)=C1C[Au],1529537981208278284,40.0,40.0,-0.5283603923955074,0.8910120577315634
[Cu]OCP(=S)(CC1=CC=CC=C1)COCC(C(C)=C1(C))=C(C)C(C)=C1C[Au],1529537981208278284,45.0,35.0,-0.48007483233895165,0.9392976177881209
[Cu]OCP(=S)(CC1=CC=CC=C1)COCC(C(C)=C1(C))=C(C)C(C)=C1C[Au],1529537981208278284,50.0,30.0,-0.42559055654699485,0.9937818935800777
[Cu]OCP(=S)(CC1=CC=CC=C1)COCC(C(C)=C1(C))=C(C)C(C)=C1C[Au],1529537981208278284,55.0,25.0,-0.36553720526928046,1.0538352448577921
[Cu]OCP(=S)(CC1=CC=CC=C1)COCC(C(C)=C1(C))=C(C)C(C)=C1C[Au],1529537981208278284,60.0,20.0,-0.3004861426043295,1.118886307522743
[Cu]OCP(=S)(CC1=CC=CC=C1)COCC(C(C)=C1(C))=C(C)C(C)=C1C[Au],1529537981208278284,65.0,15.0,-0.23095625646394602,1.1884161936631266
[Cu]OCP(=S)(CC1=CC=CC=C1)COCC(C(C)=C1(C))=C(C)C(C)=C1C[Au],1529537981208278284,70.0,10.0,-0.15741912297808014,1.261953327148989
[Cu]OCP(=S)(CC1=CC=CC=C1)COCC(C(C)=C1(C))=C(C)C(C)=C1C[Au],1529537981208278284,75.0,5.0,-0.0803036119661602,1.3390688381609106
[Cu]OCP(=S)(CC1=CC=CC=C1)COCC(C(C)=C1(C))=C(C)C(C)=C1C[Au],15697097674604127999,30.0,50.0,0.09017304747864863,-1.5319095027155747
[Cu]OCP(=S)(CC1=CC=CC=C1)COCC(C(C)=C1(C))=C(C)C(C)=C1C[Au],15697097674604127999,35.0,45.0,-0.10785397506991856,-1.72993652526414
[Cu]OCP(=S)(CC1=CC=CC=C1)COCC(C(C)=C1(C))=C(C)C(C)=C1C[Au],15697097674604127999,40.0,40.0,-0.2532710495592614,-1.8753535997534847
[Cu]OCP(=S)(CC1=CC=CC=C1)COCC(C(C)=C1(C))=C(C)C(C)=C1C[Au],15697097674604127999,45.0,35.0,-0.3507065945101857,-1.972789144704409
[Cu]OCP(=S)(CC1=CC=CC=C1)COCC(C(C)=C1(C))=C(C)C(C)=C1C[Au],15697097674604127999,50.0,30.0,-0.40437168847190463,-2.026454238666128
[Cu]OCP(=S)(CC1=CC=CC=C1)COCC(C(C)=C1(C))=C(C)C(C)=C1C[Au],15697097674604127999,55.0,25.0,-0.418101684323819,-2.0401842345180423
[Cu]OCP(=S)(CC1=CC=CC=C1)COCC(C(C)=C1(C))=C(C)C(C)=C1C[Au],15697097674604127999,60.0,20.0,-0.39539320526817967,-2.017475755462403
[Cu]OCP(=S)(CC1=CC=CC=C1)COCC(C(C)=C1(C))=C(C)C(C)=C1C[Au],15697097674604127999,65.0,15.0,-0.3394370893440293,-1.9615196395382526
[Cu]OCP(=S)(CC1=CC=CC=C1)COCC(C(C)=C1(C))=C(C)C(C)=C1C[Au],15697097674604127999,70.0,10.0,-0.2531477730170355,-1.875230323211257
[Cu]OCP(=S)(CC1=CC=CC=C1)COCC(C(C)=C1(C))=C(C)C(C)=C1C[Au],15697097674604127999,75.0,5.0,-0.1391895392825937,-1.7612720894768152
[Cu]OCP(=S)(CC1=CC=CC=C1)COCC(C(C)=C1(C))=C(C)C(C)=C1C[Au],16268179675313085527,30.0,50.0,-0.6847778978279297,1.0234555214373646
[Cu]OCP(=S)(CC1=CC=CC=C1)COCC(C(C)=C1(C))=C(C)C(C)=C1C[Au],16268179675313085527,35.0,45.0,-0.6911927935337587,1.0170406257315356
[Cu]OCP(=S)(CC1=CC=CC=C1)COCC(C(C)=C1(C))=C(C)C(C)=C1C[Au],16268179675313085527,40.0,40.0,-0.6764677734557321,1.031765645809564
[Cu]OCP(=S)(CC1=CC=CC=C1)COCC(C(C)=C1(C))=C(C)C(C)=C1C[Au],16268179675313085527,45.0,35.0,-0.6425710586450908,1.0656623606202036
[Cu]OCP(=S)(CC1=CC=CC=C1)COCC(C(C)=C1(C))=C(C)C(C)=C1C[Au],16268179675313085527,50.0,30.0,-0.5912898573545817,1.1169435619107144
[Cu]OCP(=S)(CC1=CC=CC=C1)COCC(C(C)=C1(C))=C(C)C(C)=C1C[Au],16268179675313085527,55.0,25.0,-0.5242485967081958,1.1839848225570986
[Cu]OCP(=S)(CC1=CC=CC=C1)COCC(C(C)=C1(C))=C(C)C(C)=C1C[Au],16268179675313085527,60.0,20.0,-0.44292511868583695,1.2653083005794592
[Cu]OCP(=S)(CC1=CC=CC=C1)COCC(C(C)=C1(C))=C(C)C(C)=C1C[Au],16268179675313085527,65.0,15.0,-0.34866509129589396,1.3595683279694022
[Cu]OCP(=S)(CC1=CC=CC=C1)COCC(C(C)=C1(C))=C(C)C(C)=C1C[Au],16268179675313085527,70.0,10.0,-0.2426948519509491,1.4655385673143453
[Cu]OCP(=S)(CC1=CC=CC=C1)COCC(C(C)=C1(C))=C(C)C(C)=C1C[Au],16268179675313085527,75.0,5.0,-0.12613287116798588,1.5821005480973085
[Cu]OCP(=S)(CC1=CC=CC=C1)COCC(C(C)=C1(C))=C(C)C(C)=C1C[Au],1782258165715940344,30.0,50.0,0.6477523452395815,1.9301640760385013
[Cu]OCP(=S)(CC1=CC=CC=C1)COCC(C(C)=C1(C))=C(C)C(C)=C1C[Au],1782258165715940344,35.0,45.0,0.6256736002839602,1.90808533108288
[Cu]OCP(=S)(CC1=CC=CC=C1)COCC(C(C)=C1(C))=C(C)C(C)=C1C[Au],1782258165715940344,40.0,40.0,0.5914379644222123,1.8738496952211339
[Cu]OCP(=S)(CC1=CC=CC=C1)COCC(C(C)=C1(C))=C(C)C(C)=C1C[Au],1782258165715940344,45.0,35.0,0.5462154847387222,1.828627215537642
[Cu]OCP(=S)(CC1=CC=CC=C1)COCC(C(C)=C1(C))=C(C)C(C)=C1C[Au],1782258165715940344,50.0,30.0,0.4910674234839849,1.7734791542829047
[Cu]OCP(=S)(CC1=CC=CC=C1)COCC(C(C)=C1(C))=C(C)C(C)=C1C[Au],1782258165715940344,55.0,25.0,0.42695727440845843,1.7093690052073782
[Cu]OCP(=S)(CC1=CC=CC=C1)COCC(C(C)=C1(C))=C(C)C(C)=C1C[Au],1782258165715940344,60.0,20.0,0.35476054505954124,1.637172275858461
[Cu]OCP(=S)(CC1=CC=CC=C1)COCC(C(C)=C1(C))=C(C)C(C)=C1C[Au],1782258165715940344,65.0,15.0,0.2752734574497442,1.557685188248664
[Cu]OCP(=S)(CC1=CC=CC=C1)COCC(C(C)=C1(C))=C(C)C(C)=C1C[Au],1782258165715940344,70.0,10.0,0.189220698903382,1.4716324297023036
[Cu]OCP(=S)(CC1=CC=CC=C1)COCC(C(C)=C1(C))=C(C)C(C)=C1C[Au],1782258165715940344,75.0,5.0,0.09726233731233691,1.3796740681112567
[Cu]OCP(=S)(CC1=CC=CC=C1)COCC(C(C)=C1(C))=C(C)C(C)=C1C[Au],2719324682957278907,30.0,50.0,-0.0427305989424589,4.9316751220925
[Cu]OCP(=S)(CC1=CC=CC=C1)COCC(C(C)=C1(C))=C(C)C(C)=C1C[Au],2719324682957278907,35.0,45.0,0.1450680606792858,5.119473781714243
[Cu]OCP(=S)(CC1=CC=CC=C1)COCC(C(C)=C1(C))=C(C)C(C)=C1C[Au],2719324682957278907,40.0,40.0,0.2817649655760128,5.25617068661097
[Cu]OCP(=S)(CC1=CC=CC=C1)COCC(C(C)=C1(C))=C(C)C(C)=C1C[Au],2719324682957278907,45.0,35.0,0.371862594186819,5.346268315221778
[Cu]OCP(=S)(CC1=CC=CC=C1)COCC(C(C)=C1(C))=C(C)C(C)=C1C[Au],2719324682957278907,50.0,30.0,0.4194572206193108,5.393862941654266
[Cu]OCP(=S)(CC1=CC=CC=C1)COCC(C(C)=C1(C))=C(C)C(C)=C1C[Au],2719324682957278907,55.0,25.0,0.4282794299231334,5.40268515095809
[Cu]OCP(=S)(CC1=CC=CC=C1)COCC(C(C)=C1(C))=C(C)C(C)=C1C[Au],2719324682957278907,60.0,20.0,0.4017301362547716,5.37613585728973
[Cu]OCP(=S)(CC1=CC=CC=C1)COCC(C(C)=C1(C))=C(C)C(C)=C1C[Au],2719324682957278907,65.0,15.0,0.34291265595190623,5.317318376986865
[Cu]OCP(=S)(CC1=CC=CC=C1)COCC(C(C)=C1(C))=C(C)C(C)=C1C[Au],2719324682957278907,70.0,10.0,0.2546613132470057,5.2290670342819645
[Cu]OCP(=S)(CC1=CC=CC=C1)COCC(C(C)=C1(C))=C(C)C(C)=C1C[Au],2719324682957278907,75.0,5.0,0.13956699292964103,5.113972713964598
[Cu]OCP(=S)(CC1=CC=CC=C1)COCC(C(C)=C1(C))=C(C)C(C)=C1C[Au],2892972636020864833,30.0,50.0,0.5524771847478682,-0.5440020003350661
[Cu]OCP(=S)(CC1=CC=CC=C1)COCC(C(C)=C1(C))=C(C)C(C)=C1C[Au],2892972636020864833,35.0,45.0,0.6785847897507722,-0.4178943953321639
[Cu]OCP(=S)(CC1=CC=CC=C1)COCC(C(C)=C1(C))=C(C)C(C)=C1C[Au],2892972636020864833,40.0,40.0,0.7539523622823427,-0.3425268228005933
[Cu]OCP(=S)(CC1=CC=CC=C1)COCC(C(C)=C1(C))=C(C)C(C)=C1C[Au],2892972636020864833,45.0,35.0,0.7831399619174793,-0.3133392231654568
[Cu]OCP(=S)(CC1=CC=CC=C1)COCC(C(C)=C1(C))=C(C)C(C)=C1C[Au],2892972636020864833,50.0,30.0,0.7702933323856396,-0.3261858526972965
[Cu]OCP(=S)(CC1=CC=CC=C1)COCC(C(C)=C1(C))=C(C)C(C)=C1C[Au],2892972636020864833,55.0,25.0,0.7191853760089426,-0.3772938090739917
[Cu]OCP(=S)(CC1=CC=CC=C1)COCC(C(C)=C1(C))=C(C)C(C)=C1C[Au],2892972636020864833,60.0,20.0,0.6332530143960984,-0.4632261706868377
[Cu]OCP(=S)(CC1=CC=CC=C1)COCC(C(C)=C1(C))=C(C)C(C)=C1C[Au],2892972636020864833,65.0,15.0,0.515630002568928,-0.5808491825140081
[Cu]OCP(=S)(CC1=CC=CC=C1)COCC(C(C)=C1(C))=C(C)C(C)=C1C[Au],2892972636020864833,70.0,10.0,0.3691761872879571,-0.727302997794979
[Cu]OCP(=S)(CC1=CC=CC=C1)COCC(C(C)=C1(C))=C(C)C(C)=C1C[Au],2892972636020864833,75.0,5.0,0.1965036351213154,-0.8999755499616189
[Cu]OCP(=S)(CC1=CC=CC=C1)COCC(C(C)=C1(C))=C(C)C(C)=C1C[Au],2974747203698742925,30.0,50.0,1.1643691920896533,0.34600715128232906
[Cu]OCP(=S)(CC1=CC=CC=C1)COCC(C(C)=C1(C))=C(C)C(C)=C1C[Au],2974747203698742925,35.0,45.0,1.0961132282120456,0.2777511874047214
[Cu]OCP(=S)(CC1=CC=CC=C1)COCC(C(C)=C1(C))=C(C)C(C)=C1C[Au],2974747203698742925,40.0,40.0,1.0139620026917981,0.19559996188447393
[Cu]OCP(=S)(CC1=CC=CC=C1)COCC(C(C)=C1(C))=C(C)C(C)=C1C[Au],2974747203698742925,45.0,35.0,0.9193166258218213,0.10095458501449706
[Cu]OCP(=S)(CC1=CC=CC=C1)COCC(C(C)=C1(C))=C(C)C(C)=C1C[Au],2974747203698742925,50.0,30.0,0.813446037052822,-0.004916003754503961
[Cu]OCP(=S)(CC1=CC=CC=C1)COCC(C(C)=C1(C))=C(C)C(C)=C1C[Au],2974747203698742925,55.0,25.0,0.6975004845989634,-0.12086155620836081
[Cu]OCP(=S)(CC1=CC=CC=C1)COCC(C(C)=C1(C))=C(C)C(C)=C1C[Au],2974747203698742925,60.0,20.0,0.5725234887321715,-0.24583855207515448
[Cu]OCP(=S)(CC1=CC=CC=C1)COCC(C(C)=C1(C))=C(C)C(C)=C1C[Au],2974747203698742925,65.0,15.0,0.43946247655486737,-0.37889956425245686
[Cu]OCP(=S)(CC1=CC=CC=C1)COCC(C(C)=C1(C))=C(C)C(C)=C1C[Au],2974747203698742925,70.0,10.0,0.29917825060779535,-0.5191837901995289
[Cu]OCP(=S)(CC1=CC=CC=C1)COCC(C(C)=C1(C))=C(C)C(C)=C1C[Au],2974747203698742925,75.0,5.0,0.1524534319749975,-0.6659086088323267
[Cu]OCP(=S)(CC1=CC=CC=C1)COCC(C(C)=C1(C))=C(C)C(C)=C1C[Au],2987437757203056891,30.0,50.0,-1.1237778193088808,-6.971277364450648
[Cu]OCP(=S)(CC1=CC=CC=C1)COCC(C(C)=C1(C))=C(C)C(C)=C1C[Au],2987437757203056891,35.0,45.0,-1.1766401139703406,-7.024139659112108
[Cu]OCP(=S)(CC1=CC=CC=C1)COCC(C(C)=C1(C))=C(C)C(C)=C1C[Au],2987437757203056891,40.0,40.0,-1.1830180795618759,-7.030517624703643
[Cu]OCP(=S)(CC1=CC=CC=C1)COCC(C(C)=C1(C))=C(C)C(C)=C1C[Au],2987437757203056891,45.0,35.0,-1.1471821811706455,-6.994681726312413
[Cu]OCP(=S)(CC1=CC=CC=C1)COCC(C(C)=C1(C))=C(C)C(C)=C1C[Au],2987437757203056891,50.0,30.0,-1.073011911168317,-6.920511456310084
[Cu]OCP(=S)(CC1=CC=CC=C1)COCC(C(C)=C1(C))=C(C)C(C)=C1C[Au],2987437757203056891,55.0,25.0,-0.9640350786382497,-6.811534623780017
[Cu]OCP(=S)(CC1=CC=CC=C1)COCC(C(C)=C1(C))=C(C)C(C)=C1C[Au],2987437757203056891,60.0,20.0,-0.8234627178842873,-6.6709622630260546
[Cu]OCP(=S)(CC1=CC=CC=C1)COCC(C(C)=C1(C))=C(C)C(C)=C1C[Au],2987437757203056891,65.0,15.0,-0.6542201554216218,-6.501719700563388
[Cu]OCP(=S)(CC1=CC=CC=C1)COCC(C(C)=C1(C))=C(C)C(C)=C1C[Au],2987437757203056891,70.0,10.0,-0.4589747021001038,-6.306474247241872
[Cu]OCP(=S)(CC1=CC=CC=C1)COCC(C(C)=C1(C))=C(C)C(C)=C1C[Au],2987437757203056891,75.0,5.0,-0.24016037492156794,-6.087659920063334
[Cu]OS(=O)OCCCC[Au],16088146964916149578,0.0,80.0,-0.8546828614909057,-0.5452563185379304
[Cu]OS(=O)OCCCC[Au],16088146964916149578,5.0,75.0,-0.7855304360724009,-0.4761038931194257
[Cu]OS(=O)OCCCC[Au],16088146964916149578,10.0,70.0,-0.7190377407612782,-0.409611197808303
[Cu]OS(=O)OCCCC[Au],16088146964916149578,15.0,65.0,-0.655055195524481,-0.345628652571504
[Cu]OS(=O)OCCCC[Au],16088146964916149578,20.0,60.0,-0.5934441713661105,-0.28401762841313527
[Cu]OS(=O)OCCCC[Au],16088146964916149578,25.0,55.0,-0.5340760105733953,-0.22464946762042004
[Cu]OS(=O)OCCCC[Au],16088146964916149578,30.0,50.0,-0.4768311499061948,-0.16740460695321957
[Cu]OS(=O)OCCCC[Au],16088146964916149578,35.0,45.0,-0.4215983343687544,-0.11217179141578093
[Cu]OS(=O)OCCCC[Au],16088146964916149578,40.0,40.0,-0.36827391086541184,-0.05884736791243661
[Cu]OS(=O)OCCCC[Au],16088146964916149578,45.0,35.0,-0.3167611924580829,-0.007334649505109425
[Cu]OS(=O)OCCCC[Au],16088146964916149578,50.0,30.0,-0.2669698851525215,0.042456657800451936
[Cu]OS(=O)OCCCC[Au],16088146964916149578,55.0,25.0,-0.21881557017557007,0.09061097277740515
[Cu]OS(=O)OCCCC[Au],16088146964916149578,60.0,20.0,-0.17221923559423757,0.13720730735873587
[Cu]OS(=O)OCCCC[Au],16088146964916149578,65.0,15.0,-0.12710685189197335,0.18231969106100188
[Cu]OS(=O)OCCCC[Au],16088146964916149578,70.0,10.0,-0.08340898677715991,0.22601755617581354
[Cu]OS(=O)OCCCC[Au],16088146964916149578,75.0,5.0,-0.04106045506898326,0.26836608788399197
[Cu]OS(=O)OCCCC[Au],16180539397819125458,0.0,80.0,1.1989837436830104,2.048072592003562
[Cu]OS(=O)OCCCC[Au],16180539397819125458,5.0,75.0,1.1189517503715969,1.968040598692145
[Cu]OS(=O)OCCCC[Au],16180539397819125458,10.0,70.0,1.0392778420496533,1.8883666903702032
[Cu]OS(=O)OCCCC[Au],16180539397819125458,15.0,65.0,0.9600696442044452,1.809158492524995
[Cu]OS(=O)OCCCC[Au],16180539397819125458,20.0,60.0,0.8814189721292962,1.730507820449846
[Cu]OS(=O)OCCCC[Au],16180539397819125458,25.0,55.0,0.8034038547116538,1.6524927030322036
[Cu]OS(=O)OCCCC[Au],16180539397819125458,30.0,50.0,0.7260902900004051,1.5751791383209532
[Cu]OS(=O)OCCCC[Au],16180539397819125458,35.0,45.0,0.6495337706092403,1.4986226189297902
[Cu]OS(=O)OCCCC[Au],16180539397819125458,40.0,40.0,0.5737806111974688,1.4228694595180187
[Cu]OS(=O)OCCCC[Au],16180539397819125458,45.0,35.0,0.4988691054096108,1.3479579537301607
[Cu]OS(=O)OCCCC[Au],16180539397819125458,50.0,30.0,0.42483053558244777,1.2739193839029994
[Cu]OS(=O)OCCCC[Au],16180539397819125458,55.0,25.0,0.3516900551062694,1.2007789034268193
[Cu]OS(=O)OCCCC[Au],16180539397819125458,60.0,20.0,0.27946746044460724,1.1285563087651571
[Cu]OS(=O)OCCCC[Au],16180539397819125458,65.0,15.0,0.20817786738281363,1.0572667157033617
[Cu]OS(=O)OCCCC[Au],16180539397819125458,70.0,10.0,0.13783230401555535,0.986921152336107
[Cu]OS(=O)OCCCC[Au],16180539397819125458,75.0,5.0,0.06843823123560178,0.9175270795561499
[Cu]OS(=O)OCCCC[Au],18120274461732126776,0.0,80.0,-0.9563235885813395,-1.8455148176013765
[Cu]OS(=O)OCCCC[Au],18120274461732126776,5.0,75.0,-0.7885120220412603,-1.6777032510612973
[Cu]OS(=O)OCCCC[Au],18120274461732126776,10.0,70.0,-0.6416438520719492,-1.5308350810919862
[Cu]OS(=O)OCCCC[Au],18120274461732126776,15.0,65.0,-0.5138606911416321,-1.4030519201616691
[Cu]OS(=O)OCCCC[Au],18120274461732126776,20.0,60.0,-0.4034824521978493,-1.2926736812178845
[Cu]OS(=O)OCCCC[Au],18120274461732126776,25.0,55.0,-0.3089881511495669,-1.198179380169604
[Cu]OS(=O)OCCCC[Au],18120274461732126776,30.0,50.0,-0.22899902250319215,-1.118190251523231
[Cu]OS(=O)OCCCC[Au],18120274461732126776,35.0,45.0,-0.16226363923511755,-1.0514548682551528
[Cu]OS(=O)OCCCC[Au],18120274461732126776,40.0,40.0,-0.10764477324818067,-0.9968360022682177
[Cu]OS(=O)OCCCC[Au],18120274461732126776,45.0,35.0,-0.06410777081371677,-0.9532989998337538
[Cu]OS(=O)OCCCC[Au],18120274461732126776,50.0,30.0,-0.030710249483101748,-0.9199014785031405
[Cu]OS(=O)OCCCC[Au],18120274461732126776,55.0,25.0,-0.0065929500742853975,-0.8957841790943224
[Cu]OS(=O)OCCCC[Au],18120274461732126776,60.0,20.0,0.009028399673361776,-0.8801628293466752
[Cu]OS(=O)OCCCC[Au],18120274461732126776,65.0,15.0,0.016870333648213887,-0.8723208953718231
[Cu]OS(=O)OCCCC[Au],18120274461732126776,70.0,10.0,0.01758811535161975,-0.8716031136684164
[Cu]OS(=O)OCCCC[Au],18120274461732126776,75.0,5.0,0.011781518342077746,-0.8774097106779593
[Cu]OS(=O)OCCCC[Au],1837346962499607135,0.0,80.0,-0.9911706391470556,-2.800741795661729
[Cu]OS(=O)OCCCC[Au],1837346962499607135,5.0,75.0,-0.8835458665424998,-2.693117023057173
[Cu]OS(=O)OCCCC[Au],1837346962499607135,10.0,70.0,-0.7844550816618412,-2.5940262381765145
[Cu]OS(=O)OCCCC[Au],1837346962499607135,15.0,65.0,-0.6932119301521471,-2.5027830866668186
[Cu]OS(=O)OCCCC[Au],1837346962499607135,20.0,60.0,-0.6091931197207874,-2.418764276235459
[Cu]OS(=O)OCCCC[Au],1837346962499607135,25.0,55.0,-0.5318317937989612,-2.3414029503136327
[Cu]OS(=O)OCCCC[Au],1837346962499607135,30.0,50.0,-0.46061169123346346,-2.2701828477481367
[Cu]OS(=O)OCCCC[Au],1837346962499607135,35.0,45.0,-0.39506198817162286,-2.2046331446862943
[Cu]OS(=O)OCCCC[Au],1837346962499607135,40.0,40.0,-0.33475273339727174,-2.1443238899119432
[Cu]OS(=O)OCCCC[Au],1837346962499607135,45.0,35.0,-0.27929080107925763,-2.088861957593931
[Cu]OS(=O)OCCCC[Au],1837346962499607135,50.0,30.0,-0.2283162956164464,-2.037887452131118
[Cu]OS(=O)OCCCC[Au],1837346962499607135,55.0,25.0,-0.18149935233835546,-1.9910705088530287
[Cu]OS(=O)OCCCC[Au],1837346962499607135,60.0,20.0,-0.13853728552180744,-1.9481084420364798
[Cu]OS(=O)OCCCC[Au],1837346962499607135,65.0,15.0,-0.09915204173586556,-1.908723198250537
[Cu]OS(=O)OCCCC[Au],1837346962499607135,70.0,10.0,-0.06308792211549896,-1.8726590786301713
[Cu]OS(=O)OCCCC[Au],1837346962499607135,75.0,5.0,-0.030109541941733653,-1.8396806984564051
[Cu]OS(=O)OCCCC[Au],352626559138270771,0.0,80.0,-0.7562376905747339,-0.6822649429606749
[Cu]OS(=O)OCCCC[Au],352626559138270771,5.0,75.0,-0.7044803423011636,-0.6305075946871064
[Cu]OS(=O)OCCCC[Au],352626559138270771,10.0,70.0,-0.6532028753997992,-0.5792301277857401
[Cu]OS(=O)OCCCC[Au],352626559138270771,15.0,65.0,-0.602449264822372,-0.528476517208313
[Cu]OS(=O)OCCCC[Au],352626559138270771,20.0,60.0,-0.5522558611237773,-0.47828311350971653
[Cu]OS(=O)OCCCC[Au],352626559138270771,25.0,55.0,-0.5026524110119261,-0.4286796633978689
[Cu]OS(=O)OCCCC[Au],352626559138270771,30.0,50.0,-0.4536629397973915,-0.3796901921833342
[Cu]OS(=O)OCCCC[Au],352626559138270771,35.0,45.0,-0.4053065155744662,-0.33133376796040714
[Cu]OS(=O)OCCCC[Au],352626559138270771,40.0,40.0,-0.35759791191104107,-0.2836251642969838
[Cu]OS(=O)OCCCC[Au],352626559138270771,45.0,35.0,-0.3105481832749106,-0.2365754356608516
[Cu]OS(=O)OCCCC[Au],352626559138270771,50.0,30.0,-0.2641651652896808,-0.19019241767562178
[Cu]OS(=O)OCCCC[Au],352626559138270771,55.0,25.0,-0.21845391012245408,-0.14448116250839504
[Cu]OS(=O)OCCCC[Au],352626559138270771,60.0,20.0,-0.1734170657980716,-0.09944431818401434
[Cu]OS(=O)OCCCC[Au],352626559138270771,65.0,15.0,-0.1290552069638764,-0.05508245934981737
[Cu]OS(=O)OCCCC[Au],352626559138270771,70.0,10.0,-0.08536712355412135,-0.011394375940062318
[Cu]OS(=O)OCCCC[Au],352626559138270771,75.0,5.0,-0.04235007289274506,0.03162267472131397
[Cu]OS(=O)OCCCC[Au],445481217604740079,0.0,80.0,-0.035902294319482664,0.32973559393244756
[Cu]OS(=O)OCCCC[Au],445481217604740079,5.0,75.0,-0.04833089948599678,0.31730698876593344
[Cu]OS(=O)OCCCC[Au],445481217604740079,10.0,70.0,-0.057824835807869235,0.307813052444061
[Cu]OS(=O)OCCCC[Au],445481217604740079,15.0,65.0,-0.06466453488098622,0.300973353370944
[Cu]OS(=O)OCCCC[Au],445481217604740079,20.0,60.0,-0.06910273476729678,0.2965351534846299
[Cu]OS(=O)OCCCC[Au],445481217604740079,25.0,55.0,-0.0713675079338767,0.29427038031805175
[Cu]OS(=O)OCCCC[Au],445481217604740079,30.0,50.0,-0.0716649208473843,0.2939729674045459
[Cu]OS(=O)OCCCC[Au],445481217604740079,35.0,45.0,-0.07018137473692221,0.29545651351500446
[Cu]OS(=O)OCCCC[Au],445481217604740079,40.0,40.0,-0.06708566974902297,0.29855221850290725
[Cu]OS(=O)OCCCC[Au],445481217604740079,45.0,35.0,-0.06253082859438308,0.30310705965754714
[Cu]OS(=O)OCCCC[Au],445481217604740079,50.0,30.0,-0.05665571062666608,0.30898217762526414
[Cu]OS(=O)OCCCC[Au],445481217604740079,55.0,25.0,-0.049586442934984376,0.31605144531694407
[Cu]OS(=O)OCCCC[Au],445481217604740079,60.0,20.0,-0.041437691339996974,0.32420019691193147
[Cu]OS(=O)OCCCC[Au],445481217604740079,65.0,15.0,-0.0323137910486313,0.3333240972032989
[Cu]OS(=O)OCCCC[Au],445481217604740079,70.0,10.0,-0.02230975405393565,0.34332813419799457
[Cu]OS(=O)OCCCC[Au],445481217604740079,75.0,5.0,-0.011512168089439001,0.3541257201624912
[Cu]OS(=O)OCCCC[Au],4674194724453749075,0.0,80.0,0.005537835791201928,-0.1785248907209258
[Cu]OS(=O)OCCCC[Au],4674194724453749075,5.0,75.0,0.019440177890666988,-0.16462254862146075
[Cu]OS(=O)OCCCC[Au],4674194724453749075,10.0,70.0,0.03050866771673988,-0.15355405879538786
[Cu]OS(=O)OCCCC[Au],4674194724453749075,15.0,65.0,0.03901066926773744,-0.14505205724438852
[Cu]OS(=O)OCCCC[Au],4674194724453749075,20.0,60.0,0.04518726891769553,-0.13887545759443043
[Cu]OS(=O)OCCCC[Au],4674194724453749075,25.0,55.0,0.0492561413987147,-0.13480658511341304
[Cu]OS(=O)OCCCC[Au],4674194724453749075,30.0,50.0,0.05141406767383039,-0.13264865883829735
[Cu]OS(=O)OCCCC[Au],4674194724453749075,35.0,45.0,0.051839151444911025,-0.13222357506721494
[Cu]OS(=O)OCCCC[Au],4674194724453749075,40.0,40.0,0.05069277416349394,-0.1333699523486338
[Cu]OS(=O)OCCCC[Au],4674194724453749075,45.0,35.0,0.04812132263464797,-0.13594140387748155
[Cu]OS(=O)OCCCC[Au],4674194724453749075,50.0,30.0,0.044257718435535054,-0.1398050080765909
[Cu]OS(=O)OCCCC[Au],4674194724453749075,55.0,25.0,0.039222774257213544,-0.1448399522549142
[Cu]OS(=O)OCCCC[Au],4674194724453749075,60.0,20.0,0.03312639879398027,-0.15093632771814747
[Cu]OS(=O)OCCCC[Au],4674194724453749075,65.0,15.0,0.02606866884558734,-0.1579940576665404
[Cu]OS(=O)OCCCC[Au],4674194724453749075,70.0,10.0,0.018140784778470476,-0.16592194173365726
[Cu]OS(=O)OCCCC[Au],4674194724453749075,75.0,5.0,0.0094259233423859,-0.17463680316974006
[Cu]OS(=O)OCCCC[Au],6820853345387366669,0.0,80.0,0.6874545800309271,0.3976594447878732
[Cu]OS(=O)OCCCC[Au],6820853345387366669,5.0,75.0,0.6048207682195486,0.31502563297649466
[Cu]OS(=O)OCCCC[Au],6820853345387366669,10.0,70.0,0.5296928909918233,0.23989775574876937
[Cu]OS(=O)OCCCC[Au],6820853345387366669,15.0,65.0,0.4614455506551991,0.17165041541214698
[Cu]OS(=O)OCCCC[Au],6820853345387366669,20.0,60.0,0.39951175390319094,0.10971661866013882
[Cu]OS(=O)OCCCC[Au],6820853345387366669,25.0,55.0,0.34337671716142104,0.05358158191836715
[Cu]OS(=O)OCCCC[Au],6820853345387366669,30.0,50.0,0.2925724112386803,0.0027772759956263826
[Cu]OS(=O)OCCCC[Au],6820853345387366669,35.0,45.0,0.24667274720208354,-0.04312238804097035
[Cu]OS(=O)OCCCC[Au],6820853345387366669,40.0,40.0,0.20528931969720432,-0.0845058155458478
[Cu]OS(=O)OCCCC[Au],6820853345387366669,45.0,35.0,0.1680676359661799,-0.12172749927687221
[Cu]OS(=O)OCCCC[Au],6820853345387366669,50.0,30.0,0.1346837689677436,-0.1551113662753103
[Cu]OS(=O)OCCCC[Au],6820853345387366669,55.0,25.0,0.10484138159070788,-0.18495375365234779
[Cu]OS(=O)OCCCC[Au],6820853345387366669,60.0,20.0,0.07826907623631563,-0.21152605900673827
[Cu]OS(=O)OCCCC[Au],6820853345387366669,65.0,15.0,0.054718030239016,-0.2350771050040379
[Cu]OS(=O)OCCCC[Au],6820853345387366669,70.0,10.0,0.03395988287546814,-0.25583525236758575
[Cu]OS(=O)OCCCC[Au],6820853345387366669,75.0,5.0,0.015784844223828642,-0.27401029101922525
[Cu]OS(=O)OCCCC[Au],9204336249946964762,0.0,80.0,1.702340914608321,3.2768351347587323
[Cu]OS(=O)OCCCC[Au],9204336249946964762,5.0,75.0,1.467186869961468,3.0416810901118794
[Cu]OS(=O)OCCCC[Au],9204336249946964762,10.0,70.0,1.256684984944492,2.831179205094907
[Cu]OS(=O)OCCCC[Au],9204336249946964762,15.0,65.0,1.0687157523942048,2.6432099725446196
[Cu]OS(=O)OCCCC[Au],9204336249946964762,20.0,60.0,0.9013603442256208,2.475854564376034
[Cu]OS(=O)OCCCC[Au],9204336249946964762,25.0,55.0,0.7528791611959313,2.327373381346346
[Cu]OS(=O)OCCCC[Au],9204336249946964762,30.0,50.0,0.6216929553747086,2.1961871755251217
[Cu]OS(=O)OCCCC[Au],9204336249946964762,35.0,45.0,0.5063661828306429,2.080860402981058
[Cu]OS(=O)OCCCC[Au],9204336249946964762,40.0,40.0,0.405592294112763,1.980086514263176
[Cu]OS(=O)OCCCC[Au],9204336249946964762,45.0,35.0,0.31818071220991406,1.892674932360329
[Cu]OS(=O)OCCCC[Au],9204336249946964762,50.0,30.0,0.2430452831826937,1.8175395033331068
[Cu]OS(=O)OCCCC[Au],9204336249946964762,55.0,25.0,0.17919401469146834,1.7536882348418814
[Cu]OS(=O)OCCCC[Au],9204336249946964762,60.0,20.0,0.12571994310585666,1.7002141632562715
[Cu]OS(=O)OCCCC[Au],9204336249946964762,65.0,15.0,0.08179299152472552,1.6562872116751386
[Cu]OS(=O)OCCCC[Au],9204336249946964762,70.0,10.0,0.04665269947960482,1.621146919630018
[Cu]OS(=O)OCCCC[Au],9204336249946964762,75.0,5.0,0.019601720849008686,1.5940959409994218
[Cu]P(OCCOCCOC)(OCCOCCOC)=N[Au],11871549366578440926,25.0,55.0,-0.5962127664995265,-0.2887977449786199
[Cu]P(OCCOCCOC)(OCCOCCOC)=N[Au],11871549366578440926,30.0,50.0,-0.5081044592106725,-0.2006894376897641
[Cu]P(OCCOCCOC)(OCCOCCOC)=N[Au],11871549366578440926,35.0,45.0,-0.42848527435318395,-0.12107025283227735
[Cu]P(OCCOCCOC)(OCCOCCOC)=N[Au],11871549366578440926,40.0,40.0,-0.3566832134925342,-0.04926819197162757
[Cu]P(OCCOCCOC)(OCCOCCOC)=N[Au],11871549366578440926,45.0,35.0,-0.29208494198970847,0.015330079531199914
[Cu]P(OCCOCCOC)(OCCOCCOC)=N[Au],11871549366578440926,50.0,30.0,-0.23412999993976413,0.07328502158114247
[Cu]P(OCCOCCOC)(OCCOCCOC)=N[Au],11871549366578440926,55.0,25.0,-0.18230565494791406,0.12510936657299254
[Cu]P(OCCOCCOC)(OCCOCCOC)=N[Au],11871549366578440926,60.0,20.0,-0.1361423176620331,0.17127270385887527
[Cu]P(OCCOCCOC)(OCCOCCOC)=N[Au],11871549366578440926,65.0,15.0,-0.09520945169272821,0.2122055698281784
[Cu]P(OCCOCCOC)(OCCOCCOC)=N[Au],11871549366578440926,70.0,10.0,-0.059111918684385145,0.24830310283652324
[Cu]P(OCCOCCOC)(OCCOCCOC)=N[Au],11871549366578440926,75.0,5.0,-0.027486707104181107,0.2799283144167255
[Cu]P(OCCOCCOC)(OCCOCCOC)=N[Au],12907666262611709047,25.0,55.0,-0.3140734352287602,-0.12300811703586234
[Cu]P(OCCOCCOC)(OCCOCCOC)=N[Au],12907666262611709047,30.0,50.0,-0.2616890327346528,-0.07062371454175498
[Cu]P(OCCOCCOC)(OCCOCCOC)=N[Au],12907666262611709047,35.0,45.0,-0.21531659862995234,-0.02425128043705449
[Cu]P(OCCOCCOC)(OCCOCCOC)=N[Au],12907666262611709047,40.0,40.0,-0.17446490873122222,0.016600409461675625
[Cu]P(OCCOCCOC)(OCCOCCOC)=N[Au],12907666262611709047,45.0,35.0,-0.13868619500122925,0.0523791231916686
[Cu]P(OCCOCCOC)(OCCOCCOC)=N[Au],12907666262611709047,50.0,30.0,-0.1075718257539986,0.08349349243889925
[Cu]P(OCCOCCOC)(OCCOCCOC)=N[Au],12907666262611709047,55.0,25.0,-0.08074846701884653,0.11031685117404955
[Cu]P(OCCOCCOC)(OCCOCCOC)=N[Au],12907666262611709047,60.0,20.0,-0.05787466559005061,0.13319065260284724
[Cu]P(OCCOCCOC)(OCCOCCOC)=N[Au],12907666262611709047,65.0,15.0,-0.038637802363981066,0.15242751582891678
[Cu]P(OCCOCCOC)(OCCOCCOC)=N[Au],12907666262611709047,70.0,10.0,-0.02275137144729733,0.16831394674560052
[Cu]P(OCCOCCOC)(OCCOCCOC)=N[Au],12907666262611709047,75.0,5.0,-0.009952546398640294,0.18111277179425755
[Cu]P(OCCOCCOC)(OCCOCCOC)=N[Au],12947269857772096760,25.0,55.0,-0.06486972436872485,-1.3935228577486196
[Cu]P(OCCOCCOC)(OCCOCCOC)=N[Au],12947269857772096760,30.0,50.0,-0.047272097958446224,-1.375925231338341
[Cu]P(OCCOCCOC)(OCCOCCOC)=N[Au],12947269857772096760,35.0,45.0,-0.03266451083362476,-1.3613176442135195
[Cu]P(OCCOCCOC)(OCCOCCOC)=N[Au],12947269857772096760,40.0,40.0,-0.020789719721094002,-1.3494428531009888
[Cu]P(OCCOCCOC)(OCCOCCOC)=N[Au],12947269857772096760,45.0,35.0,-0.011413707540103957,-1.3400668409199987
[Cu]P(OCCOCCOC)(OCCOCCOC)=N[Au],12947269857772096760,50.0,30.0,-0.004323349189791159,-1.332976482569686
[Cu]P(OCCOCCOC)(OCCOCCOC)=N[Au],12947269857772096760,55.0,25.0,0.0006756608885964965,-1.3279774724912983
[Cu]P(OCCOCCOC)(OCCOCCOC)=N[Au],12947269857772096760,60.0,20.0,0.0037606518824002677,-1.3248924814974945
[Cu]P(OCCOCCOC)(OCCOCCOC)=N[Au],12947269857772096760,65.0,15.0,0.005093618589971705,-1.323559514789923
[Cu]P(OCCOCCOC)(OCCOCCOC)=N[Au],12947269857772096760,70.0,10.0,0.0048226865210603265,-1.3238304468588327
[Cu]P(OCCOCCOC)(OCCOCCOC)=N[Au],12947269857772096760,75.0,5.0,0.003083421200054559,-1.3255697121798393
[Cu]P(OCCOCCOC)(OCCOCCOC)=N[Au],14235175672808963085,25.0,55.0,-0.8433851784148807,0.780797989461659
[Cu]P(OCCOCCOC)(OCCOCCOC)=N[Au],14235175672808963085,30.0,50.0,-0.7453535924564108,0.8788295754201307
[Cu]P(OCCOCCOC)(OCCOCCOC)=N[Au],14235175672808963085,35.0,45.0,-0.6524682942706512,0.9717148736058885
[Cu]P(OCCOCCOC)(OCCOCCOC)=N[Au],14235175672808963085,40.0,40.0,-0.5643901537342444,1.059793014142297
[Cu]P(OCCOCCOC)(OCCOCCOC)=N[Au],14235175672808963085,45.0,35.0,-0.48080709057788695,1.1433760772986545
[Cu]P(OCCOCCOC)(OCCOCCOC)=N[Au],14235175672808963085,50.0,30.0,-0.40143154520853663,1.2227516226680049
[Cu]P(OCCOCCOC)(OCCOCCOC)=N[Au],14235175672808963085,55.0,25.0,-0.3259982200513143,1.2981849478252272
[Cu]P(OCCOCCOC)(OCCOCCOC)=N[Au],14235175672808963085,60.0,20.0,-0.2542620589242457,1.369921108952294
[Cu]P(OCCOCCOC)(OCCOCCOC)=N[Au],14235175672808963085,65.0,15.0,-0.18599643627590368,1.4381867316006378
[Cu]P(OCCOCCOC)(OCCOCCOC)=N[Au],14235175672808963085,70.0,10.0,-0.12099153180534827,1.5031916360711932
[Cu]P(OCCOCCOC)(OCCOCCOC)=N[Au],14235175672808963085,75.0,5.0,-0.05905286914484442,1.5651302987316953
[Cu]P(OCCOCCOC)(OCCOCCOC)=N[Au],1580457553146156157,25.0,55.0,2.7893156385365057,3.751938323130375
[Cu]P(OCCOCCOC)(OCCOCCOC)=N[Au],1580457553146156157,30.0,50.0,2.371614436278385,3.3342371208722525
[Cu]P(OCCOCCOC)(OCCOCCOC)=N[Au],1580457553146156157,35.0,45.0,1.995046344373943,2.9576690289678087
[Cu]P(OCCOCCOC)(OCCOCCOC)=N[Au],1580457553146156157,40.0,40.0,1.656341168202955,2.6189638527968206
[Cu]P(OCCOCCOC)(OCCOCCOC)=N[Au],1580457553146156157,45.0,35.0,1.3525147209434536,2.315137405537321
[Cu]P(OCCOCCOC)(OCCOCCOC)=N[Au],1580457553146156157,50.0,30.0,1.0808405707907411,2.0434632553846086
[Cu]P(OCCOCCOC)(OCCOCCOC)=N[Au],1580457553146156157,55.0,25.0,0.8388249226270936,1.801447607220961
[Cu]P(OCCOCCOC)(OCCOCCOC)=N[Au],1580457553146156157,60.0,20.0,0.6241842477701045,1.586806932363972
[Cu]P(OCCOCCOC)(OCCOCCOC)=N[Au],1580457553146156157,65.0,15.0,0.4348253277834466,1.397448012377314
[Cu]P(OCCOCCOC)(OCCOCCOC)=N[Au],1580457553146156157,70.0,10.0,0.26882742296396067,1.2314501075578281
[Cu]P(OCCOCCOC)(OCCOCCOC)=N[Au],1580457553146156157,75.0,5.0,0.12442631425518869,1.087048998849058
[Cu]P(OCCOCCOC)(OCCOCCOC)=N[Au],1981954987971215758,25.0,55.0,-0.20813432316787228,-0.5937467151554028
[Cu]P(OCCOCCOC)(OCCOCCOC)=N[Au],1981954987971215758,30.0,50.0,-0.1709782630496477,-0.5565906550371782
[Cu]P(OCCOCCOC)(OCCOCCOC)=N[Au],1981954987971215758,35.0,45.0,-0.13843599363528725,-0.5240483856228177
[Cu]P(OCCOCCOC)(OCCOCCOC)=N[Au],1981954987971215758,40.0,40.0,-0.11012587411200592,-0.4957382660995364
[Cu]P(OCCOCCOC)(OCCOCCOC)=N[Au],1981954987971215758,45.0,35.0,-0.08570019450367639,-0.4713125864912051
[Cu]P(OCCOCCOC)(OCCOCCOC)=N[Au],1981954987971215758,50.0,30.0,-0.06484179360127129,-0.4504541855888018
[Cu]P(OCCOCCOC)(OCCOCCOC)=N[Au],1981954987971215758,55.0,25.0,-0.047261054244888356,-0.43287344623241886
[Cu]P(OCCOCCOC)(OCCOCCOC)=N[Au],1981954987971215758,60.0,20.0,-0.03269322926058571,-0.418305621248118
[Cu]P(OCCOCCOC)(OCCOCCOC)=N[Au],1981954987971215758,65.0,15.0,-0.020896057701135007,-0.4065084496886655
[Cu]P(OCCOCCOC)(OCCOCCOC)=N[Au],1981954987971215758,70.0,10.0,-0.011647636447058574,-0.3972600284345891
[Cu]P(OCCOCCOC)(OCCOCCOC)=N[Au],1981954987971215758,75.0,5.0,-0.004744516843139479,-0.39035690883067176
[Cu]P(OCCOCCOC)(OCCOCCOC)=N[Au],2426865805051017093,25.0,55.0,-0.347404035477048,0.43159692679058814
[Cu]P(OCCOCCOC)(OCCOCCOC)=N[Au],2426865805051017093,30.0,50.0,-0.2950351045382895,0.4839658577293484
[Cu]P(OCCOCCOC)(OCCOCCOC)=N[Au],2426865805051017093,35.0,45.0,-0.24787822191307995,0.5311227403545562
[Cu]P(OCCOCCOC)(OCCOCCOC)=N[Au],2426865805051017093,40.0,40.0,-0.20551816089208508,0.5734828013755529
[Cu]P(OCCOCCOC)(OCCOCCOC)=N[Au],2426865805051017093,45.0,35.0,-0.16757604191997544,0.6114249203476625
[Cu]P(OCCOCCOC)(OCCOCCOC)=N[Au],2426865805051017093,50.0,30.0,-0.1337057403610249,0.645295221906613
[Cu]P(OCCOCCOC)(OCCOCCOC)=N[Au],2426865805051017093,55.0,25.0,-0.10359069292123557,0.6754102693464024
[Cu]P(OCCOCCOC)(OCCOCCOC)=N[Au],2426865805051017093,60.0,20.0,-0.07694105357564673,0.7020599086919912
[Cu]P(OCCOCCOC)(OCCOCCOC)=N[Au],2426865805051017093,65.0,15.0,-0.0534911565107592,0.7255098057568787
[Cu]P(OCCOCCOC)(OCCOCCOC)=N[Au],2426865805051017093,70.0,10.0,-0.03299724927033765,0.7460037129973003
[Cu]P(OCCOCCOC)(OCCOCCOC)=N[Au],2426865805051017093,75.0,5.0,-0.01523546414481558,0.7637654981228224
[Cu]P(OCCOCCOC)(OCCOCCOC)=N[Au],2920528926937999056,25.0,55.0,0.06706669227064133,-1.5185324196778947
[Cu]P(OCCOCCOC)(OCCOCCOC)=N[Au],2920528926937999056,30.0,50.0,0.06718043190540257,-1.5184186800431334
[Cu]P(OCCOCCOC)(OCCOCCOC)=N[Au],2920528926937999056,35.0,45.0,0.06566329184039432,-1.5199358201081434
[Cu]P(OCCOCCOC)(OCCOCCOC)=N[Au],2920528926937999056,40.0,40.0,0.06267009024776371,-1.5229290217007705
[Cu]P(OCCOCCOC)(OCCOCCOC)=N[Au],2920528926937999056,45.0,35.0,0.05834116714620485,-1.5272579448023293
[Cu]P(OCCOCCOC)(OCCOCCOC)=N[Au],2920528926937999056,50.0,30.0,0.05280386594792219,-1.5327952460006138
[Cu]P(OCCOCCOC)(OCCOCCOC)=N[Au],2920528926937999056,55.0,25.0,0.04617384701782967,-1.5394252649307063
[Cu]P(OCCOCCOC)(OCCOCCOC)=N[Au],2920528926937999056,60.0,20.0,0.038556254260901035,-1.547042857687634
[Cu]P(OCCOCCOC)(OCCOCCOC)=N[Au],2920528926937999056,65.0,15.0,0.030046752875181326,-1.5555523590733547
[Cu]P(OCCOCCOC)(OCCOCCOC)=N[Au],2920528926937999056,70.0,10.0,0.020732453957690744,-1.5648666579908443
[Cu]P(OCCOCCOC)(OCCOCCOC)=N[Au],2920528926937999056,75.0,5.0,0.01069273955973582,-1.5749063723887993
[Cu]P(OCCOCCOC)(OCCOCCOC)=N[Au],3291339790847918545,25.0,55.0,0.9589168386060116,0.5689897267574668
[Cu]P(OCCOCCOC)(OCCOCCOC)=N[Au],3291339790847918545,30.0,50.0,0.8010164921703975,0.4110893803218527
[Cu]P(OCCOCCOC)(OCCOCCOC)=N[Au],3291339790847918545,35.0,45.0,0.6609460568218921,0.27101894497334733
[Cu]P(OCCOCCOC)(OCCOCCOC)=N[Au],3291339790847918545,40.0,40.0,0.537252579693309,0.1473254678447642
[Cu]P(OCCOCCOC)(OCCOCCOC)=N[Au],3291339790847918545,45.0,35.0,0.4286115023427062,0.03868439049416139
[Cu]P(OCCOCCOC)(OCCOCCOC)=N[Au],3291339790847918545,50.0,30.0,0.33381390523101295,-0.056113206617530054
[Cu]P(OCCOCCOC)(OCCOCCOC)=N[Au],3291339790847918545,55.0,25.0,0.25175517243458323,-0.13817193941396155
[Cu]P(OCCOCCOC)(OCCOCCOC)=N[Au],3291339790847918545,60.0,20.0,0.1814249010908302,-0.20850221075771458
[Cu]P(OCCOCCOC)(OCCOCCOC)=N[Au],3291339790847918545,65.0,15.0,0.12189790390003097,-0.26802920794851204
[Cu]P(OCCOCCOC)(OCCOCCOC)=N[Au],3291339790847918545,70.0,10.0,0.07232617331051472,-0.31760093853803006
[Cu]P(OCCOCCOC)(OCCOCCOC)=N[Au],3291339790847918545,75.0,5.0,0.03193169336019963,-0.35799541848834515
[Cu]P(OCCOCCOC)(OCCOCCOC)=N[Au],5517778301643491536,25.0,55.0,-0.45720549971871804,-0.40688937318494034
[Cu]P(OCCOCCOC)(OCCOCCOC)=N[Au],5517778301643491536,30.0,50.0,-0.3803395780148229,-0.33002345148104517
[Cu]P(OCCOCCOC)(OCCOCCOC)=N[Au],5517778301643491536,35.0,45.0,-0.3123823977963749,-0.2620662712625972
[Cu]P(OCCOCCOC)(OCCOCCOC)=N[Au],5517778301643491536,40.0,40.0,-0.2526048850546143,-0.20228875852083483
[Cu]P(OCCOCCOC)(OCCOCCOC)=N[Au],5517778301643491536,45.0,35.0,-0.20034250542966348,-0.150026378895884
[Cu]P(OCCOCCOC)(OCCOCCOC)=N[Au],5517778301643491536,50.0,30.0,-0.15498884631257148,-0.104672719778792
[Cu]P(OCCOCCOC)(OCCOCCOC)=N[Au],5517778301643491536,55.0,25.0,-0.1159899139625491,-0.06567378742876961
[Cu]P(OCCOCCOC)(OCCOCCOC)=N[Au],5517778301643491536,60.0,20.0,-0.08283905724692531,-0.0325229307131476
[Cu]P(OCCOCCOC)(OCCOCCOC)=N[Au],5517778301643491536,65.0,15.0,-0.05507244161431757,-0.0047563150805398635
[Cu]P(OCCOCCOC)(OCCOCCOC)=N[Au],5517778301643491536,70.0,10.0,-0.03226500714062652,0.01805111939315296
[Cu]P(OCCOCCOC)(OCCOCCOC)=N[Au],5517778301643491536,75.0,5.0,-0.014026853225647784,0.036289273308133474
[Cu]P(OCCOCCOC)(OCCOCCOC)=N[Au],5884686586400729486,25.0,55.0,0.39627844264447454,-1.815270451314035
[Cu]P(OCCOCCOC)(OCCOCCOC)=N[Au],5884686586400729486,30.0,50.0,0.36300397643406335,-1.8485449175244444
[Cu]P(OCCOCCOC)(OCCOCCOC)=N[Au],5884686586400729486,35.0,45.0,0.3288492344548075,-1.8826996595037002
[Cu]P(OCCOCCOC)(OCCOCCOC)=N[Au],5884686586400729486,40.0,40.0,0.29394877214950377,-1.917600121809004
[Cu]P(OCCOCCOC)(OCCOCCOC)=N[Au],5884686586400729486,45.0,35.0,0.2584229696746867,-1.953125924283821
[Cu]P(OCCOCCOC)(OCCOCCOC)=N[Au],5884686586400729486,50.0,30.0,0.2223795639680466,-1.9891693299904594
[Cu]P(OCCOCCOC)(OCCOCCOC)=N[Au],5884686586400729486,55.0,25.0,0.18591500155172014,-2.025633892406786
[Cu]P(OCCOCCOC)(OCCOCCOC)=N[Au],5884686586400729486,60.0,20.0,0.14911563496090885,-2.062433258997598
[Cu]P(OCCOCCOC)(OCCOCCOC)=N[Au],5884686586400729486,65.0,15.0,0.11205878250713397,-2.0994901114513738
[Cu]P(OCCOCCOC)(OCCOCCOC)=N[Au],5884686586400729486,70.0,10.0,0.07481366838301717,-2.1367352255754906
[Cu]P(OCCOCCOC)(OCCOCCOC)=N[Au],5884686586400729486,75.0,5.0,0.03744225781427435,-2.1741066361442325
[Cu]P(OCCOCCOC)(OCCOCCOC)=N[Au],6969642388581131466,25.0,55.0,0.10600823209109933,-0.17304501392058746
[Cu]P(OCCOCCOC)(OCCOCCOC)=N[Au],6969642388581131466,30.0,50.0,0.10606229104188358,-0.1729909549698032
[Cu]P(OCCOCCOC)(OCCOCCOC)=N[Au],6969642388581131466,35.0,45.0,0.10357094659469368,-0.1754822994169949
[Cu]P(OCCOCCOC)(OCCOCCOC)=N[Au],6969642388581131466,40.0,40.0,0.09877602081152936,-0.18027722520015743
[Cu]P(OCCOCCOC)(OCCOCCOC)=N[Au],6969642388581131466,45.0,35.0,0.09189671534934796,-0.18715653066233884
[Cu]P(OCCOCCOC)(OCCOCCOC)=N[Au],6969642388581131466,50.0,30.0,0.08313192650413015,-0.19592131950755665
[Cu]P(OCCOCCOC)(OCCOCCOC)=N[Au],6969642388581131466,55.0,25.0,0.0726622977391127,-0.2063909482725741
[Cu]P(OCCOCCOC)(OCCOCCOC)=N[Au],6969642388581131466,60.0,20.0,0.06065204254065648,-0.21840120347103031
[Cu]P(OCCOCCOC)(OCCOCCOC)=N[Au],6969642388581131466,65.0,15.0,0.04725056594669752,-0.23180268006498927
[Cu]P(OCCOCCOC)(OCCOCCOC)=N[Au],6969642388581131466,70.0,10.0,0.032593909263319176,-0.24645933674836762
[Cu]P(OCCOCCOC)(OCCOCCOC)=N[Au],6969642388581131466,75.0,5.0,0.016806039217557966,-0.2622472067941306
[Cu]P(OCCOCCOC)(OCCOCCOC)=N[Au],8004866971556153540,25.0,55.0,-0.7249060793767779,0.5090594071952559
[Cu]P(OCCOCCOC)(OCCOCCOC)=N[Au],8004866971556153540,30.0,50.0,-0.630261139121643,0.6037043474503907
[Cu]P(OCCOCCOC)(OCCOCCOC)=N[Au],8004866971556153540,35.0,45.0,-0.5427181996908121,0.6912472868812216
[Cu]P(OCCOCCOC)(OCCOCCOC)=N[Au],8004866971556153540,40.0,40.0,-0.4617470876576881,0.7722183989143456
[Cu]P(OCCOCCOC)(OCCOCCOC)=N[Au],8004866971556153540,45.0,35.0,-0.3868627135264475,0.847102773045588
[Cu]P(OCCOCCOC)(OCCOCCOC)=N[Au],8004866971556153540,50.0,30.0,-0.31762068851572955,0.916344798056306
[Cu]P(OCCOCCOC)(OCCOCCOC)=N[Au],8004866971556153540,55.0,25.0,-0.2536134226717248,0.9803520639003089
[Cu]P(OCCOCCOC)(OCCOCCOC)=N[Au],8004866971556153540,60.0,20.0,-0.1944666454017714,1.0394988411702641
[Cu]P(OCCOCCOC)(OCCOCCOC)=N[Au],8004866971556153540,65.0,15.0,-0.13983629746012483,1.0941291891119107
[Cu]P(OCCOCCOC)(OCCOCCOC)=N[Au],8004866971556153540,70.0,10.0,-0.08940575019105879,1.144559736380975
[Cu]P(OCCOCCOC)(OCCOCCOC)=N[Au],8004866971556153540,75.0,5.0,-0.04288331362655562,1.1910821729454781
[Cu]P(OCCOCCOC)(OCCOCCOC)=N[Au],9382498007287262380,25.0,55.0,-0.761394801896401,0.27043031968056574
[Cu]P(OCCOCCOC)(OCCOCCOC)=N[Au],9382498007287262380,30.0,50.0,-0.6698443607455218,0.36198076083144315
[Cu]P(OCCOCCOC)(OCCOCCOC)=N[Au],9382498007287262380,35.0,45.0,-0.5837263829627375,0.44809873861422744
[Cu]P(OCCOCCOC)(OCCOCCOC)=N[Au],9382498007287262380,40.0,40.0,-0.502664627709553,0.5291604938674119
[Cu]P(OCCOCCOC)(OCCOCCOC)=N[Au],9382498007287262380,45.0,35.0,-0.4263136849676865,0.6055114366092784
[Cu]P(OCCOCCOC)(OCCOCCOC)=N[Au],9382498007287262380,50.0,30.0,-0.35435604355915373,0.677469078017813
[Cu]P(OCCOCCOC)(OCCOCCOC)=N[Au],9382498007287262380,55.0,25.0,-0.2864994764404507,0.745325645136516
[Cu]P(OCCOCCOC)(OCCOCCOC)=N[Au],9382498007287262380,60.0,20.0,-0.22247470484452947,0.8093504167324372
[Cu]P(OCCOCCOC)(OCCOCCOC)=N[Au],9382498007287262380,65.0,15.0,-0.16203330798350102,0.8697918135934639
[Cu]P(OCCOCCOC)(OCCOCCOC)=N[Au],9382498007287262380,70.0,10.0,-0.10494584941343987,0.9268792721635251
[Cu]P(OCCOCCOC)(OCCOCCOC)=N[Au],9382498007287262380,75.0,5.0,-0.05100019491917962,0.9808249266577853
[Cu][Si](C)(CCC1OC(=O)OC1)CCC[Au],1053759462046235008,30.0,50.0,0.03609072428157489,1.602691252402412
[Cu][Si](C)(CCC1OC(=O)OC1)CCC[Au],1053759462046235008,35.0,45.0,0.021600897461404145,1.588201425582243
[Cu][Si](C)(CCC1OC(=O)OC1)CCC[Au],1053759462046235008,40.0,40.0,0.010127072382282165,1.576727600503121
[Cu][Si](C)(CCC1OC(=O)OC1)CCC[Au],1053759462046235008,45.0,35.0,0.0014085623715107687,1.5680090904923478
[Cu][Si](C)(CCC1OC(=O)OC1)CCC[Au],1053759462046235008,50.0,30.0,-0.00479196520772085,1.561808562913118
[Cu][Si](C)(CCC1OC(=O)OC1)CCC[Au],1053759462046235008,55.0,25.0,-0.00869080984349857,1.5579097182773385
[Cu][Si](C)(CCC1OC(=O)OC1)CCC[Au],1053759462046235008,60.0,20.0,-0.010485301722731322,1.5561152263981075
[Cu][Si](C)(CCC1OC(=O)OC1)CCC[Au],1053759462046235008,65.0,15.0,-0.010355640043034242,1.5562448880778028
[Cu][Si](C)(CCC1OC(=O)OC1)CCC[Au],1053759462046235008,70.0,10.0,-0.008466533058021142,1.558133995062816
[Cu][Si](C)(CCC1OC(=O)OC1)CCC[Au],1053759462046235008,75.0,5.0,-0.004968663508778448,1.5616318646120604
[Cu][Si](C)(CCC1OC(=O)OC1)CCC[Au],11189377344058937064,30.0,50.0,-2.1867412918150855,-5.328812080580242
[Cu][Si](C)(CCC1OC(=O)OC1)CCC[Au],11189377344058937064,35.0,45.0,-1.8643054085508126,-5.006376197315971
[Cu][Si](C)(CCC1OC(=O)OC1)CCC[Au],11189377344058937064,40.0,40.0,-1.56987932918231,-4.7119501179474685
[Cu][Si](C)(CCC1OC(=O)OC1)CCC[Au],11189377344058937064,45.0,35.0,-1.3013204465878943,-4.4433912353530545
[Cu][Si](C)(CCC1OC(=O)OC1)CCC[Au],11189377344058937064,50.0,30.0,-1.0566688490659182,-4.198739637831075
[Cu][Si](C)(CCC1OC(=O)OC1)CCC[Au],11189377344058937064,55.0,25.0,-0.8341296439622319,-3.9762004327273903
[Cu][Si](C)(CCC1OC(=O)OC1)CCC[Au],11189377344058937064,60.0,20.0,-0.6320572063545402,-3.7741279951196987
[Cu][Si](C)(CCC1OC(=O)OC1)CCC[Au],11189377344058937064,65.0,15.0,-0.44894111955313676,-3.591011908318295
[Cu][Si](C)(CCC1OC(=O)OC1)CCC[Au],11189377344058937064,70.0,10.0,-0.2833936052699553,-3.4254643940351137
[Cu][Si](C)(CCC1OC(=O)OC1)CCC[Au],11189377344058937064,75.0,5.0,-0.1341382678839942,-3.2762090566491526
[Cu][Si](C)(CCC1OC(=O)OC1)CCC[Au],11376176501476072646,30.0,50.0,2.628462111723543,5.958868215922797
[Cu][Si](C)(CCC1OC(=O)OC1)CCC[Au],11376176501476072646,35.0,45.0,2.253217254783312,5.583623358982569
[Cu][Si](C)(CCC1OC(=O)OC1)CCC[Au],11376176501476072646,40.0,40.0,1.908207741331175,5.238613845530432
[Cu][Si](C)(CCC1OC(=O)OC1)CCC[Au],11376176501476072646,45.0,35.0,1.5911610148662412,4.921567119065493
[Cu][Si](C)(CCC1OC(=O)OC1)CCC[Au],11376176501476072646,50.0,30.0,1.2999967815571907,4.630402885756448
[Cu][Si](C)(CCC1OC(=O)OC1)CCC[Au],11376176501476072646,55.0,25.0,1.0328084906118953,4.363214594811151
[Cu][Si](C)(CCC1OC(=O)OC1)CCC[Au],11376176501476072646,60.0,20.0,0.7878468257841202,4.118252929983374
[Cu][Si](C)(CCC1OC(=O)OC1)CCC[Au],11376176501476072646,65.0,15.0,0.5635049648326991,3.8939110690319545
[Cu][Si](C)(CCC1OC(=O)OC1)CCC[Au],11376176501476072646,70.0,10.0,0.3583053961187872,3.688711500318041
[Cu][Si](C)(CCC1OC(=O)OC1)CCC[Au],11376176501476072646,75.0,5.0,0.1708881092007477,3.5012942134000014
[Cu][Si](C)(CCC1OC(=O)OC1)CCC[Au],11464698960435272015,30.0,50.0,0.11428628131254293,-0.2928006197829873
[Cu][Si](C)(CCC1OC(=O)OC1)CCC[Au],11464698960435272015,35.0,45.0,0.09310077663667471,-0.3139861244588573
[Cu][Si](C)(CCC1OC(=O)OC1)CCC[Au],11464698960435272015,40.0,40.0,0.07458633291191674,-0.33250056818361706
[Cu][Si](C)(CCC1OC(=O)OC1)CCC[Au],11464698960435272015,45.0,35.0,0.05852445663742856,-0.34856244445810347
[Cu][Si](C)(CCC1OC(=O)OC1)CCC[Au],11464698960435272015,50.0,30.0,0.044715816981067746,-0.3623710841144643
[Cu][Si](C)(CCC1OC(=O)OC1)CCC[Au],11464698960435272015,55.0,25.0,0.032978362747806855,-0.3741085383477252
[Cu][Si](C)(CCC1OC(=O)OC1)CCC[Au],11464698960435272015,60.0,20.0,0.02314564644504813,-0.3839412546504839
[Cu][Si](C)(CCC1OC(=O)OC1)CCC[Au],11464698960435272015,65.0,15.0,0.015065330182260084,-0.39202157091327194
[Cu][Si](C)(CCC1OC(=O)OC1)CCC[Au],11464698960435272015,70.0,10.0,0.008597851526705114,-0.3984890495688269
[Cu][Si](C)(CCC1OC(=O)OC1)CCC[Au],11464698960435272015,75.0,5.0,0.0036152303280871934,-0.4034716707674466
[Cu][Si](C)(CCC1OC(=O)OC1)CCC[Au],1428299922199942492,30.0,50.0,1.4481832705784043,3.4010673523128148
[Cu][Si](C)(CCC1OC(=O)OC1)CCC[Au],1428299922199942492,35.0,45.0,1.2318039291139407,3.1846880108483546
[Cu][Si](C)(CCC1OC(=O)OC1)CCC[Au],1428299922199942492,40.0,40.0,1.0347664626495323,2.9876505443839463
[Cu][Si](C)(CCC1OC(=O)OC1)CCC[Au],1428299922199942492,45.0,35.0,0.8555820167699792,2.8084660985043897
[Cu][Si](C)(CCC1OC(=O)OC1)CCC[Au],1428299922199942492,50.0,30.0,0.6928890376757657,2.6457731194101797
[Cu][Si](C)(CCC1OC(=O)OC1)CCC[Au],1428299922199942492,55.0,25.0,0.5454409364180268,2.498325018152439
[Cu][Si](C)(CCC1OC(=O)OC1)CCC[Au],1428299922199942492,60.0,20.0,0.41209509789626964,2.364979179630682
[Cu][Si](C)(CCC1OC(=O)OC1)CCC[Au],1428299922199942492,65.0,15.0,0.2918030715751776,2.24468715330959
[Cu][Si](C)(CCC1OC(=O)OC1)CCC[Au],1428299922199942492,70.0,10.0,0.1836018026221975,2.136485884356608
[Cu][Si](C)(CCC1OC(=O)OC1)CCC[Au],1428299922199942492,75.0,5.0,0.08660578075374303,2.0394898624881552
[Cu][Si](C)(CCC1OC(=O)OC1)CCC[Au],15885577763824644166,30.0,50.0,0.14143139685474537,1.1389454658242109
[Cu][Si](C)(CCC1OC(=O)OC1)CCC[Au],15885577763824644166,35.0,45.0,0.11909897799934299,1.1166130469688067
[Cu][Si](C)(CCC1OC(=O)OC1)CCC[Au],15885577763824644166,40.0,40.0,0.09898990929970353,1.096503978269169
[Cu][Si](C)(CCC1OC(=O)OC1)CCC[Au],15885577763824644166,45.0,35.0,0.08092928211641848,1.078443351085884
[Cu][Si](C)(CCC1OC(=O)OC1)CCC[Au],15885577763824644166,50.0,30.0,0.06475728342162768,1.0622713523910932
[Cu][Si](C)(CCC1OC(=O)OC1)CCC[Au],15885577763824644166,55.0,25.0,0.05032772536428709,1.0478417943337508
[Cu][Si](C)(CCC1OC(=O)OC1)CCC[Au],15885577763824644166,60.0,20.0,0.03750673566448981,1.0350208046339535
[Cu][Si](C)(CCC1OC(=O)OC1)CCC[Au],15885577763824644166,65.0,15.0,0.026171589292577124,1.0236856582620426
[Cu][Si](C)(CCC1OC(=O)OC1)CCC[Au],15885577763824644166,70.0,10.0,0.016209664499772458,1.0137237334692362
[Cu][Si](C)(CCC1OC(=O)OC1)CCC[Au],15885577763824644166,75.0,5.0,0.00751750849830124,1.005031577467765
[Cu][Si](C)(CCC1OC(=O)OC1)CCC[Au],3445128610976096891,30.0,50.0,-2.6494735465357646,-6.561824496107308
[Cu][Si](C)(CCC1OC(=O)OC1)CCC[Au],3445128610976096891,35.0,45.0,-2.2650674989343003,-6.177418448505843
[Cu][Si](C)(CCC1OC(=O)OC1)CCC[Au],3445128610976096891,40.0,40.0,-1.9128547283864048,-5.825205677957948
[Cu][Si](C)(CCC1OC(=O)OC1)CCC[Au],3445128610976096891,45.0,35.0,-1.5903930817577034,-5.502744031329247
[Cu][Si](C)(CCC1OC(=O)OC1)CCC[Au],3445128610976096891,50.0,30.0,-1.295447874255645,-5.207798823827186
[Cu][Si](C)(CCC1OC(=O)OC1)CCC[Au],3445128610976096891,55.0,25.0,-1.0259718580570922,-4.938322807628635
[Cu][Si](C)(CCC1OC(=O)OC1)CCC[Au],3445128610976096891,60.0,20.0,-0.7800873695419686,-4.69243831911351
[Cu][Si](C)(CCC1OC(=O)OC1)CCC[Au],3445128610976096891,65.0,15.0,-0.5560703914189062,-4.468421340990448
[Cu][Si](C)(CCC1OC(=O)OC1)CCC[Au],3445128610976096891,70.0,10.0,-0.352336301159351,-4.264687250730894
[Cu][Si](C)(CCC1OC(=O)OC1)CCC[Au],3445128610976096891,75.0,5.0,-0.16742710718699616,-4.079778056758539
[Cu][Si](C)(CCC1OC(=O)OC1)CCC[Au],4731443214387586739,30.0,50.0,3.8841504306830714,6.543038388707949
[Cu][Si](C)(CCC1OC(=O)OC1)CCC[Au],4731443214387586739,35.0,45.0,3.244129688651416,5.90301764667629
[Cu][Si](C)(CCC1OC(=O)OC1)CCC[Au],4731443214387586739,40.0,40.0,2.67260679845365,5.3314947564785236
[Cu][Si](C)(CCC1OC(=O)OC1)CCC[Au],4731443214387586739,45.0,35.0,2.1641219650920647,4.823009923116942
[Cu][Si](C)(CCC1OC(=O)OC1)CCC[Au],4731443214387586739,50.0,30.0,1.7136892028866662,4.372577160911543
[Cu][Si](C)(CCC1OC(=O)OC1)CCC[Au],4731443214387586739,55.0,25.0,1.3167500428435392,3.9756380008684165
[Cu][Si](C)(CCC1OC(=O)OC1)CCC[Au],4731443214387586739,60.0,20.0,0.9691323129847227,3.6280202710096
[Cu][Si](C)(CCC1OC(=O)OC1)CCC[Au],4731443214387586739,65.0,15.0,0.6670133743476931,3.3259013323725704
[Cu][Si](C)(CCC1OC(=O)OC1)CCC[Au],4731443214387586739,70.0,10.0,0.40688727791143897,3.0657752359363144
[Cu][Si](C)(CCC1OC(=O)OC1)CCC[Au],4731443214387586739,75.0,5.0,0.18553537823565414,2.8444233362605313
[Cu][Si](C)(CCC1OC(=O)OC1)CCC[Au],5774037747366731,30.0,50.0,-3.461633410057294,-7.119069863853078
[Cu][Si](C)(CCC1OC(=O)OC1)CCC[Au],5774037747366731,35.0,45.0,-2.9542672029726305,-6.611703656768414
[Cu][Si](C)(CCC1OC(=O)OC1)CCC[Au],5774037747366731,40.0,40.0,-2.4903904056302117,-6.147826859425994
[Cu][Si](C)(CCC1OC(=O)OC1)CCC[Au],5774037747366731,45.0,35.0,-2.0666862827019763,-5.724122736497758
[Cu][Si](C)(CCC1OC(=O)OC1)CCC[Au],5774037747366731,50.0,30.0,-1.680120534711893,-5.337556988507675
[Cu][Si](C)(CCC1OC(=O)OC1)CCC[Au],5774037747366731,55.0,25.0,-1.3279139918700285,-4.985350445665812
[Cu][Si](C)(CCC1OC(=O)OC1)CCC[Au],5774037747366731,60.0,20.0,-1.0075182802765532,-4.664954734072337
[Cu][Si](C)(CCC1OC(=O)OC1)CCC[Au],5774037747366731,65.0,15.0,-0.716594100482645,-4.374030554278427
[Cu][Si](C)(CCC1OC(=O)OC1)CCC[Au],5774037747366731,70.0,10.0,-0.4529918063754188,-4.1104282601712026
[Cu][Si](C)(CCC1OC(=O)OC1)CCC[Au],5774037747366731,75.0,5.0,-0.2147340133662885,-3.8721704671620722
[Cu][Si](C)(CCC1OC(=O)OC1)CCC[Au],5857837110223852467,30.0,50.0,1.0661799304440507,3.092422632783208
[Cu][Si](C)(CCC1OC(=O)OC1)CCC[Au],5857837110223852467,35.0,45.0,1.0081771489234832,3.0344198512626406
[Cu][Si](C)(CCC1OC(=O)OC1)CCC[Au],5857837110223852467,40.0,40.0,0.9361981996594118,2.9624409019985674
[Cu][Si](C)(CCC1OC(=O)OC1)CCC[Au],5857837110223852467,45.0,35.0,0.8516365675600746,2.877879269899232
[Cu][Si](C)(CCC1OC(=O)OC1)CCC[Au],5857837110223852467,50.0,30.0,0.7557547357021637,2.781997438041321
[Cu][Si](C)(CCC1OC(=O)OC1)CCC[Au],5857837110223852467,55.0,25.0,0.6496975235789062,2.6759402259180636
[Cu][Si](C)(CCC1OC(=O)OC1)CCC[Au],5857837110223852467,60.0,20.0,0.5345039264046321,2.5607466287437894
[Cu][Si](C)(CCC1OC(=O)OC1)CCC[Au],5857837110223852467,65.0,15.0,0.4111176409949202,2.4373603433340776
[Cu][Si](C)(CCC1OC(=O)OC1)CCC[Au],5857837110223852467,70.0,10.0,0.28039643862733676,2.306639140966494
[Cu][Si](C)(CCC1OC(=O)OC1)CCC[Au],5857837110223852467,75.0,5.0,0.1431205238640345,2.16936322620319
[Cu][Si](C)(CCC1OC(=O)OC1)CCC[Au],6099434862170389720,30.0,50.0,0.7979967436134636,2.074696944762266
[Cu][Si](C)(CCC1OC(=O)OC1)CCC[Au],6099434862170389720,35.0,45.0,0.6582996499683063,1.9349998511171052
[Cu][Si](C)(CCC1OC(=O)OC1)CCC[Au],6099434862170389720,40.0,40.0,0.5349608677948652,1.811661068943664
[Cu][Si](C)(CCC1OC(=O)OC1)CCC[Au],6099434862170389720,45.0,35.0,0.42665702986651155,1.7033572310153122
[Cu][Si](C)(CCC1OC(=O)OC1)CCC[Au],6099434862170389720,50.0,30.0,0.3321803151190963,1.6088805162678987
[Cu][Si](C)(CCC1OC(=O)OC1)CCC[Au],6099434862170389720,55.0,25.0,0.25042712185544325,1.527127323004244
[Cu][Si](C)(CCC1OC(=O)OC1)CCC[Au],6099434862170389720,60.0,20.0,0.18038798479178375,1.4570881859405844
[Cu][Si](C)(CCC1OC(=O)OC1)CCC[Au],6099434862170389720,65.0,15.0,0.12113858437421676,1.3978387855230192
[Cu][Si](C)(CCC1OC(=O)OC1)CCC[Au],6099434862170389720,70.0,10.0,0.07183171708387448,1.348531918232677
[Cu][Si](C)(CCC1OC(=O)OC1)CCC[Au],6099434862170389720,75.0,5.0,0.03169011278344591,1.3083903139322466
[Cu][Si](C)(CCC1OC(=O)OC1)CCC[Au],9334346105239910328,30.0,50.0,-1.8189326410833644,-4.509223192392033
[Cu][Si](C)(CCC1OC(=O)OC1)CCC[Au],9334346105239910328,35.0,45.0,-1.5457882130802023,-4.236078764388871
[Cu][Si](C)(CCC1OC(=O)OC1)CCC[Au],9334346105239910328,40.0,40.0,-1.2973189212836385,-3.9876094725923075
[Cu][Si](C)(CCC1OC(=O)OC1)CCC[Au],9334346105239910328,45.0,35.0,-1.071621084232664,-3.761911635541333
[Cu][Si](C)(CCC1OC(=O)OC1)CCC[Au],9334346105239910328,50.0,30.0,-0.8669539501024044,-3.5572445014110734
[Cu][Si](C)(CCC1OC(=O)OC1)CCC[Au],9334346105239910328,55.0,25.0,-0.6817238996870341,-3.372014450995703
[Cu][Si](C)(CCC1OC(=O)OC1)CCC[Au],9334346105239910328,60.0,20.0,-0.5144703720752535,-3.2047609233839225
[Cu][Si](C)(CCC1OC(=O)OC1)CCC[Au],9334346105239910328,65.0,15.0,-0.36385330410180394,-3.054143855410473
[Cu][Si](C)(CCC1OC(=O)OC1)CCC[Au],9334346105239910328,70.0,10.0,-0.22864190252734318,-2.918932453836012
[Cu][Si](C)(CCC1OC(=O)OC1)CCC[Au],9334346105239910328,75.0,5.0,-0.10770459171794222,-2.7979951430266112
[Cu][Si](CCC1OC(=O)OC1)(CCC1OC(=O)OC1)CCC[Au],1104913587557885122,25.0,55.0,1.622793055279324,4.1902643641736095
[Cu][Si](CCC1OC(=O)OC1)(CCC1OC(=O)OC1)CCC[Au],1104913587557885122,30.0,50.0,1.3869117228208232,3.954383031715107
[Cu][Si](CCC1OC(=O)OC1)(CCC1OC(=O)OC1)CCC[Au],1104913587557885122,35.0,45.0,1.1731213983743523,3.7405927072686413
[Cu][Si](CCC1OC(=O)OC1)(CCC1OC(=O)OC1)CCC[Au],1104913587557885122,40.0,40.0,0.9796834538738519,3.5471547627681392
[Cu][Si](CCC1OC(=O)OC1)(CCC1OC(=O)OC1)CCC[Au],1104913587557885122,45.0,35.0,0.8050106612037737,3.3724819700980593
[Cu][Si](CCC1OC(=O)OC1)(CCC1OC(=O)OC1)CCC[Au],1104913587557885122,50.0,30.0,0.647652272477659,3.215123581371948
[Cu][Si](CCC1OC(=O)OC1)(CCC1OC(=O)OC1)CCC[Au],1104913587557885122,55.0,25.0,0.5062807530142628,3.073752061908552
[Cu][Si](CCC1OC(=O)OC1)(CCC1OC(=O)OC1)CCC[Au],1104913587557885122,60.0,20.0,0.37967996350614364,2.947151272400431
[Cu][Si](CCC1OC(=O)OC1)(CCC1OC(=O)OC1)CCC[Au],1104913587557885122,65.0,15.0,0.2667346154303569,2.834205924324646
[Cu][Si](CCC1OC(=O)OC1)(CCC1OC(=O)OC1)CCC[Au],1104913587557885122,70.0,10.0,0.16642084724195705,2.7338921561362444
[Cu][Si](CCC1OC(=O)OC1)(CCC1OC(=O)OC1)CCC[Au],1104913587557885122,75.0,5.0,0.07779778896607681,2.645269097860366
[Cu][Si](CCC1OC(=O)OC1)(CCC1OC(=O)OC1)CCC[Au],12241583610751474334,25.0,55.0,-0.017179974158212374,-0.5867382216096857
[Cu][Si](CCC1OC(=O)OC1)(CCC1OC(=O)OC1)CCC[Au],12241583610751474334,30.0,50.0,0.015492359591336324,-0.554065887860137
[Cu][Si](CCC1OC(=O)OC1)(CCC1OC(=O)OC1)CCC[Au],12241583610751474334,35.0,45.0,0.04014747243091499,-0.5294107750205583
[Cu][Si](CCC1OC(=O)OC1)(CCC1OC(=O)OC1)CCC[Au],12241583610751474334,40.0,40.0,0.057497311735005496,-0.5120609357164678
[Cu][Si](CCC1OC(=O)OC1)(CCC1OC(=O)OC1)CCC[Au],12241583610751474334,45.0,35.0,0.06818877924638755,-0.501369468205084
[Cu][Si](CCC1OC(=O)OC1)(CCC1OC(=O)OC1)CCC[Au],12241583610751474334,50.0,30.0,0.07281030866134586,-0.49674793879012746
[Cu][Si](CCC1OC(=O)OC1)(CCC1OC(=O)OC1)CCC[Au],12241583610751474334,55.0,25.0,0.07189770274848861,-0.4976605447029847
[Cu][Si](CCC1OC(=O)OC1)(CCC1OC(=O)OC1)CCC[Au],12241583610751474334,60.0,20.0,0.06593932219058551,-0.5036189252608878
[Cu][Si](CCC1OC(=O)OC1)(CCC1OC(=O)OC1)CCC[Au],12241583610751474334,65.0,15.0,0.05538070575571119,-0.5141775416957621
[Cu][Si](CCC1OC(=O)OC1)(CCC1OC(=O)OC1)CCC[Au],12241583610751474334,70.0,10.0,0.040628690687887214,-0.5289295567635861
[Cu][Si](CCC1OC(=O)OC1)(CCC1OC(=O)OC1)CCC[Au],12241583610751474334,75.0,5.0,0.02205509305946407,-0.5475031543920093
[Cu][Si](CCC1OC(=O)OC1)(CCC1OC(=O)OC1)CCC[Au],15305215511836226981,25.0,55.0,-0.936999671352126,0.27261819460226455
[Cu][Si](CCC1OC(=O)OC1)(CCC1OC(=O)OC1)CCC[Au],15305215511836226981,30.0,50.0,-0.9140415865493736,0.2955762794050152
[Cu][Si](CCC1OC(=O)OC1)(CCC1OC(=O)OC1)CCC[Au],15305215511836226981,35.0,45.0,-0.8746298910375234,0.33498797491686716
[Cu][Si](CCC1OC(=O)OC1)(CCC1OC(=O)OC1)CCC[Au],15305215511836226981,40.0,40.0,-0.8203633862159876,0.38925447973840477
[Cu][Si](CCC1OC(=O)OC1)(CCC1OC(=O)OC1)CCC[Au],15305215511836226981,45.0,35.0,-0.7526902069136785,0.4569276590407103
[Cu][Si](CCC1OC(=O)OC1)(CCC1OC(=O)OC1)CCC[Au],15305215511836226981,50.0,30.0,-0.6729232980164017,0.5366945679379889
[Cu][Si](CCC1OC(=O)OC1)(CCC1OC(=O)OC1)CCC[Au],15305215511836226981,55.0,25.0,-0.5822541322380292,0.6273637337163613
[Cu][Si](CCC1OC(=O)OC1)(CCC1OC(=O)OC1)CCC[Au],15305215511836226981,60.0,20.0,-0.4817648894102238,0.7278529765441686
[Cu][Si](CCC1OC(=O)OC1)(CCC1OC(=O)OC1)CCC[Au],15305215511836226981,65.0,15.0,-0.37243928744888954,0.837178578505501
[Cu][Si](CCC1OC(=O)OC1)(CCC1OC(=O)OC1)CCC[Au],15305215511836226981,70.0,10.0,-0.2551722294380152,0.9544456365163754
[Cu][Si](CCC1OC(=O)OC1)(CCC1OC(=O)OC1)CCC[Au],15305215511836226981,75.0,5.0,-0.13077840933006435,1.0788394566243262
[Cu][Si](CCC1OC(=O)OC1)(CCC1OC(=O)OC1)CCC[Au],18075692304492708914,25.0,55.0,-2.3010103050299886,-5.329181010809069
[Cu][Si](CCC1OC(=O)OC1)(CCC1OC(=O)OC1)CCC[Au],18075692304492708914,30.0,50.0,-2.0762858497957577,-5.1044565555748385
[Cu][Si](CCC1OC(=O)OC1)(CCC1OC(=O)OC1)CCC[Au],18075692304492708914,35.0,45.0,-1.8545788880135667,-4.882749593792644
[Cu][Si](CCC1OC(=O)OC1)(CCC1OC(=O)OC1)CCC[Au],18075692304492708914,40.0,40.0,-1.635946394714507,-4.664117100493586
[Cu][Si](CCC1OC(=O)OC1)(CCC1OC(=O)OC1)CCC[Au],18075692304492708914,45.0,35.0,-1.420429294504391,-4.448600000283472
[Cu][Si](CCC1OC(=O)OC1)(CCC1OC(=O)OC1)CCC[Au],18075692304492708914,50.0,30.0,-1.2080546529825327,-4.236225358761612
[Cu][Si](CCC1OC(=O)OC1)(CCC1OC(=O)OC1)CCC[Au],18075692304492708914,55.0,25.0,-0.9988375823170887,-4.027008288096168
[Cu][Si](CCC1OC(=O)OC1)(CCC1OC(=O)OC1)CCC[Au],18075692304492708914,60.0,20.0,-0.7927828998547408,-3.82095360563382
[Cu][Si](CCC1OC(=O)OC1)(CCC1OC(=O)OC1)CCC[Au],18075692304492708914,65.0,15.0,-0.5898865730124552,-3.618057278791536
[Cu][Si](CCC1OC(=O)OC1)(CCC1OC(=O)OC1)CCC[Au],18075692304492708914,70.0,10.0,-0.3901369789405944,-3.4183076847196734
[Cu][Si](CCC1OC(=O)OC1)(CCC1OC(=O)OC1)CCC[Au],18075692304492708914,75.0,5.0,-0.19351600341580966,-3.2216867091948904
[Cu][Si](CCC1OC(=O)OC1)(CCC1OC(=O)OC1)CCC[Au],18418534644422942003,25.0,55.0,3.1392682348898155,5.937300417610114
[Cu][Si](CCC1OC(=O)OC1)(CCC1OC(=O)OC1)CCC[Au],18418534644422942003,30.0,50.0,2.7298077729081456,5.527839955628449
[Cu][Si](CCC1OC(=O)OC1)(CCC1OC(=O)OC1)CCC[Au],18418534644422942003,35.0,45.0,2.350997999726083,5.149030182446387
[Cu][Si](CCC1OC(=O)OC1)(CCC1OC(=O)OC1)CCC[Au],18418534644422942003,40.0,40.0,2.000552322008911,4.798584504729211
[Cu][Si](CCC1OC(=O)OC1)(CCC1OC(=O)OC1)CCC[Au],18418534644422942003,45.0,35.0,1.676378529281628,4.47441071200193
[Cu][Si](CCC1OC(=O)OC1)(CCC1OC(=O)OC1)CCC[Au],18418534644422942003,50.0,30.0,1.3765598987496421,4.174592081469946
[Cu][Si](CCC1OC(=O)OC1)(CCC1OC(=O)OC1)CCC[Au],18418534644422942003,55.0,25.0,1.099338374791964,3.897370557512266
[Cu][Si](CCC1OC(=O)OC1)(CCC1OC(=O)OC1)CCC[Au],18418534644422942003,60.0,20.0,0.843099569233198,3.6411317519535
[Cu][Si](CCC1OC(=O)OC1)(CCC1OC(=O)OC1)CCC[Au],18418534644422942003,65.0,15.0,0.6063593627215216,3.4043915454418237
[Cu][Si](CCC1OC(=O)OC1)(CCC1OC(=O)OC1)CCC[Au],18418534644422942003,70.0,10.0,0.387751916732066,3.185784099452368
[Cu][Si](CCC1OC(=O)OC1)(CCC1OC(=O)OC1)CCC[Au],18418534644422942003,75.0,5.0,0.18601893067719644,2.9840511133974985
[Cu][Si](CCC1OC(=O)OC1)(CCC1OC(=O)OC1)CCC[Au],3748983655041317245,25.0,55.0,-0.5559377757869957,-0.6295851934645658
[Cu][Si](CCC1OC(=O)OC1)(CCC1OC(=O)OC1)CCC[Au],3748983655041317245,30.0,50.0,-0.44618184729173116,-0.5198292649692995
[Cu][Si](CCC1OC(=O)OC1)(CCC1OC(=O)OC1)CCC[Au],3748983655041317245,35.0,45.0,-0.3514605717951973,-0.4251079894727674
[Cu][Si](CCC1OC(=O)OC1)(CCC1OC(=O)OC1)CCC[Au],3748983655041317245,40.0,40.0,-0.2705130032008025,-0.34416042087837084
[Cu][Si](CCC1OC(=O)OC1)(CCC1OC(=O)OC1)CCC[Au],3748983655041317245,45.0,35.0,-0.20219092387090853,-0.27583834154847686
[Cu][Si](CCC1OC(=O)OC1)(CCC1OC(=O)OC1)CCC[Au],3748983655041317245,50.0,30.0,-0.14544757495413485,-0.21909499263170495
[Cu][Si](CCC1OC(=O)OC1)(CCC1OC(=O)OC1)CCC[Au],3748983655041317245,55.0,25.0,-0.09932764645203562,-0.17297506412960395
[Cu][Si](CCC1OC(=O)OC1)(CCC1OC(=O)OC1)CCC[Au],3748983655041317245,60.0,20.0,-0.06295837093625423,-0.13660578861382255
[Cu][Si](CCC1OC(=O)OC1)(CCC1OC(=O)OC1)CCC[Au],3748983655041317245,65.0,15.0,-0.035541586058226216,-0.10918900373579632
[Cu][Si](CCC1OC(=O)OC1)(CCC1OC(=O)OC1)CCC[Au],3748983655041317245,70.0,10.0,-0.016346649082626286,-0.08999406676019639
[Cu][Si](CCC1OC(=O)OC1)(CCC1OC(=O)OC1)CCC[Au],3748983655041317245,75.0,5.0,-0.004704102125105081,-0.07835151980267518
[Cu][Si](CCC1OC(=O)OC1)(CCC1OC(=O)OC1)CCC[Au],5181368105923198333,25.0,55.0,1.189728829408164,3.0163995549074016
[Cu][Si](CCC1OC(=O)OC1)(CCC1OC(=O)OC1)CCC[Au],5181368105923198333,30.0,50.0,1.0859488813471287,2.912619606846363
[Cu][Si](CCC1OC(=O)OC1)(CCC1OC(=O)OC1)CCC[Au],5181368105923198333,35.0,45.0,0.9805273185384333,2.8071980440376745
[Cu][Si](CCC1OC(=O)OC1)(CCC1OC(=O)OC1)CCC[Au],5181368105923198333,40.0,40.0,0.8737788982834545,2.700449623782692
[Cu][Si](CCC1OC(=O)OC1)(CCC1OC(=O)OC1)CCC[Au],5181368105923198333,45.0,35.0,0.7659839809152942,2.5926547064145318
[Cu][Si](CCC1OC(=O)OC1)(CCC1OC(=O)OC1)CCC[Au],5181368105923198333,50.0,30.0,0.6573923036772893,2.484063029176527
[Cu][Si](CCC1OC(=O)OC1)(CCC1OC(=O)OC1)CCC[Au],5181368105923198333,55.0,25.0,0.5482263094027111,2.3748970349019487
[Cu][Si](CCC1OC(=O)OC1)(CCC1OC(=O)OC1)CCC[Au],5181368105923198333,60.0,20.0,0.4386840871344493,2.2653548126336887
[Cu][Si](CCC1OC(=O)OC1)(CCC1OC(=O)OC1)CCC[Au],5181368105923198333,65.0,15.0,0.3289419738563826,2.15561269935562
[Cu][Si](CCC1OC(=O)OC1)(CCC1OC(=O)OC1)CCC[Au],5181368105923198333,70.0,10.0,0.21915685974170174,2.0458275852409393
[Cu][Si](CCC1OC(=O)OC1)(CCC1OC(=O)OC1)CCC[Au],5181368105923198333,75.0,5.0,0.10946823356369961,1.936138959062939
[Cu][Si](CCC1OC(=O)OC1)(CCC1OC(=O)OC1)CCC[Au],6698125104114757469,25.0,55.0,2.3823176501666694,3.444068020708899
[Cu][Si](CCC1OC(=O)OC1)(CCC1OC(=O)OC1)CCC[Au],6698125104114757469,30.0,50.0,2.0509945241401883,3.1127448946824163
[Cu][Si](CCC1OC(=O)OC1)(CCC1OC(=O)OC1)CCC[Au],6698125104114757469,35.0,45.0,1.7482432620994306,2.8099936326416586
[Cu][Si](CCC1OC(=O)OC1)(CCC1OC(=O)OC1)CCC[Au],6698125104114757469,40.0,40.0,1.4718553125145366,2.5336056830567646
[Cu][Si](CCC1OC(=O)OC1)(CCC1OC(=O)OC1)CCC[Au],6698125104114757469,45.0,35.0,1.2198129332076633,2.2815633037498912
[Cu][Si](CCC1OC(=O)OC1)(CCC1OC(=O)OC1)CCC[Au],6698125104114757469,50.0,30.0,0.9902704711432619,2.0520208416854917
[Cu][Si](CCC1OC(=O)OC1)(CCC1OC(=O)OC1)CCC[Au],6698125104114757469,55.0,25.0,0.7815377100318219,1.8432880805740517
[Cu][Si](CCC1OC(=O)OC1)(CCC1OC(=O)OC1)CCC[Au],6698125104114757469,60.0,20.0,0.5920650316283904,1.6538154021706184
[Cu][Si](CCC1OC(=O)OC1)(CCC1OC(=O)OC1)CCC[Au],6698125104114757469,65.0,15.0,0.42043017096506574,1.4821805415072937
[Cu][Si](CCC1OC(=O)OC1)(CCC1OC(=O)OC1)CCC[Au],6698125104114757469,70.0,10.0,0.2653263750532986,1.3270767455955266
[Cu][Si](CCC1OC(=O)OC1)(CCC1OC(=O)OC1)CCC[Au],6698125104114757469,75.0,5.0,0.1255517996331168,1.1873021701753448
[Cu][Si](CCC1OC(=O)OC1)(CCC1OC(=O)OC1)CCC[Au],6966684092568677929,25.0,55.0,-1.243374577934313,-2.5127254900491103
[Cu][Si](CCC1OC(=O)OC1)(CCC1OC(=O)OC1)CCC[Au],6966684092568677929,30.0,50.0,-1.014691620799633,-2.2840425329144303
[Cu][Si](CCC1OC(=O)OC1)(CCC1OC(=O)OC1)CCC[Au],6966684092568677929,35.0,45.0,-0.8153033804499028,-2.0846542925646983
[Cu][Si](CCC1OC(=O)OC1)(CCC1OC(=O)OC1)CCC[Au],6966684092568677929,40.0,40.0,-0.6427756068809192,-1.9121265189957182
[Cu][Si](CCC1OC(=O)OC1)(CCC1OC(=O)OC1)CCC[Au],6966684092568677929,45.0,35.0,-0.49489087038815427,-1.7642417825029515
[Cu][Si](CCC1OC(=O)OC1)(CCC1OC(=O)OC1)CCC[Au],6966684092568677929,50.0,30.0,-0.36962692856220514,-1.6389778406770024
[Cu][Si](CCC1OC(=O)OC1)(CCC1OC(=O)OC1)CCC[Au],6966684092568677929,55.0,25.0,-0.265137508460775,-1.5344884205755722
[Cu][Si](CCC1OC(=O)OC1)(CCC1OC(=O)OC1)CCC[Au],6966684092568677929,60.0,20.0,-0.17973520495590734,-1.4490861170707046
[Cu][Si](CCC1OC(=O)OC1)(CCC1OC(=O)OC1)CCC[Au],6966684092568677929,65.0,15.0,-0.1118762369001427,-1.38122714901494
[Cu][Si](CCC1OC(=O)OC1)(CCC1OC(=O)OC1)CCC[Au],6966684092568677929,70.0,10.0,-0.060146837387923924,-1.3294977495027211
[Cu][Si](CCC1OC(=O)OC1)(CCC1OC(=O)OC1)CCC[Au],6966684092568677929,75.0,5.0,-0.023251083969604736,-1.2926019960844002
[Cu][Si](CCC1OC(=O)OC1)(CCC1OC(=O)OC1)CCC[Au],9292254399154102372,25.0,55.0,-3.477080691929965,-7.239156048698517
[Cu][Si](CCC1OC(=O)OC1)(CCC1OC(=O)OC1)CCC[Au],9292254399154102372,30.0,50.0,-3.0081751060436908,-6.770250462812246
[Cu][Si](CCC1OC(=O)OC1)(CCC1OC(=O)OC1)CCC[Au],9292254399154102372,35.0,45.0,-2.577186530231435,-6.33926188699999
[Cu][Si](CCC1OC(=O)OC1)(CCC1OC(=O)OC1)CCC[Au],9292254399154102372,40.0,40.0,-2.181228738687496,-5.94330409545605
[Cu][Si](CCC1OC(=O)OC1)(CCC1OC(=O)OC1)CCC[Au],9292254399154102372,45.0,35.0,-1.8176631496193654,-5.579738506387921
[Cu][Si](CCC1OC(=O)OC1)(CCC1OC(=O)OC1)CCC[Au],9292254399154102372,50.0,30.0,-1.484074623979696,-5.2461499807482515
[Cu][Si](CCC1OC(=O)OC1)(CCC1OC(=O)OC1)CCC[Au],9292254399154102372,55.0,25.0,-1.1782499307018908,-4.940325287470446
[Cu][Si](CCC1OC(=O)OC1)(CCC1OC(=O)OC1)CCC[Au],9292254399154102372,60.0,20.0,-0.8981585513234585,-4.660233908092012
[Cu][Si](CCC1OC(=O)OC1)(CCC1OC(=O)OC1)CCC[Au],9292254399154102372,65.0,15.0,-0.6419355410512004,-4.404010897819752
[Cu][Si](CCC1OC(=O)OC1)(CCC1OC(=O)OC1)CCC[Au],9292254399154102372,70.0,10.0,-0.40786620099198867,-4.169941557760543
[Cu][Si](CCC1OC(=O)OC1)(CCC1OC(=O)OC1)CCC[Au],9292254399154102372,75.0,5.0,-0.19437234847677143,-3.956447705245326
[Cu][Si](CCC1OC(=O)OC1)(CCC1OC(=O)OC1)CCC[Au],9340162339681975326,25.0,55.0,0.1974752264476436,-0.5632645873714317
[Cu][Si](CCC1OC(=O)OC1)(CCC1OC(=O)OC1)CCC[Au],9340162339681975326,30.0,50.0,0.19022074967260139,-0.5705190641464739
[Cu][Si](CCC1OC(=O)OC1)(CCC1OC(=O)OC1)CCC[Au],9340162339681975326,35.0,45.0,0.180121810358445,-0.5806180034606285
[Cu][Si](CCC1OC(=O)OC1)(CCC1OC(=O)OC1)CCC[Au],9340162339681975326,40.0,40.0,0.16745983128400077,-0.5932799825350727
[Cu][Si](CCC1OC(=O)OC1)(CCC1OC(=O)OC1)CCC[Au],9340162339681975326,45.0,35.0,0.1524895614418078,-0.6082502523772657
[Cu][Si](CCC1OC(=O)OC1)(CCC1OC(=O)OC1)CCC[Au],9340162339681975326,50.0,30.0,0.13544182378582015,-0.6252979900332534
[Cu][Si](CCC1OC(=O)OC1)(CCC1OC(=O)OC1)CCC[Au],9340162339681975326,55.0,25.0,0.11652595018061618,-0.6442138636384591
[Cu][Si](CCC1OC(=O)OC1)(CCC1OC(=O)OC1)CCC[Au],9340162339681975326,60.0,20.0,0.09593194278785866,-0.6648078710312149
[Cu][Si](CCC1OC(=O)OC1)(CCC1OC(=O)OC1)CCC[Au],9340162339681975326,65.0,15.0,0.07383239574191336,-0.6869074180771602
[Cu][Si](CCC1OC(=O)OC1)(CCC1OC(=O)OC1)CCC[Au],9340162339681975326,70.0,10.0,0.05038420638426189,-0.7103556074348116
[Cu][Si](CCC1OC(=O)OC1)(CCC1OC(=O)OC1)CCC[Au],9340162339681975326,75.0,5.0,0.02573010141781573,-0.7350097124012578
