family,curve_id,temperature_c,z,ln_sigma
[Cu]CC(C#N)[Au],12212313724299089707,65.0,0.16514128073957846,-13.270476164206642
[Cu]CC(C#N)[Au],12212313724299089707,70.0,0.12205126930370497,-12.853970668404102
[Cu]CC(C#N)[Au],12212313724299089707,75.0,0.08019894310223831,-12.456766899863197
[Cu]CC(C#N)[Au],12212313724299089707,80.0,0.03953173161693911,-12.077737738486821
[Cu]CC(C#N)[Au],12212313724299089707,85.0,0.0,-11.715835925242203
[Cu]CC(C#N)[Au],12212313724299089707,90.0,-0.038443153023605056,-11.370087415600349
[Cu]CC(C#N)[Au],12212313724299089707,95.0,-0.07584208078512643,-11.039585366933265
[Cu]CC(C#N)[Au],12212313724299089707,100.0,-0.11223875937710434,-10.723484691861104
[Cu]CC(C#N)[Au],12212313724299089707,105.0,-0.1476729448157835,-10.420997117627225
[Cu]CC(C#N)[Au],12294902457415397060,65.0,0.16514128073957846,-19.137124254611464
[Cu]CC(C#N)[Au],12294902457415397060,70.0,0.12205126930370497,-18.163477311698504
[Cu]CC(C#N)[Au],12294902457415397060,75.0,0.08019894310223831,-17.280040312965934
[Cu]CC(C#N)[Au],12294902457415397060,80.0,0.03953173161693911,-16.480375244018408
[Cu]CC(C#N)[Au],12294902457415397060,85.0,0.0,-15.75854711918108
[Cu]CC(C#N)[Au],12294902457415397060,90.0,-0.038443153023605056,-15.109079608202688
[Cu]CC(C#N)[Au],12294902457415397060,95.0,-0.07584208078512643,-14.526915062093737
[Cu]CC(C#N)[Au],12294902457415397060,100.0,-0.11223875937710434,-14.0073784529994
[Cu]CC(C#N)[Au],12294902457415397060,105.0,-0.1476729448157835,-13.546144801885395
[Cu]CC(C#N)[Au],12699488429248185518,65.0,0.16514128073957846,-19.073060782469838
[Cu]CC(C#N)[Au],12699488429248185518,70.0,0.12205126930370497,-18.098241726461822
[Cu]CC(C#N)[Au],12699488429248185518,75.0,0.08019894310223831,-17.214526251635846
[Cu]CC(C#N)[Au],12699488429248185518,80.0,0.03953173161693911,-16.41540237652599
[Cu]CC(C#N)[Au],12699488429248185518,85.0,0.0,-15.69486726170833
[Cu]CC(C#N)[Au],12699488429248185518,90.0,-0.038443153023605056,-15.047382281028694
[Cu]CC(C#N)[Au],12699488429248185518,95.0,-0.07584208078512643,-14.467832548051474
[Cu]CC(C#N)[Au],12699488429248185518,100.0,-0.11223875937710434,-13.951490406367139
[Cu]CC(C#N)[Au],12699488429248185518,105.0,-0.1476729448157835,-13.493982452041593
[Cu]CC(C#N)[Au],16509720034861533200,65.0,0.16514128073957846,-13.221150366780117
[Cu]CC(C#N)[Au],16509720034861533200,70.0,0.12205126930370497,-12.82043068684834
[Cu]CC(C#N)[Au],16509720034861533200,75.0,0.08019894310223831,-12.434501337654591
[Cu]CC(C#N)[Au],16509720034861533200,80.0,0.03953173161693911,-12.062596741749957
[Cu]CC(C#N)[Au],16509720034861533200,85.0,0.0,-11.704001636911173
[Cu]CC(C#N)[Au],16509720034861533200,90.0,-0.038443153023605056,-11.358047098821494
[Cu]CC(C#N)[Au],16509720034861533200,95.0,-0.07584208078512643,-11.024106929134682
[Cu]CC(C#N)[Au],16509720034861533200,100.0,-0.11223875937710434,-10.701594370830778
[Cu]CC(C#N)[Au],16509720034861533200,105.0,-0.1476729448157835,-10.389959117200398
[Cu]CC(C#N)[Au],17155791768952619361,65.0,0.16514128073957846,-15.507970496598547
[Cu]CC(C#N)[Au],17155791768952619361,70.0,0.12205126930370497,-14.857350862333542
[Cu]CC(C#N)[Au],17155791768952619361,75.0,0.08019894310223831,-14.254426424547914
[Cu]CC(C#N)[Au],17155791768952619361,80.0,0.03953173161693911,-13.695956699535909
[Cu]CC(C#N)[Au],17155791768952619361,85.0,0.0,-13.178949041821337
[Cu]CC(C#N)[Au],17155791768952619361,90.0,-0.038443153023605056,-12.700637041595353
[Cu]CC(C#N)[Au],17155791768952619361,95.0,-0.07584208078512643,-12.258461047517997
[Cu]CC(C#N)[Au],17155791768952619361,100.0,-0.11223875937710434,-11.850050581755522
[Cu]CC(C#N)[Au],17155791768952619361,105.0,-0.1476729448157835,-11.473208442311286
[Cu]CC(C#N)[Au],2785567759072506999,65.0,0.16514128073957846,-15.514781915190845
[Cu]CC(C#N)[Au],2785567759072506999,70.0,0.12205126930370497,-14.850294799232703
[Cu]CC(C#N)[Au],2785567759072506999,75.0,0.08019894310223831,-14.237593072782671
[Cu]CC(C#N)[Au],2785567759072506999,80.0,0.03953173161693911,-13.673107930050588
[Cu]CC(C#N)[Au],2785567759072506999,85.0,0.0,-13.153545250079702
[Cu]CC(C#N)[Au],2785567759072506999,90.0,-0.038443153023605056,-12.675861568074483
[Cu]CC(C#N)[Au],2785567759072506999,95.0,-0.07584208078512643,-12.237242416247692
[Cu]CC(C#N)[Au],2785567759072506999,100.0,-0.11223875937710434,-11.835082773858977
[Cu]CC(C#N)[Au],2785567759072506999,105.0,-0.1476729448157835,-11.466969397628812
[Cu]CC(C#N)[Au],3301259145196243448,65.0,0.16514128073957846,-12.042248231681842
[Cu]CC(C#N)[Au],3301259145196243448,70.0,0.12205126930370497,-11.763350174434246
[Cu]CC(C#N)[Au],3301259145196243448,75.0,0.08019894310223831,-11.508633070059211
[Cu]CC(C#N)[Au],3301259145196243448,80.0,0.03953173161693911,-11.276392737365784
[Cu]CC(C#N)[Au],3301259145196243448,85.0,0.0,-11.06505744396127
[Cu]CC(C#N)[Au],3301259145196243448,90.0,-0.038443153023605056,-10.873176256899082
[Cu]CC(C#N)[Au],3301259145196243448,95.0,-0.07584208078512643,-10.6994085460857
[Cu]CC(C#N)[Au],3301259145196243448,100.0,-0.11223875937710434,-10.54251451349343
[Cu]CC(C#N)[Au],3301259145196243448,105.0,-0.1476729448157835,-10.401346636619971
[Cu]CC(C#N)[Au],470068033949097368,65.0,0.16514128073957846,-12.023229052651985
[Cu]CC(C#N)[Au],470068033949097368,70.0,0.12205126930370497,-11.729745952460686
[Cu]CC(C#N)[Au],470068033949097368,75.0,0.08019894310223831,-11.464923905876862
[Cu]CC(C#N)[Au],470068033949097368,80.0,0.03953173161693911,-11.226698384588792
[Cu]CC(C#N)[Au],470068033949097368,85.0,0.0,-11.013166795525484
[Cu]CC(C#N)[Au],470068033949097368,90.0,-0.038443153023605056,-10.822574165852016
[Cu]CC(C#N)[Au],470068033949097368,95.0,-0.07584208078512643,-10.65330024904639
[Cu]CC(C#N)[Au],470068033949097368,100.0,-0.11223875937710434,-10.503847895207983
[Cu]CC(C#N)[Au],470068033949097368,105.0,-0.1476729448157835,-10.37283254779811
[Cu]CC(C#N)[Au],920364910538270051,65.0,0.16514128073957846,-15.497193232134705
[Cu]CC(C#N)[Au],920364910538270051,70.0,0.12205126930370497,-14.832862908493166
[Cu]CC(C#N)[Au],920364910538270051,75.0,0.08019894310223831,-14.22014926286765
[Cu]CC(C#N)[Au],920364910538270051,80.0,0.03953173161693911,-13.655497531425915
[Cu]CC(C#N)[Au],920364910538270051,85.0,0.0,-13.1356264724203
[Cu]CC(C#N)[Au],920364910538270051,90.0,-0.038443153023605056,-12.657504443267056
[Cu]CC(C#N)[Au],920364910538270051,95.0,-0.07584208078512643,-12.21832783646113
[Cu]CC(C#N)[Au],920364910538270051,100.0,-0.11223875937710434,-11.815501615191998
[Cu]CC(C#N)[Au],920364910538270051,105.0,-0.1476729448157835,-11.446621720891509
[Cu]CC(O)[Au],10579488478914093928,30.0,0.3845195412710712,-20.311009064605052
[Cu]CC(O)[Au],10579488478914093928,35.0,0.33099533204375986,-19.289894178380464
[Cu]CC(O)[Au],10579488478914093928,40.0,0.27918034233512334,-18.32027902568887
[Cu]CC(O)[Au],10579488478914093928,45.0,0.22899398659501252,-17.39885881101283
[Cu]CC(O)[Au],10579488478914093928,50.0,0.18036066677444693,-16.522586695734876
[Cu]CC(O)[Au],10579488478914093928,55.0,0.13320939235447793,-15.688650137957868
[Cu]CC(O)[Au],10579488478914093928,60.0,0.08747343459126902,-14.894449718398853
[Cu]CC(O)[Au],10579488478914093928,65.0,0.04309001143587349,-14.137580158786909
[Cu]CC(O)[Au],10579488478914093928,70.0,0.0,-13.415813277579646
[Cu]CC(O)[Au],10579488478914093928,75.0,-0.04185232620146666,-12.727082660706083
[Cu]CC(O)[Au],10579488478914093928,80.0,-0.08251953768676586,-12.06946985329585
[Cu]CC(O)[Au],10579488478914093928,85.0,-0.12205126930370497,-11.441191902676564
[Cu]CC(O)[Au],10579488478914093928,90.0,-0.16049442232731,-10.840590103905104
[Cu]CC(O)[Au],10579488478914093928,95.0,-0.19789335008883138,-10.266119817241695
[Cu]CC(O)[Au],10579488478914093928,100.0,-0.2342900286808093,-9.716341242694558
[Cu]CC(O)[Au],10579488478914093928,105.0,-0.26972421411948844,-9.189911050409666
[Cu]CC(O)[Au],10579488478914093928,110.0,-0.3042335872016841,-8.685574777550283
[Cu]CC(O)[Au],12691587092936115254,30.0,0.3845195412710712,-8.946527204978755
[Cu]CC(O)[Au],12691587092936115254,35.0,0.33099533204375986,-8.690294076866872
[Cu]CC(O)[Au],12691587092936115254,40.0,0.27918034233512334,-8.453380153575804
[Cu]CC(O)[Au],12691587092936115254,45.0,0.22899398659501252,-8.234357762063516
[Cu]CC(O)[Au],12691587092936115254,50.0,0.18036066677444693,-8.031919080496282
[Cu]CC(O)[Au],12691587092936115254,55.0,0.13320939235447793,-7.8448646448150425
[Cu]CC(O)[Au],12691587092936115254,60.0,0.08747343459126902,-7.6720930998387775
[Cu]CC(O)[Au],12691587092936115254,65.0,0.04309001143587349,-7.5125920447203836
[Cu]CC(O)[Au],12691587092936115254,70.0,0.0,-7.365429842531758
[Cu]CC(O)[Au],12691587092936115254,75.0,-0.04185232620146666,-7.229748280823287
[Cu]CC(O)[Au],12691587092936115254,80.0,-0.08251953768676586,-7.10475598463178
[Cu]CC(O)[Au],12691587092936115254,85.0,-0.12205126930370497,-6.989722495977192
[Cu]CC(O)[Au],12691587092936115254,90.0,-0.16049442232731,-6.883972944706658
[Cu]CC(O)[Au],12691587092936115254,95.0,-0.19789335008883138,-6.7868832448774645
[Cu]CC(O)[Au],12691587092936115254,100.0,-0.2342900286808093,-6.697875758939045
[Cu]CC(O)[Au],12691587092936115254,105.0,-0.26972421411948844,-6.61641537896337
[Cu]CC(O)[Au],12691587092936115254,110.0,-0.3042335872016841,-6.542005980239255
[Cu]CC(O)[Au],14335382806229136597,30.0,0.3845195412710712,-15.823392297255745
[Cu]CC(O)[Au],14335382806229136597,35.0,0.33099533204375986,-14.674482364036542
[Cu]CC(O)[Au],14335382806229136597,40.0,0.27918034233512334,-13.645573789189896
[Cu]CC(O)[Au],14335382806229136597,45.0,0.22899398659501252,-12.72714254709587
[Cu]CC(O)[Au],14335382806229136597,50.0,0.18036066677444693,-11.910489644301112
[Cu]CC(O)[Au],14335382806229136597,55.0,0.13320939235447793,-11.187660590373639
[Cu]CC(O)[Au],14335382806229136597,60.0,0.08747343459126902,-10.551373688048384
[Cu]CC(O)[Au],14335382806229136597,65.0,0.04309001143587349,-9.994956069966195
[Cu]CC(O)[Au],14335382806229136597,70.0,0.0,-9.512286552713073
[Cu]CC(O)[Au],14335382806229136597,75.0,-0.04185232620146666,-9.097744501395972
[Cu]CC(O)[Au],14335382806229136597,80.0,-0.08251953768676586,-8.746164002927575
[Cu]CC(O)[Au],14335382806229136597,85.0,-0.12205126930370497,-8.452792736264426
[Cu]CC(O)[Au],14335382806229136597,90.0,-0.16049442232731,-8.213255005324815
[Cu]CC(O)[Au],14335382806229136597,95.0,-0.19789335008883138,-8.023518467106582
[Cu]CC(O)[Au],14335382806229136597,100.0,-0.2342900286808093,-7.879864145223136
[Cu]CC(O)[Au],14335382806229136597,105.0,-0.26972421411948844,-7.778859369017413
[Cu]CC(O)[Au],14335382806229136597,110.0,-0.3042335872016841,-7.717333321724724
[Cu]CC(O)[Au],16107276123883657546,30.0,0.3845195412710712,-17.076306626215413
[Cu]CC(O)[Au],16107276123883657546,35.0,0.33099533204375986,-15.990005605969678
[Cu]CC(O)[Au],16107276123883657546,40.0,0.27918034233512334,-15.02074097289888
[Cu]CC(O)[Au],16107276123883657546,45.0,0.22899398659501252,-14.159173304864787
[Cu]CC(O)[Au],16107276123883657546,50.0,0.18036066677444693,-13.396774056091703
[Cu]CC(O)[Au],16107276123883657546,55.0,0.13320939235447793,-12.72574631133318
[Cu]CC(O)[Au],16107276123883657546,60.0,0.08747343459126902,-12.138954225597509
[Cu]CC(O)[Au],16107276123883657546,65.0,0.04309001143587349,-11.62986009242935
[Cu]CC(O)[Au],16107276123883657546,70.0,0.0,-11.192468125106807
[Cu]CC(O)[Au],16107276123883657546,75.0,-0.04185232620146666,-10.821274155891363
[Cu]CC(O)[Au],16107276123883657546,80.0,-0.08251953768676586,-10.5112205618992
[Cu]CC(O)[Au],16107276123883657546,85.0,-0.12205126930370497,-10.257655814937735
[Cu]CC(O)[Au],16107276123883657546,90.0,-0.16049442232731,-10.056298129013934
[Cu]CC(O)[Au],16107276123883657546,95.0,-0.19789335008883138,-9.903202745046334
[Cu]CC(O)[Au],16107276123883657546,100.0,-0.2342900286808093,-9.794732449171217
[Cu]CC(O)[Au],16107276123883657546,105.0,-0.26972421411948844,-9.727530970245567
[Cu]CC(O)[Au],16107276123883657546,110.0,-0.3042335872016841,-9.698498944825783
[Cu]CC(O)[Au],16730591990923957706,30.0,0.3845195412710712,-22.651722524744017
[Cu]CC(O)[Au],16730591990923957706,35.0,0.33099533204375986,-21.49118195437571
[Cu]CC(O)[Au],16730591990923957706,40.0,0.27918034233512334,-20.401570624380746
[Cu]CC(O)[Au],16730591990923957706,45.0,0.22899398659501252,-19.377972646643293
[Cu]CC(O)[Au],16730591990923957706,50.0,0.18036066677444693,-18.415872152581557
[Cu]CC(O)[Au],16730591990923957706,55.0,0.13320939235447793,-17.511115632646582
[Cu]CC(O)[Au],16730591990923957706,60.0,0.08747343459126902,-16.65987830443955
[Cu]CC(O)[Au],16730591990923957706,65.0,0.04309001143587349,-15.858634027479287
[Cu]CC(O)[Au],16730591990923957706,70.0,0.0,-15.104128346298323
[Cu]CC(O)[Au],16730591990923957706,75.0,-0.04185232620146666,-14.393354298015101
[Cu]CC(O)[Au],16730591990923957706,80.0,-0.08251953768676586,-13.723530667253481
[Cu]CC(O)[Au],16730591990923957706,85.0,-0.12205126930370497,-13.092082411450864
[Cu]CC(O)[Au],16730591990923957706,90.0,-0.16049442232731,-12.496623014207913
[Cu]CC(O)[Au],16730591990923957706,95.0,-0.19789335008883138,-11.934938554219151
[Cu]CC(O)[Au],16730591990923957706,100.0,-0.2342900286808093,-11.404973303182341
[Cu]CC(O)[Au],16730591990923957706,105.0,-0.26972421411948844,-10.904816688504583
[Cu]CC(O)[Au],16730591990923957706,110.0,-0.3042335872016841,-10.432691476098357
[Cu]CC(O)[Au],17802812866398275837,30.0,0.3845195412710712,-20.361265204287093
[Cu]CC(O)[Au],17802812866398275837,35.0,0.33099533204375986,-19.327986061615196
[Cu]CC(O)[Au],17802812866398275837,40.0,0.27918034233512334,-18.348327499188592
[Cu]CC(O)[Au],17802812866398275837,45.0,0.22899398659501252,-17.41880433398096
[Cu]CC(O)[Au],17802812866398275837,50.0,0.18036066677444693,-16.536205402890683
[Cu]CC(O)[Au],17802812866398275837,55.0,0.13320939235447793,-15.69756831128527
[Cu]CC(O)[Au],17802812866398275837,60.0,0.08747343459126902,-14.900156843511239
[Cu]CC(O)[Au],17802812866398275837,65.0,0.04309001143587349,-14.141440720270099
[Cu]CC(O)[Au],17802812866398275837,70.0,0.0,-13.419077429036948
[Cu]CC(O)[Au],17802812866398275837,75.0,-0.04185232620146666,-12.730895889060193
[Cu]CC(O)[Au],17802812866398275837,80.0,-0.08251953768676586,-12.074881742846586
[Cu]CC(O)[Au],17802812866398275837,85.0,-0.12205126930370497,-11.449164092170472
[Cu]CC(O)[Au],17802812866398275837,90.0,-0.16049442232731,-10.852003519188523
[Cu]CC(O)[Au],17802812866398275837,95.0,-0.19789335008883138,-10.28178125272721
[Cu]CC(O)[Au],17802812866398275837,100.0,-0.2342900286808093,-9.736989356688154
[Cu]CC(O)[Au],17802812866398275837,105.0,-0.26972421411948844,-9.216221832166003
[Cu]CC(O)[Au],17802812866398275837,110.0,-0.3042335872016841,-8.718166537612674
[Cu]CC(O)[Au],2146581153500798208,30.0,0.3845195412710712,-23.825798261281264
[Cu]CC(O)[Au],2146581153500798208,35.0,0.33099533204375986,-22.466901883369676
[Cu]CC(O)[Au],2146581153500798208,40.0,0.27918034233512334,-21.19431133627417
[Cu]CC(O)[Au],2146581153500798208,45.0,0.22899398659501252,-20.001966136808093
[Cu]CC(O)[Au],2146581153500798208,50.0,0.18036066677444693,-18.884302230323435
[Cu]CC(O)[Au],2146581153500798208,55.0,0.13320939235447793,-17.836205067025773
[Cu]CC(O)[Au],2146581153500798208,60.0,0.08747343459126902,-16.852967711202023
[Cu]CC(O)[Au],2146581153500798208,65.0,0.04309001143587349,-15.93025338009323
[Cu]CC(O)[Au],2146581153500798208,70.0,0.0,-15.064061888923636
[Cu]CC(O)[Au],2146581153500798208,75.0,-0.04185232620146666,-14.250699546860133
[Cu]CC(O)[Au],2146581153500798208,80.0,-0.08251953768676586,-13.486752107220681
[Cu]CC(O)[Au],2146581153500798208,85.0,-0.12205126930370497,-12.769060425573851
[Cu]CC(O)[Au],2146581153500798208,90.0,-0.16049442232731,-12.094698522723567
[Cu]CC(O)[Au],2146581153500798208,95.0,-0.19789335008883138,-11.460953786999086
[Cu]CC(O)[Au],2146581153500798208,100.0,-0.2342900286808093,-10.865309082646526
[Cu]CC(O)[Au],2146581153500798208,105.0,-0.26972421411948844,-10.305426559183397
[Cu]CC(O)[Au],2146581153500798208,110.0,-0.3042335872016841,-9.779132980952355
[Cu]CC(O)[Au],4606700850234046527,30.0,0.3845195412710712,-23.51963130087523
[Cu]CC(O)[Au],4606700850234046527,35.0,0.33099533204375986,-22.386531387812017
[Cu]CC(O)[Au],4606700850234046527,40.0,0.27918034233512334,-21.31190042946342
[Cu]CC(O)[Au],4606700850234046527,45.0,0.22899398659501252,-20.29194758440561
[Cu]CC(O)[Au],4606700850234046527,50.0,0.18036066677444693,-19.323179644646576
[Cu]CC(O)[Au],4606700850234046527,55.0,0.13320939235447793,-18.402373632865615
[Cu]CC(O)[Au],4606700850234046527,60.0,0.08747343459126902,-17.526552286592086
[Cu]CC(O)[Au],4606700850234046527,65.0,0.04309001143587349,-16.692962087751756
[Cu]CC(O)[Au],4606700850234046527,70.0,0.0,-15.899053540736585
[Cu]CC(O)[Au],4606700850234046527,75.0,-0.04185232620146666,-15.142463440474948
[Cu]CC(O)[Au],4606700850234046527,80.0,-0.08251953768676586,-14.420998904887544
[Cu]CC(O)[Au],4606700850234046527,85.0,-0.12205126930370497,-13.732622974438424
[Cu]CC(O)[Au],4606700850234046527,90.0,-0.16049442232731,-13.075441605922915
[Cu]CC(O)[Au],4606700850234046527,95.0,-0.19789335008883138,-12.447691908754592
[Cu]CC(O)[Au],4606700850234046527,100.0,-0.2342900286808093,-11.84773149030805
[Cu]CC(O)[Au],4606700850234046527,105.0,-0.26972421411948844,-11.274028792754134
[Cu]CC(O)[Au],4606700850234046527,110.0,-0.3042335872016841,-10.725154317633987
[Cu]CC(O)[Au],5716548932809506827,30.0,0.3845195412710712,-23.546627734561408
[Cu]CC(O)[Au],5716548932809506827,35.0,0.33099533204375986,-22.420127152927677
[Cu]CC(O)[Au],5716548932809506827,40.0,0.27918034233512334,-21.350560219102483
[Cu]CC(O)[Au],5716548932809506827,45.0,0.22899398659501252,-20.33426994629876
[Cu]CC(O)[Au],5716548932809506827,50.0,0.18036066677444693,-19.36788495131783
[Cu]CC(O)[Au],5716548932809506827,55.0,0.13320939235447793,-18.448293249278702
[Cu]CC(O)[Au],5716548932809506827,60.0,0.08747343459126902,-17.572618802529153
[Cu]CC(O)[Au],5716548932809506827,65.0,0.04309001143587349,-16.738200498449373
[Cu]CC(O)[Au],5716548932809506827,70.0,0.0,-15.942573273396757
[Cu]CC(O)[Au],5716548932809506827,75.0,-0.04185232620146666,-15.183451136491753
[Cu]CC(O)[Au],5716548932809506827,80.0,-0.08251953768676586,-14.45871187825288
[Cu]CC(O)[Au],5716548932809506827,85.0,-0.12205126930370497,-13.76638327604114
[Cu]CC(O)[Au],5716548932809506827,90.0,-0.16049442232731,-13.104630631526707
[Cu]CC(O)[Au],5716548932809506827,95.0,-0.19789335008883138,-12.471745495495306
[Cu]CC(O)[Au],5716548932809506827,100.0,-0.2342900286808093,-11.866135452729342
[Cu]CC(O)[Au],5716548932809506827,105.0,-0.26972421411948844,-11.286314854820372
[Cu]CC(O)[Au],5716548932809506827,110.0,-0.3042335872016841,-10.73089640192202
[Cu]CC(O)[Au],6320649779526226739,30.0,0.3845195412710712,-8.834744402694396
[Cu]CC(O)[Au],6320649779526226739,35.0,0.33099533204375986,-8.607018320380314
[Cu]CC(O)[Au],6320649779526226739,40.0,0.27918034233512334,-8.393630049681274
[Cu]CC(O)[Au],6320649779526226739,45.0,0.22899398659501252,-8.19357570228976
[Cu]CC(O)[Au],6320649779526226739,50.0,0.18036066677444693,-8.00593350100383
[Cu]CC(O)[Au],6320649779526226739,55.0,0.13320939235447793,-7.8298560251660465
[Cu]CC(O)[Au],6320649779526226739,60.0,0.08747343459126902,-7.664563287351175
[Cu]CC(O)[Au],6320649779526226739,65.0,0.04309001143587349,-7.509336541706963
[Cu]CC(O)[Au],6320649779526226739,70.0,0.0,-7.36351273751918
[Cu]CC(O)[Au],6320649779526226739,75.0,-0.04185232620146666,-7.226479542838814
[Cu]CC(O)[Au],6320649779526226739,80.0,-0.08251953768676586,-7.097670872672428
[Cu]CC(O)[Au],6320649779526226739,85.0,-0.12205126930370497,-6.976562864543172
[Cu]CC(O)[Au],6320649779526226739,90.0,-0.16049442232731,-6.862670251386077
[Cu]CC(O)[Au],6320649779526226739,95.0,-0.19789335008883138,-6.7555430879193255
[Cu]CC(O)[Au],6320649779526226739,100.0,-0.2342900286808093,-6.654763791978032
[Cu]CC(O)[Au],6320649779526226739,105.0,-0.26972421411948844,-6.559944466930297
[Cu]CC(O)[Au],6320649779526226739,110.0,-0.3042335872016841,-6.470724475319529
[Cu]CC(O)[Au],7674006479790499461,30.0,0.3845195412710712,-22.65853453487827
[Cu]CC(O)[Au],7674006479790499461,35.0,0.33099533204375986,-22.180241894234307
[Cu]CC(O)[Au],7674006479790499461,40.0,0.27918034233512334,-21.644665963207085
[Cu]CC(O)[Au],7674006479790499461,45.0,0.22899398659501252,-21.057874628761493
[Cu]CC(O)[Au],7674006479790499461,50.0,0.18036066677444693,-20.425355062560644
[Cu]CC(O)[Au],7674006479790499461,55.0,0.13320939235447793,-19.752073355150106
[Cu]CC(O)[Au],7674006479790499461,60.0,0.08747343459126902,-19.042527414820302
[Cu]CC(O)[Au],7674006479790499461,65.0,0.04309001143587349,-18.300793967506575
[Cu]CC(O)[Au],7674006479790499461,70.0,0.0,-17.530570380601556
[Cu]CC(O)[Au],7674006479790499461,75.0,-0.04185232620146666,-16.73521193677621
[Cu]CC(O)[Au],7674006479790499461,80.0,-0.08251953768676586,-15.917765101183157
[Cu]CC(O)[Au],7674006479790499461,85.0,-0.12205126930370497,-15.080997254550098
[Cu]CC(O)[Au],7674006479790499461,90.0,-0.16049442232731,-14.227423303830355
[Cu]CC(O)[Au],7674006479790499461,95.0,-0.19789335008883138,-13.359329529734456
[Cu]CC(O)[Au],7674006479790499461,100.0,-0.2342900286808093,-12.478794985341342
[Cu]CC(O)[Au],7674006479790499461,105.0,-0.26972421411948844,-11.5877107210088
[Cu]CC(O)[Au],7674006479790499461,110.0,-0.3042335872016841,-10.687797077067007
[Cu]CC(O)[Au],885173914411122668,30.0,0.3845195412710712,-20.310155905723537
[Cu]CC(O)[Au],885173914411122668,35.0,0.33099533204375986,-19.28963550312266
[Cu]CC(O)[Au],885173914411122668,40.0,0.27918034233512334,-18.32054215062847
[Cu]CC(O)[Au],885173914411122668,45.0,0.22899398659501252,-17.399576971579275
[Cu]CC(O)[Au],885173914411122668,50.0,0.18036066677444693,-16.52369852804495
[Cu]CC(O)[Au],885173914411122668,55.0,0.13320939235447793,-15.690099211515808
[Cu]CC(O)[Au],885173914411122668,60.0,0.08747343459126902,-14.896184114073913
[Cu]CC(O)[Au],885173914411122668,65.0,0.04309001143587349,-14.139552087158904
[Cu]CC(O)[Au],885173914411122668,70.0,0.0,-13.417978733333596
[Cu]CC(O)[Au],885173914411122668,75.0,-0.04185232620146666,-12.729401109269388
[Cu]CC(O)[Au],885173914411122668,80.0,-0.08251953768676586,-12.07190394635719
[Cu]CC(O)[Au],885173914411122668,85.0,-0.12205126930370497,-11.443707219614046
[Cu]CC(O)[Au],885173914411122668,90.0,-0.16049442232731,-10.843154916490196
[Cu]CC(O)[Au],885173914411122668,95.0,-0.19789335008883138,-10.268704875282184
[Cu]CC(O)[Au],885173914411122668,100.0,-0.2342900286808093,-9.718919578539598
[Cu]CC(O)[Au],885173914411122668,105.0,-0.26972421411948844,-9.192457800468173
[Cu]CC(O)[Au],885173914411122668,110.0,-0.3042335872016841,-8.688067019174593
[Cu]CC(O)[Au],9759210188208748116,30.0,0.3845195412710712,-23.921663647543706
[Cu]CC(O)[Au],9759210188208748116,35.0,0.33099533204375986,-22.543893248410075
[Cu]CC(O)[Au],9759210188208748116,40.0,0.27918034233512334,-21.255426739303363
[Cu]CC(O)[Au],9759210188208748116,45.0,0.22899398659501252,-20.04995112602783
[Cu]CC(O)[Au],9759210188208748116,50.0,0.18036066677444693,-18.92167224434151
[Cu]CC(O)[Au],9759210188208748116,55.0,0.13320939235447793,-17.86526562146643
[Cu]CC(O)[Au],9759210188208748116,60.0,0.08747343459126902,-16.875832615026578
[Cu]CC(O)[Au],9759210188208748116,65.0,0.04309001143587349,-15.94886119624124
[Cu]CC(O)[Au],9759210188208748116,70.0,0.0,-15.080190827994178
[Cu]CC(O)[Au],9759210188208748116,75.0,-0.04185232620146666,-14.265980960089811
[Cu]CC(O)[Au],9759210188208748116,80.0,-0.08251953768676586,-13.502682725486034
[Cu]CC(O)[Au],9759210188208748116,85.0,-0.12205126930370497,-12.787013474134172
[Cu]CC(O)[Au],9759210188208748116,90.0,-0.16049442232731,-12.115933826572473
[Cu]CC(O)[Au],9759210188208748116,95.0,-0.19789335008883138,-11.486626968710237
[Cu]CC(O)[Au],9759210188208748116,100.0,-0.2342900286808093,-10.896479943225746
[Cu]CC(O)[Au],9759210188208748116,105.0,-0.26972421411948844,-10.343066722458952
[Cu]CC(O)[Au],9759210188208748116,110.0,-0.3042335872016841,-9.824132873261771
[Cu]CC(OCC)[Au],10543901220516951649,15.0,0.17171769987918808,-28.167507033174704
[Cu]CC(OCC)[Au],10543901220516951649,20.0,0.11252590873884376,-27.32312903198637
[Cu]CC(OCC)[Au],10543901220516951649,25.0,0.05531942000132828,-26.544632973731325
[Cu]CC(OCC)[Au],10543901220516951649,30.0,0.0,-25.826931090418167
[Cu]CC(OCC)[Au],10543901220516951649,35.0,-0.05352420922731137,-25.165382539786947
[Cu]CC(OCC)[Au],10543901220516951649,40.0,-0.10533919893594787,-24.55574855665674
[Cu]CC(OCC)[Au],10543901220516951649,45.0,-0.15552555467605866,-23.9941526842699
[Cu]CC(OCC)[Au],10600370546359071751,15.0,0.17171769987918808,-24.720378441627044
[Cu]CC(OCC)[Au],10600370546359071751,20.0,0.11252590873884376,-23.486613895353248
[Cu]CC(OCC)[Au],10600370546359071751,25.0,0.05531942000132828,-22.364157595442347
[Cu]CC(OCC)[Au],10600370546359071751,30.0,0.0,-21.34409897892701
[Cu]CC(OCC)[Au],10600370546359071751,35.0,-0.05352420922731137,-20.418323090624416
[Cu]CC(OCC)[Au],10600370546359071751,40.0,-0.10533919893594787,-19.579429997159107
[Cu]CC(OCC)[Au],10600370546359071751,45.0,-0.15552555467605866,-18.82066338412448
[Cu]CC(OCC)[Au],12798890779581918797,15.0,0.17171769987918808,-23.905861921359136
[Cu]CC(OCC)[Au],12798890779581918797,20.0,0.11252590873884376,-22.96076936253552
[Cu]CC(OCC)[Au],12798890779581918797,25.0,0.05531942000132828,-22.100184702460627
[Cu]CC(OCC)[Au],12798890779581918797,30.0,0.0,-21.31735651967445
[Cu]CC(OCC)[Au],12798890779581918797,35.0,-0.05352420922731137,-20.606135674349318
[Cu]CC(OCC)[Au],12798890779581918797,40.0,-0.10533919893594787,-19.960914334900867
[Cu]CC(OCC)[Au],12798890779581918797,45.0,-0.15552555467605866,-19.376571950536583
[Cu]CC(OCC)[Au],13219206715855893258,15.0,0.17171769987918808,-29.181270707322547
[Cu]CC(OCC)[Au],13219206715855893258,20.0,0.11252590873884376,-27.091626928507797
[Cu]CC(OCC)[Au],13219206715855893258,25.0,0.05531942000132828,-25.285097266155006
[Cu]CC(OCC)[Au],13219206715855893258,30.0,0.0,-23.73730627852638
[Cu]CC(OCC)[Au],13219206715855893258,35.0,-0.05352420922731137,-22.42612249970101
[Cu]CC(OCC)[Au],13219206715855893258,40.0,-0.10533919893594787,-21.331427293766343
[Cu]CC(OCC)[Au],13219206715855893258,45.0,-0.15552555467605866,-20.43491033125806
[Cu]CC(OCC)[Au],16223039784257461479,15.0,0.17171769987918808,-25.730717573153242
[Cu]CC(OCC)[Au],16223039784257461479,20.0,0.11252590873884376,-24.860704452815224
[Cu]CC(OCC)[Au],16223039784257461479,25.0,0.05531942000132828,-24.05701551908425
[Cu]CC(OCC)[Au],16223039784257461479,30.0,0.0,-23.314561441955156
[Cu]CC(OCC)[Au],16223039784257461479,35.0,-0.05352420922731137,-22.62869862106957
[Cu]CC(OCC)[Au],16223039784257461479,40.0,-0.10533919893594787,-21.99518453447948
[Cu]CC(OCC)[Au],16223039784257461479,45.0,-0.15552555467605866,-21.41013813933189
[Cu]CC(OCC)[Au],4684481507302060777,15.0,0.17171769987918808,-26.67373329601426
[Cu]CC(OCC)[Au],4684481507302060777,20.0,0.11252590873884376,-25.830811484178227
[Cu]CC(OCC)[Au],4684481507302060777,25.0,0.05531942000132828,-25.043982176674405
[Cu]CC(OCC)[Au],4684481507302060777,30.0,0.0,-24.309116011249536
[Cu]CC(OCC)[Au],4684481507302060777,35.0,-0.05352420922731137,-23.622438081207157
[Cu]CC(OCC)[Au],4684481507302060777,40.0,-0.10533919893594787,-22.980492846714323
[Cu]CC(OCC)[Au],4684481507302060777,45.0,-0.15552555467605866,-22.38011298510626
[Cu]CC(OCC)[Au],551657785961097027,15.0,0.17171769987918808,-23.6698880677791
[Cu]CC(OCC)[Au],551657785961097027,20.0,0.11252590873884376,-22.66427523000573
[Cu]CC(OCC)[Au],551657785961097027,25.0,0.05531942000132828,-21.756318318248017
[Cu]CC(OCC)[Au],551657785961097027,30.0,0.0,-20.93807428229248
[Cu]CC(OCC)[Au],551657785961097027,35.0,-0.05352420922731137,-20.202314241144744
[Cu]CC(OCC)[Au],551657785961097027,40.0,-0.10533919893594787,-19.542450863245133
[Cu]CC(OCC)[Au],551657785961097027,45.0,-0.15552555467605866,-18.952474042712485
[Cu]CC(OCC)[Au],6354010472197796371,15.0,0.17171769987918808,-24.71700719529347
[Cu]CC(OCC)[Au],6354010472197796371,20.0,0.11252590873884376,-23.78785546269323
[Cu]CC(OCC)[Au],6354010472197796371,25.0,0.05531942000132828,-22.931918748697953
[Cu]CC(OCC)[Au],6354010472197796371,30.0,0.0,-22.143527950589764
[Cu]CC(OCC)[Au],6354010472197796371,35.0,-0.05352420922731137,-21.417512572727595
[Cu]CC(OCC)[Au],6354010472197796371,40.0,-0.10533919893594787,-20.749150656011498
[Cu]CC(OCC)[Au],6354010472197796371,45.0,-0.15552555467605866,-20.13412438146119
[Cu]CN(C)C[Au],11492884861352438676,40.0,0.14597094998064541,-12.658233872499357
[Cu]CN(C)C[Au],11492884861352438676,45.0,0.09578459424053462,-12.279159206562511
[Cu]CN(C)C[Au],11492884861352438676,50.0,0.047151274419969004,-11.91361987585191
[Cu]CN(C)C[Au],11492884861352438676,55.0,0.0,-11.560915930869278
[Cu]CN(C)C[Au],11492884861352438676,60.0,-0.04573595776320889,-11.2203942459919
[Cu]CN(C)C[Au],11492884861352438676,65.0,-0.09011938091860444,-10.891444707803277
[Cu]CN(C)C[Au],11492884861352438676,70.0,-0.13320939235447793,-10.573496766804704
[Cu]CN(C)C[Au],11510392751439632842,40.0,0.14597094998064541,-11.463607327122897
[Cu]CN(C)C[Au],11510392751439632842,45.0,0.09578459424053462,-11.107487244271859
[Cu]CN(C)C[Au],11510392751439632842,50.0,0.047151274419969004,-10.763307674412179
[Cu]CN(C)C[Au],11510392751439632842,55.0,0.0,-10.430481383083738
[Cu]CN(C)C[Au],11510392751439632842,60.0,-0.04573595776320889,-10.108458838769891
[Cu]CN(C)C[Au],11510392751439632842,65.0,-0.09011938091860444,-9.796725247038324
[Cu]CN(C)C[Au],11510392751439632842,70.0,-0.13320939235447793,-9.49479785934395
[Cu]CN(C)C[Au],14033277266226664704,40.0,0.14597094998064541,-11.886681922707094
[Cu]CN(C)C[Au],14033277266226664704,45.0,0.09578459424053462,-11.448008394822203
[Cu]CN(C)C[Au],14033277266226664704,50.0,0.047151274419969004,-11.037263488763104
[Cu]CN(C)C[Au],14033277266226664704,55.0,0.0,-10.652524442792673
[Cu]CN(C)C[Au],14033277266226664704,60.0,-0.04573595776320889,-10.292022130868254
[Cu]CN(C)C[Au],14033277266226664704,65.0,-0.09011938091860444,-9.954126921190808
[Cu]CN(C)C[Au],14033277266226664704,70.0,-0.13320939235447793,-9.637336010826273
[Cu]CN(C)C[Au],16156443318730703118,40.0,0.14597094998064541,-13.592885096899906
[Cu]CN(C)C[Au],16156443318730703118,45.0,0.09578459424053462,-13.082203444557221
[Cu]CN(C)C[Au],16156443318730703118,50.0,0.047151274419969004,-12.589065616119521
[Cu]CN(C)C[Au],16156443318730703118,55.0,0.0,-12.112591318057119
[Cu]CN(C)C[Au],16156443318730703118,60.0,-0.04573595776320889,-11.651957736586118
[Cu]CN(C)C[Au],16156443318730703118,65.0,-0.09011938091860444,-11.206394950628063
[Cu]CN(C)C[Au],16156443318730703118,70.0,-0.13320939235447793,-10.775181774866226
[Cu]CN(C)C[Au],16369244027415539494,40.0,0.14597094998064541,-11.65023332591669
[Cu]CN(C)C[Au],16369244027415539494,45.0,0.09578459424053462,-11.320886950793607
[Cu]CN(C)C[Au],16369244027415539494,50.0,0.047151274419969004,-11.001936803997294
[Cu]CN(C)C[Au],16369244027415539494,55.0,0.0,-10.692898461095625
[Cu]CN(C)C[Au],16369244027415539494,60.0,-0.04573595776320889,-10.39331712339719
[Cu]CN(C)C[Au],16369244027415539494,65.0,-0.09011938091860444,-10.102765388025777
[Cu]CN(C)C[Au],16369244027415539494,70.0,-0.13320939235447793,-9.820841216362215
[Cu]CN(C)C[Au],16594202875413803686,40.0,0.14597094998064541,-16.08784712964228
[Cu]CN(C)C[Au],16594202875413803686,45.0,0.09578459424053462,-15.51018389006308
[Cu]CN(C)C[Au],16594202875413803686,50.0,0.047151274419969004,-14.950475124251264
[Cu]CN(C)C[Au],16594202875413803686,55.0,0.0,-14.407896586768512
[Cu]CN(C)C[Au],16594202875413803686,60.0,-0.04573595776320889,-13.88167372297367
[Cu]CN(C)C[Au],16594202875413803686,65.0,-0.09011938091860444,-13.371077980085555
[Cu]CN(C)C[Au],16594202875413803686,70.0,-0.13320939235447793,-12.875423442062868
[Cu]CN(C)C[Au],3997411549088946711,40.0,0.14597094998064541,-12.42893862860242
[Cu]CN(C)C[Au],3997411549088946711,45.0,0.09578459424053462,-12.120150160964386
[Cu]CN(C)C[Au],3997411549088946711,50.0,0.047151274419969004,-11.820923613503396
[Cu]CN(C)C[Au],3997411549088946711,55.0,0.0,-11.530821617631988
[Cu]CN(C)C[Au],3997411549088946711,60.0,-0.04573595776320889,-11.24943307820349
[Cu]CN(C)C[Au],3997411549088946711,65.0,-0.09011938091860444,-10.97637122984239
[Cu]CN(C)C[Au],3997411549088946711,70.0,-0.13320939235447793,-10.711271863306598
[Cu]CN(C)C[Au],4259452119032673162,40.0,0.14597094998064541,-13.522033797915734
[Cu]CN(C)C[Au],4259452119032673162,45.0,0.09578459424053462,-13.023420200712051
[Cu]CN(C)C[Au],4259452119032673162,50.0,0.047151274419969004,-12.555266061517964
[Cu]CN(C)C[Au],4259452119032673162,55.0,0.0,-12.115502503814245
[Cu]CN(C)C[Au],4259452119032673162,60.0,-0.04573595776320889,-11.702224857770307
[Cu]CN(C)C[Au],4259452119032673162,65.0,-0.09011938091860444,-11.313677606204847
[Cu]CN(C)C[Au],4259452119032673162,70.0,-0.13320939235447793,-10.948240897692791
[Cu]CN(C)C[Au],4387194433059058633,40.0,0.14597094998064541,-11.991942954414455
[Cu]CN(C)C[Au],4387194433059058633,45.0,0.09578459424053462,-11.581958680330908
[Cu]CN(C)C[Au],4387194433059058633,50.0,0.047151274419969004,-11.194243307380681
[Cu]CN(C)C[Au],4387194433059058633,55.0,0.0,-10.827347588928287
[Cu]CN(C)C[Au],4387194433059058633,60.0,-0.04573595776320889,-10.479934785653196
[Cu]CN(C)C[Au],4387194433059058633,65.0,-0.09011938091860444,-10.150770489972455
[Cu]CN(C)C[Au],4387194433059058633,70.0,-0.13320939235447793,-9.838713500111893
[Cu]CN(C)C[Au],5801902020102963474,40.0,0.14597094998064541,-11.436054196155837
[Cu]CN(C)C[Au],5801902020102963474,45.0,0.09578459424053462,-11.081335588676126
[Cu]CN(C)C[Au],5801902020102963474,50.0,0.047151274419969004,-10.737569591514697
[Cu]CN(C)C[Au],5801902020102963474,55.0,0.0,-10.40425664555937
[Cu]CN(C)C[Au],5801902020102963474,60.0,-0.04573595776320889,-10.080927117078314
[Cu]CN(C)C[Au],5801902020102963474,65.0,-0.09011938091860444,-9.76713908999602
[Cu]CN(C)C[Au],5801902020102963474,70.0,-0.13320939235447793,-9.46247635077447
[Cu]CN(C)C[Au],7674112491759089831,40.0,0.14597094998064541,-12.491872338582453
[Cu]CN(C)C[Au],7674112491759089831,45.0,0.09578459424053462,-12.211046276768366
[Cu]CN(C)C[Au],7674112491759089831,50.0,0.047151274419969004,-11.943670462023448
[Cu]CN(C)C[Au],7674112491759089831,55.0,0.0,-11.688915805649682
[Cu]CN(C)C[Au],7674112491759089831,60.0,-0.04573595776320889,-11.446015661694169
[Cu]CN(C)C[Au],7674112491759089831,65.0,-0.09011938091860444,-11.21426028758423
[Cu]CN(C)C[Au],7674112491759089831,70.0,-0.13320939235447793,-10.992991868549634
[Cu]OC(=O)OCC(OC)(OC)C[Au],15355920876642770114,40.0,0.1917069077438543,-22.12357198416848
[Cu]OC(=O)OCC(OC)(OC)C[Au],15355920876642770114,45.0,0.1415205520037435,-21.27039920919178
[Cu]OC(=O)OCC(OC)(OC)C[Au],15355920876642770114,50.0,0.0928872321831779,-20.442380817889884
[Cu]OC(=O)OCC(OC)(OC)C[Au],15355920876642770114,55.0,0.04573595776320889,-19.638423132833093
[Cu]OC(=O)OCC(OC)(OC)C[Au],15355920876642770114,60.0,0.0,-18.857494813106243
[Cu]OC(=O)OCC(OC)(OC)C[Au],15355920876642770114,65.0,-0.04438342315539554,-18.098622487506557
[Cu]OC(=O)OCC(OC)(OC)C[Au],15355920876642770114,70.0,-0.08747343459126902,-17.360886748675536
[Cu]OC(=O)OCC(OC)(OC)C[Au],15355920876642770114,75.0,-0.12932576079273567,-16.643418473944276
[Cu]OC(=O)OCC(OC)(OC)C[Au],15355920876642770114,80.0,-0.1699929722780349,-15.945395442316936
[Cu]OC(=O)OCC(OC)(OC)C[Au],1567566099929888339,40.0,0.1917069077438543,-14.457478687396877
[Cu]OC(=O)OCC(OC)(OC)C[Au],1567566099929888339,45.0,0.1415205520037435,-13.936648243410726
[Cu]OC(=O)OCC(OC)(OC)C[Au],1567566099929888339,50.0,0.0928872321831779,-13.459056478979338
[Cu]OC(=O)OCC(OC)(OC)C[Au],1567566099929888339,55.0,0.04573595776320889,-13.021506068993206
[Cu]OC(=O)OCC(OC)(OC)C[Au],1567566099929888339,60.0,0.0,-12.621063824775279
[Cu]OC(=O)OCC(OC)(OC)C[Au],1567566099929888339,65.0,-0.04438342315539554,-12.255035907718197
[Cu]OC(=O)OCC(OC)(OC)C[Au],1567566099929888339,70.0,-0.08747343459126902,-11.920945662888474
[Cu]OC(=O)OCC(OC)(OC)C[Au],1567566099929888339,75.0,-0.12932576079273567,-11.616513764320926
[Cu]OC(=O)OCC(OC)(OC)C[Au],1567566099929888339,80.0,-0.1699929722780349,-11.339640403656364
[Cu]OC(=O)OCC(OC)(OC)C[Au],17289939441251122196,40.0,0.1917069077438543,-19.395766561692305
[Cu]OC(=O)OCC(OC)(OC)C[Au],17289939441251122196,45.0,0.1415205520037435,-18.685584724112065
[Cu]OC(=O)OCC(OC)(OC)C[Au],17289939441251122196,50.0,0.0928872321831779,-18.0138897357008
[Cu]OC(=O)OCC(OC)(OC)C[Au],17289939441251122196,55.0,0.04573595776320889,-17.378179145352174
[Cu]OC(=O)OCC(OC)(OC)C[Au],17289939441251122196,60.0,0.0,-16.776144677766712
[Cu]OC(=O)OCC(OC)(OC)C[Au],17289939441251122196,65.0,-0.04438342315539554,-16.205654676737446
[Cu]OC(=O)OCC(OC)(OC)C[Au],17289939441251122196,70.0,-0.08747343459126902,-15.664738359105112
[Cu]OC(=O)OCC(OC)(OC)C[Au],17289939441251122196,75.0,-0.12932576079273567,-15.151571670028725
[Cu]OC(=O)OCC(OC)(OC)C[Au],17289939441251122196,80.0,-0.1699929722780349,-14.664464556981086
[Cu]OC(=O)OCC(OC)(OC)C[Au],17554072115143558048,40.0,0.1917069077438543,-12.328104630647994
[Cu]OC(=O)OCC(OC)(OC)C[Au],17554072115143558048,45.0,0.1415205520037435,-11.951248303632505
[Cu]OC(=O)OCC(OC)(OC)C[Au],17554072115143558048,50.0,0.0928872321831779,-11.62724981201928
[Cu]OC(=O)OCC(OC)(OC)C[Au],17554072115143558048,55.0,0.04573595776320889,-11.351838577906802
[Cu]OC(=O)OCC(OC)(OC)C[Au],17554072115143558048,60.0,0.0,-11.121110053730547
[Cu]OC(=O)OCC(OC)(OC)C[Au],17554072115143558048,65.0,-0.04438342315539554,-10.931490673941042
[Cu]OC(=O)OCC(OC)(OC)C[Au],17554072115143558048,70.0,-0.08747343459126902,-10.779706558891574
[Cu]OC(=O)OCC(OC)(OC)C[Au],17554072115143558048,75.0,-0.12932576079273567,-10.66275552553869
[Cu]OC(=O)OCC(OC)(OC)C[Au],17554072115143558048,80.0,-0.1699929722780349,-10.577882017620468
[Cu]OC(=O)OCC(OC)(OC)C[Au],2807446749950966677,40.0,0.1917069077438543,-8.01247077440688
[Cu]OC(=O)OCC(OC)(OC)C[Au],2807446749950966677,45.0,0.1415205520037435,-7.7767904461567605
[Cu]OC(=O)OCC(OC)(OC)C[Au],2807446749950966677,50.0,0.0928872321831779,-7.55256549196601
[Cu]OC(=O)OCC(OC)(OC)C[Au],2807446749950966677,55.0,0.04573595776320889,-7.339084920886824
[Cu]OC(=O)OCC(OC)(OC)C[Au],2807446749950966677,60.0,0.0,-7.13569150367953
[Cu]OC(=O)OCC(OC)(OC)C[Au],2807446749950966677,65.0,-0.04438342315539554,-6.941776991157317
[Cu]OC(=O)OCC(OC)(OC)C[Au],2807446749950966677,70.0,-0.08747343459126902,-6.756777820089631
[Cu]OC(=O)OCC(OC)(OC)C[Au],2807446749950966677,75.0,-0.12932576079273567,-6.58017125076064
[Cu]OC(=O)OCC(OC)(OC)C[Au],2807446749950966677,80.0,-0.1699929722780349,-6.411471887380352
[Cu]OC(=O)OCC(OC)(OC)C[Au],3095182397291944335,40.0,0.1917069077438543,-8.721567151777613
[Cu]OC(=O)OCC(OC)(OC)C[Au],3095182397291944335,45.0,0.1415205520037435,-8.598660631836642
[Cu]OC(=O)OCC(OC)(OC)C[Au],3095182397291944335,50.0,0.0928872321831779,-8.48387112671445
[Cu]OC(=O)OCC(OC)(OC)C[Au],3095182397291944335,55.0,0.04573595776320889,-8.376633426260035
[Cu]OC(=O)OCC(OC)(OC)C[Au],3095182397291944335,60.0,0.0,-8.27642773354832
[Cu]OC(=O)OCC(OC)(OC)C[Au],3095182397291944335,65.0,-0.04438342315539554,-8.182775471075278
[Cu]OC(=O)OCC(OC)(OC)C[Au],3095182397291944335,70.0,-0.08747343459126902,-8.095235525648741
[Cu]OC(=O)OCC(OC)(OC)C[Au],3095182397291944335,75.0,-0.12932576079273567,-8.013400880732856
[Cu]OC(=O)OCC(OC)(OC)C[Au],3095182397291944335,80.0,-0.1699929722780349,-7.936895591605303
[Cu]OC(=O)OCC(OC)(OC)C[Au],8381188487092981629,40.0,0.1917069077438543,-15.659625826625142
[Cu]OC(=O)OCC(OC)(OC)C[Au],8381188487092981629,45.0,0.1415205520037435,-15.00791079929903
[Cu]OC(=O)OCC(OC)(OC)C[Au],8381188487092981629,50.0,0.0928872321831779,-14.391874673466035
[Cu]OC(=O)OCC(OC)(OC)C[Au],8381188487092981629,55.0,0.04573595776320889,-13.809188306001268
[Cu]OC(=O)OCC(OC)(OC)C[Au],8381188487092981629,60.0,0.0,-13.257703667138431
[Cu]OC(=O)OCC(OC)(OC)C[Au],8381188487092981629,65.0,-0.04438342315539554,-12.73543744310703
[Cu]OC(=O)OCC(OC)(OC)C[Au],8381188487092981629,70.0,-0.08747343459126902,-12.24055633140162
[Cu]OC(=O)OCC(OC)(OC)C[Au],8381188487092981629,75.0,-0.12932576079273567,-11.771363832848145
[Cu]OC(=O)OCC(OC)(OC)C[Au],8381188487092981629,80.0,-0.1699929722780349,-11.326288369680547
[Cu]OC(=O)OCC(OC)(OC)C[Au],8597600725342570451,40.0,0.1917069077438543,-11.862051106475379
[Cu]OC(=O)OCC(OC)(OC)C[Au],8597600725342570451,45.0,0.1415205520037435,-11.498866966071677
[Cu]OC(=O)OCC(OC)(OC)C[Au],8597600725342570451,50.0,0.0928872321831779,-11.192157152400318
[Cu]OC(=O)OCC(OC)(OC)C[Au],8597600725342570451,55.0,0.04573595776320889,-10.937303935822548
[Cu]OC(=O)OCC(OC)(OC)C[Au],8597600725342570451,60.0,0.0,-10.730087210112728
[Cu]OC(=O)OCC(OC)(OC)C[Au],8597600725342570451,65.0,-0.04438342315539554,-10.566646325210222
[Cu]OC(=O)OCC(OC)(OC)C[Au],8597600725342570451,70.0,-0.08747343459126902,-10.4434460123276
[Cu]OC(=O)OCC(OC)(OC)C[Au],8597600725342570451,75.0,-0.12932576079273567,-10.35724591513711
[Cu]OC(=O)OCC(OC)(OC)C[Au],8597600725342570451,80.0,-0.1699929722780349,-10.305073304196204
[Cu]OC(=O)OCCC[Au],1004806867648529511,40.0,0.16901183056254945,-18.142427858373065
[Cu]OC(=O)OCCC[Au],1004806867648529511,45.0,0.11882547482243866,-17.559264505872445
[Cu]OC(=O)OCCC[Au],1004806867648529511,50.0,0.07019215500187305,-17.01145079292197
[Cu]OC(=O)OCCC[Au],1004806867648529511,55.0,0.02304088058190405,-16.496591957268688
[Cu]OC(=O)OCCC[Au],1004806867648529511,60.0,-0.022695077181304844,-16.012483059510583
[Cu]OC(=O)OCCC[Au],1004806867648529511,65.0,-0.06707850033670039,-15.557091594373668
[Cu]OC(=O)OCCC[Au],1004806867648529511,70.0,-0.11016851177257386,-15.128541911224655
[Cu]OC(=O)OCCC[Au],1004806867648529511,75.0,-0.15202083797404053,-14.72510123329588
[Cu]OC(=O)OCCC[Au],10237300756802767644,40.0,0.16901183056254945,-22.87345034658066
[Cu]OC(=O)OCCC[Au],10237300756802767644,45.0,0.11882547482243866,-22.13272172213354
[Cu]OC(=O)OCCC[Au],10237300756802767644,50.0,0.07019215500187305,-21.45999969125041
[Cu]OC(=O)OCCC[Au],10237300756802767644,55.0,0.02304088058190405,-20.850146171881207
[Cu]OC(=O)OCCC[Au],10237300756802767644,60.0,-0.022695077181304844,-20.29845154180817
[Cu]OC(=O)OCCC[Au],10237300756802767644,65.0,-0.06707850033670039,-19.800594220883553
[Cu]OC(=O)OCCC[Au],10237300756802767644,70.0,-0.11016851177257386,-19.35260453985349
[Cu]OC(=O)OCCC[Au],10237300756802767644,75.0,-0.15202083797404053,-18.95083239021379
[Cu]OC(=O)OCCC[Au],10353550511518655670,40.0,0.16901183056254945,-15.18674305342827
[Cu]OC(=O)OCCC[Au],10353550511518655670,45.0,0.11882547482243866,-14.703775089366513
[Cu]OC(=O)OCCC[Au],10353550511518655670,50.0,0.07019215500187305,-14.260942239200306
[Cu]OC(=O)OCCC[Au],10353550511518655670,55.0,0.02304088058190405,-13.855276007299892
[Cu]OC(=O)OCCC[Au],10353550511518655670,60.0,-0.022695077181304844,-13.484053154845082
[Cu]OC(=O)OCCC[Au],10353550511518655670,65.0,-0.06707850033670039,-13.144772683822227
[Cu]OC(=O)OCCC[Au],10353550511518655670,70.0,-0.11016851177257386,-12.83513525394518
[Cu]OC(=O)OCCC[Au],10353550511518655670,75.0,-0.15202083797404053,-12.5530247462247
[Cu]OC(=O)OCCC[Au],10790011646943888734,40.0,0.16901183056254945,-19.19801700232629
[Cu]OC(=O)OCCC[Au],10790011646943888734,45.0,0.11882547482243866,-18.496835534085438
[Cu]OC(=O)OCCC[Au],10790011646943888734,50.0,0.07019215500187305,-17.877094738692133
[Cu]OC(=O)OCCC[Au],10790011646943888734,55.0,0.02304088058190405,-17.332382637133296
[Cu]OC(=O)OCCC[Au],10790011646943888734,60.0,-0.022695077181304844,-16.85683120227151
[Cu]OC(=O)OCCC[Au],10790011646943888734,65.0,-0.06707850033670039,-16.445064560681917
[Cu]OC(=O)OCCC[Au],10790011646943888734,70.0,-0.11016851177257386,-16.092152720842588
[Cu]OC(=O)OCCC[Au],10790011646943888734,75.0,-0.15202083797404053,-15.793570173228712
[Cu]OC(=O)OCCC[Au],10882147699741639669,40.0,0.16901183056254945,-22.58116463969678
[Cu]OC(=O)OCCC[Au],10882147699741639669,45.0,0.11882547482243866,-21.87614579612086
[Cu]OC(=O)OCCC[Au],10882147699741639669,50.0,0.07019215500187305,-21.209649780333084
[Cu]OC(=O)OCCC[Au],10882147699741639669,55.0,0.02304088058190405,-20.579163685089572
[Cu]OC(=O)OCCC[Au],10882147699741639669,60.0,-0.022695077181304844,-19.982369927710202
[Cu]OC(=O)OCCC[Au],10882147699741639669,65.0,-0.06707850033670039,-19.41712857048268
[Cu]OC(=O)OCCC[Au],10882147699741639669,70.0,-0.11016851177257386,-18.88146146574878
[Cu]OC(=O)OCCC[Au],10882147699741639669,75.0,-0.15202083797404053,-18.37353801458582
[Cu]OC(=O)OCCC[Au],11291917676415587627,40.0,0.16901183056254945,-21.787806353238338
[Cu]OC(=O)OCCC[Au],11291917676415587627,45.0,0.11882547482243866,-21.299623178361575
[Cu]OC(=O)OCCC[Au],11291917676415587627,50.0,0.07019215500187305,-20.785200877168048
[Cu]OC(=O)OCCC[Au],11291917676415587627,55.0,0.02304088058190405,-20.247600029213196
[Cu]OC(=O)OCCC[Au],11291917676415587627,60.0,-0.022695077181304844,-19.689587423586055
[Cu]OC(=O)OCCC[Au],11291917676415587627,65.0,-0.06707850033670039,-19.113665795549817
[Cu]OC(=O)OCCC[Au],11291917676415587627,70.0,-0.11016851177257386,-18.522100272838205
[Cu]OC(=O)OCCC[Au],11291917676415587627,75.0,-0.15202083797404053,-17.91694193082134
[Cu]OC(=O)OCCC[Au],11577753923307682236,40.0,0.16901183056254945,-22.660710647145702
[Cu]OC(=O)OCCC[Au],11577753923307682236,45.0,0.11882547482243866,-22.553671713493372
[Cu]OC(=O)OCCC[Au],11577753923307682236,50.0,0.07019215500187305,-22.374620220267943
[Cu]OC(=O)OCCC[Au],11577753923307682236,55.0,0.02304088058190405,-22.130238618737604
[Cu]OC(=O)OCCC[Au],11577753923307682236,60.0,-0.022695077181304844,-21.826607693525833
[Cu]OC(=O)OCCC[Au],11577753923307682236,65.0,-0.06707850033670039,-21.469265648884225
[Cu]OC(=O)OCCC[Au],11577753923307682236,70.0,-0.11016851177257386,-21.063260771169162
[Cu]OC(=O)OCCC[Au],11577753923307682236,75.0,-0.15202083797404053,-20.613198437983442
[Cu]OC(=O)OCCC[Au],12123119280384358868,40.0,0.16901183056254945,-15.310148977018
[Cu]OC(=O)OCCC[Au],12123119280384358868,45.0,0.11882547482243866,-14.653911810601123
[Cu]OC(=O)OCCC[Au],12123119280384358868,50.0,0.07019215500187305,-14.035999378969922
[Cu]OC(=O)OCCC[Au],12123119280384358868,55.0,0.02304088058190405,-13.453848794745776
[Cu]OC(=O)OCCC[Au],12123119280384358868,60.0,-0.022695077181304844,-12.905098986438771
[Cu]OC(=O)OCCC[Au],12123119280384358868,65.0,-0.06707850033670039,-12.387572284667666
[Cu]OC(=O)OCCC[Au],12123119280384358868,70.0,-0.11016851177257386,-11.899257919153973
[Cu]OC(=O)OCCC[Au],12123119280384358868,75.0,-0.15202083797404053,-11.43829720457774
[Cu]OC(=O)OCCC[Au],12274211628421729948,40.0,0.16901183056254945,-15.954260869463958
[Cu]OC(=O)OCCC[Au],12274211628421729948,45.0,0.11882547482243866,-15.389786166454801
[Cu]OC(=O)OCCC[Au],12274211628421729948,50.0,0.07019215500187305,-14.888087809429802
[Cu]OC(=O)OCCC[Au],12274211628421729948,55.0,0.02304088058190405,-14.444256712074154
[Cu]OC(=O)OCCC[Au],12274211628421729948,60.0,-0.022695077181304844,-14.05379909683328
[Cu]OC(=O)OCCC[Au],12274211628421729948,65.0,-0.06707850033670039,-13.712597006002746
[Cu]OC(=O)OCCC[Au],12274211628421729948,70.0,-0.11016851177257386,-13.416873021940596
[Cu]OC(=O)OCCC[Au],12274211628421729948,75.0,-0.15202083797404053,-13.163158698264645
[Cu]OC(=O)OCCC[Au],1306441648045580929,40.0,0.16901183056254945,-16.692040845202747
[Cu]OC(=O)OCCC[Au],1306441648045580929,45.0,0.11882547482243866,-15.929912801305619
[Cu]OC(=O)OCCC[Au],1306441648045580929,50.0,0.07019215500187305,-15.221761745389752
[Cu]OC(=O)OCCC[Au],1306441648045580929,55.0,0.02304088058190405,-14.563752242033946
[Cu]OC(=O)OCCC[Au],1306441648045580929,60.0,-0.022695077181304844,-13.952360007341909
[Cu]OC(=O)OCCC[Au],1306441648045580929,65.0,-0.06707850033670039,-13.38434301244007
[Cu]OC(=O)OCCC[Au],1306441648045580929,70.0,-0.11016851177257386,-12.85671562091275
[Cu]OC(=O)OCCC[Au],1306441648045580929,75.0,-0.15202083797404053,-12.366725404866939
[Cu]OC(=O)OCCC[Au],13854826787694162984,40.0,0.16901183056254945,-22.535353404689694
[Cu]OC(=O)OCCC[Au],13854826787694162984,45.0,0.11882547482243866,-22.034741149918286
[Cu]OC(=O)OCCC[Au],13854826787694162984,50.0,0.07019215500187305,-21.553102918598206
[Cu]OC(=O)OCCC[Au],13854826787694162984,55.0,0.02304088058190405,-21.089414635663804
[Cu]OC(=O)OCCC[Au],13854826787694162984,60.0,-0.022695077181304844,-20.64272297373851
[Cu]OC(=O)OCCC[Au],13854826787694162984,65.0,-0.06707850033670039,-20.212139447471632
[Cu]OC(=O)OCCC[Au],13854826787694162984,70.0,-0.11016851177257386,-19.796835082346234
[Cu]OC(=O)OCCC[Au],13854826787694162984,75.0,-0.15202083797404053,-19.396035594442267
[Cu]OC(=O)OCCC[Au],14392960141965104015,40.0,0.16901183056254945,-22.012034366426295
[Cu]OC(=O)OCCC[Au],14392960141965104015,45.0,0.11882547482243866,-21.797738140071516
[Cu]OC(=O)OCCC[Au],14392960141965104015,50.0,0.07019215500187305,-21.585655218474326
[Cu]OC(=O)OCCC[Au],14392960141965104015,55.0,0.02304088058190405,-21.37588331073971
[Cu]OC(=O)OCCC[Au],14392960141965104015,60.0,-0.022695077181304844,-21.168502499960905
[Cu]OC(=O)OCCC[Au],14392960141965104015,65.0,-0.06707850033670039,-20.9635774029385
[Cu]OC(=O)OCCC[Au],14392960141965104015,70.0,-0.11016851177257386,-20.76115906728816
[Cu]OC(=O)OCCC[Au],14392960141965104015,75.0,-0.15202083797404053,-20.56128663965009
[Cu]OC(=O)OCCC[Au],14405321281015926049,40.0,0.16901183056254945,-12.403961441440268
[Cu]OC(=O)OCCC[Au],14405321281015926049,45.0,0.11882547482243866,-11.91962958096719
[Cu]OC(=O)OCCC[Au],14405321281015926049,50.0,0.07019215500187305,-11.456121372392307
[Cu]OC(=O)OCCC[Au],14405321281015926049,55.0,0.02304088058190405,-11.012222254554091
[Cu]OC(=O)OCCC[Au],14405321281015926049,60.0,-0.022695077181304844,-10.586806113769653
[Cu]OC(=O)OCCC[Au],14405321281015926049,65.0,-0.06707850033670039,-10.178827613311432
[Cu]OC(=O)OCCC[Au],14405321281015926049,70.0,-0.11016851177257386,-9.787315290958116
[Cu]OC(=O)OCCC[Au],14405321281015926049,75.0,-0.15202083797404053,-9.41136533774552
[Cu]OC(=O)OCCC[Au],16365811234219697999,40.0,0.16901183056254945,-16.441239036479505
[Cu]OC(=O)OCCC[Au],16365811234219697999,45.0,0.11882547482243866,-15.87737448632189
[Cu]OC(=O)OCCC[Au],16365811234219697999,50.0,0.07019215500187305,-15.343483920040935
[Cu]OC(=O)OCCC[Au],16365811234219697999,55.0,0.02304088058190405,-14.837633399412331
[Cu]OC(=O)OCCC[Au],16365811234219697999,60.0,-0.022695077181304844,-14.358038425195566
[Cu]OC(=O)OCCC[Au],16365811234219697999,65.0,-0.06707850033670039,-13.903050460506709
[Cu]OC(=O)OCCC[Au],16365811234219697999,70.0,-0.11016851177257386,-13.471144841595683
[Cu]OC(=O)OCCC[Au],16365811234219697999,75.0,-0.15202083797404053,-13.06090991582061
[Cu]OC(=O)OCCC[Au],16723341456280966297,40.0,0.16901183056254945,-18.130276182871604
[Cu]OC(=O)OCCC[Au],16723341456280966297,45.0,0.11882547482243866,-17.485978689327634
[Cu]OC(=O)OCCC[Au],16723341456280966297,50.0,0.07019215500187305,-16.88626641291121
[Cu]OC(=O)OCCC[Au],16723341456280966297,55.0,0.02304088058190405,-16.327991851487567
[Cu]OC(=O)OCCC[Au],16723341456280966297,60.0,-0.022695077181304844,-15.808262062543374
[Cu]OC(=O)OCCC[Au],16723341456280966297,65.0,-0.06707850033670039,-15.324415064552715
[Cu]OC(=O)OCCC[Au],16723341456280966297,70.0,-0.11016851177257386,-14.873998713145653
[Cu]OC(=O)OCCC[Au],16723341456280966297,75.0,-0.15202083797404053,-14.454751762491268
[Cu]OC(=O)OCCC[Au],1791005158334903741,40.0,0.16901183056254945,-22.401037650011673
[Cu]OC(=O)OCCC[Au],1791005158334903741,45.0,0.11882547482243866,-22.099507318711417
[Cu]OC(=O)OCCC[Au],1791005158334903741,50.0,0.07019215500187305,-21.80763504835627
[Cu]OC(=O)OCCC[Au],1791005158334903741,55.0,0.02304088058190405,-21.524964637501586
[Cu]OC(=O)OCCC[Au],1791005158334903741,60.0,-0.022695077181304844,-21.251068142495935
[Cu]OC(=O)OCCC[Au],1791005158334903741,65.0,-0.06707850033670039,-20.98554372491843
[Cu]OC(=O)OCCC[Au],1791005158334903741,70.0,-0.11016851177257386,-20.7280136926679
[Cu]OC(=O)OCCC[Au],1791005158334903741,75.0,-0.15202083797404053,-20.478122714694546
[Cu]OC(=O)OCCC[Au],18336710271364676683,40.0,0.16901183056254945,-12.00122001902989
[Cu]OC(=O)OCCC[Au],18336710271364676683,45.0,0.11882547482243866,-11.56656033576687
[Cu]OC(=O)OCCC[Au],18336710271364676683,50.0,0.07019215500187305,-11.169792909274037
[Cu]OC(=O)OCCC[Au],18336710271364676683,55.0,0.02304088058190405,-10.808085434677992
[Cu]OC(=O)OCCC[Au],18336710271364676683,60.0,-0.022695077181304844,-10.478840697118242
[Cu]OC(=O)OCCC[Au],18336710271364676683,65.0,-0.06707850033670039,-10.17967445240349
[Cu]OC(=O)OCCC[Au],18336710271364676683,70.0,-0.11016851177257386,-9.908395649708254
[Cu]OC(=O)OCCC[Au],18336710271364676683,75.0,-0.15202083797404053,-9.662988720408874
[Cu]OC(=O)OCCC[Au],2399564804636296621,40.0,0.16901183056254945,-18.306116012106603
[Cu]OC(=O)OCCC[Au],2399564804636296621,45.0,0.11882547482243866,-17.718702472917936
[Cu]OC(=O)OCCC[Au],2399564804636296621,50.0,0.07019215500187305,-17.159008393334595
[Cu]OC(=O)OCCC[Au],2399564804636296621,55.0,0.02304088058190405,-16.625337180491247
[Cu]OC(=O)OCCC[Au],2399564804636296621,60.0,-0.022695077181304844,-16.116119491152844
[Cu]OC(=O)OCCC[Au],2399564804636296621,65.0,-0.06707850033670039,-15.629901973979452
[Cu]OC(=O)OCCC[Au],2399564804636296621,70.0,-0.11016851177257386,-15.165337155378527
[Cu]OC(=O)OCCC[Au],2399564804636296621,75.0,-0.15202083797404053,-14.72117433818609
[Cu]OC(=O)OCCC[Au],2449737950385668438,40.0,0.16901183056254945,-18.230233024408612
[Cu]OC(=O)OCCC[Au],2449737950385668438,45.0,0.11882547482243866,-17.368235512073667
[Cu]OC(=O)OCCC[Au],2449737950385668438,50.0,0.07019215500187305,-16.579905113322496
[Cu]OC(=O)OCCC[Au],2449737950385668438,55.0,0.02304088058190405,-15.859759120526512
[Cu]OC(=O)OCCC[Au],2449737950385668438,60.0,-0.022695077181304844,-15.202769052982507
[Cu]OC(=O)OCCC[Au],2449737950385668438,65.0,-0.06707850033670039,-14.604317964258676
[Cu]OC(=O)OCCC[Au],2449737950385668438,70.0,-0.11016851177257386,-14.060162266876254
[Cu]OC(=O)OCCC[Au],2449737950385668438,75.0,-0.15202083797404053,-13.566397542417405
[Cu]OC(=O)OCCC[Au],3089410091517911762,40.0,0.16901183056254945,-19.124392102149255
[Cu]OC(=O)OCCC[Au],3089410091517911762,45.0,0.11882547482243866,-18.56378352141478
[Cu]OC(=O)OCCC[Au],3089410091517911762,50.0,0.07019215500187305,-18.02766810971088
[Cu]OC(=O)OCCC[Au],3089410091517911762,55.0,0.02304088058190405,-17.51460464084548
[Cu]OC(=O)OCCC[Au],3089410091517911762,60.0,-0.022695077181304844,-17.023257428050098
[Cu]OC(=O)OCCC[Au],3089410091517911762,65.0,-0.06707850033670039,-16.552387136010125
[Cu]OC(=O)OCCC[Au],3089410091517911762,70.0,-0.11016851177257386,-16.100842515498705
[Cu]OC(=O)OCCC[Au],3089410091517911762,75.0,-0.15202083797404053,-15.667552956038165
[Cu]OC(=O)OCCC[Au],3528338839478636447,40.0,0.16901183056254945,-25.473283193175025
[Cu]OC(=O)OCCC[Au],3528338839478636447,45.0,0.11882547482243866,-25.096049622736626
[Cu]OC(=O)OCCC[Au],3528338839478636447,50.0,0.07019215500187305,-24.61654855990329
[Cu]OC(=O)OCCC[Au],3528338839478636447,55.0,0.02304088058190405,-24.044583715234353
[Cu]OC(=O)OCCC[Au],3528338839478636447,60.0,-0.022695077181304844,-23.389066965888937
[Cu]OC(=O)OCCC[Au],3528338839478636447,65.0,-0.06707850033670039,-22.658106381351324
[Cu]OC(=O)OCCC[Au],3528338839478636447,70.0,-0.11016851177257386,-21.859084650308823
[Cu]OC(=O)OCCC[Au],3528338839478636447,75.0,-0.15202083797404053,-20.998729062247953
[Cu]OC(=O)OCCC[Au],354669614962352473,40.0,0.16901183056254945,-16.20401527987205
[Cu]OC(=O)OCCC[Au],354669614962352473,45.0,0.11882547482243866,-15.535226537691454
[Cu]OC(=O)OCCC[Au],354669614962352473,50.0,0.07019215500187305,-14.905645734486189
[Cu]OC(=O)OCCC[Au],354669614962352473,55.0,0.02304088058190405,-14.312647338234152
[Cu]OC(=O)OCCC[Au],354669614962352473,60.0,-0.022695077181304844,-13.75381271057715
[Cu]OC(=O)OCCC[Au],354669614962352473,65.0,-0.06707850033670039,-13.226911221702002
[Cu]OC(=O)OCCC[Au],354669614962352473,70.0,-0.11016851177257386,-12.729883325467263
[Cu]OC(=O)OCCC[Au],354669614962352473,75.0,-0.15202083797404053,-12.26082536707078
[Cu]OC(=O)OCCC[Au],377028855813182384,40.0,0.16901183056254945,-14.236884054228629
[Cu]OC(=O)OCCC[Au],377028855813182384,45.0,0.11882547482243866,-13.581296196398924
[Cu]OC(=O)OCCC[Au],377028855813182384,50.0,0.07019215500187305,-12.979112797564127
[Cu]OC(=O)OCCC[Au],377028855813182384,55.0,0.02304088058190405,-12.426401956178513
[Cu]OC(=O)OCCC[Au],377028855813182384,60.0,-0.022695077181304844,-11.919555965141466
[Cu]OC(=O)OCCC[Au],377028855813182384,65.0,-0.06707850033670039,-11.45526092280225
[Cu]OC(=O)OCCC[Au],377028855813182384,70.0,-0.11016851177257386,-11.030469553889741
[Cu]OC(=O)OCCC[Au],377028855813182384,75.0,-0.15202083797404053,-10.64237686285796
[Cu]OC(=O)OCCC[Au],3828384285916826701,40.0,0.16901183056254945,-17.491637071331617
[Cu]OC(=O)OCCC[Au],3828384285916826701,45.0,0.11882547482243866,-16.883070680128114
[Cu]OC(=O)OCCC[Au],3828384285916826701,50.0,0.07019215500187305,-16.30760234509206
[Cu]OC(=O)OCCC[Au],3828384285916826701,55.0,0.02304088058190405,-15.763076965180415
[Cu]OC(=O)OCCC[Au],3828384285916826701,60.0,-0.022695077181304844,-15.247506788929952
[Cu]OC(=O)OCCC[Au],3828384285916826701,65.0,-0.06707850033670039,-14.75905627617045
[Cu]OC(=O)OCCC[Au],3828384285916826701,70.0,-0.11016851177257386,-14.296028521489532
[Cu]OC(=O)OCCC[Au],3828384285916826701,75.0,-0.15202083797404053,-13.856853058833304
[Cu]OC(=O)OCCC[Au],3908433162926107001,40.0,0.16901183056254945,-15.026117947021241
[Cu]OC(=O)OCCC[Au],3908433162926107001,45.0,0.11882547482243866,-14.43682348313163
[Cu]OC(=O)OCCC[Au],3908433162926107001,50.0,0.07019215500187305,-13.894415336876918
[Cu]OC(=O)OCCC[Au],3908433162926107001,55.0,0.02304088058190405,-13.395460620122094
[Cu]OC(=O)OCCC[Au],3908433162926107001,60.0,-0.022695077181304844,-12.936808792577995
[Cu]OC(=O)OCCC[Au],3908433162926107001,65.0,-0.06707850033670039,-12.515565232595963
[Cu]OC(=O)OCCC[Au],3908433162926107001,70.0,-0.11016851177257386,-12.129067597094345
[Cu]OC(=O)OCCC[Au],3908433162926107001,75.0,-0.15202083797404053,-11.77486464280329
[Cu]OC(=O)OCCC[Au],4093418937201980739,40.0,0.16901183056254945,-18.66828776807569
[Cu]OC(=O)OCCC[Au],4093418937201980739,45.0,0.11882547482243866,-18.224177628430365
[Cu]OC(=O)OCCC[Au],4093418937201980739,50.0,0.07019215500187305,-17.810100346424306
[Cu]OC(=O)OCCC[Au],4093418937201980739,55.0,0.02304088058190405,-17.423949826406112
[Cu]OC(=O)OCCC[Au],4093418937201980739,60.0,-0.022695077181304844,-17.063789767721648
[Cu]OC(=O)OCCC[Au],4093418937201980739,65.0,-0.06707850033670039,-16.72783795322622
[Cu]OC(=O)OCCC[Au],4093418937201980739,70.0,-0.11016851177257386,-16.414452183467098
[Cu]OC(=O)OCCC[Au],4093418937201980739,75.0,-0.15202083797404053,-16.122117664134354
[Cu]OC(=O)OCCC[Au],4142487215441221622,40.0,0.16901183056254945,-16.984148423801177
[Cu]OC(=O)OCCC[Au],4142487215441221622,45.0,0.11882547482243866,-16.388468723542193
[Cu]OC(=O)OCCC[Au],4142487215441221622,50.0,0.07019215500187305,-15.84079225168666
[Cu]OC(=O)OCCC[Au],4142487215441221622,55.0,0.02304088058190405,-15.337593682781876
[Cu]OC(=O)OCCC[Au],4142487215441221622,60.0,-0.022695077181304844,-14.875638035539124
[Cu]OC(=O)OCCC[Au],4142487215441221622,65.0,-0.06707850033670039,-14.451953474209231
[Cu]OC(=O)OCCC[Au],4142487215441221622,70.0,-0.11016851177257386,-14.06380698171216
[Cu]OC(=O)OCCC[Au],4142487215441221622,75.0,-0.15202083797404053,-13.708682566879368
[Cu]OC(=O)OCCC[Au],4398033724227398863,40.0,0.16901183056254945,-14.963515610245034
[Cu]OC(=O)OCCC[Au],4398033724227398863,45.0,0.11882547482243866,-14.379300845241413
[Cu]OC(=O)OCCC[Au],4398033724227398863,50.0,0.07019215500187305,-13.83025211938025
[Cu]OC(=O)OCCC[Au],4398033724227398863,55.0,0.02304088058190405,-13.313992792178263
[Cu]OC(=O)OCCC[Au],4398033724227398863,60.0,-0.022695077181304844,-12.828334382788446
[Cu]OC(=O)OCCC[Au],4398033724227398863,65.0,-0.06707850033670039,-12.37125934614616
[Cu]OC(=O)OCCC[Au],4398033724227398863,70.0,-0.11016851177257386,-11.94090564032691
[Cu]OC(=O)OCCC[Au],4398033724227398863,75.0,-0.15202083797404053,-11.53555287676221
[Cu]OC(=O)OCCC[Au],4654339165289687569,40.0,0.16901183056254945,-14.162996852368218
[Cu]OC(=O)OCCC[Au],4654339165289687569,45.0,0.11882547482243866,-13.585441040388279
[Cu]OC(=O)OCCC[Au],4654339165289687569,50.0,0.07019215500187305,-13.053149165113867
[Cu]OC(=O)OCCC[Au],4654339165289687569,55.0,0.02304088058190405,-12.56281917733777
[Cu]OC(=O)OCCC[Au],4654339165289687569,60.0,-0.022695077181304844,-12.111420169522805
[Cu]OC(=O)OCCC[Au],4654339165289687569,65.0,-0.06707850033670039,-11.696167019207671
[Cu]OC(=O)OCCC[Au],4654339165289687569,70.0,-0.11016851177257386,-11.314497706740013
[Cu]OC(=O)OCCC[Au],4654339165289687569,75.0,-0.15202083797404053,-10.964052993148528
[Cu]OC(=O)OCCC[Au],5154563316240370192,40.0,0.16901183056254945,-20.169800399573557
[Cu]OC(=O)OCCC[Au],5154563316240370192,45.0,0.11882547482243866,-19.563419172763727
[Cu]OC(=O)OCCC[Au],5154563316240370192,50.0,0.07019215500187305,-18.996180026197987
[Cu]OC(=O)OCCC[Au],5154563316240370192,55.0,0.02304088058190405,-18.4653764701619
[Cu]OC(=O)OCCC[Au],5154563316240370192,60.0,-0.022695077181304844,-17.968518733946368
[Cu]OC(=O)OCCC[Au],5154563316240370192,65.0,-0.06707850033670039,-17.503313792666397
[Cu]OC(=O)OCCC[Au],5154563316240370192,70.0,-0.11016851177257386,-17.067647480607103
[Cu]OC(=O)OCCC[Au],5154563316240370192,75.0,-0.15202083797404053,-16.65956844760953
[Cu]OC(=O)OCCC[Au],53164993581513754,40.0,0.16901183056254945,-16.766661837425367
[Cu]OC(=O)OCCC[Au],53164993581513754,45.0,0.11882547482243866,-16.06828104733568
[Cu]OC(=O)OCCC[Au],53164993581513754,50.0,0.07019215500187305,-15.380471357102609
[Cu]OC(=O)OCCC[Au],53164993581513754,55.0,0.02304088058190405,-14.703246536461549
[Cu]OC(=O)OCCC[Au],53164993581513754,60.0,-0.022695077181304844,-14.036590140885043
[Cu]OC(=O)OCCC[Au],53164993581513754,65.0,-0.06707850033670039,-13.380459885924921
[Cu]OC(=O)OCCC[Au],53164993581513754,70.0,-0.11016851177257386,-12.734791454714571
[Cu]OC(=O)OCCC[Au],53164993581513754,75.0,-0.15202083797404053,-12.099501813889466
[Cu]OC(=O)OCCC[Au],5412939366761849886,40.0,0.16901183056254945,-15.413856750975382
[Cu]OC(=O)OCCC[Au],5412939366761849886,45.0,0.11882547482243866,-14.846993403573494
[Cu]OC(=O)OCCC[Au],5412939366761849886,50.0,0.07019215500187305,-14.278481223691184
[Cu]OC(=O)OCCC[Au],5412939366761849886,55.0,0.02304088058190405,-13.709259433985972
[Cu]OC(=O)OCCC[Au],5412939366761849886,60.0,-0.022695077181304844,-13.140159791353415
[Cu]OC(=O)OCCC[Au],5412939366761849886,65.0,-0.06707850033670039,-12.571918252744547
[Cu]OC(=O)OCCC[Au],5412939366761849886,70.0,-0.11016851177257386,-12.005185300552345
[Cu]OC(=O)OCCC[Au],5412939366761849886,75.0,-0.15202083797404053,-11.440535094084451
[Cu]OC(=O)OCCC[Au],5424356685932545648,40.0,0.16901183056254945,-17.4688472089685
[Cu]OC(=O)OCCC[Au],5424356685932545648,45.0,0.11882547482243866,-16.70763664991274
[Cu]OC(=O)OCCC[Au],5424356685932545648,50.0,0.07019215500187305,-15.981335502233378
[Cu]OC(=O)OCCC[Au],5424356685932545648,55.0,0.02304088058190405,-15.287836960517648
[Cu]OC(=O)OCCC[Au],5424356685932545648,60.0,-0.022695077181304844,-14.625190917738383
[Cu]OC(=O)OCCC[Au],5424356685932545648,65.0,-0.06707850033670039,-13.991590179062023
[Cu]OC(=O)OCCC[Au],5424356685932545648,70.0,-0.11016851177257386,-13.385358070556874
[Cu]OC(=O)OCCC[Au],5424356685932545648,75.0,-0.15202083797404053,-12.804937283779632
[Cu]OC(=O)OCCC[Au],6741435440045710458,40.0,0.16901183056254945,-17.73809565920788
[Cu]OC(=O)OCCC[Au],6741435440045710458,45.0,0.11882547482243866,-17.06877833044301
[Cu]OC(=O)OCCC[Au],6741435440045710458,50.0,0.07019215500187305,-16.45201323638432
[Cu]OC(=O)OCCC[Au],6741435440045710458,55.0,0.02304088058190405,-15.883964918578538
[Cu]OC(=O)OCCC[Au],6741435440045710458,60.0,-0.022695077181304844,-15.361112923910783
[Cu]OC(=O)OCCC[Au],6741435440045710458,65.0,-0.06707850033670039,-14.880222342578106
[Cu]OC(=O)OCCC[Au],6741435440045710458,70.0,-0.11016851177257386,-14.438317453616143
[Cu]OC(=O)OCCC[Au],6741435440045710458,75.0,-0.15202083797404053,-14.032658112874943
[Cu]OC(=O)OCCC[Au],7104588732427011514,40.0,0.16901183056254945,-15.430751280626964
[Cu]OC(=O)OCCC[Au],7104588732427011514,45.0,0.11882547482243866,-14.870611765906942
[Cu]OC(=O)OCCC[Au],7104588732427011514,50.0,0.07019215500187305,-14.373017287188917
[Cu]OC(=O)OCCC[Au],7104588732427011514,55.0,0.02304088058190405,-13.93307370493017
[Cu]OC(=O)OCCC[Au],7104588732427011514,60.0,-0.022695077181304844,-13.546301032439953
[Cu]OC(=O)OCCC[Au],7104588732427011514,65.0,-0.06707850033670039,-13.208594051264281
[Cu]OC(=O)OCCC[Au],7104588732427011514,70.0,-0.11016851177257386,-12.91618712495238
[Cu]OC(=O)OCCC[Au],7104588732427011514,75.0,-0.15202083797404053,-12.665622714307794
[Cu]OC(=O)OCCC[Au],7366577595172267568,40.0,0.16901183056254945,-16.265308543943906
[Cu]OC(=O)OCCC[Au],7366577595172267568,45.0,0.11882547482243866,-15.50840758298817
[Cu]OC(=O)OCCC[Au],7366577595172267568,50.0,0.07019215500187305,-14.824456916611332
[Cu]OC(=O)OCCC[Au],7366577595172267568,55.0,0.02304088058190405,-14.207892472750062
[Cu]OC(=O)OCCC[Au],7366577595172267568,60.0,-0.022695077181304844,-13.653616039605005
[Cu]OC(=O)OCCC[Au],7366577595172267568,65.0,-0.06707850033670039,-13.156951221342931
[Cu]OC(=O)OCCC[Au],7366577595172267568,70.0,-0.11016851177257386,-12.713604071652055
[Cu]OC(=O)OCCC[Au],7366577595172267568,75.0,-0.15202083797404053,-12.319627852907688
[Cu]OC(=O)OCCC[Au],7501894889814872777,40.0,0.16901183056254945,-18.47981420649584
[Cu]OC(=O)OCCC[Au],7501894889814872777,45.0,0.11882547482243866,-17.64104963239419
[Cu]OC(=O)OCCC[Au],7501894889814872777,50.0,0.07019215500187305,-16.828681027457893
[Cu]OC(=O)OCCC[Au],7501894889814872777,55.0,0.02304088058190405,-16.041482000864953
[Cu]OC(=O)OCCC[Au],7501894889814872777,60.0,-0.022695077181304844,-15.278300957133958
[Cu]OC(=O)OCCC[Au],7501894889814872777,65.0,-0.06707850033670039,-14.538055481055508
[Cu]OC(=O)OCCC[Au],7501894889814872777,70.0,-0.11016851177257386,-13.819727220873482
[Cu]OC(=O)OCCC[Au],7501894889814872777,75.0,-0.15202083797404053,-13.122357218898062
[Cu]OC(=O)OCCC[Au],8376419510100178237,40.0,0.16901183056254945,-22.732829675437273
[Cu]OC(=O)OCCC[Au],8376419510100178237,45.0,0.11882547482243866,-22.19103705198367
[Cu]OC(=O)OCCC[Au],8376419510100178237,50.0,0.07019215500187305,-21.56753112958892
[Cu]OC(=O)OCCC[Au],8376419510100178237,55.0,0.02304088058190405,-20.870480065572515
[Cu]OC(=O)OCCC[Au],8376419510100178237,60.0,-0.022695077181304844,-20.107299527211293
[Cu]OC(=O)OCCC[Au],8376419510100178237,65.0,-0.06707850033670039,-19.284727417821998
[Cu]OC(=O)OCCC[Au],8376419510100178237,70.0,-0.11016851177257386,-18.408890424982715
[Cu]OC(=O)OCCC[Au],8376419510100178237,75.0,-0.15202083797404053,-17.48536337601489
[Cu]OC(=O)OCCC[Au],8766311354148656611,40.0,0.16901183056254945,-15.51433545299472
[Cu]OC(=O)OCCC[Au],8766311354148656611,45.0,0.11882547482243866,-15.097568920317862
[Cu]OC(=O)OCCC[Au],8766311354148656611,50.0,0.07019215500187305,-14.7078963667062
[Cu]OC(=O)OCCC[Au],8766311354148656611,55.0,0.02304088058190405,-14.343440237365906
[Cu]OC(=O)OCCC[Au],8766311354148656611,60.0,-0.022695077181304844,-14.00247348212656
[Cu]OC(=O)OCCC[Au],8766311354148656611,65.0,-0.06707850033670039,-13.683405675861103
[Cu]OC(=O)OCCC[Au],8766311354148656611,70.0,-0.11016851177257386,-13.384770589466116
[Cu]OC(=O)OCCC[Au],8766311354148656611,75.0,-0.15202083797404053,-13.105215042078639
[Cu]OC(=O)OCCC[Au],9454643117090410971,40.0,0.16901183056254945,-14.678125219018664
[Cu]OC(=O)OCCC[Au],9454643117090410971,45.0,0.11882547482243866,-14.066556343383418
[Cu]OC(=O)OCCC[Au],9454643117090410971,50.0,0.07019215500187305,-13.469332865655344
[Cu]OC(=O)OCCC[Au],9454643117090410971,55.0,0.02304088058190405,-12.886005204255722
[Cu]OC(=O)OCCC[Au],9454643117090410971,60.0,-0.022695077181304844,-12.316138576799746
[Cu]OC(=O)OCCC[Au],9454643117090410971,65.0,-0.06707850033670039,-11.759312793908297
[Cu]OC(=O)OCCC[Au],9454643117090410971,70.0,-0.11016851177257386,-11.215121994548333
[Cu]OC(=O)OCCC[Au],9454643117090410971,75.0,-0.15202083797404053,-10.683174336360084
[Cu]OC(=O)OCC[Au],1091384905445496665,30.0,0.2041588744966243,-12.980173501649652
[Cu]OC(=O)OCC[Au],1091384905445496665,35.0,0.1506346652693129,-12.438424600178152
[Cu]OC(=O)OCC[Au],1091384905445496665,40.0,0.0988196755606764,-11.943719934395066
[Cu]OC(=O)OCC[Au],1091384905445496665,45.0,0.04863331982056561,-11.492461152861173
[Cu]OC(=O)OCC[Au],1091384905445496665,50.0,0.0,-11.08135671669954
[Cu]OC(=O)OCC[Au],1091384905445496665,55.0,-0.047151274419969004,-10.707392215086678
[Cu]OC(=O)OCC[Au],1091384905445496665,60.0,-0.0928872321831779,-10.367803913512661
[Cu]OC(=O)OCC[Au],1091384905445496665,65.0,-0.13727065533857344,-10.060055143130523
[Cu]OC(=O)OCC[Au],1091384905445496665,70.0,-0.18036066677444693,-9.781815191728073
[Cu]OC(=O)OCC[Au],1100538004898963529,30.0,0.2041588744966243,-18.930405168342578
[Cu]OC(=O)OCC[Au],1100538004898963529,35.0,0.1506346652693129,-18.049857328585897
[Cu]OC(=O)OCC[Au],1100538004898963529,40.0,0.0988196755606764,-17.197486234884554
[Cu]OC(=O)OCC[Au],1100538004898963529,45.0,0.04863331982056561,-16.37196074428714
[Cu]OC(=O)OCC[Au],1100538004898963529,50.0,0.0,-15.572032262461109
[Cu]OC(=O)OCC[Au],1100538004898963529,55.0,-0.047151274419969004,-14.796528442512045
[Cu]OC(=O)OCC[Au],1100538004898963529,60.0,-0.0928872321831779,-14.044347452306967
[Cu]OC(=O)OCC[Au],1100538004898963529,65.0,-0.13727065533857344,-13.314452751348465
[Cu]OC(=O)OCC[Au],1100538004898963529,70.0,-0.18036066677444693,-12.60586832513092
[Cu]OC(=O)OCC[Au],16076209338513823582,30.0,0.2041588744966243,-17.804082628871782
[Cu]OC(=O)OCC[Au],16076209338513823582,35.0,0.1506346652693129,-16.763800433414946
[Cu]OC(=O)OCC[Au],16076209338513823582,40.0,0.0988196755606764,-15.822760934599032
[Cu]OC(=O)OCC[Au],16076209338513823582,45.0,0.04863331982056561,-14.973221187768116
[Cu]OC(=O)OCC[Au],16076209338513823582,50.0,0.0,-14.208104157625739
[Cu]OC(=O)OCC[Au],16076209338513823582,55.0,-0.047151274419969004,-13.520933979750636
[Cu]OC(=O)OCC[Au],16076209338513823582,60.0,-0.0928872321831779,-12.905778294122422
[Cu]OC(=O)OCC[Au],16076209338513823582,65.0,-0.13727065533857344,-12.357196791987167
[Cu]OC(=O)OCC[Au],16076209338513823582,70.0,-0.18036066677444693,-11.870195232037586
[Cu]OC(=O)OCC[Au],16449462915271541152,30.0,0.2041588744966243,-16.603851144297717
[Cu]OC(=O)OCC[Au],16449462915271541152,35.0,0.1506346652693129,-15.70802793463379
[Cu]OC(=O)OCC[Au],16449462915271541152,40.0,0.0988196755606764,-14.896502330584367
[Cu]OC(=O)OCC[Au],16449462915271541152,45.0,0.04863331982056561,-14.162715485255053
[Cu]OC(=O)OCC[Au],16449462915271541152,50.0,0.0,-13.500671960598352
[Cu]OC(=O)OCC[Au],16449462915271541152,55.0,-0.047151274419969004,-12.904884989779028
[Cu]OC(=O)OCC[Au],16449462915271541152,60.0,-0.0928872321831779,-12.37032771656202
[Cu]OC(=O)OCC[Au],16449462915271541152,65.0,-0.13727065533857344,-11.892389686214138
[Cu]OC(=O)OCC[Au],16449462915271541152,70.0,-0.18036066677444693,-11.466837959256043
[Cu]OC(=O)OCC[Au],17335629673525116036,30.0,0.2041588744966243,-15.65549869932952
[Cu]OC(=O)OCC[Au],17335629673525116036,35.0,0.1506346652693129,-14.964700985876572
[Cu]OC(=O)OCC[Au],17335629673525116036,40.0,0.0988196755606764,-14.325057730137532
[Cu]OC(=O)OCC[Au],17335629673525116036,45.0,0.04863331982056561,-13.732806931985362
[Cu]OC(=O)OCC[Au],17335629673525116036,50.0,0.0,-13.184501695775962
[Cu]OC(=O)OCC[Au],17335629673525116036,55.0,-0.047151274419969004,-12.676980051897473
[Cu]OC(=O)OCC[Au],17335629673525116036,60.0,-0.0928872321831779,-12.207338043347377
[Cu]OC(=O)OCC[Au],17335629673525116036,65.0,-0.13727065533857344,-11.772905683564932
[Cu]OC(=O)OCC[Au],17335629673525116036,70.0,-0.18036066677444693,-11.371225444060121
[Cu]OC(=O)OCC[Au],6117486233592092698,30.0,0.2041588744966243,-12.202742548498822
[Cu]OC(=O)OCC[Au],6117486233592092698,35.0,0.1506346652693129,-11.763782924220937
[Cu]OC(=O)OCC[Au],6117486233592092698,40.0,0.0988196755606764,-11.33736936951966
[Cu]OC(=O)OCC[Au],6117486233592092698,45.0,0.04863331982056561,-10.922978654160069
[Cu]OC(=O)OCC[Au],6117486233592092698,50.0,0.0,-10.52011577011537
[Cu]OC(=O)OCC[Au],6117486233592092698,55.0,-0.047151274419969004,-10.128312093634772
[Cu]OC(=O)OCC[Au],6117486233592092698,60.0,-0.0928872321831779,-9.747123685127583
[Cu]OC(=O)OCC[Au],6117486233592092698,65.0,-0.13727065533857344,-9.376129715422563
[Cu]OC(=O)OCC[Au],6117486233592092698,70.0,-0.18036066677444693,-9.014931007970702
[Cu]OC(=O)OCC[Au],765751833925579038,30.0,0.2041588744966243,-10.299816881911712
[Cu]OC(=O)OCC[Au],765751833925579038,35.0,0.1506346652693129,-9.811944551309159
[Cu]OC(=O)OCC[Au],765751833925579038,40.0,0.0988196755606764,-9.355737969237559
[Cu]OC(=O)OCC[Au],765751833925579038,45.0,0.04863331982056561,-8.92895766474831
[Cu]OC(=O)OCC[Au],765751833925579038,50.0,0.0,-8.529548256526555
[Cu]OC(=O)OCC[Au],765751833925579038,55.0,-0.047151274419969004,-8.155621015467863
[Cu]OC(=O)OCC[Au],765751833925579038,60.0,-0.0928872321831779,-7.805438300178867
[Cu]OC(=O)OCC[Au],765751833925579038,65.0,-0.13727065533857344,-7.477399640679415
[Cu]OC(=O)OCC[Au],765751833925579038,70.0,-0.18036066677444693,-7.170029275324532
[Cu]OC(=O)OCC[Au],8213908640482760646,30.0,0.2041588744966243,-13.841787260824834
[Cu]OC(=O)OCC[Au],8213908640482760646,35.0,0.1506346652693129,-13.087614786103266
[Cu]OC(=O)OCC[Au],8213908640482760646,40.0,0.0988196755606764,-12.398655058214345
[Cu]OC(=O)OCC[Au],8213908640482760646,45.0,0.04863331982056561,-11.769924782228456
[Cu]OC(=O)OCC[Au],8213908640482760646,50.0,0.0,-11.196865384546228
[Cu]OC(=O)OCC[Au],8213908640482760646,55.0,-0.047151274419969004,-10.675301930264158
[Cu]OC(=O)OCC[Au],8213908640482760646,60.0,-0.0928872321831779,-10.20140651393604
[Cu]OC(=O)OCC[Au],8213908640482760646,65.0,-0.13727065533857344,-9.771665581794258
[Cu]OC(=O)OCC[Au],8213908640482760646,70.0,-0.18036066677444693,-9.38285071573215
[Cu]OC(=O)OCC[Au],9525724293102698250,30.0,0.2041588744966243,-15.026952333770614
[Cu]OC(=O)OCC[Au],9525724293102698250,35.0,0.1506346652693129,-14.374298376377634
[Cu]OC(=O)OCC[Au],9525724293102698250,40.0,0.0988196755606764,-13.771213436850656
[Cu]OC(=O)OCC[Au],9525724293102698250,45.0,0.04863331982056561,-13.214027313247236
[Cu]OC(=O)OCC[Au],9525724293102698250,50.0,0.0,-12.699378187826687
[Cu]OC(=O)OCC[Au],9525724293102698250,55.0,-0.047151274419969004,-12.224183038518191
[Cu]OC(=O)OCC[Au],9525724293102698250,60.0,-0.0928872321831779,-11.785611255381998
[Cu]OC(=O)OCC[Au],9525724293102698250,65.0,-0.13727065533857344,-11.381061075210003
[Cu]OC(=O)OCC[Au],9525724293102698250,70.0,-0.18036066677444693,-11.008138498838223
[Cu]OCC[Au],10080168666265399748,50.0,0.13727065533857344,-10.712479087611085
[Cu]OCC[Au],10080168666265399748,55.0,0.09011938091860444,-9.489542593432203
[Cu]OCC[Au],10080168666265399748,60.0,0.04438342315539554,-8.614791756812648
[Cu]OCC[Au],10080168666265399748,65.0,0.0,-8.059168877566252
[Cu]OCC[Au],10080168666265399748,70.0,-0.04309001143587349,-7.796091667536468
[Cu]OCC[Au],10080168666265399748,75.0,-0.08494233763734013,-7.801220160702744
[Cu]OCC[Au],10080168666265399748,80.0,-0.12560954912263933,-8.052248058368017
[Cu]OCC[Au],10196705002377175757,50.0,0.13727065533857344,-11.144550840402747
[Cu]OCC[Au],10196705002377175757,55.0,0.09011938091860444,-9.658483533303354
[Cu]OCC[Au],10196705002377175757,60.0,0.04438342315539554,-8.549421981529958
[Cu]OCC[Au],10196705002377175757,65.0,0.0,-7.786115704922853
[Cu]OCC[Au],10196705002377175757,70.0,-0.04309001143587349,-7.339969953347103
[Cu]OCC[Au],10196705002377175757,75.0,-0.08494233763734013,-7.184795951655322
[Cu]OCC[Au],10196705002377175757,80.0,-0.12560954912263933,-7.296587306705842
[Cu]OCC[Au],10366766487264027926,50.0,0.13727065533857344,-7.819592363371339
[Cu]OCC[Au],10366766487264027926,55.0,0.09011938091860444,-7.337328781065473
[Cu]OCC[Au],10366766487264027926,60.0,0.04438342315539554,-6.961064447897542
[Cu]OCC[Au],10366766487264027926,65.0,0.0,-6.682097485995274
[Cu]OCC[Au],10366766487264027926,70.0,-0.04309001143587349,-6.492462922764068
[Cu]OCC[Au],10366766487264027926,75.0,-0.08494233763734013,-6.384863515607318
[Cu]OCC[Au],10366766487264027926,80.0,-0.12560954912263933,-6.352607814752119
[Cu]OCC[Au],1037839198710433199,50.0,0.13727065533857344,-9.106010866906539
[Cu]OCC[Au],1037839198710433199,55.0,0.09011938091860444,-8.76053961701179
[Cu]OCC[Au],1037839198710433199,60.0,0.04438342315539554,-8.450641538089704
[Cu]OCC[Au],1037839198710433199,65.0,0.0,-8.173637175633694
[Cu]OCC[Au],1037839198710433199,70.0,-0.04309001143587349,-7.927066505064659
[Cu]OCC[Au],1037839198710433199,75.0,-0.08494233763734013,-7.708668697407174
[Cu]OCC[Au],1037839198710433199,80.0,-0.12560954912263933,-7.516363978840964
[Cu]OCC[Au],10565487469494001954,50.0,0.13727065533857344,-11.83817813591606
[Cu]OCC[Au],10565487469494001954,55.0,0.09011938091860444,-11.767079376703709
[Cu]OCC[Au],10565487469494001954,60.0,0.04438342315539554,-11.689622739976144
[Cu]OCC[Au],10565487469494001954,65.0,0.0,-11.60646138228208
[Cu]OCC[Au],10565487469494001954,70.0,-0.04309001143587349,-11.518189076444427
[Cu]OCC[Au],10565487469494001954,75.0,-0.08494233763734013,-11.425345984434433
[Cu]OCC[Au],10565487469494001954,80.0,-0.12560954912263933,-11.328423813497599
[Cu]OCC[Au],10655877475513174204,50.0,0.13727065533857344,-10.37002541127465
[Cu]OCC[Au],10655877475513174204,55.0,0.09011938091860444,-8.998799875549489
[Cu]OCC[Au],10655877475513174204,60.0,0.04438342315539554,-7.959024081826571
[Cu]OCC[Au],10655877475513174204,65.0,0.0,-7.223308657813954
[Cu]OCC[Au],10655877475513174204,70.0,-0.04309001143587349,-6.7665892265016065
[Cu]OCC[Au],10655877475513174204,75.0,-0.08494233763734013,-6.565907881373555
[Cu]OCC[Au],10655877475513174204,80.0,-0.12560954912263933,-6.600217544178848
[Cu]OCC[Au],10676921301097264143,50.0,0.13727065533857344,-6.19623765025424
[Cu]OCC[Au],10676921301097264143,55.0,0.09011938091860444,-6.047072385594273
[Cu]OCC[Au],10676921301097264143,60.0,0.04438342315539554,-5.906687365443824
[Cu]OCC[Au],10676921301097264143,65.0,0.0,-5.774505060060593
[Cu]OCC[Au],10676921301097264143,70.0,-0.04309001143587349,-5.6499924005213025
[Cu]OCC[Au],10676921301097264143,75.0,-0.08494233763734013,-5.532656821659772
[Cu]OCC[Au],10676921301097264143,80.0,-0.12560954912263933,-5.422042705173714
[Cu]OCC[Au],10735635823506124060,50.0,0.13727065533857344,-8.31440437764897
[Cu]OCC[Au],10735635823506124060,55.0,0.09011938091860444,-8.049904980661912
[Cu]OCC[Au],10735635823506124060,60.0,0.04438342315539554,-7.816986118907906
[Cu]OCC[Au],10735635823506124060,65.0,0.0,-7.6132137177742925
[Cu]OCC[Au],10735635823506124060,70.0,-0.04309001143587349,-7.436354909894962
[Cu]OCC[Au],10735635823506124060,75.0,-0.08494233763734013,-7.284359386884122
[Cu]OCC[Au],10735635823506124060,80.0,-0.12560954912263933,-7.155342686968627
[Cu]OCC[Au],10844139051351032556,50.0,0.13727065533857344,-7.174334769510419
[Cu]OCC[Au],10844139051351032556,55.0,0.09011938091860444,-6.973961044938791
[Cu]OCC[Au],10844139051351032556,60.0,0.04438342315539554,-6.788464640753611
[Cu]OCC[Au],10844139051351032556,65.0,0.0,-6.616798281809733
[Cu]OCC[Au],10844139051351032556,70.0,-0.04309001143587349,-6.457997978014207
[Cu]OCC[Au],10844139051351032556,75.0,-0.08494233763734013,-6.311175469270923
[Cu]OCC[Au],10844139051351032556,80.0,-0.12560954912263933,-6.175511444085838
[Cu]OCC[Au],10872075017767777612,50.0,0.13727065533857344,-16.989295694879516
[Cu]OCC[Au],10872075017767777612,55.0,0.09011938091860444,-16.657780328591862
[Cu]OCC[Au],10872075017767777612,60.0,0.04438342315539554,-16.3590955499403
[Cu]OCC[Au],10872075017767777612,65.0,0.0,-16.090785114581
[Cu]OCC[Au],10872075017767777612,70.0,-0.04309001143587349,-15.850593366055552
[Cu]OCC[Au],10872075017767777612,75.0,-0.08494233763734013,-15.636446767289256
[Cu]OCC[Au],10872075017767777612,80.0,-0.12560954912263933,-15.446437341386941
[Cu]OCC[Au],10996097036898882921,50.0,0.13727065533857344,-13.739715608463321
[Cu]OCC[Au],10996097036898882921,55.0,0.09011938091860444,-12.039501851220184
[Cu]OCC[Au],10996097036898882921,60.0,0.04438342315539554,-10.761351957211089
[Cu]OCC[Au],10996097036898882921,65.0,0.0,-9.870328454345728
[Cu]OCC[Au],10996097036898882921,70.0,-0.04309001143587349,-9.334461455506618
[Cu]OCC[Au],10996097036898882921,75.0,-0.08494233763734013,-9.12446964698744
[Cu]OCC[Au],10996097036898882921,80.0,-0.12560954912263933,-9.213510499060089
[Cu]OCC[Au],11006660502503375432,50.0,0.13727065533857344,-14.30848377712912
[Cu]OCC[Au],11006660502503375432,55.0,0.09011938091860444,-12.560098070062267
[Cu]OCC[Au],11006660502503375432,60.0,0.04438342315539554,-11.187464714291574
[Cu]OCC[Au],11006660502503375432,65.0,0.0,-10.159787720189073
[Cu]OCC[Au],11006660502503375432,70.0,-0.04309001143587349,-9.448877428815628
[Cu]OCC[Au],11006660502503375432,75.0,-0.08494233763734013,-9.02890592565619
[Cu]OCC[Au],11006660502503375432,80.0,-0.12560954912263933,-8.87618804152893
[Cu]OCC[Au],11053882267350739117,50.0,0.13727065533857344,-9.824017815619637
[Cu]OCC[Au],11053882267350739117,55.0,0.09011938091860444,-9.213832041345546
[Cu]OCC[Au],11053882267350739117,60.0,0.04438342315539554,-8.7541589884221
[Cu]OCC[Au],11053882267350739117,65.0,0.0,-8.432544638574111
[Cu]OCC[Au],11053882267350739117,70.0,-0.04309001143587349,-8.237592660177855
[Cu]OCC[Au],11053882267350739117,75.0,-0.08494233763734013,-8.158864972428415
[Cu]OCC[Au],11053882267350739117,80.0,-0.12560954912263933,-8.18679272338107
[Cu]OCC[Au],11076495689739030084,50.0,0.13727065533857344,-13.156046569374496
[Cu]OCC[Au],11076495689739030084,55.0,0.09011938091860444,-11.77583681469423
[Cu]OCC[Au],11076495689739030084,60.0,0.04438342315539554,-10.728819389503041
[Cu]OCC[Au],11076495689739030084,65.0,0.0,-9.987463251195459
[Cu]OCC[Au],11076495689739030084,70.0,-0.04309001143587349,-9.526574306592003
[Cu]OCC[Au],11076495689739030084,75.0,-0.08494233763734013,-9.323075767077848
[Cu]OCC[Au],11076495689739030084,80.0,-0.12560954912263933,-9.355811503364244
[Cu]OCC[Au],11098280926091290182,50.0,0.13727065533857344,-11.541626280774299
[Cu]OCC[Au],11098280926091290182,55.0,0.09011938091860444,-9.997550344520114
[Cu]OCC[Au],11098280926091290182,60.0,0.04438342315539554,-8.834660025496065
[Cu]OCC[Au],11098280926091290182,65.0,0.0,-8.021412852622822
[Cu]OCC[Au],11098280926091290182,70.0,-0.04309001143587349,-7.528945224253164
[Cu]OCC[Au],11098280926091290182,75.0,-0.08494233763734013,-7.330820558302219
[Cu]OCC[Au],11098280926091290182,80.0,-0.12560954912263933,-7.402803818670693
[Cu]OCC[Au],11326097864634796300,50.0,0.13727065533857344,-16.411666398132628
[Cu]OCC[Au],11326097864634796300,55.0,0.09011938091860444,-14.817512146044482
[Cu]OCC[Au],11326097864634796300,60.0,0.04438342315539554,-13.4045267428803
[Cu]OCC[Au],11326097864634796300,65.0,0.0,-12.158847311125891
[Cu]OCC[Au],11326097864634796300,70.0,-0.04309001143587349,-11.067753586580494
[Cu]OCC[Au],11326097864634796300,75.0,-0.08494233763734013,-10.11956218497978
[Cu]OCC[Au],11326097864634796300,80.0,-0.12560954912263933,-9.3035318341433
[Cu]OCC[Au],11590834073917115241,50.0,0.13727065533857344,-7.64317866926616
[Cu]OCC[Au],11590834073917115241,55.0,0.09011938091860444,-7.445002281106483
[Cu]OCC[Au],11590834073917115241,60.0,0.04438342315539554,-7.261210397228314
[Cu]OCC[Au],11590834073917115241,65.0,0.0,-7.090796258418022
[Cu]OCC[Au],11590834073917115241,70.0,-0.04309001143587349,-6.93283295765938
[Cu]OCC[Au],11590834073917115241,75.0,-0.08494233763734013,-6.786466207418408
[Cu]OCC[Au],11590834073917115241,80.0,-0.12560954912263933,-6.650907846855276
[Cu]OCC[Au],11831643889440491637,50.0,0.13727065533857344,-10.845889779472309
[Cu]OCC[Au],11831643889440491637,55.0,0.09011938091860444,-10.239272448196225
[Cu]OCC[Au],11831643889440491637,60.0,0.04438342315539554,-9.77599869908617
[Cu]OCC[Au],11831643889440491637,65.0,0.0,-9.44424116230642
[Cu]OCC[Au],11831643889440491637,70.0,-0.04309001143587349,-9.233175905283455
[Cu]OCC[Au],11831643889440491637,75.0,-0.08494233763734013,-9.132888147017452
[Cu]OCC[Au],11831643889440491637,80.0,-0.12560954912263933,-9.134287843695727
[Cu]OCC[Au],1209507828930113593,50.0,0.13727065533857344,-16.022525449047777
[Cu]OCC[Au],1209507828930113593,55.0,0.09011938091860444,-15.418662753817175
[Cu]OCC[Au],1209507828930113593,60.0,0.04438342315539554,-14.895605750457136
[Cu]OCC[Au],1209507828930113593,65.0,0.0,-14.447030674586053
[Cu]OCC[Au],1209507828930113593,70.0,-0.04309001143587349,-14.067139663264832
[Cu]OCC[Au],1209507828930113593,75.0,-0.08494233763734013,-13.750611855676489
[Cu]OCC[Au],1209507828930113593,80.0,-0.12560954912263933,-13.492559580339927
[Cu]OCC[Au],12125689090475974298,50.0,0.13727065533857344,-8.123479139763594
[Cu]OCC[Au],12125689090475974298,55.0,0.09011938091860444,-7.8046096269642735
[Cu]OCC[Au],12125689090475974298,60.0,0.04438342315539554,-7.520848501136726
[Cu]OCC[Au],12125689090475974298,65.0,0.0,-7.269522341089193
[Cu]OCC[Au],12125689090475974298,70.0,-0.04309001143587349,-7.048177641538865
[Cu]OCC[Au],12125689090475974298,75.0,-0.08494233763734013,-6.854560484606242
[Cu]OCC[Au],12125689090475974298,80.0,-0.12560954912263933,-6.6865983181503825
[Cu]OCC[Au],12240050357772431420,50.0,0.13727065533857344,-18.631036708660947
[Cu]OCC[Au],12240050357772431420,55.0,0.09011938091860444,-17.265077804100017
[Cu]OCC[Au],12240050357772431420,60.0,0.04438342315539554,-16.050912007882808
[Cu]OCC[Au],12240050357772431420,65.0,0.0,-14.976963982406437
[Cu]OCC[Au],12240050357772431420,70.0,-0.04309001143587349,-14.032611135596845
[Cu]OCC[Au],12240050357772431420,75.0,-0.08494233763734013,-13.208095523435219
[Cu]OCC[Au],12240050357772431420,80.0,-0.12560954912263933,-12.4944448847003
[Cu]OCC[Au],1224737384715962281,50.0,0.13727065533857344,-8.003858567201663
[Cu]OCC[Au],1224737384715962281,55.0,0.09011938091860444,-7.717669446613699
[Cu]OCC[Au],1224737384715962281,60.0,0.04438342315539554,-7.46879990850008
[Cu]OCC[Au],1224737384715962281,65.0,0.0,-7.254338938494342
[Cu]OCC[Au],1224737384715962281,70.0,-0.04309001143587349,-7.071617298384587
[Cu]OCC[Au],1224737384715962281,75.0,-0.08494233763734013,-6.918185060767003
[Cu]OCC[Au],1224737384715962281,80.0,-0.12560954912263933,-6.7917914795570535
[Cu]OCC[Au],1230341816369350981,50.0,0.13727065533857344,-11.755688366815683
[Cu]OCC[Au],1230341816369350981,55.0,0.09011938091860444,-11.358394167123
[Cu]OCC[Au],1230341816369350981,60.0,0.04438342315539554,-10.999688916819142
[Cu]OCC[Au],1230341816369350981,65.0,0.0,-10.676695567669693
[Cu]OCC[Au],1230341816369350981,70.0,-0.04309001143587349,-10.386771683103806
[Cu]OCC[Au],1230341816369350981,75.0,-0.08494233763734013,-10.127487854301917
[Cu]OCC[Au],1230341816369350981,80.0,-0.12560954912263933,-9.89660834653128
[Cu]OCC[Au],12533297706161161870,50.0,0.13727065533857344,-16.29970248536473
[Cu]OCC[Au],12533297706161161870,55.0,0.09011938091860444,-15.2968263593758
[Cu]OCC[Au],12533297706161161870,60.0,0.04438342315539554,-14.499848324182148
[Cu]OCC[Au],12533297706161161870,65.0,0.0,-13.891952145567101
[Cu]OCC[Au],12533297706161161870,70.0,-0.04309001143587349,-13.457742955323512
[Cu]OCC[Au],12533297706161161870,75.0,-0.08494233763734013,-13.183113954898452
[Cu]OCC[Au],12533297706161161870,80.0,-0.12560954912263933,-13.055127058007502
[Cu]OCC[Au],12563568731441051984,50.0,0.13727065533857344,-8.9524785187889
[Cu]OCC[Au],12563568731441051984,55.0,0.09011938091860444,-8.428577732285362
[Cu]OCC[Au],12563568731441051984,60.0,0.04438342315539554,-8.014268282811704
[Cu]OCC[Au],12563568731441051984,65.0,0.0,-7.700586585924951
[Cu]OCC[Au],12563568731441051984,70.0,-0.04309001143587349,-7.479327094916167
[Cu]OCC[Au],12563568731441051984,75.0,-0.08494233763734013,-7.342971191932548
[Cu]OCC[Au],12563568731441051984,80.0,-0.12560954912263933,-7.284623516312026
[Cu]OCC[Au],12580747066770543356,50.0,0.13727065533857344,-10.684904241711907
[Cu]OCC[Au],12580747066770543356,55.0,0.09011938091860444,-10.260426893486226
[Cu]OCC[Au],12580747066770543356,60.0,0.04438342315539554,-9.864353629675078
[Cu]OCC[Au],12580747066770543356,65.0,0.0,-9.494739962069694
[Cu]OCC[Au],12580747066770543356,70.0,-0.04309001143587349,-9.149794048555114
[Cu]OCC[Au],12580747066770543356,75.0,-0.08494233763734013,-8.827862949329203
[Cu]OCC[Au],12580747066770543356,80.0,-0.12560954912263933,-8.527420283682527
[Cu]OCC[Au],12614347647550871495,50.0,0.13727065533857344,-16.24350100184966
[Cu]OCC[Au],12614347647550871495,55.0,0.09011938091860444,-14.941981982603041
[Cu]OCC[Au],12614347647550871495,60.0,0.04438342315539554,-13.826815890583799
[Cu]OCC[Au],12614347647550871495,65.0,0.0,-12.883299444181963
[Cu]OCC[Au],12614347647550871495,70.0,-0.04309001143587349,-12.097956017233884
[Cu]OCC[Au],12614347647550871495,75.0,-0.08494233763734013,-11.458421389272404
[Cu]OCC[Au],12614347647550871495,80.0,-0.12560954912263933,-10.953341392580366
[Cu]OCC[Au],12677372547560175190,50.0,0.13727065533857344,-9.333168806773022
[Cu]OCC[Au],12677372547560175190,55.0,0.09011938091860444,-8.698275488662052
[Cu]OCC[Au],12677372547560175190,60.0,0.04438342315539554,-8.172007030777289
[Cu]OCC[Au],12677372547560175190,65.0,0.0,-7.745630560297953
[Cu]OCC[Au],12677372547560175190,70.0,-0.04309001143587349,-7.411147007004134
[Cu]OCC[Au],12677372547560175190,75.0,-0.08494233763734013,-7.161222498250278
[Cu]OCC[Au],12677372547560175190,80.0,-0.12560954912263933,-6.989126914502821
[Cu]OCC[Au],12707039486747357085,50.0,0.13727065533857344,-15.916494333725838
[Cu]OCC[Au],12707039486747357085,55.0,0.09011938091860444,-15.861895501893983
[Cu]OCC[Au],12707039486747357085,60.0,0.04438342315539554,-15.81683370002254
[Cu]OCC[Au],12707039486747357085,65.0,0.0,-15.78054070060847
[Cu]OCC[Au],12707039486747357085,70.0,-0.04309001143587349,-15.752312876019426
[Cu]OCC[Au],12707039486747357085,75.0,-0.08494233763734013,-15.731505156557917
[Cu]OCC[Au],12707039486747357085,80.0,-0.12560954912263933,-15.717525619295063
[Cu]OCC[Au],1288724586974709896,50.0,0.13727065533857344,-8.177127277115252
[Cu]OCC[Au],1288724586974709896,55.0,0.09011938091860444,-7.787206073831755
[Cu]OCC[Au],1288724586974709896,60.0,0.04438342315539554,-7.4778098438709035
[Cu]OCC[Au],1288724586974709896,65.0,0.0,-7.242358891938121
[Cu]OCC[Au],1288724586974709896,70.0,-0.04309001143587349,-7.074829755152674
[Cu]OCC[Au],1288724586974709896,75.0,-0.08494233763734013,-6.969703034733669
[Cu]OCC[Au],1288724586974709896,80.0,-0.12560954912263933,-6.921916683286987
[Cu]OCC[Au],12978261208621099175,50.0,0.13727065533857344,-11.244520976046017
[Cu]OCC[Au],12978261208621099175,55.0,0.09011938091860444,-10.652782814626239
[Cu]OCC[Au],12978261208621099175,60.0,0.04438342315539554,-10.153711570746058
[Cu]OCC[Au],12978261208621099175,65.0,0.0,-9.739923050237563
[Cu]OCC[Au],12978261208621099175,70.0,-0.04309001143587349,-9.404651451846723
[Cu]OCC[Au],12978261208621099175,75.0,-0.08494233763734013,-9.14169165442511
[Cu]OCC[Au],12978261208621099175,80.0,-0.12560954912263933,-8.945347521245077
[Cu]OCC[Au],13210623991567613173,50.0,0.13727065533857344,-8.347237848535347
[Cu]OCC[Au],13210623991567613173,55.0,0.09011938091860444,-8.08238499800151
[Cu]OCC[Au],13210623991567613173,60.0,0.04438342315539554,-7.834774130212219
[Cu]OCC[Au],13210623991567613173,65.0,0.0,-7.603234317510391
[Cu]OCC[Au],13210623991567613173,70.0,-0.04309001143587349,-7.386686201575589
[Cu]OCC[Au],13210623991567613173,75.0,-0.08494233763734013,-7.1841337672363395
[Cu]OCC[Au],13210623991567613173,80.0,-0.12560954912263933,-6.9946569533415435
[Cu]OCC[Au],13219571994175296435,50.0,0.13727065533857344,-21.298753575395445
[Cu]OCC[Au],13219571994175296435,55.0,0.09011938091860444,-19.651343238313544
[Cu]OCC[Au],13219571994175296435,60.0,0.04438342315539554,-18.247826685446707
[Cu]OCC[Au],13219571994175296435,65.0,0.0,-17.068887210788706
[Cu]OCC[Au],13219571994175296435,70.0,-0.04309001143587349,-16.096822020843113
[Cu]OCC[Au],13219571994175296435,75.0,-0.08494233763734013,-15.31539179879078
[Cu]OCC[Au],13219571994175296435,80.0,-0.12560954912263933,-14.709685941080936
[Cu]OCC[Au],13251548504133624724,50.0,0.13727065533857344,-12.841023631007637
[Cu]OCC[Au],13251548504133624724,55.0,0.09011938091860444,-10.696600617315429
[Cu]OCC[Au],13251548504133624724,60.0,0.04438342315539554,-9.089810548635253
[Cu]OCC[Au],13251548504133624724,65.0,0.0,-7.976121415058764
[Cu]OCC[Au],13251548504133624724,70.0,-0.04309001143587349,-7.3147846122819455
[Cu]OCC[Au],13251548504133624724,75.0,-0.08494233763734013,-7.068479184954592
[Cu]OCC[Au],13251548504133624724,80.0,-0.12560954912263933,-7.20299333269152
[Cu]OCC[Au],13561651474459847693,50.0,0.13727065533857344,-13.289581603164264
[Cu]OCC[Au],13561651474459847693,55.0,0.09011938091860444,-11.937240839515901
[Cu]OCC[Au],13561651474459847693,60.0,0.04438342315539554,-10.8633127281611
[Cu]OCC[Au],13561651474459847693,65.0,0.0,-10.045053681898352
[Cu]OCC[Au],13561651474459847693,70.0,-0.04309001143587349,-9.46164263265546
[Cu]OCC[Au],13561651474459847693,75.0,-0.08494233763734013,-9.094000729305897
[Cu]OCC[Au],13561651474459847693,80.0,-0.12560954912263933,-8.924629890392424
[Cu]OCC[Au],1358887523146916965,50.0,0.13727065533857344,-9.493714139017111
[Cu]OCC[Au],1358887523146916965,55.0,0.09011938091860444,-8.734259230916637
[Cu]OCC[Au],1358887523146916965,60.0,0.04438342315539554,-8.166161576427731
[Cu]OCC[Au],1358887523146916965,65.0,0.0,-7.773566114723394
[Cu]OCC[Au],1358887523146916965,70.0,-0.04309001143587349,-7.541964972176439
[Cu]OCC[Au],1358887523146916965,75.0,-0.08494233763734013,-7.458070777826759
[Cu]OCC[Au],1358887523146916965,80.0,-0.12560954912263933,-7.509703248515542
[Cu]OCC[Au],13619860870895641144,50.0,0.13727065533857344,-9.18259990945087
[Cu]OCC[Au],13619860870895641144,55.0,0.09011938091860444,-8.496713983649926
[Cu]OCC[Au],13619860870895641144,60.0,0.04438342315539554,-7.98906824085078
[Cu]OCC[Au],13619860870895641144,65.0,0.0,-7.644866228367571
[Cu]OCC[Au],13619860870895641144,70.0,-0.04309001143587349,-7.4505695995924635
[Cu]OCC[Au],13619860870895641144,75.0,-0.08494233763734013,-7.393779764200692
[Cu]OCC[Au],13619860870895641144,80.0,-0.12560954912263933,-7.463131937687983
[Cu]OCC[Au],13734652855655989955,50.0,0.13727065533857344,-14.068809671438329
[Cu]OCC[Au],13734652855655989955,55.0,0.09011938091860444,-12.681437499839172
[Cu]OCC[Au],13734652855655989955,60.0,0.04438342315539554,-11.502584767429534
[Cu]OCC[Au],13734652855655989955,65.0,0.0,-10.515708786047337
[Cu]OCC[Au],13734652855655989955,70.0,-0.04309001143587349,-9.705649900891505
[Cu]OCC[Au],13734652855655989955,75.0,-0.08494233763734013,-9.058502531414511
[Cu]OCC[Au],13734652855655989955,80.0,-0.12560954912263933,-8.561499650026608
[Cu]OCC[Au],13894940187204731763,50.0,0.13727065533857344,-9.426665686705196
[Cu]OCC[Au],13894940187204731763,55.0,0.09011938091860444,-9.23747810298828
[Cu]OCC[Au],13894940187204731763,60.0,0.04438342315539554,-9.063804673764166
[Cu]OCC[Au],13894940187204731763,65.0,0.0,-8.904527368784567
[Cu]OCC[Au],13894940187204731763,70.0,-0.04309001143587349,-8.758618008001443
[Cu]OCC[Au],13894940187204731763,75.0,-0.08494233763734013,-8.625130062293863
[Cu]OCC[Au],13894940187204731763,80.0,-0.12560954912263933,-8.503191297051968
[Cu]OCC[Au],14025187737183534322,50.0,0.13727065533857344,-9.6218440165034
[Cu]OCC[Au],14025187737183534322,55.0,0.09011938091860444,-9.2858934934178
[Cu]OCC[Au],14025187737183534322,60.0,0.04438342315539554,-8.965668598438425
[Cu]OCC[Au],14025187737183534322,65.0,0.0,-8.66022520427629
[Cu]OCC[Au],14025187737183534322,70.0,-0.04309001143587349,-8.368688371387588
[Cu]OCC[Au],14025187737183534322,75.0,-0.08494233763734013,-8.090246377484613
[Cu]OCC[Au],14025187737183534322,80.0,-0.12560954912263933,-7.824145338173322
[Cu]OCC[Au],141449952189474906,50.0,0.13727065533857344,-9.00883760184838
[Cu]OCC[Au],141449952189474906,55.0,0.09011938091860444,-8.631608473066873
[Cu]OCC[Au],141449952189474906,60.0,0.04438342315539554,-8.299848219988407
[Cu]OCC[Au],141449952189474906,65.0,0.0,-8.010047611847101
[Cu]OCC[Au],141449952189474906,70.0,-0.04309001143587349,-7.758987656159217
[Cu]OCC[Au],141449952189474906,75.0,-0.08494233763734013,-7.543712691123325
[Cu]OCC[Au],141449952189474906,80.0,-0.12560954912263933,-7.361506271834362
[Cu]OCC[Au],14404320967163976993,50.0,0.13727065533857344,-16.733332323846284
[Cu]OCC[Au],14404320967163976993,55.0,0.09011938091860444,-15.836093493585695
[Cu]OCC[Au],14404320967163976993,60.0,0.04438342315539554,-15.158571751353058
[Cu]OCC[Au],14404320967163976993,65.0,0.0,-14.682595356225747
[Cu]OCC[Au],14404320967163976993,70.0,-0.04309001143587349,-14.391535582558898
[Cu]OCC[Au],14404320967163976993,75.0,-0.08494233763734013,-14.27016166990791
[Cu]OCC[Au],14404320967163976993,80.0,-0.12560954912263933,-14.304510963171058
[Cu]OCC[Au],1441746369575301070,50.0,0.13727065533857344,-18.751092665005594
[Cu]OCC[Au],1441746369575301070,55.0,0.09011938091860444,-17.26366634031509
[Cu]OCC[Au],1441746369575301070,60.0,0.04438342315539554,-15.855391086849444
[Cu]OCC[Au],1441746369575301070,65.0,0.0,-14.521247921334583
[Cu]OCC[Au],1441746369575301070,70.0,-0.04309001143587349,-13.256596990991943
[Cu]OCC[Au],1441746369575301070,75.0,-0.08494233763734013,-12.057144219163678
[Cu]OCC[Au],1441746369575301070,80.0,-0.12560954912263933,-10.91891129772919
[Cu]OCC[Au],14588897339596316217,50.0,0.13727065533857344,-13.701866093751335
[Cu]OCC[Au],14588897339596316217,55.0,0.09011938091860444,-12.214749793713857
[Cu]OCC[Au],14588897339596316217,60.0,0.04438342315539554,-11.110165661950578
[Cu]OCC[Au],14588897339596316217,65.0,0.0,-10.356377926761228
[Cu]OCC[Au],14588897339596316217,70.0,-0.04309001143587349,-9.924348623563763
[Cu]OCC[Au],14588897339596316217,75.0,-0.08494233763734013,-9.787483842184475
[Cu]OCC[Au],14588897339596316217,80.0,-0.12560954912263933,-9.92140655755817
[Cu]OCC[Au],14589617942451380938,50.0,0.13727065533857344,-10.68409726496422
[Cu]OCC[Au],14589617942451380938,55.0,0.09011938091860444,-9.923241224975788
[Cu]OCC[Au],14589617942451380938,60.0,0.04438342315539554,-9.30068183535812
[Cu]OCC[Au],14589617942451380938,65.0,0.0,-8.805238502372012
[Cu]OCC[Au],14589617942451380938,70.0,-0.04309001143587349,-8.426672084212342
[Cu]OCC[Au],14589617942451380938,75.0,-0.08494233763734013,-8.155596775463279
[Cu]OCC[Au],14589617942451380938,80.0,-0.12560954912263933,-7.983401194734426
[Cu]OCC[Au],14667432397525678422,50.0,0.13727065533857344,-9.087158000721232
[Cu]OCC[Au],14667432397525678422,55.0,0.09011938091860444,-8.442177776280102
[Cu]OCC[Au],14667432397525678422,60.0,0.04438342315539554,-7.95467953198756
[Cu]OCC[Au],14667432397525678422,65.0,0.0,-7.611641165752551
[Cu]OCC[Au],14667432397525678422,70.0,-0.04309001143587349,-7.401146243793154
[Cu]OCC[Au],14667432397525678422,75.0,-0.08494233763734013,-7.312280066757675
[Cu]OCC[Au],14667432397525678422,80.0,-0.12560954912263933,-7.335036619977475
[Cu]OCC[Au],1469657373225803656,50.0,0.13727065533857344,-7.770861462510509
[Cu]OCC[Au],1469657373225803656,55.0,0.09011938091860444,-7.262050756858545
[Cu]OCC[Au],1469657373225803656,60.0,0.04438342315539554,-6.853869660503912
[Cu]OCC[Au],1469657373225803656,65.0,0.0,-6.5381239823326505
[Cu]OCC[Au],1469657373225803656,70.0,-0.04309001143587349,-6.307311368473028
[Cu]OCC[Au],1469657373225803656,75.0,-0.08494233763734013,-6.154556458768834
[Cu]OCC[Au],1469657373225803656,80.0,-0.12560954912263933,-6.073552821631783
[Cu]OCC[Au],14953275751489776986,50.0,0.13727065533857344,-10.435484589991642
[Cu]OCC[Au],14953275751489776986,55.0,0.09011938091860444,-9.980603740719877
[Cu]OCC[Au],14953275751489776986,60.0,0.04438342315539554,-9.55340730834742
[Cu]OCC[Au],14953275751489776986,65.0,0.0,-9.152054063868565
[Cu]OCC[Au],14953275751489776986,70.0,-0.04309001143587349,-8.77484530895571
[Cu]OCC[Au],14953275751489776986,75.0,-0.08494233763734013,-8.420212148527469
[Cu]OCC[Au],14953275751489776986,80.0,-0.12560954912263933,-8.086704053254085
[Cu]OCC[Au],14992395365222254574,50.0,0.13727065533857344,-9.62312613120468
[Cu]OCC[Au],14992395365222254574,55.0,0.09011938091860444,-8.73644457026654
[Cu]OCC[Au],14992395365222254574,60.0,0.04438342315539554,-8.094098293419986
[Cu]OCC[Au],14992395365222254574,65.0,0.0,-7.675733780094316
[Cu]OCC[Au],14992395365222254574,70.0,-0.04309001143587349,-7.462730275364919
[Cu]OCC[Au],14992395365222254574,75.0,-0.08494233763734013,-7.4380366844397585
[Cu]OCC[Au],14992395365222254574,80.0,-0.12560954912263933,-7.586025562154414
[Cu]OCC[Au],15045795487230439370,50.0,0.13727065533857344,-13.529218888195944
[Cu]OCC[Au],15045795487230439370,55.0,0.09011938091860444,-13.148394898624723
[Cu]OCC[Au],15045795487230439370,60.0,0.04438342315539554,-12.765430671946804
[Cu]OCC[Au],15045795487230439370,65.0,0.0,-12.381014252460432
[Cu]OCC[Au],15045795487230439370,70.0,-0.04309001143587349,-11.99575951819726
[Cu]OCC[Au],15045795487230439370,75.0,-0.08494233763734013,-11.610213917648348
[Cu]OCC[Au],15045795487230439370,80.0,-0.12560954912263933,-11.224865347344533
[Cu]OCC[Au],1518011792571125091,50.0,0.13727065533857344,-13.336633269076039
[Cu]OCC[Au],1518011792571125091,55.0,0.09011938091860444,-12.42959288190872
[Cu]OCC[Au],1518011792571125091,60.0,0.04438342315539554,-11.706233548559412
[Cu]OCC[Au],1518011792571125091,65.0,0.0,-11.151569795400215
[Cu]OCC[Au],1518011792571125091,70.0,-0.04309001143587349,-10.75188226611446
[Cu]OCC[Au],1518011792571125091,75.0,-0.08494233763734013,-10.494599009355433
[Cu]OCC[Au],1518011792571125091,80.0,-0.12560954912263933,-10.368189178720591
[Cu]OCC[Au],15194082930163505608,50.0,0.13727065533857344,-8.591323927296257
[Cu]OCC[Au],15194082930163505608,55.0,0.09011938091860444,-8.379066923997195
[Cu]OCC[Au],15194082930163505608,60.0,0.04438342315539554,-8.182036736634023
[Cu]OCC[Au],15194082930163505608,65.0,0.0,-7.999170901402634
[Cu]OCC[Au],15194082930163505608,70.0,-0.04309001143587349,-7.829491106730186
[Cu]OCC[Au],15194082930163505608,75.0,-0.08494233763734013,-7.672095577228162
[Cu]OCC[Au],15194082930163505608,80.0,-0.12560954912263933,-7.526152236380142
[Cu]OCC[Au],15253915528722134558,50.0,0.13727065533857344,-7.865924874101639
[Cu]OCC[Au],15253915528722134558,55.0,0.09011938091860444,-7.592694256263452
[Cu]OCC[Au],15253915528722134558,60.0,0.04438342315539554,-7.342155471331513
[Cu]OCC[Au],15253915528722134558,65.0,0.0,-7.112668656382813
[Cu]OCC[Au],15253915528722134558,70.0,-0.04309001143587349,-6.9027258972726475
[Cu]OCC[Au],15253915528722134558,75.0,-0.08494233763734013,-6.710939179362219
[Cu]OCC[Au],15253915528722134558,80.0,-0.12560954912263933,-6.536029577416786
[Cu]OCC[Au],15257596464249909907,50.0,0.13727065533857344,-5.352855492435227
[Cu]OCC[Au],15257596464249909907,55.0,0.09011938091860444,-5.243430310189661
[Cu]OCC[Au],15257596464249909907,60.0,0.04438342315539554,-5.140543218847166
[Cu]OCC[Au],15257596464249909907,65.0,0.0,-5.0437620058369985
[Cu]OCC[Au],15257596464249909907,70.0,-0.04309001143587349,-4.952687816015915
[Cu]OCC[Au],15257596464249909907,75.0,-0.08494233763734013,-4.86695217833144
[Cu]OCC[Au],15257596464249909907,80.0,-0.12560954912263933,-4.786214333475253
[Cu]OCC[Au],15366012665378425561,50.0,0.13727065533857344,-12.48967028504471
[Cu]OCC[Au],15366012665378425561,55.0,0.09011938091860444,-12.059902537561586
[Cu]OCC[Au],15366012665378425561,60.0,0.04438342315539554,-11.637932102681175
[Cu]OCC[Au],15366012665378425561,65.0,0.0,-11.223636108172798
[Cu]OCC[Au],15366012665378425561,70.0,-0.04309001143587349,-10.81688603487661
[Cu]OCC[Au],15366012665378425561,75.0,-0.08494233763734013,-10.417549028734276
[Cu]OCC[Au],15366012665378425561,80.0,-0.12560954912263933,-10.02548902544338
[Cu]OCC[Au],15454046629965621537,50.0,0.13727065533857344,-7.095181711993224
[Cu]OCC[Au],15454046629965621537,55.0,0.09011938091860444,-7.1580768672764945
[Cu]OCC[Au],15454046629965621537,60.0,0.04438342315539554,-7.141137919518541
[Cu]OCC[Au],15454046629965621537,65.0,0.0,-7.051312722073798
[Cu]OCC[Au],15454046629965621537,70.0,-0.04309001143587349,-6.894948533271217
[Cu]OCC[Au],15454046629965621537,75.0,-0.08494233763734013,-6.677848991471833
[Cu]OCC[Au],15454046629965621537,80.0,-0.12560954912263933,-6.405325090427576
[Cu]OCC[Au],15656796080971987871,50.0,0.13727065533857344,-10.442845678364371
[Cu]OCC[Au],15656796080971987871,55.0,0.09011938091860444,-10.206793535440552
[Cu]OCC[Au],15656796080971987871,60.0,0.04438342315539554,-9.994010429382255
[Cu]OCC[Au],15656796080971987871,65.0,0.0,-9.80275689619582
[Cu]OCC[Au],15656796080971987871,70.0,-0.04309001143587349,-9.631435475728907
[Cu]OCC[Au],15656796080971987871,75.0,-0.08494233763734013,-9.478577639564131
[Cu]OCC[Au],15656796080971987871,80.0,-0.12560954912263933,-9.342832070163722
[Cu]OCC[Au],15660748664818833097,50.0,0.13727065533857344,-10.738755715456282
[Cu]OCC[Au],15660748664818833097,55.0,0.09011938091860444,-10.294367380542187
[Cu]OCC[Au],15660748664818833097,60.0,0.04438342315539554,-9.890975882277466
[Cu]OCC[Au],15660748664818833097,65.0,0.0,-9.525553907553858
[Cu]OCC[Au],15660748664818833097,70.0,-0.04309001143587349,-9.195320008611235
[Cu]OCC[Au],15660748664818833097,75.0,-0.08494233763734013,-8.897716034380498
[Cu]OCC[Au],15660748664818833097,80.0,-0.12560954912263933,-8.630386890521061
[Cu]OCC[Au],15710378375918209282,50.0,0.13727065533857344,-10.05032211143198
[Cu]OCC[Au],15710378375918209282,55.0,0.09011938091860444,-9.91095082730015
[Cu]OCC[Au],15710378375918209282,60.0,0.04438342315539554,-9.749058656111568
[Cu]OCC[Au],15710378375918209282,65.0,0.0,-9.566811664154004
[Cu]OCC[Au],15710378375918209282,70.0,-0.04309001143587349,-9.366182642288063
[Cu]OCC[Au],15710378375918209282,75.0,-0.08494233763734013,-9.148969728823221
[Cu]OCC[Au],15710378375918209282,80.0,-0.12560954912263933,-8.916813053078842
[Cu]OCC[Au],15710669143673576137,50.0,0.13727065533857344,-14.236737489162039
[Cu]OCC[Au],15710669143673576137,55.0,0.09011938091860444,-13.50150405646698
[Cu]OCC[Au],15710669143673576137,60.0,0.04438342315539554,-12.66931615230215
[Cu]OCC[Au],15710669143673576137,65.0,0.0,-11.749676282684964
[Cu]OCC[Au],15710669143673576137,70.0,-0.04309001143587349,-10.751234357739524
[Cu]OCC[Au],15710669143673576137,75.0,-0.08494233763734013,-9.681870060028057
[Cu]OCC[Au],15710669143673576137,80.0,-0.12560954912263933,-8.548766444882641
[Cu]OCC[Au],15727492152695179536,50.0,0.13727065533857344,-10.72062025389599
[Cu]OCC[Au],15727492152695179536,55.0,0.09011938091860444,-9.905859800141204
[Cu]OCC[Au],15727492152695179536,60.0,0.04438342315539554,-9.275630405943184
[Cu]OCC[Au],15727492152695179536,65.0,0.0,-8.814750690200794
[Cu]OCC[Au],15727492152695179536,70.0,-0.04309001143587349,-8.509325893532523
[Cu]OCC[Au],15727492152695179536,75.0,-0.08494233763734013,-8.346627050457629
[Cu]OCC[Au],15727492152695179536,80.0,-0.12560954912263933,-8.314982807459252
[Cu]OCC[Au],15809046188639980355,50.0,0.13727065533857344,-17.193957064807652
[Cu]OCC[Au],15809046188639980355,55.0,0.09011938091860444,-16.07831154847827
[Cu]OCC[Au],15809046188639980355,60.0,0.04438342315539554,-15.102966338202469
[Cu]OCC[Au],15809046188639980355,65.0,0.0,-14.257029812110948
[Cu]OCC[Au],15809046188639980355,70.0,-0.04309001143587349,-13.530513256291371
[Cu]OCC[Au],15809046188639980355,75.0,-0.08494233763734013,-12.914247052990309
[Cu]OCC[Au],15809046188639980355,80.0,-0.12560954912263933,-12.399805577760562
[Cu]OCC[Au],16010127846425058764,50.0,0.13727065533857344,-8.963667008519309
[Cu]OCC[Au],16010127846425058764,55.0,0.09011938091860444,-8.487573925558308
[Cu]OCC[Au],16010127846425058764,60.0,0.04438342315539554,-8.10500637587278
[Cu]OCC[Au],16010127846425058764,65.0,0.0,-7.808352848867507
[Cu]OCC[Au],16010127846425058764,70.0,-0.04309001143587349,-7.59064434391044
[Cu]OCC[Au],16010127846425058764,75.0,-0.08494233763734013,-7.4454941565043855
[Cu]OCC[Au],16010127846425058764,80.0,-0.12560954912263933,-7.367043958463041
[Cu]OCC[Au],16106095522064801040,50.0,0.13727065533857344,-12.491332257161188
[Cu]OCC[Au],16106095522064801040,55.0,0.09011938091860444,-12.03983174869755
[Cu]OCC[Au],16106095522064801040,60.0,0.04438342315539554,-11.632321939312229
[Cu]OCC[Au],16106095522064801040,65.0,0.0,-11.265521199886233
[Cu]OCC[Au],16106095522064801040,70.0,-0.04309001143587349,-10.936415568001742
[Cu]OCC[Au],16106095522064801040,75.0,-0.08494233763734013,-10.642234119825156
[Cu]OCC[Au],16106095522064801040,80.0,-0.12560954912263933,-10.380426887001786
[Cu]OCC[Au],16129324183835758143,50.0,0.13727065533857344,-8.004353554429292
[Cu]OCC[Au],16129324183835758143,55.0,0.09011938091860444,-7.782107345174102
[Cu]OCC[Au],16129324183835758143,60.0,0.04438342315539554,-7.573338341502551
[Cu]OCC[Au],16129324183835758143,65.0,0.0,-7.377151257989149
[Cu]OCC[Au],16129324183835758143,70.0,-0.04309001143587349,-7.192720073449352
[Cu]OCC[Au],16129324183835758143,75.0,-0.08494233763734013,-7.019281848064522
[Cu]OCC[Au],16129324183835758143,80.0,-0.12560954912263933,-6.8561311670022835
[Cu]OCC[Au],16206263885750360596,50.0,0.13727065533857344,-8.426734214225784
[Cu]OCC[Au],16206263885750360596,55.0,0.09011938091860444,-8.105767318418584
[Cu]OCC[Au],16206263885750360596,60.0,0.04438342315539554,-7.808215544372207
[Cu]OCC[Au],16206263885750360596,65.0,0.0,-7.532437955964358
[Cu]OCC[Au],16206263885750360596,70.0,-0.04309001143587349,-7.276923847295301
[Cu]OCC[Au],16206263885750360596,75.0,-0.08494233763734013,-7.0402809428827755
[Cu]OCC[Au],16206263885750360596,80.0,-0.12560954912263933,-6.821224805278034
[Cu]OCC[Au],16492825629843213366,50.0,0.13727065533857344,-11.064975567493798
[Cu]OCC[Au],16492825629843213366,55.0,0.09011938091860444,-9.976326718028965
[Cu]OCC[Au],16492825629843213366,60.0,0.04438342315539554,-9.147858019156095
[Cu]OCC[Au],16492825629843213366,65.0,0.0,-8.55808556146058
[Cu]OCC[Au],16492825629843213366,70.0,-0.04309001143587349,-8.187348638919712
[Cu]OCC[Au],16492825629843213366,75.0,-0.08494233763734013,-8.017638411321649
[Cu]OCC[Au],16492825629843213366,80.0,-0.12560954912263933,-8.032444506548977
[Cu]OCC[Au],1658536385784696447,50.0,0.13727065533857344,-7.642892425697427
[Cu]OCC[Au],1658536385784696447,55.0,0.09011938091860444,-7.418304130574717
[Cu]OCC[Au],1658536385784696447,60.0,0.04438342315539554,-7.211977385650495
[Cu]OCC[Au],1658536385784696447,65.0,0.0,-7.022598658365507
[Cu]OCC[Au],1658536385784696447,70.0,-0.04309001143587349,-6.848959889848993
[Cu]OCC[Au],1658536385784696447,75.0,-0.08494233763734013,-6.689948874442496
[Cu]OCC[Au],1658536385784696447,80.0,-0.12560954912263933,-6.544540627877887
[Cu]OCC[Au],16638054881254460910,50.0,0.13727065533857344,-13.298314478208468
[Cu]OCC[Au],16638054881254460910,55.0,0.09011938091860444,-11.8063991608136
[Cu]OCC[Au],16638054881254460910,60.0,0.04438342315539554,-10.68859965913422
[Cu]OCC[Au],16638054881254460910,65.0,0.0,-9.913927658716924
[Cu]OCC[Au],16638054881254460910,70.0,-0.04309001143587349,-9.454027600662913
[Cu]OCC[Au],16638054881254460910,75.0,-0.08494233763734013,-9.2829291209385
[Cu]OCC[Au],16638054881254460910,80.0,-0.12560954912263933,-9.376825419723641
[Cu]OCC[Au],16770087140128449544,50.0,0.13727065533857344,-15.711542750825839
[Cu]OCC[Au],16770087140128449544,55.0,0.09011938091860444,-13.53171039516201
[Cu]OCC[Au],16770087140128449544,60.0,0.04438342315539554,-11.78701196471627
[Cu]OCC[Au],16770087140128449544,65.0,0.0,-10.441988180769934
[Cu]OCC[Au],16770087140128449544,70.0,-0.04309001143587349,-9.464174432944066
[Cu]OCC[Au],16770087140128449544,75.0,-0.08494233763734013,-8.823820058474617
[Cu]OCC[Au],16770087140128449544,80.0,-0.12560954912263933,-8.493636969074885
[Cu]OCC[Au],1678497842726537856,50.0,0.13727065533857344,-9.01398049150564
[Cu]OCC[Au],1678497842726537856,55.0,0.09011938091860444,-8.356361239516024
[Cu]OCC[Au],1678497842726537856,60.0,0.04438342315539554,-7.837387507773899
[Cu]OCC[Au],1678497842726537856,65.0,0.0,-7.44571255278952
[Cu]OCC[Au],1678497842726537856,70.0,-0.04309001143587349,-7.17094942067418
[Cu]OCC[Au],1678497842726537856,75.0,-0.08494233763734013,-7.00358090230825
[Cu]OCC[Au],1678497842726537856,80.0,-0.12560954912263933,-6.934878906877096
[Cu]OCC[Au],16831564073658193424,50.0,0.13727065533857344,-10.33965460549547
[Cu]OCC[Au],16831564073658193424,55.0,0.09011938091860444,-9.900640809448156
[Cu]OCC[Au],16831564073658193424,60.0,0.04438342315539554,-9.490979150536406
[Cu]OCC[Au],16831564073658193424,65.0,0.0,-9.108660722146755
[Cu]OCC[Au],16831564073658193424,70.0,-0.04309001143587349,-8.751834302737718
[Cu]OCC[Au],16831564073658193424,75.0,-0.08494233763734013,-8.418792159310241
[Cu]OCC[Au],16831564073658193424,80.0,-0.12560954912263933,-8.107957297513252
[Cu]OCC[Au],16846077399772882469,50.0,0.13727065533857344,-10.795974301007702
[Cu]OCC[Au],16846077399772882469,55.0,0.09011938091860444,-9.854275146287769
[Cu]OCC[Au],16846077399772882469,60.0,0.04438342315539554,-9.132345186291356
[Cu]OCC[Au],16846077399772882469,65.0,0.0,-8.612066415174727
[Cu]OCC[Au],16846077399772882469,70.0,-0.04309001143587349,-8.276857491510036
[Cu]OCC[Au],16846077399772882469,75.0,-0.08494233763734013,-8.111529372081366
[Cu]OCC[Au],16846077399772882469,80.0,-0.12560954912263933,-8.1021560587259
[Cu]OCC[Au],16963637738073718133,50.0,0.13727065533857344,-11.046344601391771
[Cu]OCC[Au],16963637738073718133,55.0,0.09011938091860444,-10.018434548251228
[Cu]OCC[Au],16963637738073718133,60.0,0.04438342315539554,-9.262463435193407
[Cu]OCC[Au],16963637738073718133,65.0,0.0,-8.755832170862544
[Cu]OCC[Au],16963637738073718133,70.0,-0.04309001143587349,-8.47786395554773
[Cu]OCC[Au],16963637738073718133,75.0,-0.08494233763734013,-8.40962341537161
[Cu]OCC[Au],16963637738073718133,80.0,-0.12560954912263933,-8.53375468783646
[Cu]OCC[Au],17117275825540168739,50.0,0.13727065533857344,-10.162298986743032
[Cu]OCC[Au],17117275825540168739,55.0,0.09011938091860444,-8.771571817480732
[Cu]OCC[Au],17117275825540168739,60.0,0.04438342315539554,-7.751199865415487
[Cu]OCC[Au],17117275825540168739,65.0,0.0,-7.0703932422666735
[Cu]OCC[Au],17117275825540168739,70.0,-0.04309001143587349,-6.700981434843296
[Cu]OCC[Au],17117275825540168739,75.0,-0.08494233763734013,-6.617166833674832
[Cu]OCC[Au],17117275825540168739,80.0,-0.12560954912263933,-6.795304088381623
[Cu]OCC[Au],17306164139621144319,50.0,0.13727065533857344,-14.639094264040452
[Cu]OCC[Au],17306164139621144319,55.0,0.09011938091860444,-13.811643856006105
[Cu]OCC[Au],17306164139621144319,60.0,0.04438342315539554,-12.899606537354254
[Cu]OCC[Au],17306164139621144319,65.0,0.0,-11.911516672087695
[Cu]OCC[Au],17306164139621144319,70.0,-0.04309001143587349,-10.855136550439328
[Cu]OCC[Au],17306164139621144319,75.0,-0.08494233763734013,-9.737531269666245
[Cu]OCC[Au],17306164139621144319,80.0,-0.12560954912263933,-8.565135625730077
[Cu]OCC[Au],17428342797631537559,50.0,0.13727065533857344,-14.180924308479293
[Cu]OCC[Au],17428342797631537559,55.0,0.09011938091860444,-13.270541819515815
[Cu]OCC[Au],17428342797631537559,60.0,0.04438342315539554,-12.523980862836977
[Cu]OCC[Au],17428342797631537559,65.0,0.0,-11.92800922054621
[Cu]OCC[Au],17428342797631537559,70.0,-0.04309001143587349,-11.470508505745102
[Cu]OCC[Au],17428342797631537559,75.0,-0.08494233763734013,-11.140369931531813
[Cu]OCC[Au],17428342797631537559,80.0,-0.12560954912263933,-10.927400965166779
[Cu]OCC[Au],17726887840219748824,50.0,0.13727065533857344,-7.917449294388854
[Cu]OCC[Au],17726887840219748824,55.0,0.09011938091860444,-7.717540426687251
[Cu]OCC[Au],17726887840219748824,60.0,0.04438342315539554,-7.5308486116588105
[Cu]OCC[Au],17726887840219748824,65.0,0.0,-7.356472171042321
[Cu]OCC[Au],17726887840219748824,70.0,-0.04309001143587349,-7.19358009338191
[Cu]OCC[Au],17726887840219748824,75.0,-0.08494233763734013,-7.041405677538631
[Cu]OCC[Au],17726887840219748824,80.0,-0.12560954912263933,-6.8992408235508575
[Cu]OCC[Au],17822208070912905768,50.0,0.13727065533857344,-9.105395975872488
[Cu]OCC[Au],17822208070912905768,55.0,0.09011938091860444,-8.677745248911798
[Cu]OCC[Au],17822208070912905768,60.0,0.04438342315539554,-8.29192094286703
[Cu]OCC[Au],17822208070912905768,65.0,0.0,-7.944800733043741
[Cu]OCC[Au],17822208070912905768,70.0,-0.04309001143587349,-7.63351704107667
[Cu]OCC[Au],17822208070912905768,75.0,-0.08494233763734013,-7.355433591912932
[Cu]OCC[Au],17822208070912905768,80.0,-0.12560954912263933,-7.10812439358372
[Cu]OCC[Au],17950849761673470436,50.0,0.13727065533857344,-9.029544600128222
[Cu]OCC[Au],17950849761673470436,55.0,0.09011938091860444,-8.85005683792729
[Cu]OCC[Au],17950849761673470436,60.0,0.04438342315539554,-8.683091643156313
[Cu]OCC[Au],17950849761673470436,65.0,0.0,-8.527781706689684
[Cu]OCC[Au],17950849761673470436,70.0,-0.04309001143587349,-8.383328178444716
[Cu]OCC[Au],17950849761673470436,75.0,-0.08494233763734013,-8.248994483909973
[Cu]OCC[Au],17950849761673470436,80.0,-0.12560954912263933,-8.124100772111907
[Cu]OCC[Au],18091182530278607881,50.0,0.13727065533857344,-14.967166549827585
[Cu]OCC[Au],18091182530278607881,55.0,0.09011938091860444,-13.803812177230881
[Cu]OCC[Au],18091182530278607881,60.0,0.04438342315539554,-12.891216231395072
[Cu]OCC[Au],18091182530278607881,65.0,0.0,-12.208822499653412
[Cu]OCC[Au],18091182530278607881,70.0,-0.04309001143587349,-11.737814625652485
[Cu]OCC[Au],18091182530278607881,75.0,-0.08494233763734013,-11.460952828946494
[Cu]OCC[Au],18091182530278607881,80.0,-0.12560954912263933,-11.362427706462572
[Cu]OCC[Au],18335871003077177671,50.0,0.13727065533857344,-11.122242669781809
[Cu]OCC[Au],18335871003077177671,55.0,0.09011938091860444,-10.136393870823984
[Cu]OCC[Au],18335871003077177671,60.0,0.04438342315539554,-9.38541835222801
[Cu]OCC[Au],18335871003077177671,65.0,0.0,-8.849925926540084
[Cu]OCC[Au],18335871003077177671,70.0,-0.04309001143587349,-8.512171803731963
[Cu]OCC[Au],18335871003077177671,75.0,-0.08494233763734013,-8.355901969212713
[Cu]OCC[Au],18335871003077177671,80.0,-0.12560954912263933,-8.366214751113569
[Cu]OCC[Au],1910041752080837974,50.0,0.13727065533857344,-13.205417319330687
[Cu]OCC[Au],1910041752080837974,55.0,0.09011938091860444,-11.786021315809666
[Cu]OCC[Au],1910041752080837974,60.0,0.04438342315539554,-10.635812892147532
[Cu]OCC[Au],1910041752080837974,65.0,0.0,-9.73294880459869
[Cu]OCC[Au],1910041752080837974,70.0,-0.04309001143587349,-9.057427645718093
[Cu]OCC[Au],1910041752080837974,75.0,-0.08494233763734013,-8.59091733230671
[Cu]OCC[Au],1910041752080837974,80.0,-0.12560954912263933,-8.316600619298443
[Cu]OCC[Au],1996939901953732675,50.0,0.13727065533857344,-10.688301075846493
[Cu]OCC[Au],1996939901953732675,55.0,0.09011938091860444,-10.517490453210739
[Cu]OCC[Au],1996939901953732675,60.0,0.04438342315539554,-10.358851288053915
[Cu]OCC[Au],1996939901953732675,65.0,0.0,-10.211535807937306
[Cu]OCC[Au],1996939901953732675,70.0,-0.04309001143587349,-10.074763333254642
[Cu]OCC[Au],1996939901953732675,75.0,-0.08494233763734013,-9.947814207970223
[Cu]OCC[Au],1996939901953732675,80.0,-0.12560954912263933,-9.830024350744523
[Cu]OCC[Au],2112701026638041296,50.0,0.13727065533857344,-9.383399015798684
[Cu]OCC[Au],2112701026638041296,55.0,0.09011938091860444,-8.61058892532393
[Cu]OCC[Au],2112701026638041296,60.0,0.04438342315539554,-8.035037292587349
[Cu]OCC[Au],2112701026638041296,65.0,0.0,-7.640386903756241
[Cu]OCC[Au],2112701026638041296,70.0,-0.04309001143587349,-7.4116708055973675
[Cu]OCC[Au],2112701026638041296,75.0,-0.08494233763734013,-7.335181550768929
[Cu]OCC[Au],2112701026638041296,80.0,-0.12560954912263933,-7.398354140373617
[Cu]OCC[Au],2351764696157537609,50.0,0.13727065533857344,-11.589184798793859
[Cu]OCC[Au],2351764696157537609,55.0,0.09011938091860444,-10.976935410356411
[Cu]OCC[Au],2351764696157537609,60.0,0.04438342315539554,-10.507753019734283
[Cu]OCC[Au],2351764696157537609,65.0,0.0,-10.169842001910345
[Cu]OCC[Au],2351764696157537609,70.0,-0.04309001143587349,-9.952407200349315
[Cu]OCC[Au],2351764696157537609,75.0,-0.08494233763734013,-9.845559933661379
[Cu]OCC[Au],2351764696157537609,80.0,-0.12560954912263933,-9.840233842102268
[Cu]OCC[Au],2408009410218859251,50.0,0.13727065533857344,-7.874816245078663
[Cu]OCC[Au],2408009410218859251,55.0,0.09011938091860444,-7.6224052836299485
[Cu]OCC[Au],2408009410218859251,60.0,0.04438342315539554,-7.389769058524002
[Cu]OCC[Au],2408009410218859251,65.0,0.0,-7.175497281007148
[Cu]OCC[Au],2408009410218859251,70.0,-0.04309001143587349,-6.978292477245184
[Cu]OCC[Au],2408009410218859251,75.0,-0.08494233763734013,-6.796959720229438
[Cu]OCC[Au],2408009410218859251,80.0,-0.12560954912263933,-6.630397415439953
[Cu]OCC[Au],2557593011851096227,50.0,0.13727065533857344,-12.729051541208985
[Cu]OCC[Au],2557593011851096227,55.0,0.09011938091860444,-11.574512937716658
[Cu]OCC[Au],2557593011851096227,60.0,0.04438342315539554,-10.687371398841059
[Cu]OCC[Au],2557593011851096227,65.0,0.0,-10.045593913583135
[Cu]OCC[Au],2557593011851096227,70.0,-0.04309001143587349,-9.629015828451863
[Cu]OCC[Au],2557593011851096227,75.0,-0.08494233763734013,-9.4191653366978
[Cu]OCC[Au],2557593011851096227,80.0,-0.12560954912263933,-9.399106339870004
[Cu]OCC[Au],2565918123864513098,50.0,0.13727065533857344,-8.229031966088515
[Cu]OCC[Au],2565918123864513098,55.0,0.09011938091860444,-8.02598912004801
[Cu]OCC[Au],2565918123864513098,60.0,0.04438342315539554,-7.836944377199671
[Cu]OCC[Au],2565918123864513098,65.0,0.0,-7.66093138951862
[Cu]OCC[Au],2565918123864513098,70.0,-0.04309001143587349,-7.4970599693265605
[Cu]OCC[Au],2565918123864513098,75.0,-0.08494233763734013,-7.344509216277851
[Cu]OCC[Au],2565918123864513098,80.0,-0.12560954912263933,-7.20252134579394
[Cu]OCC[Au],2751304091228676504,50.0,0.13727065533857344,-7.9747686121041585
[Cu]OCC[Au],2751304091228676504,55.0,0.09011938091860444,-7.718018188138442
[Cu]OCC[Au],2751304091228676504,60.0,0.04438342315539554,-7.480776077648836
[Cu]OCC[Au],2751304091228676504,65.0,0.0,-7.261661146213869
[Cu]OCC[Au],2751304091228676504,70.0,-0.04309001143587349,-7.0594023794280165
[Cu]OCC[Au],2751304091228676504,75.0,-0.08494233763734013,-6.87282887879523
[Cu]OCC[Au],2751304091228676504,80.0,-0.12560954912263933,-6.700860883052141
[Cu]OCC[Au],2797363997292875772,50.0,0.13727065533857344,-14.266826930260017
[Cu]OCC[Au],2797363997292875772,55.0,0.09011938091860444,-12.527916151287869
[Cu]OCC[Au],2797363997292875772,60.0,0.04438342315539554,-11.236493396554023
[Cu]OCC[Au],2797363997292875772,65.0,0.0,-10.355433051841425
[Cu]OCC[Au],2797363997292875772,70.0,-0.04309001143587349,-9.850765521146224
[Cu]OCC[Au],2797363997292875772,75.0,-0.08494233763734013,-9.691380373728782
[Cu]OCC[Au],2797363997292875772,80.0,-0.12560954912263933,-9.848760589893354
[Cu]OCC[Au],2927932497161282910,50.0,0.13727065533857344,-8.075495219320853
[Cu]OCC[Au],2927932497161282910,55.0,0.09011938091860444,-7.773527351594831
[Cu]OCC[Au],2927932497161282910,60.0,0.04438342315539554,-7.499055087609753
[Cu]OCC[Au],2927932497161282910,65.0,0.0,-7.250053232157558
[Cu]OCC[Au],2927932497161282910,70.0,-0.04309001143587349,-7.024660889927567
[Cu]OCC[Au],2927932497161282910,75.0,-0.08494233763734013,-6.821166392994722
[Cu]OCC[Au],2927932497161282910,80.0,-0.12560954912263933,-6.63799378293858
[Cu]OCC[Au],296568744605361087,50.0,0.13727065533857344,-15.782180029022967
[Cu]OCC[Au],296568744605361087,55.0,0.09011938091860444,-14.742302250715774
[Cu]OCC[Au],296568744605361087,60.0,0.04438342315539554,-13.903657818457667
[Cu]OCC[Au],296568744605361087,65.0,0.0,-13.24988982464008
[Cu]OCC[Au],296568744605361087,70.0,-0.04309001143587349,-12.766021459879678
[Cu]OCC[Au],296568744605361087,75.0,-0.08494233763734013,-12.438326706048997
[Cu]OCC[Au],296568744605361087,80.0,-0.12560954912263933,-12.254214543453012
[Cu]OCC[Au],298387209372873233,50.0,0.13727065533857344,-10.541933954001939
[Cu]OCC[Au],298387209372873233,55.0,0.09011938091860444,-9.896120060416749
[Cu]OCC[Au],298387209372873233,60.0,0.04438342315539554,-9.343441090753064
[Cu]OCC[Au],298387209372873233,65.0,0.0,-8.876542574547587
[Cu]OCC[Au],298387209372873233,70.0,-0.04309001143587349,-8.488683802334053
[Cu]OCC[Au],298387209372873233,75.0,-0.08494233763734013,-8.173680650662678
[Cu]OCC[Au],298387209372873233,80.0,-0.12560954912263933,-7.925854361368322
[Cu]OCC[Au],3065223924167482658,50.0,0.13727065533857344,-10.072451150011915
[Cu]OCC[Au],3065223924167482658,55.0,0.09011938091860444,-9.672166764828681
[Cu]OCC[Au],3065223924167482658,60.0,0.04438342315539554,-9.301754025580127
[Cu]OCC[Au],3065223924167482658,65.0,0.0,-8.959107470799601
[Cu]OCC[Au],3065223924167482658,70.0,-0.04309001143587349,-8.642289173645327
[Cu]OCC[Au],3065223924167482658,75.0,-0.08494233763734013,-8.349513539273529
[Cu]OCC[Au],3065223924167482658,80.0,-0.12560954912263933,-8.079133659339554
[Cu]OCC[Au],3115930190842410583,50.0,0.13727065533857344,-10.55352078929332
[Cu]OCC[Au],3115930190842410583,55.0,0.09011938091860444,-9.307544324788894
[Cu]OCC[Au],3115930190842410583,60.0,0.04438342315539554,-8.386861424395706
[Cu]OCC[Au],3115930190842410583,65.0,0.0,-7.764460538314795
[Cu]OCC[Au],3115930190842410583,70.0,-0.04309001143587349,-7.415627075493898
[Cu]OCC[Au],3115930190842410583,75.0,-0.08494233763734013,-7.317727317862945
[Cu]OCC[Au],3115930190842410583,80.0,-0.12560954912263933,-7.45001497427685
[Cu]OCC[Au],3331604203728007829,50.0,0.13727065533857344,-20.672152691206794
[Cu]OCC[Au],3331604203728007829,55.0,0.09011938091860444,-20.264677581461864
[Cu]OCC[Au],3331604203728007829,60.0,0.04438342315539554,-19.889105583122536
[Cu]OCC[Au],3331604203728007829,65.0,0.0,-19.543161772469528
[Cu]OCC[Au],3331604203728007829,70.0,-0.04309001143587349,-19.224753194593255
[Cu]OCC[Au],3331604203728007829,75.0,-0.08494233763734013,-18.931952301722184
[Cu]OCC[Au],3331604203728007829,80.0,-0.12560954912263933,-18.662982091142542
[Cu]OCC[Au],3332609642913368135,50.0,0.13727065533857344,-10.405421540440086
[Cu]OCC[Au],3332609642913368135,55.0,0.09011938091860444,-9.255837478524812
[Cu]OCC[Au],3332609642913368135,60.0,0.04438342315539554,-8.42905922535215
[Cu]OCC[Au],3332609642913368135,65.0,0.0,-7.898167859162499
[Cu]OCC[Au],3332609642913368135,70.0,-0.04309001143587349,-7.638537036351602
[Cu]OCC[Au],3332609642913368135,75.0,-0.08494233763734013,-7.627617148210231
[Cu]OCC[Au],3332609642913368135,80.0,-0.12560954912263933,-7.844742102805128
[Cu]OCC[Au],3416090609618304802,50.0,0.13727065533857344,-10.596583653810534
[Cu]OCC[Au],3416090609618304802,55.0,0.09011938091860444,-9.402529103871913
[Cu]OCC[Au],3416090609618304802,60.0,0.04438342315539554,-8.520857819424677
[Cu]OCC[Au],3416090609618304802,65.0,0.0,-7.9256270469722905
[Cu]OCC[Au],3416090609618304802,70.0,-0.04309001143587349,-7.593100204891945
[Cu]OCC[Au],3416090609618304802,75.0,-0.08494233763734013,-7.501539333594855
[Cu]OCC[Au],3416090609618304802,80.0,-0.12560954912263933,-7.631019291377613
[Cu]OCC[Au],3715100896747512270,50.0,0.13727065533857344,-6.378243354884024
[Cu]OCC[Au],3715100896747512270,55.0,0.09011938091860444,-6.18453417952954
[Cu]OCC[Au],3715100896747512270,60.0,0.04438342315539554,-6.005791643805253
[Cu]OCC[Au],3715100896747512270,65.0,0.0,-5.8409518642710285
[Cu]OCC[Au],3715100896747512270,70.0,-0.04309001143587349,-5.689035936853978
[Cu]OCC[Au],3715100896747512270,75.0,-0.08494233763734013,-5.549142208720537
[Cu]OCC[Au],3715100896747512270,80.0,-0.12560954912263933,-5.420439342816782
[Cu]OCC[Au],3764287491058307319,50.0,0.13727065533857344,-10.866407294104382
[Cu]OCC[Au],3764287491058307319,55.0,0.09011938091860444,-9.375604098394705
[Cu]OCC[Au],3764287491058307319,60.0,0.04438342315539554,-8.248956368838897
[Cu]OCC[Au],3764287491058307319,65.0,0.0,-7.456351461556711
[Cu]OCC[Au],3764287491058307319,70.0,-0.04309001143587349,-6.970233533773758
[Cu]OCC[Au],3764287491058307319,75.0,-0.08494233763734013,-6.765363200843933
[Cu]OCC[Au],3764287491058307319,80.0,-0.12560954912263933,-6.818602362473826
[Cu]OCC[Au],3998108855652701676,50.0,0.13727065533857344,-12.608371897347991
[Cu]OCC[Au],3998108855652701676,55.0,0.09011938091860444,-10.372648277198236
[Cu]OCC[Au],3998108855652701676,60.0,0.04438342315539554,-8.739417500100497
[Cu]OCC[Au],3998108855652701676,65.0,0.0,-7.658555625675016
[Cu]OCC[Au],3998108855652701676,70.0,-0.04309001143587349,-7.084203959900938
[Cu]OCC[Au],3998108855652701676,75.0,-0.08494233763734013,-6.9743676626305255
[Cu]OCC[Au],3998108855652701676,80.0,-0.12560954912263933,-7.290556418728412
[Cu]OCC[Au],4028921389770050189,50.0,0.13727065533857344,-11.54002563583278
[Cu]OCC[Au],4028921389770050189,55.0,0.09011938091860444,-10.965037778829538
[Cu]OCC[Au],4028921389770050189,60.0,0.04438342315539554,-10.43210917903867
[Cu]OCC[Au],4028921389770050189,65.0,0.0,-9.938290286713668
[Cu]OCC[Au],4028921389770050189,70.0,-0.04309001143587349,-9.480865712086873
[Cu]OCC[Au],4028921389770050189,75.0,-0.08494233763734013,-9.057333004938515
[Cu]OCC[Au],4028921389770050189,80.0,-0.12560954912263933,-8.665383605811758
[Cu]OCC[Au],4286912739292508490,50.0,0.13727065533857344,-12.170354767845524
[Cu]OCC[Au],4286912739292508490,55.0,0.09011938091860444,-10.946219887102407
[Cu]OCC[Au],4286912739292508490,60.0,0.04438342315539554,-10.011010926063511
[Cu]OCC[Au],4286912739292508490,65.0,0.0,-9.340890294585254
[Cu]OCC[Au],4286912739292508490,70.0,-0.04309001143587349,-8.914042732370813
[Cu]OCC[Au],4286912739292508490,75.0,-0.08494233763734013,-8.710485288177589
[Cu]OCC[Au],4286912739292508490,80.0,-0.12560954912263933,-8.711897193196286
[Cu]OCC[Au],4327888663644017189,50.0,0.13727065533857344,-13.594552824397859
[Cu]OCC[Au],4327888663644017189,55.0,0.09011938091860444,-11.131494770398394
[Cu]OCC[Au],4327888663644017189,60.0,0.04438342315539554,-9.321451852317455
[Cu]OCC[Au],4327888663644017189,65.0,0.0,-8.110149250338534
[Cu]OCC[Au],4327888663644017189,70.0,-0.04309001143587349,-7.44792900475662
[Cu]OCC[Au],4327888663644017189,75.0,-0.08494233763734013,-7.289315611554142
[Cu]OCC[Au],4327888663644017189,80.0,-0.12560954912263933,-7.592627136103206
[Cu]OCC[Au],4458458218864882718,50.0,0.13727065533857344,-10.15872023663607
[Cu]OCC[Au],4458458218864882718,55.0,0.09011938091860444,-9.434635334317568
[Cu]OCC[Au],4458458218864882718,60.0,0.04438342315539554,-8.82411550920021
[Cu]OCC[Au],4458458218864882718,65.0,0.0,-8.318109845323379
[Cu]OCC[Au],4458458218864882718,70.0,-0.04309001143587349,-7.908325446262986
[Cu]OCC[Au],4458458218864882718,75.0,-0.08494233763734013,-7.587156689101757
[Cu]OCC[Au],4458458218864882718,80.0,-0.12560954912263933,-7.347621854510159
[Cu]OCC[Au],4552437605825844180,50.0,0.13727065533857344,-8.998534880983417
[Cu]OCC[Au],4552437605825844180,55.0,0.09011938091860444,-8.287857897447093
[Cu]OCC[Au],4552437605825844180,60.0,0.04438342315539554,-7.737725240668857
[Cu]OCC[Au],4552437605825844180,65.0,0.0,-7.334931313802363
[Cu]OCC[Au],4552437605825844180,70.0,-0.04309001143587349,-7.067389619900471
[Cu]OCC[Au],4552437605825844180,75.0,-0.08494233763734013,-6.9240276698323475
[Cu]OCC[Au],4552437605825844180,80.0,-0.12560954912263933,-6.894692888943793
[Cu]OCC[Au],4575585759019684098,50.0,0.13727065533857344,-8.702774367542954
[Cu]OCC[Au],4575585759019684098,55.0,0.09011938091860444,-8.203199560496898
[Cu]OCC[Au],4575585759019684098,60.0,0.04438342315539554,-7.804053394008917
[Cu]OCC[Au],4575585759019684098,65.0,0.0,-7.49714725891066
[Cu]OCC[Au],4575585759019684098,70.0,-0.04309001143587349,-7.274984249359134
[Cu]OCC[Au],4575585759019684098,75.0,-0.08494233763734013,-7.130694315378297
[Cu]OCC[Au],4575585759019684098,80.0,-0.12560954912263933,-7.057976195248379
[Cu]OCC[Au],4750045422488372113,50.0,0.13727065533857344,-11.382437426945463
[Cu]OCC[Au],4750045422488372113,55.0,0.09011938091860444,-10.554804693657195
[Cu]OCC[Au],4750045422488372113,60.0,0.04438342315539554,-9.912629308957511
[Cu]OCC[Au],4750045422488372113,65.0,0.0,-9.440665206816798
[Cu]OCC[Au],4750045422488372113,70.0,-0.04309001143587349,-9.124958068192779
[Cu]OCC[Au],4750045422488372113,75.0,-0.08494233763734013,-8.95272402925895
[Cu]OCC[Au],4750045422488372113,80.0,-0.12560954912263933,-8.912241082960405
[Cu]OCC[Au],4765785225801656314,50.0,0.13727065533857344,-14.133091995017942
[Cu]OCC[Au],4765785225801656314,55.0,0.09011938091860444,-13.182259282301215
[Cu]OCC[Au],4765785225801656314,60.0,0.04438342315539554,-12.294110718988174
[Cu]OCC[Au],4765785225801656314,65.0,0.0,-11.464373522445019
[Cu]OCC[Au],4765785225801656314,70.0,-0.04309001143587349,-10.689109645051273
[Cu]OCC[Au],4765785225801656314,75.0,-0.08494233763734013,-9.964685671782181
[Cu]OCC[Au],4765785225801656314,80.0,-0.12560954912263933,-9.28774578296964
[Cu]OCC[Au],4770968340628258744,50.0,0.13727065533857344,-12.718209798634245
[Cu]OCC[Au],4770968340628258744,55.0,0.09011938091860444,-11.658531650420372
[Cu]OCC[Au],4770968340628258744,60.0,0.04438342315539554,-10.822689444953687
[Cu]OCC[Au],4770968340628258744,65.0,0.0,-10.192361816520924
[Cu]OCC[Au],4770968340628258744,70.0,-0.04309001143587349,-9.750777235220497
[Cu]OCC[Au],4770968340628258744,75.0,-0.08494233763734013,-9.482568601600436
[Cu]OCC[Au],4770968340628258744,80.0,-0.12560954912263933,-9.37364305043502
[Cu]OCC[Au],4951929917187691789,50.0,0.13727065533857344,-19.776503886922317
[Cu]OCC[Au],4951929917187691789,55.0,0.09011938091860444,-18.376957812298883
[Cu]OCC[Au],4951929917187691789,60.0,0.04438342315539554,-17.13639110958067
[Cu]OCC[Au],4951929917187691789,65.0,0.0,-16.042639663722277
[Cu]OCC[Au],4951929917187691789,70.0,-0.04309001143587349,-15.084541928617558
[Cu]OCC[Au],4951929917187691789,75.0,-0.08494233763734013,-14.25184615433732
[Cu]OCC[Au],4951929917187691789,80.0,-0.12560954912263933,-13.535127235665081
[Cu]OCC[Au],4970103019410230763,50.0,0.13727065533857344,-12.84357453811365
[Cu]OCC[Au],4970103019410230763,55.0,0.09011938091860444,-12.41838058386522
[Cu]OCC[Au],4970103019410230763,60.0,0.04438342315539554,-11.99147411329625
[Cu]OCC[Au],4970103019410230763,65.0,0.0,-11.563563709876512
[Cu]OCC[Au],4970103019410230763,70.0,-0.04309001143587349,-11.13528032434359
[Cu]OCC[Au],4970103019410230763,75.0,-0.08494233763734013,-10.707185420968136
[Cu]OCC[Au],4970103019410230763,80.0,-0.12560954912263933,-10.27977821643189
[Cu]OCC[Au],5076312027794656331,50.0,0.13727065533857344,-12.197670329130814
[Cu]OCC[Au],5076312027794656331,55.0,0.09011938091860444,-10.866869539762629
[Cu]OCC[Au],5076312027794656331,60.0,0.04438342315539554,-9.881016190153172
[Cu]OCC[Au],5076312027794656331,65.0,0.0,-9.211479242394086
[Cu]OCC[Au],5076312027794656331,70.0,-0.04309001143587349,-8.832061948264393
[Cu]OCC[Au],5076312027794656331,75.0,-0.08494233763734013,-8.718772862729438
[Cu]OCC[Au],5076312027794656331,80.0,-0.12560954912263933,-8.849620847590076
[Cu]OCC[Au],5094503204809693097,50.0,0.13727065533857344,-7.8621090851849
[Cu]OCC[Au],5094503204809693097,55.0,0.09011938091860444,-7.643323439022184
[Cu]OCC[Au],5094503204809693097,60.0,0.04438342315539554,-7.440184395110454
[Cu]OCC[Au],5094503204809693097,65.0,0.0,-7.251601086743249
[Cu]OCC[Au],5094503204809693097,70.0,-0.04309001143587349,-7.076569016666517
[Cu]OCC[Au],5094503204809693097,75.0,-0.08494233763734013,-6.914162242054808
[Cu]OCC[Au],5094503204809693097,80.0,-0.12560954912263933,-6.763526358455175
[Cu]OCC[Au],5306221079743974065,50.0,0.13727065533857344,-13.847063026029097
[Cu]OCC[Au],5306221079743974065,55.0,0.09011938091860444,-12.015050030237166
[Cu]OCC[Au],5306221079743974065,60.0,0.04438342315539554,-10.667142239296215
[Cu]OCC[Au],5306221079743974065,65.0,0.0,-9.763111585389384
[Cu]OCC[Au],5306221079743974065,70.0,-0.04309001143587349,-9.266151737534866
[Cu]OCC[Au],5306221079743974065,75.0,-0.08494233763734013,-9.142556159165258
[Cu]OCC[Au],5306221079743974065,80.0,-0.12560954912263933,-9.361429898991407
[Cu]OCC[Au],5394875964977532938,50.0,0.13727065533857344,-5.474563910651876
[Cu]OCC[Au],5394875964977532938,55.0,0.09011938091860444,-5.336984939479386
[Cu]OCC[Au],5394875964977532938,60.0,0.04438342315539554,-5.206865006517502
[Cu]OCC[Au],5394875964977532938,65.0,0.0,-5.083727731178396
[Cu]OCC[Au],5394875964977532938,70.0,-0.04309001143587349,-4.967132855005723
[Cu]OCC[Au],5394875964977532938,75.0,-0.08494233763734013,-4.8566730563312595
[Cu]OCC[Au],5394875964977532938,80.0,-0.12560954912263933,-4.751971085060361
[Cu]OCC[Au],5411746840917595814,50.0,0.13727065533857344,-8.637965316238953
[Cu]OCC[Au],5411746840917595814,55.0,0.09011938091860444,-8.156785621922715
[Cu]OCC[Au],5411746840917595814,60.0,0.04438342315539554,-7.771694644461175
[Cu]OCC[Au],5411746840917595814,65.0,0.0,-7.474861826577579
[Cu]OCC[Au],5411746840917595814,70.0,-0.04309001143587349,-7.259117938273261
[Cu]OCC[Au],5411746840917595814,75.0,-0.08494233763734013,-7.1178930835280845
[Cu]OCC[Au],5411746840917595814,80.0,-0.12560954912263933,-7.045161188034223
[Cu]OCC[Au],5487694945758832376,50.0,0.13727065533857344,-7.997646270474977
[Cu]OCC[Au],5487694945758832376,55.0,0.09011938091860444,-7.748433625506685
[Cu]OCC[Au],5487694945758832376,60.0,0.04438342315539554,-7.517979971148368
[Cu]OCC[Au],5487694945758832376,65.0,0.0,-7.304960271767737
[Cu]OCC[Au],5487694945758832376,70.0,-0.04309001143587349,-7.108155029188523
[Cu]OCC[Au],5487694945758832376,75.0,-0.08494233763734013,-6.926440700573634
[Cu]OCC[Au],5487694945758832376,80.0,-0.12560954912263933,-6.758781098107927
[Cu]OCC[Au],5510356124633460625,50.0,0.13727065533857344,-8.173468164826161
[Cu]OCC[Au],5510356124633460625,55.0,0.09011938091860444,-7.988586968268425
[Cu]OCC[Au],5510356124633460625,60.0,0.04438342315539554,-7.8145271635454385
[Cu]OCC[Au],5510356124633460625,65.0,0.0,-7.650578325842457
[Cu]OCC[Au],5510356124633460625,70.0,-0.04309001143587349,-7.496084669206158
[Cu]OCC[Au],5510356124633460625,75.0,-0.08494233763734013,-7.35044018645568
[Cu]OCC[Au],5510356124633460625,80.0,-0.12560954912263933,-7.213084280392269
[Cu]OCC[Au],5569875119728274449,50.0,0.13727065533857344,-13.305349940079537
[Cu]OCC[Au],5569875119728274449,55.0,0.09011938091860444,-11.85568282568844
[Cu]OCC[Au],5569875119728274449,60.0,0.04438342315539554,-10.789899689074687
[Cu]OCC[Au],5569875119728274449,65.0,0.0,-10.076096588940846
[Cu]OCC[Au],5569875119728274449,70.0,-0.04309001143587349,-9.685083407288513
[Cu]OCC[Au],5569875119728274449,75.0,-0.08494233763734013,-9.590128506762417
[Cu]OCC[Au],5569875119728274449,80.0,-0.12560954912263933,-9.766730143306557
[Cu]OCC[Au],5600397861967789718,50.0,0.13727065533857344,-13.666945699259857
[Cu]OCC[Au],5600397861967789718,55.0,0.09011938091860444,-12.587848488741539
[Cu]OCC[Au],5600397861967789718,60.0,0.04438342315539554,-11.758093470091879
[Cu]OCC[Au],5600397861967789718,65.0,0.0,-11.157138617507936
[Cu]OCC[Au],5600397861967789718,70.0,-0.04309001143587349,-10.766183728009493
[Cu]OCC[Au],5600397861967789718,75.0,-0.08494233763734013,-10.568006802116043
[Cu]OCC[Au],5600397861967789718,80.0,-0.12560954912263933,-10.546817551743034
[Cu]OCC[Au],5627828985666886573,50.0,0.13727065533857344,-9.844155922952853
[Cu]OCC[Au],5627828985666886573,55.0,0.09011938091860444,-9.382580228510106
[Cu]OCC[Au],5627828985666886573,60.0,0.04438342315539554,-8.946114938011915
[Cu]OCC[Au],5627828985666886573,65.0,0.0,-8.53315427787908
[Cu]OCC[Au],5627828985666886573,70.0,-0.04309001143587349,-8.142214316701104
[Cu]OCC[Au],5627828985666886573,75.0,-0.08494233763734013,-7.771922216391655
[Cu]OCC[Au],5627828985666886573,80.0,-0.12560954912263933,-7.421006563914891
[Cu]OCC[Au],5770138174050159523,50.0,0.13727065533857344,-14.176312568626912
[Cu]OCC[Au],5770138174050159523,55.0,0.09011938091860444,-14.033471704341814
[Cu]OCC[Au],5770138174050159523,60.0,0.04438342315539554,-13.904482768034137
[Cu]OCC[Au],5770138174050159523,65.0,0.0,-13.78831331033648
[Cu]OCC[Au],5770138174050159523,70.0,-0.04309001143587349,-13.684015063748506
[Cu]OCC[Au],5770138174050159523,75.0,-0.08494233763734013,-13.590716198551057
[Cu]OCC[Au],5770138174050159523,80.0,-0.12560954912263933,-13.507614378876516
[Cu]OCC[Au],5805238895876990844,50.0,0.13727065533857344,-18.71763586266708
[Cu]OCC[Au],5805238895876990844,55.0,0.09011938091860444,-16.02733585373382
[Cu]OCC[Au],5805238895876990844,60.0,0.04438342315539554,-13.99784901840319
[Cu]OCC[Au],5805238895876990844,65.0,0.0,-12.574511924474834
[Cu]OCC[Au],5805238895876990844,70.0,-0.04309001143587349,-11.707303101964166
[Cu]OCC[Au],5805238895876990844,75.0,-0.08494233763734013,-11.350406662570382
[Cu]OCC[Au],5805238895876990844,80.0,-0.12560954912263933,-11.461821619676812
[Cu]OCC[Au],5877034755851325481,50.0,0.13727065533857344,-8.411729931114518
[Cu]OCC[Au],5877034755851325481,55.0,0.09011938091860444,-8.093292276572178
[Cu]OCC[Au],5877034755851325481,60.0,0.04438342315539554,-7.797312076994392
[Cu]OCC[Au],5877034755851325481,65.0,0.0,-7.522229412528803
[Cu]OCC[Au],5877034755851325481,70.0,-0.04309001143587349,-7.2666076583921315
[Cu]OCC[Au],5877034755851325481,75.0,-0.08494233763734013,-7.029122339711471
[Cu]OCC[Au],5877034755851325481,80.0,-0.12560954912263933,-6.808551125056037
[Cu]OCC[Au],6200526238701439949,50.0,0.13727065533857344,-18.97836595727041
[Cu]OCC[Au],6200526238701439949,55.0,0.09011938091860444,-17.941136452291087
[Cu]OCC[Au],6200526238701439949,60.0,0.04438342315539554,-16.96591712820798
[Cu]OCC[Au],6200526238701439949,65.0,0.0,-16.048607890058502
[Cu]OCC[Au],6200526238701439949,70.0,-0.04309001143587349,-15.185425111935515
[Cu]OCC[Au],6200526238701439949,75.0,-0.08494233763734013,-14.372873426662517
[Cu]OCC[Au],6200526238701439949,80.0,-0.12560954912263933,-13.607720371303742
[Cu]OCC[Au],6419985693366235248,50.0,0.13727065533857344,-10.273337445220923
[Cu]OCC[Au],6419985693366235248,55.0,0.09011938091860444,-8.908217099739026
[Cu]OCC[Au],6419985693366235248,60.0,0.04438342315539554,-7.91514957154826
[Cu]OCC[Au],6419985693366235248,65.0,0.0,-7.2631618867030285
[Cu]OCC[Au],6419985693366235248,70.0,-0.04309001143587349,-6.9239173076027996
[Cu]OCC[Au],6419985693366235248,75.0,-0.08494233763734013,-6.87146721271266
[Cu]OCC[Au],6419985693366235248,80.0,-0.12560954912263933,-7.082028979790412
[Cu]OCC[Au],6507725248122625605,50.0,0.13727065533857344,-14.879493467314276
[Cu]OCC[Au],6507725248122625605,55.0,0.09011938091860444,-14.175045167120684
[Cu]OCC[Au],6507725248122625605,60.0,0.04438342315539554,-13.621784378930338
[Cu]OCC[Au],6507725248122625605,65.0,0.0,-13.20732131593662
[Cu]OCC[Au],6507725248122625605,70.0,-0.04309001143587349,-12.920314726072768
[Cu]OCC[Au],6507725248122625605,75.0,-0.08494233763734013,-12.750373496141423
[Cu]OCC[Au],6507725248122625605,80.0,-0.12560954912263933,-12.687968549416976
[Cu]OCC[Au],6509342615204728449,50.0,0.13727065533857344,-10.080680092791113
[Cu]OCC[Au],6509342615204728449,55.0,0.09011938091860444,-9.328905608816411
[Cu]OCC[Au],6509342615204728449,60.0,0.04438342315539554,-8.749416804388055
[Cu]OCC[Au],6509342615204728449,65.0,0.0,-8.32802802657713
[Cu]OCC[Au],6509342615204728449,70.0,-0.04309001143587349,-8.051756218556237
[Cu]OCC[Au],6509342615204728449,75.0,-0.08494233763734013,-7.908707965067325
[Cu]OCC[Au],6509342615204728449,80.0,-0.12560954912263933,-7.887978360879858
[Cu]OCC[Au],6592787694786550197,50.0,0.13727065533857344,-13.812772026013922
[Cu]OCC[Au],6592787694786550197,55.0,0.09011938091860444,-12.27826504335492
[Cu]OCC[Au],6592787694786550197,60.0,0.04438342315539554,-10.992033413062705
[Cu]OCC[Au],6592787694786550197,65.0,0.0,-9.934226470688879
[Cu]OCC[Au],6592787694786550197,70.0,-0.04309001143587349,-9.086658089772211
[Cu]OCC[Au],6592787694786550197,75.0,-0.08494233763734013,-8.432651230219435
[Cu]OCC[Au],6592787694786550197,80.0,-0.12560954912263933,-7.956898700809302
[Cu]OCC[Au],6601342375791028542,50.0,0.13727065533857344,-14.811736928705963
[Cu]OCC[Au],6601342375791028542,55.0,0.09011938091860444,-14.045315643037119
[Cu]OCC[Au],6601342375791028542,60.0,0.04438342315539554,-13.467588564899723
[Cu]OCC[Au],6601342375791028542,65.0,0.0,-13.062944285538977
[Cu]OCC[Au],6601342375791028542,70.0,-0.04309001143587349,-12.817097173224521
[Cu]OCC[Au],6601342375791028542,75.0,-0.08494233763734013,-12.716962736391567
[Cu]OCC[Au],6601342375791028542,80.0,-0.12560954912263933,-12.750546039767789
[Cu]OCC[Au],6656035941260047632,50.0,0.13727065533857344,-8.709457278146218
[Cu]OCC[Au],6656035941260047632,55.0,0.09011938091860444,-8.456751567489706
[Cu]OCC[Au],6656035941260047632,60.0,0.04438342315539554,-8.218268911090638
[Cu]OCC[Au],6656035941260047632,65.0,0.0,-7.993088299730245
[Cu]OCC[Au],6656035941260047632,70.0,-0.04309001143587349,-7.780359064912538
[Cu]OCC[Au],6656035941260047632,75.0,-0.08494233763734013,-7.579294648613008
[Cu]OCC[Au],6656035941260047632,80.0,-0.12560954912263933,-7.389167001041306
[Cu]OCC[Au],6747267072850778319,50.0,0.13727065533857344,-8.656536202073282
[Cu]OCC[Au],6747267072850778319,55.0,0.09011938091860444,-8.335839545833604
[Cu]OCC[Au],6747267072850778319,60.0,0.04438342315539554,-8.040877085732607
[Cu]OCC[Au],6747267072850778319,65.0,0.0,-7.769803308544061
[Cu]OCC[Au],6747267072850778319,70.0,-0.04309001143587349,-7.520920696114848
[Cu]OCC[Au],6747267072850778319,75.0,-0.08494233763734013,-7.292666236465385
[Cu]OCC[Au],6747267072850778319,80.0,-0.12560954912263933,-7.083599320423161
[Cu]OCC[Au],6805274690217538317,50.0,0.13727065533857344,-9.555038795847537
[Cu]OCC[Au],6805274690217538317,55.0,0.09011938091860444,-9.31078769940856
[Cu]OCC[Au],6805274690217538317,60.0,0.04438342315539554,-9.088708013556763
[Cu]OCC[Au],6805274690217538317,65.0,0.0,-8.887167689099778
[Cu]OCC[Au],6805274690217538317,70.0,-0.04309001143587349,-8.70466704733048
[Cu]OCC[Au],6805274690217538317,75.0,-0.08494233763734013,-8.539826638392885
[Cu]OCC[Au],6805274690217538317,80.0,-0.12560954912263933,-8.3913763518637
[Cu]OCC[Au],6893216680876805059,50.0,0.13727065533857344,-8.537317402018452
[Cu]OCC[Au],6893216680876805059,55.0,0.09011938091860444,-8.244975131548577
[Cu]OCC[Au],6893216680876805059,60.0,0.04438342315539554,-7.97221643403883
[Cu]OCC[Au],6893216680876805059,65.0,0.0,-7.71770023746378
[Cu]OCC[Au],6893216680876805059,70.0,-0.04309001143587349,-7.480190762138591
[Cu]OCC[Au],6893216680876805059,75.0,-0.08494233763734013,-7.258548039704099
[Cu]OCC[Au],6893216680876805059,80.0,-0.12560954912263933,-7.051719398329992
[Cu]OCC[Au],705990876074300252,50.0,0.13727065533857344,-8.09348458876312
[Cu]OCC[Au],705990876074300252,55.0,0.09011938091860444,-7.857011301243629
[Cu]OCC[Au],705990876074300252,60.0,0.04438342315539554,-7.601178860547356
[Cu]OCC[Au],705990876074300252,65.0,0.0,-7.328002283812757
[Cu]OCC[Au],705990876074300252,70.0,-0.04309001143587349,-7.039312736593399
[Cu]OCC[Au],705990876074300252,75.0,-0.08494233763734013,-6.736775435132418
[Cu]OCC[Au],705990876074300252,80.0,-0.12560954912263933,-6.421905634212795
[Cu]OCC[Au],7215917011954738455,50.0,0.13727065533857344,-12.86201698937561
[Cu]OCC[Au],7215917011954738455,55.0,0.09011938091860444,-11.81859814809988
[Cu]OCC[Au],7215917011954738455,60.0,0.04438342315539554,-10.997477516307004
[Cu]OCC[Au],7215917011954738455,65.0,0.0,-10.38044781513371
[Cu]OCC[Au],7215917011954738455,70.0,-0.04309001143587349,-9.950842317370533
[Cu]OCC[Au],7215917011954738455,75.0,-0.08494233763734013,-9.693390295258554
[Cu]OCC[Au],7215917011954738455,80.0,-0.12560954912263933,-9.594087589332027
[Cu]OCC[Au],7363615709883268912,50.0,0.13727065533857344,-8.253845064319538
[Cu]OCC[Au],7363615709883268912,55.0,0.09011938091860444,-8.046511309372557
[Cu]OCC[Au],7363615709883268912,60.0,0.04438342315539554,-7.8520491629103395
[Cu]OCC[Au],7363615709883268912,65.0,0.0,-7.669597107294127
[Cu]OCC[Au],7363615709883268912,70.0,-0.04309001143587349,-7.498360524487586
[Cu]OCC[Au],7363615709883268912,75.0,-0.08494233763734013,-7.337605711047313
[Cu]OCC[Au],7363615709883268912,80.0,-0.12560954912263933,-7.1866545004497535
[Cu]OCC[Au],7430656674946414663,50.0,0.13727065533857344,-12.449980027669877
[Cu]OCC[Au],7430656674946414663,55.0,0.09011938091860444,-11.494202480874703
[Cu]OCC[Au],7430656674946414663,60.0,0.04438342315539554,-10.764859746403893
[Cu]OCC[Au],7430656674946414663,65.0,0.0,-10.243265298256109
[Cu]OCC[Au],7430656674946414663,70.0,-0.04309001143587349,-9.912318080591625
[Cu]OCC[Au],7430656674946414663,75.0,-0.08494233763734013,-9.756353527779497
[Cu]OCC[Au],7430656674946414663,80.0,-0.12560954912263933,-9.761010182310383
[Cu]OCC[Au],7500374599072077527,50.0,0.13727065533857344,-10.33599781293575
[Cu]OCC[Au],7500374599072077527,55.0,0.09011938091860444,-9.945110158539647
[Cu]OCC[Au],7500374599072077527,60.0,0.04438342315539554,-9.5956023778871
[Cu]OCC[Au],7500374599072077527,65.0,0.0,-9.284343243836062
[Cu]OCC[Au],7500374599072077527,70.0,-0.04309001143587349,-9.008458443427045
[Cu]OCC[Au],7500374599072077527,75.0,-0.08494233763734013,-8.765306862486705
[Cu]OCC[Au],7500374599072077527,80.0,-0.12560954912263933,-8.552459325932649
[Cu]OCC[Au],7558717763643138716,50.0,0.13727065533857344,-12.152635725696971
[Cu]OCC[Au],7558717763643138716,55.0,0.09011938091860444,-11.512891256622176
[Cu]OCC[Au],7558717763643138716,60.0,0.04438342315539554,-10.929172197764505
[Cu]OCC[Au],7558717763643138716,65.0,0.0,-10.39738405904658
[Cu]OCC[Au],7558717763643138716,70.0,-0.04309001143587349,-9.913763418435616
[Cu]OCC[Au],7558717763643138716,75.0,-0.08494233763734013,-9.474847606901228
[Cu]OCC[Au],7558717763643138716,80.0,-0.12560954912263933,-9.077447516472958
[Cu]OCC[Au],7996102172479850823,50.0,0.13727065533857344,-8.153026973129188
[Cu]OCC[Au],7996102172479850823,55.0,0.09011938091860444,-7.944940510579217
[Cu]OCC[Au],7996102172479850823,60.0,0.04438342315539554,-7.70862547814447
[Cu]OCC[Au],7996102172479850823,65.0,0.0,-7.446840714324475
[Cu]OCC[Au],7996102172479850823,70.0,-0.04309001143587349,-7.162097729491868
[Cu]OCC[Au],7996102172479850823,75.0,-0.08494233763734013,-6.85668459061133
[Cu]OCC[Au],7996102172479850823,80.0,-0.12560954912263933,-6.53268726404532
[Cu]OCC[Au],8043703341661198553,50.0,0.13727065533857344,-14.79134355026746
[Cu]OCC[Au],8043703341661198553,55.0,0.09011938091860444,-13.17495932329949
[Cu]OCC[Au],8043703341661198553,60.0,0.04438342315539554,-11.75100693086056
[Cu]OCC[Au],8043703341661198553,65.0,0.0,-10.504660814684497
[Cu]OCC[Au],8043703341661198553,70.0,-0.04309001143587349,-9.422320734134871
[Cu]OCC[Au],8043703341661198553,75.0,-0.08494233763734013,-8.491498211614324
[Cu]OCC[Au],8043703341661198553,80.0,-0.12560954912263933,-7.700714765551373
[Cu]OCC[Au],8065657533313134629,50.0,0.13727065533857344,-8.497210897936533
[Cu]OCC[Au],8065657533313134629,55.0,0.09011938091860444,-8.218346070672029
[Cu]OCC[Au],8065657533313134629,60.0,0.04438342315539554,-7.958150281150282
[Cu]OCC[Au],8065657533313134629,65.0,0.0,-7.715345313345977
[Cu]OCC[Au],8065657533313134629,70.0,-0.04309001143587349,-7.488753300000828
[Cu]OCC[Au],8065657533313134629,75.0,-0.08494233763734013,-7.277287687199047
[Cu]OCC[Au],8065657533313134629,80.0,-0.12560954912263933,-7.07994511972054
[Cu]OCC[Au],8153187545187339911,50.0,0.13727065533857344,-15.514121466360468
[Cu]OCC[Au],8153187545187339911,55.0,0.09011938091860444,-15.088207217668876
[Cu]OCC[Au],8153187545187339911,60.0,0.04438342315539554,-14.67526808152718
[Cu]OCC[Au],8153187545187339911,65.0,0.0,-14.27472016260265
[Cu]OCC[Au],8153187545187339911,70.0,-0.04309001143587349,-13.886014075606653
[Cu]OCC[Au],8153187545187339911,75.0,-0.08494233763734013,-13.508632433322601
[Cu]OCC[Au],8153187545187339911,80.0,-0.12560954912263933,-13.142087550861797
[Cu]OCC[Au],8330582821270489587,50.0,0.13727065533857344,-8.666697290498094
[Cu]OCC[Au],8330582821270489587,55.0,0.09011938091860444,-8.381720380427755
[Cu]OCC[Au],8330582821270489587,60.0,0.04438342315539554,-8.120436637129236
[Cu]OCC[Au],8330582821270489587,65.0,0.0,-7.881133427057474
[Cu]OCC[Au],8330582821270489587,70.0,-0.04309001143587349,-7.662235935178632
[Cu]OCC[Au],8330582821270489587,75.0,-0.08494233763734013,-7.4622945789499555
[Cu]OCC[Au],8330582821270489587,80.0,-0.12560954912263933,-7.279973716718858
[Cu]OCC[Au],8550233171062419265,50.0,0.13727065533857344,-11.499589826233375
[Cu]OCC[Au],8550233171062419265,55.0,0.09011938091860444,-10.932419667066204
[Cu]OCC[Au],8550233171062419265,60.0,0.04438342315539554,-10.405627487542663
[Cu]OCC[Au],8550233171062419265,65.0,0.0,-9.916401539408064
[Cu]OCC[Au],8550233171062419265,70.0,-0.04309001143587349,-9.462152571733183
[Cu]OCC[Au],8550233171062419265,75.0,-0.08494233763734013,-9.040493704953965
[Cu]OCC[Au],8550233171062419265,80.0,-0.12560954912263933,-8.649222362059456
[Cu]OCC[Au],8616086834510873250,50.0,0.13727065533857344,-8.524515654025693
[Cu]OCC[Au],8616086834510873250,55.0,0.09011938091860444,-8.134320743714275
[Cu]OCC[Au],8616086834510873250,60.0,0.04438342315539554,-7.796775800572434
[Cu]OCC[Au],8616086834510873250,65.0,0.0,-7.507756220417899
[Cu]OCC[Au],8616086834510873250,70.0,-0.04309001143587349,-7.263480551567131
[Cu]OCC[Au],8616086834510873250,75.0,-0.08494233763734013,-7.060478580956008
[Cu]OCC[Au],8616086834510873250,80.0,-0.12560954912263933,-6.895562740406355
[Cu]OCC[Au],8714245040629453208,50.0,0.13727065533857344,-9.10999456621579
[Cu]OCC[Au],8714245040629453208,55.0,0.09011938091860444,-8.767736344701238
[Cu]OCC[Au],8714245040629453208,60.0,0.04438342315539554,-8.473175116853119
[Cu]OCC[Au],8714245040629453208,65.0,0.0,-8.222559563771926
[Cu]OCC[Au],8714245040629453208,70.0,-0.04309001143587349,-8.012450942119063
[Cu]OCC[Au],8714245040629453208,75.0,-0.08494233763734013,-7.8396939902007015
[Cu]OCC[Au],8714245040629453208,80.0,-0.12560954912263933,-7.701390862359884
[Cu]OCC[Au],875987299770149065,50.0,0.13727065533857344,-8.866661404214595
[Cu]OCC[Au],875987299770149065,55.0,0.09011938091860444,-8.676119989300101
[Cu]OCC[Au],875987299770149065,60.0,0.04438342315539554,-8.499379081463907
[Cu]OCC[Au],875987299770149065,65.0,0.0,-8.33547333385282
[Cu]OCC[Au],875987299770149065,70.0,-0.04309001143587349,-8.183513947528162
[Cu]OCC[Au],875987299770149065,75.0,-0.08494233763734013,-8.042681739060514
[Cu]OCC[Au],875987299770149065,80.0,-0.12560954912263933,-7.912220917261231
[Cu]OCC[Au],8851796324309116449,50.0,0.13727065533857344,-8.064213171060297
[Cu]OCC[Au],8851796324309116449,55.0,0.09011938091860444,-7.860971893488636
[Cu]OCC[Au],8851796324309116449,60.0,0.04438342315539554,-7.665395651253261
[Cu]OCC[Au],8851796324309116449,65.0,0.0,-7.477076059998576
[Cu]OCC[Au],8851796324309116449,70.0,-0.04309001143587349,-7.295632464297391
[Cu]OCC[Au],8851796324309116449,75.0,-0.08494233763734013,-7.120709668559202
[Cu]OCC[Au],8851796324309116449,80.0,-0.12560954912263933,-6.951975883972966
[Cu]OCC[Au],9004066540433821736,50.0,0.13727065533857344,-9.090703650537499
[Cu]OCC[Au],9004066540433821736,55.0,0.09011938091860444,-8.420796151072986
[Cu]OCC[Au],9004066540433821736,60.0,0.04438342315539554,-7.886018615874092
[Cu]OCC[Au],9004066540433821736,65.0,0.0,-7.4753500086570694
[Cu]OCC[Au],9004066540433821736,70.0,-0.04309001143587349,-7.178700349283966
[Cu]OCC[Au],9004066540433821736,75.0,-0.08494233763734013,-6.986823422306469
[Cu]OCC[Au],9004066540433821736,80.0,-0.12560954912263933,-6.891238612186934
[Cu]OCC[Au],9076549042257292291,50.0,0.13727065533857344,-15.188793977025052
[Cu]OCC[Au],9076549042257292291,55.0,0.09011938091860444,-14.254693685552244
[Cu]OCC[Au],9076549042257292291,60.0,0.04438342315539554,-13.521990781587913
[Cu]OCC[Au],9076549042257292291,65.0,0.0,-12.974175151228769
[Cu]OCC[Au],9076549042257292291,70.0,-0.04309001143587349,-12.596134089567476
[Cu]OCC[Au],9076549042257292291,75.0,-0.08494233763734013,-12.374021157462742
[Cu]OCC[Au],9076549042257292291,80.0,-0.12560954912263933,-12.295138758124406
[Cu]OCC[Au],9174788350689592422,50.0,0.13727065533857344,-9.433200972125247
[Cu]OCC[Au],9174788350689592422,55.0,0.09011938091860444,-9.17757248611933
[Cu]OCC[Au],9174788350689592422,60.0,0.04438342315539554,-8.890224724151748
[Cu]OCC[Au],9174788350689592422,65.0,0.0,-8.574286290012457
[Cu]OCC[Au],9174788350689592422,70.0,-0.04309001143587349,-8.23260456429139
[Cu]OCC[Au],9174788350689592422,75.0,-0.08494233763734013,-7.867772896697211
[Cu]OCC[Au],9174788350689592422,80.0,-0.12560954912263933,-7.4821549023168945
[Cu]OCC[Au],9318465886563036231,50.0,0.13727065533857344,-11.414138536934516
[Cu]OCC[Au],9318465886563036231,55.0,0.09011938091860444,-10.176576538023289
[Cu]OCC[Au],9318465886563036231,60.0,0.04438342315539554,-9.416831763433782
[Cu]OCC[Au],9318465886563036231,65.0,0.0,-9.094450068703233
[Cu]OCC[Au],9318465886563036231,70.0,-0.04309001143587349,-9.172441227379672
[Cu]OCC[Au],9318465886563036231,75.0,-0.08494233763734013,-9.616951906793954
[Cu]OCC[Au],9318465886563036231,80.0,-0.12560954912263933,-10.396972980735043
[Cu]OCC[Au],9370995126562182753,50.0,0.13727065533857344,-13.370642703055784
[Cu]OCC[Au],9370995126562182753,55.0,0.09011938091860444,-12.345927062764513
[Cu]OCC[Au],9370995126562182753,60.0,0.04438342315539554,-11.543364138605506
[Cu]OCC[Au],9370995126562182753,65.0,0.0,-10.944734929035
[Cu]OCC[Au],9370995126562182753,70.0,-0.04309001143587349,-10.533362711364132
[Cu]OCC[Au],9370995126562182753,75.0,-0.08494233763734013,-10.293968291640285
[Cu]OCC[Au],9370995126562182753,80.0,-0.12560954912263933,-10.212540398575111
[Cu]OCC[Au],9401931080213247511,50.0,0.13727065533857344,-8.130024612565323
[Cu]OCC[Au],9401931080213247511,55.0,0.09011938091860444,-7.834888283210875
[Cu]OCC[Au],9401931080213247511,60.0,0.04438342315539554,-7.562875506368126
[Cu]OCC[Au],9401931080213247511,65.0,0.0,-7.312337137204778
[Cu]OCC[Au],9401931080213247511,70.0,-0.04309001143587349,-7.08175595384487
[Cu]OCC[Au],9401931080213247511,75.0,-0.08494233763734013,-6.86973465006726
[Cu]OCC[Au],9401931080213247511,80.0,-0.12560954912263933,-6.674985060249567
[Cu]OCC[Au],9411380829794964521,50.0,0.13727065533857344,-12.188940615015687
[Cu]OCC[Au],9411380829794964521,55.0,0.09011938091860444,-10.544991305662332
[Cu]OCC[Au],9411380829794964521,60.0,0.04438342315539554,-9.273115469422216
[Cu]OCC[Au],9411380829794964521,65.0,0.0,-8.342704085273006
[Cu]OCC[Au],9411380829794964521,70.0,-0.04309001143587349,-7.725742200060057
[Cu]OCC[Au],9411380829794964521,75.0,-0.08494233763734013,-7.396565319456686
[Cu]OCC[Au],9411380829794964521,80.0,-0.12560954912263933,-7.331641294988772
[Cu]OCC[Au],9541926307646186360,50.0,0.13727065533857344,-9.091896496335085
[Cu]OCC[Au],9541926307646186360,55.0,0.09011938091860444,-8.352384082551309
[Cu]OCC[Au],9541926307646186360,60.0,0.04438342315539554,-7.783083681782671
[Cu]OCC[Au],9541926307646186360,65.0,0.0,-7.3699761670021315
[Cu]OCC[Au],9541926307646186360,70.0,-0.04309001143587349,-7.10023102040443
[Cu]OCC[Au],9541926307646186360,75.0,-0.08494233763734013,-6.962094686252506
[Cu]OCC[Au],9541926307646186360,80.0,-0.12560954912263933,-6.944790610276891
[Cu]OCC[Au],9692249336025776624,50.0,0.13727065533857344,-13.688080346125485
[Cu]OCC[Au],9692249336025776624,55.0,0.09011938091860444,-11.986571005020851
[Cu]OCC[Au],9692249336025776624,60.0,0.04438342315539554,-10.725037547785938
[Cu]OCC[Au],9692249336025776624,65.0,0.0,-9.866966831435425
[Cu]OCC[Au],9692249336025776624,70.0,-0.04309001143587349,-9.3789499962381
[Cu]OCC[Au],9692249336025776624,75.0,-0.08494233763734013,-9.230390462874853
[Cu]OCC[Au],9692249336025776624,80.0,-0.12560954912263933,-9.39324252124741
[Cu]OCC[Au],9891163539880485111,50.0,0.13727065533857344,-8.010218184994491
[Cu]OCC[Au],9891163539880485111,55.0,0.09011938091860444,-7.8067145131625715
[Cu]OCC[Au],9891163539880485111,60.0,0.04438342315539554,-7.615503272315907
[Cu]OCC[Au],9891163539880485111,65.0,0.0,-7.435768924053464
[Cu]OCC[Au],9891163539880485111,70.0,-0.04309001143587349,-7.266758984545203
[Cu]OCC[Au],9891163539880485111,75.0,-0.08494233763734013,-7.107778398096151
[Cu]OCC[Au],9891163539880485111,80.0,-0.12560954912263933,-6.958184480679622
[Cu]OCC[Au],9978902722030382433,50.0,0.13727065533857344,-8.734068564643586
[Cu]OCC[Au],9978902722030382433,55.0,0.09011938091860444,-8.559376205440667
[Cu]OCC[Au],9978902722030382433,60.0,0.04438342315539554,-8.395095538913775
[Cu]OCC[Au],9978902722030382433,65.0,0.0,-8.240538853357434
[Cu]OCC[Au],9978902722030382433,70.0,-0.04309001143587349,-8.095071491417752
[Cu]OCC[Au],9978902722030382433,75.0,-0.08494233763734013,-7.958107122236331
[Cu]OCC[Au],9978902722030382433,80.0,-0.12560954912263933,-7.829103492114303
[Cu]OCOCCOCC[Au],10611444124590308832,30.0,0.3845195412710712,-10.238944448011589
[Cu]OCOCCOCC[Au],10611444124590308832,35.0,0.33099533204375986,-9.904276142373318
[Cu]OCOCCOCC[Au],10611444124590308832,40.0,0.27918034233512334,-9.590428611055291
[Cu]OCOCCOCC[Au],10611444124590308832,45.0,0.22899398659501252,-9.29594993827939
[Cu]OCOCCOCC[Au],10611444124590308832,50.0,0.18036066677444693,-9.01950672327965
[Cu]OCOCCOCC[Au],10611444124590308832,55.0,0.13320939235447793,-8.759872901478744
[Cu]OCOCCOCC[Au],10611444124590308832,60.0,0.08747343459126902,-8.515919762994963
[Cu]OCOCCOCC[Au],10611444124590308832,65.0,0.04309001143587349,-8.28660702510609
[Cu]OCOCCOCC[Au],10611444124590308832,70.0,0.0,-8.070974834242794
[Cu]OCOCCOCC[Au],10611444124590308832,75.0,-0.04185232620146666,-7.8681365892969835
[Cu]OCOCCOCC[Au],10611444124590308832,80.0,-0.08251953768676586,-7.67727249193659
[Cu]OCOCCOCC[Au],10611444124590308832,85.0,-0.12205126930370497,-7.497623741572804
[Cu]OCOCCOCC[Au],10611444124590308832,90.0,-0.16049442232731,-7.328487302925206
[Cu]OCOCCOCC[Au],10611444124590308832,95.0,-0.19789335008883138,-7.169211183022666
[Cu]OCOCCOCC[Au],10611444124590308832,100.0,-0.2342900286808093,-7.019190162171322
[Cu]OCOCCOCC[Au],10611444124590308832,105.0,-0.26972421411948844,-6.877861930090568
[Cu]OCOCCOCC[Au],10611444124590308832,110.0,-0.3042335872016841,-6.744703584211242
[Cu]OCOCCOCC[Au],16881074872245450261,30.0,0.3845195412710712,-13.386491229958077
[Cu]OCOCCOCC[Au],16881074872245450261,35.0,0.33099533204375986,-12.641040937876403
[Cu]OCOCCOCC[Au],16881074872245450261,40.0,0.27918034233512334,-11.952907156286804
[Cu]OCOCCOCC[Au],16881074872245450261,45.0,0.22899398659501252,-11.317832390514367
[Cu]OCOCCOCC[Au],16881074872245450261,50.0,0.18036066677444693,-10.731917406291704
[Cu]OCOCCOCC[Au],16881074872245450261,55.0,0.13320939235447793,-10.191586826486269
[Cu]OCOCCOCC[Au],16881074872245450261,60.0,0.08747343459126902,-9.69355845640891
[Cu]OCOCCOCC[Au],16881074872245450261,65.0,0.04309001143587349,-9.234815887476366
[Cu]OCOCCOCC[Au],16881074872245450261,70.0,0.0,-8.812583988868264
[Cu]OCOCCOCC[Au],16881074872245450261,75.0,-0.04185232620146666,-8.424306948008217
[Cu]OCOCCOCC[Au],16881074872245450261,80.0,-0.08251953768676586,-8.067628564568317
[Cu]OCOCCOCC[Au],16881074872245450261,85.0,-0.12205126930370497,-7.740374540378488
[Cu]OCOCCOCC[Au],16881074872245450261,90.0,-0.16049442232731,-7.4405365400602985
[Cu]OCOCCOCC[Au],16881074872245450261,95.0,-0.19789335008883138,-7.166257825188269
[Cu]OCOCCOCC[Au],16881074872245450261,100.0,-0.2342900286808093,-6.915820288971838
[Cu]OCOCCOCC[Au],16881074872245450261,105.0,-0.26972421411948844,-6.687632739404535
[Cu]OCOCCOCC[Au],16881074872245450261,110.0,-0.3042335872016841,-6.480220297011611
[Cu]OCOCCOCC[Au],16989126436421772917,30.0,0.3845195412710712,-13.603878313421593
[Cu]OCOCCOCC[Au],16989126436421772917,35.0,0.33099533204375986,-12.87270816833251
[Cu]OCOCCOCC[Au],16989126436421772917,40.0,0.27918034233512334,-12.198838863305442
[Cu]OCOCCOCC[Au],16989126436421772917,45.0,0.22899398659501252,-11.5779932075354
[Cu]OCOCCOCC[Au],16989126436421772917,50.0,0.18036066677444693,-11.006254734799407
[Cu]OCOCCOCC[Au],16989126436421772917,55.0,0.13320939235447793,-10.480033019034334
[Cu]OCOCCOCC[Au],16989126436421772917,60.0,0.08747343459126902,-9.996032752099286
[Cu]OCOCCOCC[Au],16989126436421772917,65.0,0.04309001143587349,-9.551226129172177
[Cu]OCOCCOCC[Au],16989126436421772917,70.0,0.0,-9.142828147699024
[Cu]OCOCCOCC[Au],16989126436421772917,75.0,-0.04185232620146666,-8.768274477514426
[Cu]OCOCCOCC[Au],16989126436421772917,80.0,-0.08251953768676586,-8.425201604056765
[Cu]OCOCCOCC[Au],16989126436421772917,85.0,-0.12205126930370497,-8.11142898465568
[Cu]OCOCCOCC[Au],16989126436421772917,90.0,-0.16049442232731,-7.824942990625539
[Cu]OCOCCOCC[Au],16989126436421772917,95.0,-0.19789335008883138,-7.563882436155072
[Cu]OCOCCOCC[Au],16989126436421772917,100.0,-0.2342900286808093,-7.326525519407754
[Cu]OCOCCOCC[Au],16989126436421772917,105.0,-0.26972421411948844,-7.111278022402841
[Cu]OCOCCOCC[Au],16989126436421772917,110.0,-0.3042335872016841,-6.916662634605682
[Cu]OCOCCOCC[Au],2252437592301959236,30.0,0.3845195412710712,-11.177980118865253
[Cu]OCOCCOCC[Au],2252437592301959236,35.0,0.33099533204375986,-10.904077379391644
[Cu]OCOCCOCC[Au],2252437592301959236,40.0,0.27918034233512334,-10.646711259709742
[Cu]OCOCCOCC[Au],2252437592301959236,45.0,0.22899398659501252,-10.404740594346126
[Cu]OCOCCOCC[Au],2252437592301959236,50.0,0.18036066677444693,-10.177116873005255
[Cu]OCOCCOCC[Au],2252437592301959236,55.0,0.13320939235447793,-9.96287552907158
[Cu]OCOCCOCC[Au],2252437592301959236,60.0,0.08747343459126902,-9.761128159159707
[Cu]OCOCCOCC[Au],2252437592301959236,65.0,0.04309001143587349,-9.571055562397627
[Cu]OCOCCOCC[Au],2252437592301959236,70.0,0.0,-9.39190150282055
[Cu]OCOCCOCC[Au],2252437592301959236,75.0,-0.04185232620146666,-9.222967110827847
[Cu]OCOCCOCC[Au],2252437592301959236,80.0,-0.08251953768676586,-9.063605850442901
[Cu]OCOCCOCC[Au],2252437592301959236,85.0,-0.12205126930370497,-8.913218988390652
[Cu]OCOCCOCC[Au],2252437592301959236,90.0,-0.16049442232731,-8.771251508999669
[Cu]OCOCCOCC[Au],2252437592301959236,95.0,-0.19789335008883138,-8.637188425836936
[Cu]OCOCCOCC[Au],2252437592301959236,100.0,-0.2342900286808093,-8.510551446955255
[Cu]OCOCCOCC[Au],2252437592301959236,105.0,-0.26972421411948844,-8.390895955811132
[Cu]OCOCCOCC[Au],2252437592301959236,110.0,-0.3042335872016841,-8.277808274409097
[Cu]OCOCCOCC[Au],6297970728518646564,30.0,0.3845195412710712,-12.08315744374421
[Cu]OCOCCOCC[Au],6297970728518646564,35.0,0.33099533204375986,-11.392185263941357
[Cu]OCOCCOCC[Au],6297970728518646564,40.0,0.27918034233512334,-10.758958603679194
[Cu]OCOCCOCC[Au],6297970728518646564,45.0,0.22899398659501252,-10.179099099997591
[Cu]OCOCCOCC[Au],6297970728518646564,50.0,0.18036066677444693,-9.648600263380619
[Cu]OCOCCOCC[Au],6297970728518646564,55.0,0.13320939235447793,-9.163791577302376
[Cu]OCOCCOCC[Au],6297970728518646564,60.0,0.08747343459126902,-8.721306501982491
[Cu]OCOCCOCC[Au],6297970728518646564,65.0,0.04309001143587349,-8.318053909784268
[Cu]OCOCCOCC[Au],6297970728518646564,70.0,0.0,-7.951192542638534
[Cu]OCOCCOCC[Au],6297970728518646564,75.0,-0.04185232620146666,-7.618108135687976
[Cu]OCOCCOCC[Au],6297970728518646564,80.0,-0.08251953768676586,-7.316392897453578
[Cu]OCOCCOCC[Au],6297970728518646564,85.0,-0.12205126930370497,-7.043827076419184
[Cu]OCOCCOCC[Au],6297970728518646564,90.0,-0.16049442232731,-6.798362378006444
[Cu]OCOCCOCC[Au],6297970728518646564,95.0,-0.19789335008883138,-6.57810702530206
[Cu]OCOCCOCC[Au],6297970728518646564,100.0,-0.2342900286808093,-6.381312282298897
[Cu]OCOCCOCC[Au],6297970728518646564,105.0,-0.26972421411948844,-6.206360280408296
[Cu]OCOCCOCC[Au],6297970728518646564,110.0,-0.3042335872016841,-6.051753008085743
[Cu]OCOCCOCC[Au],7964539367389874307,30.0,0.3845195412710712,-10.373922567087238
[Cu]OCOCCOCC[Au],7964539367389874307,35.0,0.33099533204375986,-10.011740706822827
[Cu]OCOCCOCC[Au],7964539367389874307,40.0,0.27918034233512334,-9.673422199812293
[Cu]OCOCCOCC[Au],7964539367389874307,45.0,0.22899398659501252,-9.357271257437622
[Cu]OCOCCOCC[Au],7964539367389874307,50.0,0.18036066677444693,-9.061731818635877
[Cu]OCOCCOCC[Au],7964539367389874307,55.0,0.13320939235447793,-8.78537429592913
[Cu]OCOCCOCC[Au],7964539367389874307,60.0,0.08747343459126902,-8.526883746369945
[Cu]OCOCCOCC[Au],7964539367389874307,65.0,0.04309001143587349,-8.28504929632057
[Cu]OCOCCOCC[Au],7964539367389874307,70.0,0.0,-8.05875467163689
[Cu]OCOCCOCC[Au],7964539367389874307,75.0,-0.04185232620146666,-7.846969704208085
[Cu]OCOCCOCC[Au],7964539367389874307,80.0,-0.08251953768676586,-7.648742702420907
[Cu]OCOCCOCC[Au],7964539367389874307,85.0,-0.12205126930370497,-7.463193587399651
[Cu]OCOCCOCC[Au],7964539367389874307,90.0,-0.16049442232731,-7.289507709174409
[Cu]OCOCCOCC[Au],7964539367389874307,95.0,-0.19789335008883138,-7.12693026754835
[Cu]OCOCCOCC[Au],7964539367389874307,100.0,-0.2342900286808093,-6.974761271618793
[Cu]OCOCCOCC[Au],7964539367389874307,105.0,-0.26972421411948844,-6.832350979866568
[Cu]OCOCCOCC[Au],7964539367389874307,110.0,-0.3042335872016841,-6.699095769640079
[Cu]OCOCCOCC[Au],8769619734623489369,30.0,0.3845195412710712,-11.349205243305661
[Cu]OCOCCOCC[Au],8769619734623489369,35.0,0.33099533204375986,-10.843616147030367
[Cu]OCOCCOCC[Au],8769619734623489369,40.0,0.27918034233512334,-10.37299708991846
[Cu]OCOCCOCC[Au],8769619734623489369,45.0,0.22899398659501252,-9.934825725812352
[Cu]OCOCCOCC[Au],8769619734623489369,50.0,0.18036066677444693,-9.526789049296145
[Cu]OCOCCOCC[Au],8769619734623489369,55.0,0.13320939235447793,-9.146763453559329
[Cu]OCOCCOCC[Au],8769619734623489369,60.0,0.08747343459126902,-8.792796938263182
[Cu]OCOCCOCC[Au],8769619734623489369,65.0,0.04309001143587349,-8.463093208753788
[Cu]OCOCCOCC[Au],8769619734623489369,70.0,0.0,-8.15599744226549
[Cu]OCOCCOCC[Au],8769619734623489369,75.0,-0.04185232620146666,-7.869983526096661
[Cu]OCOCCOCC[Au],8769619734623489369,80.0,-0.08251953768676586,-7.603642597891936
[Cu]OCOCCOCC[Au],8769619734623489369,85.0,-0.12205126930370497,-7.355672739777464
[Cu]OCOCCOCC[Au],8769619734623489369,90.0,-0.16049442232731,-7.1248696967073615
[Cu]OCOCCOCC[Au],8769619734623489369,95.0,-0.19789335008883138,-6.910118505441114
[Cu]OCOCCOCC[Au],8769619734623489369,100.0,-0.2342900286808093,-6.710385934461079
[Cu]OCOCCOCC[Au],8769619734623489369,105.0,-0.26972421411948844,-6.524713647174686
[Cu]OCOCCOCC[Au],8769619734623489369,110.0,-0.3042335872016841,-6.352212011194943
[Cu]OCOCCOCC[Au],8836799261789859958,30.0,0.3845195412710712,-14.157029421119518
[Cu]OCOCCOCC[Au],8836799261789859958,35.0,0.33099533204375986,-13.374056804467845
[Cu]OCOCCOCC[Au],8836799261789859958,40.0,0.27918034233512334,-12.653598613381991
[Cu]OCOCCOCC[Au],8836799261789859958,45.0,0.22899398659501252,-11.990966671930138
[Cu]OCOCCOCC[Au],8836799261789859958,50.0,0.18036066677444693,-11.381869029713744
[Cu]OCOCCOCC[Au],8836799261789859958,55.0,0.13320939235447793,-10.822371817719391
[Cu]OCOCCOCC[Au],8836799261789859958,60.0,0.08747343459126902,-10.308865244877563
[Cu]OCOCCOCC[Au],8836799261789859958,65.0,0.04309001143587349,-9.838033234769489
[Cu]OCOCCOCC[Au],8836799261789859958,70.0,0.0,-9.406826268539698
[Cu]OCOCCOCC[Au],8836799261789859958,75.0,-0.04185232620146666,-9.012437057024936
[Cu]OCOCCOCC[Au],8836799261789859958,80.0,-0.08251953768676586,-8.652278713914217
[Cu]OCOCCOCC[Au],8836799261789859958,85.0,-0.12205126930370497,-8.323965143670879
[Cu]OCOCCOCC[Au],8836799261789859958,90.0,-0.16049442232731,-8.025293394026143
[Cu]OCOCCOCC[Au],8836799261789859958,95.0,-0.19789335008883138,-7.754227753974423
[Cu]OCOCCOCC[Au],8836799261789859958,100.0,-0.2342900286808093,-7.508885405099505
[Cu]OCOCCOCC[Au],8836799261789859958,105.0,-0.26972421411948844,-7.287523457357982
[Cu]OCOCCOCC[Au],8836799261789859958,110.0,-0.3042335872016841,-7.088527220662724
[Cu]OCP(=S)(CC1=CC=CC=C1)COCC(C(C)=C1(C))=C(C)C(C)=C1C[Au],1529537981208278284,30.0,0.25131014891659326,-13.787941527628224
[Cu]OCP(=S)(CC1=CC=CC=C1)COCC(C(C)=C1(C))=C(C)C(C)=C1C[Au],1529537981208278284,35.0,0.19778593968928193,-13.570123620578688
[Cu]OCP(=S)(CC1=CC=CC=C1)COCC(C(C)=C1(C))=C(C)C(C)=C1C[Au],1529537981208278284,40.0,0.14597094998064541,-13.352554042021977
[Cu]OCP(=S)(CC1=CC=CC=C1)COCC(C(C)=C1(C))=C(C)C(C)=C1C[Au],1529537981208278284,45.0,0.09578459424053462,-13.13553235046817
[Cu]OCP(=S)(CC1=CC=CC=C1)COCC(C(C)=C1(C))=C(C)C(C)=C1C[Au],1529537981208278284,50.0,0.047151274419969004,-12.919320598069676
[Cu]OCP(=S)(CC1=CC=CC=C1)COCC(C(C)=C1(C))=C(C)C(C)=C1C[Au],1529537981208278284,55.0,0.0,-12.704147610967139
[Cu]OCP(=S)(CC1=CC=CC=C1)COCC(C(C)=C1(C))=C(C)C(C)=C1C[Au],1529537981208278284,60.0,-0.04573595776320889,-12.490212757980506
[Cu]OCP(=S)(CC1=CC=CC=C1)COCC(C(C)=C1(C))=C(C)C(C)=C1C[Au],1529537981208278284,65.0,-0.09011938091860444,-12.277689273474149
[Cu]OCP(=S)(CC1=CC=CC=C1)COCC(C(C)=C1(C))=C(C)C(C)=C1C[Au],1529537981208278284,70.0,-0.13320939235447793,-12.066727191072902
[Cu]OCP(=S)(CC1=CC=CC=C1)COCC(C(C)=C1(C))=C(C)C(C)=C1C[Au],1529537981208278284,75.0,-0.17506171855594457,-11.857455937125389
[Cu]OCP(=S)(CC1=CC=CC=C1)COCC(C(C)=C1(C))=C(C)C(C)=C1C[Au],1529537981208278284,80.0,-0.21572893004124377,-11.649986626181203
[Cu]OCP(=S)(CC1=CC=CC=C1)COCC(C(C)=C1(C))=C(C)C(C)=C1C[Au],15697097674604127999,30.0,0.25131014891659326,-11.733619590682787
[Cu]OCP(=S)(CC1=CC=CC=C1)COCC(C(C)=C1(C))=C(C)C(C)=C1C[Au],15697097674604127999,35.0,0.19778593968928193,-11.3130119639194
[Cu]OCP(=S)(CC1=CC=CC=C1)COCC(C(C)=C1(C))=C(C)C(C)=C1C[Au],15697097674604127999,40.0,0.14597094998064541,-10.931984091722558
[Cu]OCP(=S)(CC1=CC=CC=C1)COCC(C(C)=C1(C))=C(C)C(C)=C1C[Au],15697097674604127999,45.0,0.09578459424053462,-10.587456433287205
[Cu]OCP(=S)(CC1=CC=CC=C1)COCC(C(C)=C1(C))=C(C)C(C)=C1C[Au],15697097674604127999,50.0,0.047151274419969004,-10.276613982354245
[Cu]OCP(=S)(CC1=CC=CC=C1)COCC(C(C)=C1(C))=C(C)C(C)=C1C[Au],15697097674604127999,55.0,0.0,-9.996880566513283
[Cu]OCP(=S)(CC1=CC=CC=C1)COCC(C(C)=C1(C))=C(C)C(C)=C1C[Au],15697097674604127999,60.0,-0.04573595776320889,-9.745895952868505
[Cu]OCP(=S)(CC1=CC=CC=C1)COCC(C(C)=C1(C))=C(C)C(C)=C1C[Au],15697097674604127999,65.0,-0.09011938091860444,-9.521495419422944
[Cu]OCP(=S)(CC1=CC=CC=C1)COCC(C(C)=C1(C))=C(C)C(C)=C1C[Au],15697097674604127999,70.0,-0.13320939235447793,-9.321691497007686
[Cu]OCP(=S)(CC1=CC=CC=C1)COCC(C(C)=C1(C))=C(C)C(C)=C1C[Au],15697097674604127999,75.0,-0.17506171855594457,-9.144657625442377
[Cu]OCP(=S)(CC1=CC=CC=C1)COCC(C(C)=C1(C))=C(C)C(C)=C1C[Au],15697097674604127999,80.0,-0.21572893004124377,-8.988713500900072
[Cu]OCP(=S)(CC1=CC=CC=C1)COCC(C(C)=C1(C))=C(C)C(C)=C1C[Au],16268179675313085527,30.0,0.25131014891659326,-13.969563986816617
[Cu]OCP(=S)(CC1=CC=CC=C1)COCC(C(C)=C1(C))=C(C)C(C)=C1C[Au],16268179675313085527,35.0,0.19778593968928193,-13.716616971040628
[Cu]OCP(=S)(CC1=CC=CC=C1)COCC(C(C)=C1(C))=C(C)C(C)=C1C[Au],16268179675313085527,40.0,0.14597094998064541,-13.475713431590234
[Cu]OCP(=S)(CC1=CC=CC=C1)COCC(C(C)=C1(C))=C(C)C(C)=C1C[Au],16268179675313085527,45.0,0.09578459424053462,-13.246101500446251
[Cu]OCP(=S)(CC1=CC=CC=C1)COCC(C(C)=C1(C))=C(C)C(C)=C1C[Au],16268179675313085527,50.0,0.047151274419969004,-13.02708705785899
[Cu]OCP(=S)(CC1=CC=CC=C1)COCC(C(C)=C1(C))=C(C)C(C)=C1C[Au],16268179675313085527,55.0,0.0,-12.81802849145404
[Cu]OCP(=S)(CC1=CC=CC=C1)COCC(C(C)=C1(C))=C(C)C(C)=C1C[Au],16268179675313085527,60.0,-0.04573595776320889,-12.61833200190514
[Cu]OCP(=S)(CC1=CC=CC=C1)COCC(C(C)=C1(C))=C(C)C(C)=C1C[Au],16268179675313085527,65.0,-0.09011938091860444,-12.427447390992146
[Cu]OCP(=S)(CC1=CC=CC=C1)COCC(C(C)=C1(C))=C(C)C(C)=C1C[Au],16268179675313085527,70.0,-0.13320939235447793,-12.24486427621759
[Cu]OCP(=S)(CC1=CC=CC=C1)COCC(C(C)=C1(C))=C(C)C(C)=C1C[Au],16268179675313085527,75.0,-0.17506171855594457,-12.070108683319738
[Cu]OCP(=S)(CC1=CC=CC=C1)COCC(C(C)=C1(C))=C(C)C(C)=C1C[Au],16268179675313085527,80.0,-0.21572893004124377,-11.902739974177146
[Cu]OCP(=S)(CC1=CC=CC=C1)COCC(C(C)=C1(C))=C(C)C(C)=C1C[Au],1782258165715940344,30.0,0.25131014891659326,-14.762933972092608
[Cu]OCP(=S)(CC1=CC=CC=C1)COCC(C(C)=C1(C))=C(C)C(C)=C1C[Au],1782258165715940344,35.0,0.19778593968928193,-14.49628108822305
[Cu]OCP(=S)(CC1=CC=CC=C1)COCC(C(C)=C1(C))=C(C)C(C)=C1C[Au],1782258165715940344,40.0,0.14597094998064541,-14.212536974825355
[Cu]OCP(=S)(CC1=CC=CC=C1)COCC(C(C)=C1(C))=C(C)C(C)=C1C[Au],1782258165715940344,45.0,0.09578459424053462,-13.913695748499007
[Cu]OCP(=S)(CC1=CC=CC=C1)COCC(C(C)=C1(C))=C(C)C(C)=C1C[Au],1782258165715940344,50.0,0.047151274419969004,-13.601555701184655
[Cu]OCP(=S)(CC1=CC=CC=C1)COCC(C(C)=C1(C))=C(C)C(C)=C1C[Au],1782258165715940344,55.0,0.0,-13.277739651273032
[Cu]OCP(=S)(CC1=CC=CC=C1)COCC(C(C)=C1(C))=C(C)C(C)=C1C[Au],1782258165715940344,60.0,-0.04573595776320889,-12.943712980274265
[Cu]OCP(=S)(CC1=CC=CC=C1)COCC(C(C)=C1(C))=C(C)C(C)=C1C[Au],1782258165715940344,65.0,-0.09011938091860444,-12.600799643736499
[Cu]OCP(=S)(CC1=CC=CC=C1)COCC(C(C)=C1(C))=C(C)C(C)=C1C[Au],1782258165715940344,70.0,-0.13320939235447793,-12.250196405807051
[Cu]OCP(=S)(CC1=CC=CC=C1)COCC(C(C)=C1(C))=C(C)C(C)=C1C[Au],1782258165715940344,75.0,-0.17506171855594457,-11.89298551333194
[Cu]OCP(=S)(CC1=CC=CC=C1)COCC(C(C)=C1(C))=C(C)C(C)=C1C[Au],1782258165715940344,80.0,-0.21572893004124377,-11.530145996769066
[Cu]OCP(=S)(CC1=CC=CC=C1)COCC(C(C)=C1(C))=C(C)C(C)=C1C[Au],2719324682957278907,30.0,0.25131014891659326,-17.38925613738986
[Cu]OCP(=S)(CC1=CC=CC=C1)COCC(C(C)=C1(C))=C(C)C(C)=C1C[Au],2719324682957278907,35.0,0.19778593968928193,-17.306245982525496
[Cu]OCP(=S)(CC1=CC=CC=C1)COCC(C(C)=C1(C))=C(C)C(C)=C1C[Au],2719324682957278907,40.0,0.14597094998064541,-17.172067842291465
[Cu]OCP(=S)(CC1=CC=CC=C1)COCC(C(C)=C1(C))=C(C)C(C)=C1C[Au],2719324682957278907,45.0,0.09578459424053462,-16.99163171072263
[Cu]OCP(=S)(CC1=CC=CC=C1)COCC(C(C)=C1(C))=C(C)C(C)=C1C[Au],2719324682957278907,50.0,0.047151274419969004,-16.7693915151346
[Cu]OCP(=S)(CC1=CC=CC=C1)COCC(C(C)=C1(C))=C(C)C(C)=C1C[Au],2719324682957278907,55.0,0.0,-16.50939127880491
[Cu]OCP(=S)(CC1=CC=CC=C1)COCC(C(C)=C1(C))=C(C)C(C)=C1C[Au],2719324682957278907,60.0,-0.04573595776320889,-16.215306114026628
[Cu]OCP(=S)(CC1=CC=CC=C1)COCC(C(C)=C1(C))=C(C)C(C)=C1C[Au],2719324682957278907,65.0,-0.09011938091860444,-15.890478683882428
[Cu]OCP(=S)(CC1=CC=CC=C1)COCC(C(C)=C1(C))=C(C)C(C)=C1C[Au],2719324682957278907,70.0,-0.13320939235447793,-15.537951684814258
[Cu]OCP(=S)(CC1=CC=CC=C1)COCC(C(C)=C1(C))=C(C)C(C)=C1C[Au],2719324682957278907,75.0,-0.17506171855594457,-15.160496828453617
[Cu]OCP(=S)(CC1=CC=CC=C1)COCC(C(C)=C1(C))=C(C)C(C)=C1C[Au],2719324682957278907,80.0,-0.21572893004124377,-14.760640738225604
[Cu]OCP(=S)(CC1=CC=CC=C1)COCC(C(C)=C1(C))=C(C)C(C)=C1C[Au],2892972636020864833,30.0,0.25131014891659326,-12.598038655265743
[Cu]OCP(=S)(CC1=CC=CC=C1)COCC(C(C)=C1(C))=C(C)C(C)=C1C[Au],2892972636020864833,35.0,0.19778593968928193,-12.461048827609892
[Cu]OCP(=S)(CC1=CC=CC=C1)COCC(C(C)=C1(C))=C(C)C(C)=C1C[Au],2892972636020864833,40.0,0.14597094998064541,-12.273207521556348
[Cu]OCP(=S)(CC1=CC=CC=C1)COCC(C(C)=C1(C))=C(C)C(C)=C1C[Au],2892972636020864833,45.0,0.09578459424053462,-12.039475114633797
[Cu]OCP(=S)(CC1=CC=CC=C1)COCC(C(C)=C1(C))=C(C)C(C)=C1C[Au],2892972636020864833,50.0,0.047151274419969004,-11.76434882007698
[Cu]OCP(=S)(CC1=CC=CC=C1)COCC(C(C)=C1(C))=C(C)C(C)=C1C[Au],2892972636020864833,55.0,0.0,-11.451909688776835
[Cu]OCP(=S)(CC1=CC=CC=C1)COCC(C(C)=C1(C))=C(C)C(C)=C1C[Au],2892972636020864833,60.0,-0.04573595776320889,-11.10586433954713
[Cu]OCP(=S)(CC1=CC=CC=C1)COCC(C(C)=C1(C))=C(C)C(C)=C1C[Au],2892972636020864833,65.0,-0.09011938091860444,-10.729582069319163
[Cu]OCP(=S)(CC1=CC=CC=C1)COCC(C(C)=C1(C))=C(C)C(C)=C1C[Au],2892972636020864833,70.0,-0.13320939235447793,-10.326127906746933
[Cu]OCP(=S)(CC1=CC=CC=C1)COCC(C(C)=C1(C))=C(C)C(C)=C1C[Au],2892972636020864833,75.0,-0.17506171855594457,-9.898292097518176
[Cu]OCP(=S)(CC1=CC=CC=C1)COCC(C(C)=C1(C))=C(C)C(C)=C1C[Au],2892972636020864833,80.0,-0.21572893004124377,-9.448616445372448
[Cu]OCP(=S)(CC1=CC=CC=C1)COCC(C(C)=C1(C))=C(C)C(C)=C1C[Au],2974747203698742925,30.0,0.25131014891659326,-13.376796662930957
[Cu]OCP(=S)(CC1=CC=CC=C1)COCC(C(C)=C1(C))=C(C)C(C)=C1C[Au],2974747203698742925,35.0,0.19778593968928193,-13.06973871250466
[Cu]OCP(=S)(CC1=CC=CC=C1)COCC(C(C)=C1(C))=C(C)C(C)=C1C[Au],2974747203698742925,40.0,0.14597094998064541,-12.744068458155779
[Cu]OCP(=S)(CC1=CC=CC=C1)COCC(C(C)=C1(C))=C(C)C(C)=C1C[Au],2974747203698742925,45.0,0.09578459424053462,-12.401982196791256
[Cu]OCP(=S)(CC1=CC=CC=C1)COCC(C(C)=C1(C))=C(C)C(C)=C1C[Au],2974747203698742925,50.0,0.047151274419969004,-12.045459937901924
[Cu]OCP(=S)(CC1=CC=CC=C1)COCC(C(C)=C1(C))=C(C)C(C)=C1C[Au],2974747203698742925,55.0,0.0,-11.676287910034263
[Cu]OCP(=S)(CC1=CC=CC=C1)COCC(C(C)=C1(C))=C(C)C(C)=C1C[Au],2974747203698742925,60.0,-0.04573595776320889,-11.296078505832355
[Cu]OCP(=S)(CC1=CC=CC=C1)COCC(C(C)=C1(C))=C(C)C(C)=C1C[Au],2974747203698742925,65.0,-0.09011938091860444,-10.906287985298022
[Cu]OCP(=S)(CC1=CC=CC=C1)COCC(C(C)=C1(C))=C(C)C(C)=C1C[Au],2974747203698742925,70.0,-0.13320939235447793,-10.508232213392953
[Cu]OCP(=S)(CC1=CC=CC=C1)COCC(C(C)=C1(C))=C(C)C(C)=C1C[Au],2974747203698742925,75.0,-0.17506171855594457,-10.10310067100631
[Cu]OCP(=S)(CC1=CC=CC=C1)COCC(C(C)=C1(C))=C(C)C(C)=C1C[Au],2974747203698742925,80.0,-0.21572893004124377,-9.69196894661361
[Cu]OCP(=S)(CC1=CC=CC=C1)COCC(C(C)=C1(C))=C(C)C(C)=C1C[Au],2987437757203056891,30.0,0.25131014891659326,-6.974172711664604
[Cu]OCP(=S)(CC1=CC=CC=C1)COCC(C(C)=C1(C))=C(C)C(C)=C1C[Au],2987437757203056891,35.0,0.19778593968928193,-6.6805842218024365
[Cu]OCP(=S)(CC1=CC=CC=C1)COCC(C(C)=C1(C))=C(C)C(C)=C1C[Au],2987437757203056891,40.0,0.14597094998064541,-6.421215569891176
[Cu]OCP(=S)(CC1=CC=CC=C1)COCC(C(C)=C1(C))=C(C)C(C)=C1C[Au],2987437757203056891,45.0,0.09578459424053462,-6.19330042438021
[Cu]OCP(=S)(CC1=CC=CC=C1)COCC(C(C)=C1(C))=C(C)C(C)=C1C[Au],2987437757203056891,50.0,0.047151274419969004,-5.994313916915791
[Cu]OCP(=S)(CC1=CC=CC=C1)COCC(C(C)=C1(C))=C(C)C(C)=C1C[Au],2987437757203056891,55.0,0.0,-5.821948975909064
[Cu]OCP(=S)(CC1=CC=CC=C1)COCC(C(C)=C1(C))=C(C)C(C)=C1C[Au],2987437757203056891,60.0,-0.04573595776320889,-5.6740952587503175
[Cu]OCP(=S)(CC1=CC=CC=C1)COCC(C(C)=C1(C))=C(C)C(C)=C1C[Au],2987437757203056891,65.0,-0.09011938091860444,-5.548820366025957
[Cu]OCP(=S)(CC1=CC=CC=C1)COCC(C(C)=C1(C))=C(C)C(C)=C1C[Au],2987437757203056891,70.0,-0.13320939235447793,-5.444353063480906
[Cu]OCP(=S)(CC1=CC=CC=C1)COCC(C(C)=C1(C))=C(C)C(C)=C1C[Au],2987437757203056891,75.0,-0.17506171855594457,-5.359068273679181
[Cu]OCP(=S)(CC1=CC=CC=C1)COCC(C(C)=C1(C))=C(C)C(C)=C1C[Au],2987437757203056891,80.0,-0.21572893004124377,-5.2914736303209775
[Cu]OS(=O)OCCCC[Au],16088146964916149578,0.0,0.4676343131236691,-13.455563188639447
[Cu]OS(=O)OCCCC[Au],16088146964916149578,5.0,0.4018246397663634,-12.939920793882434
[Cu]OS(=O)OCCCC[Au],16088146964916149578,10.0,0.33833916465582803,-12.463071387739568
[Cu]OS(=O)OCCCC[Au],16088146964916149578,15.0,0.27705689881513595,-12.021942720919148
[Cu]OS(=O)OCCCC[Au],16088146964916149578,20.0,0.21786510767479164,-11.613742750506201
[Cu]OS(=O)OCCCC[Au],16088146964916149578,25.0,0.16065861893727615,-11.235930323663881
[Cu]OS(=O)OCCCC[Au],16088146964916149578,30.0,0.10533919893594787,-10.88618932904102
[Cu]OS(=O)OCCCC[Au],16088146964916149578,35.0,0.051814989708636516,-10.562405858716229
[Cu]OS(=O)OCCCC[Au],16088146964916149578,40.0,0.0,-10.262647989862073
[Cu]OS(=O)OCCCC[Au],16088146964916149578,45.0,-0.05018635574011079,-9.985147851173247
[Cu]OS(=O)OCCCC[Au],16088146964916149578,50.0,-0.0988196755606764,-9.728285686262177
[Cu]OS(=O)OCCCC[Au],16088146964916149578,55.0,-0.14597094998064541,-9.49057566614858
[Cu]OS(=O)OCCCC[Au],16088146964916149578,60.0,-0.1917069077438543,-9.270653236855614
[Cu]OS(=O)OCCCC[Au],16088146964916149578,65.0,-0.23609033089924983,-9.067263816961352
[Cu]OS(=O)OCCCC[Au],16088146964916149578,70.0,-0.27918034233512334,-8.87925268455324
[Cu]OS(=O)OCCCC[Au],16088146964916149578,75.0,-0.32103266853658996,-8.70555591406865
[Cu]OS(=O)OCCCC[Au],16088146964916149578,80.0,-0.3616998800218892,-8.545192241534192
[Cu]OS(=O)OCCCC[Au],16180539397819125458,0.0,0.4676343131236691,-15.760744442454104
[Cu]OS(=O)OCCCC[Au],16180539397819125458,5.0,0.4018246397663634,-15.112493675492718
[Cu]OS(=O)OCCCC[Au],16180539397819125458,10.0,0.33833916465582803,-14.505718399453794
[Cu]OS(=O)OCCCC[Au],16180539397819125458,15.0,0.27705689881513595,-13.937309072116035
[Cu]OS(=O)OCCCC[Au],16180539397819125458,20.0,0.21786510767479164,-13.404432038384407
[Cu]OS(=O)OCCCC[Au],16180539397819125458,25.0,0.16065861893727615,-12.904501142021767
[Cu]OS(=O)OCCCC[Au],16180539397819125458,30.0,0.10533919893594787,-12.435152658173617
[Cu]OS(=O)OCCCC[Au],16180539397819125458,35.0,0.051814989708636516,-11.994223112356734
[Cu]OS(=O)OCCCC[Au],16180539397819125458,40.0,0.0,-11.579729614244698
[Cu]OS(=O)OCCCC[Au],16180539397819125458,45.0,-0.05018635574011079,-11.189852387382373
[Cu]OS(=O)OCCCC[Au],16180539397819125458,50.0,-0.0988196755606764,-10.82291922057555
[Cu]OS(=O)OCCCC[Au],16180539397819125458,55.0,-0.14597094998064541,-10.477391604503614
[Cu]OS(=O)OCCCC[Au],16180539397819125458,60.0,-0.1917069077438543,-10.151852349216874
[Cu]OS(=O)OCCCC[Au],16180539397819125458,65.0,-0.23609033089924983,-9.844994505532338
[Cu]OS(=O)OCCCC[Au],16180539397819125458,70.0,-0.27918034233512334,-9.55561143669572
[Cu]OS(=O)OCCCC[Au],16180539397819125458,75.0,-0.32103266853658996,-9.282587906666123
[Cu]OS(=O)OCCCC[Au],16180539397819125458,80.0,-0.3616998800218892,-9.02489206852759
[Cu]OS(=O)OCCCC[Au],18120274461732126776,0.0,0.4676343131236691,-12.299777856138604
[Cu]OS(=O)OCCCC[Au],18120274461732126776,5.0,0.4018246397663634,-11.871832475711878
[Cu]OS(=O)OCCCC[Au],18120274461732126776,10.0,0.33833916465582803,-11.466427935931847
[Cu]OS(=O)OCCCC[Au],18120274461732126776,15.0,0.27705689881513595,-11.082010927505667
[Cu]OS(=O)OCCCC[Au],18120274461732126776,20.0,0.21786510767479164,-10.717159592457534
[Cu]OS(=O)OCCCC[Au],18120274461732126776,25.0,0.16065861893727615,-10.370570401397938
[Cu]OS(=O)OCCCC[Au],18120274461732126776,30.0,0.10533919893594787,-10.041046533867677
[Cu]OS(=O)OCCCC[Au],18120274461732126776,35.0,0.051814989708636516,-9.72748756819234
[Cu]OS(=O)OCCCC[Au],18120274461732126776,40.0,0.0,-9.428880314879155
[Cu]OS(=O)OCCCC[Au],18120274461732126776,45.0,-0.05018635574011079,-9.144290650881118
[Cu]OS(=O)OCCCC[Au],18120274461732126776,50.0,-0.0988196755606764,-8.872856231770095
[Cu]OS(=O)OCCCC[Au],18120274461732126776,55.0,-0.14597094998064541,-8.613779975595934
[Cu]OS(=O)OCCCC[Au],18120274461732126776,60.0,-0.1917069077438543,-8.366324226450804
[Cu]OS(=O)OCCCC[Au],18120274461732126776,65.0,-0.23609033089924983,-8.129805517909952
[Cu]OS(=O)OCCCC[Au],18120274461732126776,70.0,-0.27918034233512334,-7.903589866913925
[Cu]OS(=O)OCCCC[Au],18120274461732126776,75.0,-0.32103266853658996,-7.6870885375691405
[Cu]OS(=O)OCCCC[Au],18120274461732126776,80.0,-0.3616998800218892,-7.4797542220026285
[Cu]OS(=O)OCCCC[Au],1837346962499607135,0.0,0.4676343131236691,-11.450687208973847
[Cu]OS(=O)OCCCC[Au],1837346962499607135,5.0,0.4018246397663634,-10.969242456159993
[Cu]OS(=O)OCCCC[Au],1837346962499607135,10.0,0.33833916465582803,-10.521369129634493
[Cu]OS(=O)OCCCC[Au],1837346962499607135,15.0,0.27705689881513595,-10.104472112834426
[Cu]OS(=O)OCCCC[Au],1837346962499607135,20.0,0.21786510767479164,-9.716190174664138
[Cu]OS(=O)OCCCC[Au],1837346962499607135,25.0,0.16065861893727615,-9.354371672381028
[Cu]OS(=O)OCCCC[Au],1837346962499607135,30.0,0.10533919893594787,-9.017053115001097
[Cu]OS(=O)OCCCC[Au],1837346962499607135,35.0,0.051814989708636516,-8.702440211364662
[Cu]OS(=O)OCCCC[Au],1837346962499607135,40.0,0.0,-8.40889108141807
[Cu]OS(=O)OCCCC[Au],1837346962499607135,45.0,-0.05018635574011079,-8.134901355094296
[Cu]OS(=O)OCCCC[Au],1837346962499607135,50.0,-0.0988196755606764,-7.879090921878561
[Cu]OS(=O)OCCCC[Au],1837346962499607135,55.0,-0.14597094998064541,-7.640192126921531
[Cu]OS(=O)OCCCC[Au],1837346962499607135,60.0,-0.1917069077438543,-7.417039237393201
[Cu]OS(=O)OCCCC[Au],1837346962499607135,65.0,-0.23609033089924983,-7.208559026462207
[Cu]OS(=O)OCCCC[Au],1837346962499607135,70.0,-0.27918034233512334,-7.013762342503476
[Cu]OS(=O)OCCCC[Au],1837346962499607135,75.0,-0.32103266853658996,-6.831736548432742
[Cu]OS(=O)OCCCC[Au],1837346962499607135,80.0,-0.3616998800218892,-6.661638730896284
[Cu]OS(=O)OCCCC[Au],352626559138270771,0.0,0.4676343131236691,-13.333777744708119
[Cu]OS(=O)OCCCC[Au],352626559138270771,5.0,0.4018246397663634,-12.802673059155607
[Cu]OS(=O)OCCCC[Au],352626559138270771,10.0,0.33833916465582803,-12.312299005537401
[Cu]OS(=O)OCCCC[Au],352626559138270771,15.0,0.27705689881513595,-11.859411285686429
[Cu]OS(=O)OCCCC[Au],352626559138270771,20.0,0.21786510767479164,-11.44106231930924
[Cu]OS(=O)OCCCC[Au],352626559138270771,25.0,0.16065861893727615,-11.054570149639481
[Cu]OS(=O)OCCCC[Au],352626559138270771,30.0,0.10533919893594787,-10.697491031058696
[Cu]OS(=O)OCCCC[Au],352626559138270771,35.0,0.051814989708636516,-10.367595212898781
[Cu]OS(=O)OCCCC[Au],352626559138270771,40.0,0.0,-10.06284550418692
[Cu]OS(=O)OCCCC[Au],352626559138270771,45.0,-0.05018635574011079,-9.781378263479253
[Cu]OS(=O)OCCCC[Au],352626559138270771,50.0,-0.0988196755606764,-9.521486508061221
[Cu]OS(=O)OCCCC[Au],352626559138270771,55.0,-0.14597094998064541,-9.281604879227869
[Cu]OS(=O)OCCCC[Au],352626559138270771,60.0,-0.1917069077438543,-9.06029623637317
[Cu]OS(=O)OCCCC[Au],352626559138270771,65.0,-0.23609033089924983,-8.856239683262846
[Cu]OS(=O)OCCCC[Au],352626559138270771,70.0,-0.27918034233512334,-8.668219856005795
[Cu]OS(=O)OCCCC[Au],352626559138270771,75.0,-0.32103266853658996,-8.495117324590716
[Cu]OS(=O)OCCCC[Au],352626559138270771,80.0,-0.3616998800218892,-8.335899979010712
[Cu]OS(=O)OCCCC[Au],445481217604740079,0.0,0.4676343131236691,-14.233333777502004
[Cu]OS(=O)OCCCC[Au],445481217604740079,5.0,0.4018246397663634,-13.645174911113862
[Cu]OS(=O)OCCCC[Au],445481217604740079,10.0,0.33833916465582803,-13.100781832408334
[Cu]OS(=O)OCCCC[Au],445481217604740079,15.0,0.27705689881513595,-12.596700059534655
[Cu]OS(=O)OCCCC[Au],445481217604740079,20.0,0.21786510767479164,-12.129789667748659
[Cu]OS(=O)OCCCC[Au],445481217604740079,25.0,0.16065861893727615,-11.697192410720298
[Cu]OS(=O)OCCCC[Au],445481217604740079,30.0,0.10533919893594787,-11.296302728470142
[Cu]OS(=O)OCCCC[Au],445481217604740079,35.0,0.051814989708636516,-10.924742129765812
[Cu]OS(=O)OCCCC[Au],445481217604740079,40.0,0.0,-10.580336511120153
[Cu]OS(=O)OCCCC[Au],445481217604740079,45.0,-0.05018635574011079,-10.261096037095605
[Cu]OS(=O)OCCCC[Au],445481217604740079,50.0,-0.0988196755606764,-9.965197259439785
[Cu]OS(=O)OCCCC[Au],445481217604740079,55.0,-0.14597094998064541,-9.690967197294835
[Cu]OS(=O)OCCCC[Au],445481217604740079,60.0,-0.1917069077438543,-9.436869138680674
[Cu]OS(=O)OCCCC[Au],445481217604740079,65.0,-0.23609033089924983,-9.201489955754504
[Cu]OS(=O)OCCCC[Au],445481217604740079,70.0,-0.27918034233512334,-8.983528753906288
[Cu]OS(=O)OCCCC[Au],445481217604740079,75.0,-0.32103266853658996,-8.781786698316205
[Cu]OS(=O)OCCCC[Au],445481217604740079,80.0,-0.3616998800218892,-8.59515788179993
[Cu]OS(=O)OCCCC[Au],4674194724453749075,0.0,0.4676343131236691,-13.781546680032337
[Cu]OS(=O)OCCCC[Au],4674194724453749075,5.0,0.4018246397663634,-13.216793100102844
[Cu]OS(=O)OCCCC[Au],4674194724453749075,10.0,0.33833916465582803,-12.690677733528824
[Cu]OS(=O)OCCCC[Au],4674194724453749075,15.0,0.27705689881513595,-12.200233027876584
[Cu]OS(=O)OCCCC[Au],4674194724453749075,20.0,0.21786510767479164,-11.74275801345616
[Cu]OS(=O)OCCCC[Au],4674194724453749075,25.0,0.16065861893727615,-11.315790663670109
[Cu]OS(=O)OCCCC[Au],4674194724453749075,30.0,0.10533919893594787,-10.917083505143175
[Cu]OS(=O)OCCCC[Au],4674194724453749075,35.0,0.051814989708636516,-10.544582051026065
[Cu]OS(=O)OCCCC[Au],4674194724453749075,40.0,0.0,-10.196405692585454
[Cu]OS(=O)OCCCC[Au],4674194724453749075,45.0,-0.05018635574011079,-9.870830736175584
[Cu]OS(=O)OCCCC[Au],4674194724453749075,50.0,-0.0988196755606764,-9.566275316593694
[Cu]OS(=O)OCCCC[Au],4674194724453749075,55.0,-0.14597094998064541,-9.281285955008743
[Cu]OS(=O)OCCCC[Au],4674194724453749075,60.0,-0.1917069077438543,-9.014525561231718
[Cu]OS(=O)OCCCC[Au],4674194724453749075,65.0,-0.23609033089924983,-8.764762706981315
[Cu]OS(=O)OCCCC[Au],4674194724453749075,70.0,-0.27918034233512334,-8.530862019744822
[Cu]OS(=O)OCCCC[Au],4674194724453749075,75.0,-0.32103266853658996,-8.311775566465332
[Cu]OS(=O)OCCCC[Au],4674194724453749075,80.0,-0.3616998800218892,-8.106535113120767
[Cu]OS(=O)OCCCC[Au],6820853345387366669,0.0,0.4676343131236691,-14.293710533817936
[Cu]OS(=O)OCCCC[Au],6820853345387366669,5.0,0.4018246397663634,-13.643147039301027
[Cu]OS(=O)OCCCC[Au],6820853345387366669,10.0,0.33833916465582803,-13.040412679790297
[Cu]OS(=O)OCCCC[Au],6820853345387366669,15.0,0.27705689881513595,-12.481746336904614
[Cu]OS(=O)OCCCC[Au],6820853345387366669,20.0,0.21786510767479164,-11.963728747904666
[Cu]OS(=O)OCCCC[Au],6820853345387366669,25.0,0.16065861893727615,-11.4832468121428
[Cu]OS(=O)OCCCC[Au],6820853345387366669,30.0,0.10533919893594787,-11.037462113884438
[Cu]OS(=O)OCCCC[Au],6820853345387366669,35.0,0.051814989708636516,-10.623783106160502
[Cu]OS(=O)OCCCC[Au],6820853345387366669,40.0,0.0,-10.239840480854594
[Cu]OS(=O)OCCCC[Au],6820853345387366669,45.0,-0.05018635574011079,-9.883465318042788
[Cu]OS(=O)OCCCC[Au],6820853345387366669,50.0,-0.0988196755606764,-9.552669664861497
[Cu]OS(=O)OCCCC[Au],6820853345387366669,55.0,-0.14597094998064541,-9.245629242655466
[Cu]OS(=O)OCCCC[Au],6820853345387366669,60.0,-0.1917069077438543,-8.960668022308523
[Cu]OS(=O)OCCCC[Au],6820853345387366669,65.0,-0.23609033089924983,-8.696244442681316
[Cu]OS(=O)OCCCC[Au],6820853345387366669,70.0,-0.27918034233512334,-8.450939076959106
[Cu]OS(=O)OCCCC[Au],6820853345387366669,75.0,-0.32103266853658996,-8.22344357726579
[Cu]OS(=O)OCCCC[Au],6820853345387366669,80.0,-0.3616998800218892,-8.012550749804388
[Cu]OS(=O)OCCCC[Au],9204336249946964762,0.0,0.4676343131236691,-16.852977813792037
[Cu]OS(=O)OCCCC[Au],9204336249946964762,5.0,0.4018246397663634,-16.06684077897693
[Cu]OS(=O)OCCCC[Au],9204336249946964762,10.0,0.33833916465582803,-15.343773968097976
[Cu]OS(=O)OCCCC[Au],9204336249946964762,15.0,0.27705689881513595,-14.678688165466813
[Cu]OS(=O)OCCCC[Au],9204336249946964762,20.0,0.21786510767479164,-14.066962477429907
[Cu]OS(=O)OCCCC[Au],9204336249946964762,25.0,0.16065861893727615,-13.504395078301005
[Cu]OS(=O)OCCCC[Au],9204336249946964762,30.0,0.10533919893594787,-12.987159802355102
[Cu]OS(=O)OCCCC[Au],9204336249946964762,35.0,0.051814989708636516,-12.511767809291193
[Cu]OS(=O)OCCCC[Au],9204336249946964762,40.0,0.0,-12.07503366290706
[Cu]OS(=O)OCCCC[Au],9204336249946964762,45.0,-0.05018635574011079,-11.674045257275855
[Cu]OS(=O)OCCCC[Au],9204336249946964762,50.0,-0.0988196755606764,-11.306137104513423
[Cu]OS(=O)OCCCC[Au],9204336249946964762,55.0,-0.14597094998064541,-10.968866565761447
[Cu]OS(=O)OCCCC[Au],9204336249946964762,60.0,-0.1917069077438543,-10.659992664320086
[Cu]OS(=O)OCCCC[Au],9204336249946964762,65.0,-0.23609033089924983,-10.37745716861836
[Cu]OS(=O)OCCCC[Au],9204336249946964762,70.0,-0.27918034233512334,-10.119367674290308
[Cu]OS(=O)OCCCC[Au],9204336249946964762,75.0,-0.32103266853658996,-9.883982450171253
[Cu]OS(=O)OCCCC[Au],9204336249946964762,80.0,-0.3616998800218892,-9.669696843487468
[Cu]P(OCCOCCOC)(OCCOCCOC)=N[Au],11871549366578440926,25.0,0.28323492078524387,-10.57921855186261
[Cu]P(OCCOCCOC)(OCCOCCOC)=N[Au],11871549366578440926,30.0,0.22791550078391562,-10.402252170499523
[Cu]P(OCCOCCOC)(OCCOCCOC)=N[Au],11871549366578440926,35.0,0.17439129155660424,-10.235525802692903
[Cu]P(OCCOCCOC)(OCCOCCOC)=N[Au],11871549366578440926,40.0,0.12257630184796774,-10.078336972446941
[Cu]P(OCCOCCOC)(OCCOCCOC)=N[Au],11871549366578440926,45.0,0.07238994610785696,-9.930040479906252
[Cu]P(OCCOCCOC)(OCCOCCOC)=N[Au],11871549366578440926,50.0,0.023756626287291336,-9.790042971270015
[Cu]P(OCCOCCOC)(OCCOCCOC)=N[Au],11871549366578440926,55.0,-0.023394648132677668,-9.657798095072438
[Cu]P(OCCOCCOC)(OCCOCCOC)=N[Au],11871549366578440926,60.0,-0.06913060589588656,-9.53280217392013
[Cu]P(OCCOCCOC)(OCCOCCOC)=N[Au],11871549366578440926,65.0,-0.1135140290512821,-9.414590330249682
[Cu]P(OCCOCCOC)(OCCOCCOC)=N[Au],11871549366578440926,70.0,-0.1566040404871556,-9.302733012758841
[Cu]P(OCCOCCOC)(OCCOCCOC)=N[Au],11871549366578440926,75.0,-0.19845636668862224,-9.19683287709087
[Cu]P(OCCOCCOC)(OCCOCCOC)=N[Au],11871549366578440926,80.0,-0.23912357817392144,-9.096521980295222
[Cu]P(OCCOCCOC)(OCCOCCOC)=N[Au],12907666262611709047,25.0,0.28323492078524387,-10.733166063523738
[Cu]P(OCCOCCOC)(OCCOCCOC)=N[Au],12907666262611709047,30.0,0.22791550078391562,-10.523027484851244
[Cu]P(OCCOCCOC)(OCCOCCOC)=N[Au],12907666262611709047,35.0,0.17439129155660424,-10.325429134202752
[Cu]P(OCCOCCOC)(OCCOCCOC)=N[Au],12907666262611709047,40.0,0.12257630184796774,-10.139500673777864
[Cu]P(OCCOCCOC)(OCCOCCOC)=N[Au],12907666262611709047,45.0,0.07238994610785696,-9.964443163305258
[Cu]P(OCCOCCOC)(OCCOCCOC)=N[Au],12907666262611709047,50.0,0.023756626287291336,-9.79952226563793
[Cu]P(OCCOCCOC)(OCCOCCOC)=N[Au],12907666262611709047,55.0,-0.023394648132677668,-9.644062187916278
[Cu]P(OCCOCCOC)(OCCOCCOC)=N[Au],12907666262611709047,60.0,-0.06913060589588656,-9.49744026918239
[Cu]P(OCCOCCOC)(OCCOCCOC)=N[Au],12907666262611709047,65.0,-0.1135140290512821,-9.359082137250367
[Cu]P(OCCOCCOC)(OCCOCCOC)=N[Au],12907666262611709047,70.0,-0.1566040404871556,-9.228457367817272
[Cu]P(OCCOCCOC)(OCCOCCOC)=N[Au],12907666262611709047,75.0,-0.19845636668862224,-9.105075587512864
[Cu]P(OCCOCCOC)(OCCOCCOC)=N[Au],12907666262611709047,80.0,-0.23912357817392144,-8.988482970062071
[Cu]P(OCCOCCOC)(OCCOCCOC)=N[Au],12947269857772096760,25.0,0.28323492078524387,-9.553402375719042
[Cu]P(OCCOCCOC)(OCCOCCOC)=N[Au],12947269857772096760,30.0,0.22791550078391562,-9.310961790682988
[Cu]P(OCCOCCOC)(OCCOCCOC)=N[Au],12947269857772096760,35.0,0.17439129155660424,-9.083867510696038
[Cu]P(OCCOCCOC)(OCCOCCOC)=N[Au],12947269857772096760,40.0,0.12257630184796774,-8.871031929969675
[Cu]P(OCCOCCOC)(OCCOCCOC)=N[Au],12947269857772096760,45.0,0.07238994610785696,-8.671457625201567
[Cu]P(OCCOCCOC)(OCCOCCOC)=N[Au],12947269857772096760,50.0,0.023756626287291336,-8.484228717415673
[Cu]P(OCCOCCOC)(OCCOCCOC)=N[Au],12947269857772096760,55.0,-0.023394648132677668,-8.308503173084167
[Cu]P(OCCOCCOC)(OCCOCCOC)=N[Au],12947269857772096760,60.0,-0.06913060589588656,-8.14350593037493
[Cu]P(OCCOCCOC)(OCCOCCOC)=N[Au],12947269857772096760,65.0,-0.1135140290512821,-7.98852275167573
[Cu]P(OCCOCCOC)(OCCOCCOC)=N[Au],12947269857772096760,70.0,-0.1566040404871556,-7.842894716613153
[Cu]P(OCCOCCOC)(OCCOCCOC)=N[Au],12947269857772096760,75.0,-0.19845636668862224,-7.706013280965487
[Cu]P(OCCOCCOC)(OCCOCCOC)=N[Au],12947269857772096760,80.0,-0.23912357817392144,-7.577315836458763
[Cu]P(OCCOCCOC)(OCCOCCOC)=N[Au],14235175672808963085,25.0,0.28323492078524387,-11.572414590985725
[Cu]P(OCCOCCOC)(OCCOCCOC)=N[Au],14235175672808963085,30.0,0.22791550078391562,-11.404662682672996
[Cu]P(OCCOCCOC)(OCCOCCOC)=N[Au],14235175672808963085,35.0,0.17439129155660424,-11.2502548486712
[Cu]P(OCCOCCOC)(OCCOCCOC)=N[Au],14235175672808963085,40.0,0.12257630184796774,-11.108179520981299
[Cu]P(OCCOCCOC)(OCCOCCOC)=N[Au],14235175672808963085,45.0,0.07238994610785696,-10.977511763547461
[Cu]P(OCCOCCOC)(OCCOCCOC)=N[Au],14235175672808963085,50.0,0.023756626287291336,-10.857404815136386
[Cu]P(OCCOCCOC)(OCCOCCOC)=N[Au],14235175672808963085,55.0,-0.023394648132677668,-10.747082563378084
[Cu]P(OCCOCCOC)(OCCOCCOC)=N[Au],14235175672808963085,60.0,-0.06913060589588656,-10.645832835792591
[Cu]P(OCCOCCOC)(OCCOCCOC)=N[Au],14235175672808963085,65.0,-0.1135140290512821,-10.553001409038393
[Cu]P(OCCOCCOC)(OCCOCCOC)=N[Au],14235175672808963085,70.0,-0.1566040404871556,-10.467986650762462
[Cu]P(OCCOCCOC)(OCCOCCOC)=N[Au],14235175672808963085,75.0,-0.19845636668862224,-10.390234719669055
[Cu]P(OCCOCCOC)(OCCOCCOC)=N[Au],14235175672808963085,80.0,-0.23912357817392144,-10.319235259054022
[Cu]P(OCCOCCOC)(OCCOCCOC)=N[Au],1580457553146156157,25.0,0.28323492078524387,-14.331330615106678
[Cu]P(OCCOCCOC)(OCCOCCOC)=N[Au],1580457553146156157,30.0,0.22791550078391562,-13.684683974878542
[Cu]P(OCCOCCOC)(OCCOCCOC)=N[Au],1580457553146156157,35.0,0.17439129155660424,-13.094355135792988
[Cu]P(OCCOCCOC)(OCCOCCOC)=N[Au],1580457553146156157,40.0,0.12257630184796774,-12.555981014017647
[Cu]P(OCCOCCOC)(OCCOCCOC)=N[Au],1580457553146156157,45.0,0.07238994610785696,-12.065575854054797
[Cu]P(OCCOCCOC)(OCCOCCOC)=N[Au],1580457553146156157,50.0,0.023756626287291336,-11.619494188373237
[Cu]P(OCCOCCOC)(OCCOCCOC)=N[Au],1580457553146156157,55.0,-0.023394648132677668,-11.21439788995984
[Cu]P(OCCOCCOC)(OCCOCCOC)=N[Au],1580457553146156157,60.0,-0.06913060589588656,-10.847226814674867
[Cu]P(OCCOCCOC)(OCCOCCOC)=N[Au],1580457553146156157,65.0,-0.1135140290512821,-10.515172598331024
[Cu]P(OCCOCCOC)(OCCOCCOC)=N[Au],1580457553146156157,70.0,-0.1566040404871556,-10.215655231428627
[Cu]P(OCCOCCOC)(OCCOCCOC)=N[Au],1580457553146156157,75.0,-0.19845636668862224,-9.946302084063749
[Cu]P(OCCOCCOC)(OCCOCCOC)=N[Au],1580457553146156157,80.0,-0.23912357817392144,-9.704929096005827
[Cu]P(OCCOCCOC)(OCCOCCOC)=N[Au],1981954987971215758,25.0,0.28323492078524387,-10.296051650984168
[Cu]P(OCCOCCOC)(OCCOCCOC)=N[Au],1981954987971215758,30.0,0.22791550078391562,-10.071772468676926
[Cu]P(OCCOCCOC)(OCCOCCOC)=N[Au],1981954987971215758,35.0,0.17439129155660424,-9.861331822244548
[Cu]P(OCCOCCOC)(OCCOCCOC)=N[Au],1981954987971215758,40.0,0.12257630184796774,-9.6637576178996
[Cu]P(OCCOCCOC)(OCCOCCOC)=N[Au],1981954987971215758,45.0,0.07238994610785696,-9.478158004314023
[Cu]P(OCCOCCOC)(OCCOCCOC)=N[Au],1981954987971215758,50.0,0.023756626287291336,-9.303713707469356
[Cu]P(OCCOCCOC)(OCCOCCOC)=N[Au],1981954987971215758,55.0,-0.023394648132677668,-9.139671197467418
[Cu]P(OCCOCCOC)(OCCOCCOC)=N[Au],1981954987971215758,60.0,-0.06913060589588656,-8.985336586320784
[Cu]P(OCCOCCOC)(OCCOCCOC)=N[Au],1981954987971215758,65.0,-0.1135140290512821,-8.840070169269756
[Cu]P(OCCOCCOC)(OCCOCCOC)=N[Au],1981954987971215758,70.0,-0.1566040404871556,-8.703281533721382
[Cu]P(OCCOCCOC)(OCCOCCOC)=N[Au],1981954987971215758,75.0,-0.19845636668862224,-8.574425169789714
[Cu]P(OCCOCCOC)(OCCOCCOC)=N[Au],1981954987971215758,80.0,-0.23912357817392144,-8.452996524894527
[Cu]P(OCCOCCOC)(OCCOCCOC)=N[Au],2426865805051017093,25.0,0.28323492078524387,-11.24815646136258
[Cu]P(OCCOCCOC)(OCCOCCOC)=N[Au],2426865805051017093,30.0,0.22791550078391562,-11.038003516245835
[Cu]P(OCCOCCOC)(OCCOCCOC)=N[Au],2426865805051017093,35.0,0.17439129155660424,-10.841133582080674
[Cu]P(OCCOCCOC)(OCCOCCOC)=N[Au],2426865805051017093,40.0,0.12257630184796774,-10.656605751983605
[Cu]P(OCCOCCOC)(OCCOCCOC)=N[Au],2426865805051017093,45.0,0.07238994610785696,-10.483557117807251
[Cu]P(OCCOCCOC)(OCCOCCOC)=N[Au],2426865805051017093,50.0,0.023756626287291336,-10.321195300143664
[Cu]P(OCCOCCOC)(OCCOCCOC)=N[Au],2426865805051017093,55.0,-0.023394648132677668,-10.16879179050489
[Cu]P(OCCOCCOC)(OCCOCCOC)=N[Au],2426865805051017093,60.0,-0.06913060589588656,-10.025676006979452
[Cu]P(OCCOCCOC)(OCCOCCOC)=N[Au],2426865805051017093,65.0,-0.1135140290512821,-9.89122997789776
[Cu]P(OCCOCCOC)(OCCOCCOC)=N[Au],2426865805051017093,70.0,-0.1566040404871556,-9.764883579336706
[Cu]P(OCCOCCOC)(OCCOCCOC)=N[Au],2426865805051017093,75.0,-0.19845636668862224,-9.646110261960816
[Cu]P(OCCOCCOC)(OCCOCCOC)=N[Au],2426865805051017093,80.0,-0.23912357817392144,-9.534423210988614
[Cu]P(OCCOCCOC)(OCCOCCOC)=N[Au],2920528926937999056,25.0,0.28323492078524387,-9.43732206821328
[Cu]P(OCCOCCOC)(OCCOCCOC)=N[Au],2920528926937999056,30.0,0.22791550078391562,-9.178646445457106
[Cu]P(OCCOCCOC)(OCCOCCOC)=N[Au],2920528926937999056,35.0,0.17439129155660424,-8.93657920450817
[Cu]P(OCCOCCOC)(OCCOCCOC)=N[Au],2920528926937999056,40.0,0.12257630184796774,-8.709937630555592
[Cu]P(OCCOCCOC)(OCCOCCOC)=N[Au],2920528926937999056,45.0,0.07238994610785696,-8.497637314453689
[Cu]P(OCCOCCOC)(OCCOCCOC)=N[Au],2920528926937999056,50.0,0.023756626287291336,-8.29868272280124
[Cu]P(OCCOCCOC)(OCCOCCOC)=N[Au],2920528926937999056,55.0,-0.023394648132677668,-8.112158794390433
[Cu]P(OCCOCCOC)(OCCOCCOC)=N[Au],2920528926937999056,60.0,-0.06913060589588656,-7.937223438198373
[Cu]P(OCCOCCOC)(OCCOCCOC)=N[Au],2920528926937999056,65.0,-0.1135140290512821,-7.773100824841116
[Cu]P(OCCOCCOC)(OCCOCCOC)=N[Au],2920528926937999056,70.0,-0.1566040404871556,-7.619075377704858
[Cu]P(OCCOCCOC)(OCCOCCOC)=N[Au],2920528926937999056,75.0,-0.19845636668862224,-7.474486382200025
[Cu]P(OCCOCCOC)(OCCOCCOC)=N[Au],2920528926937999056,80.0,-0.23912357817392144,-7.338723142073596
[Cu]P(OCCOCCOC)(OCCOCCOC)=N[Au],3291339790847918545,25.0,0.28323492078524387,-11.375735489903255
[Cu]P(OCCOCCOC)(OCCOCCOC)=N[Au],3291339790847918545,30.0,0.22791550078391562,-10.970332501510306
[Cu]P(OCCOCCOC)(OCCOCCOC)=N[Au],3291339790847918545,35.0,0.17439129155660424,-10.599608629226694
[Cu]P(OCCOCCOC)(OCCOCCOC)=N[Au],3291339790847918545,40.0,0.12257630184796774,-10.26088822799073
[Cu]P(OCCOCCOC)(OCCOCCOC)=N[Au],3291339790847918545,45.0,0.07238994610785696,-9.951726625800429
[Cu]P(OCCOCCOC)(OCCOCCOC)=N[Au],3291339790847918545,50.0,0.023756626287291336,-9.66988747365696
[Cu]P(OCCOCCOC)(OCCOCCOC)=N[Au],3291339790847918545,55.0,-0.023394648132677668,-9.41332259665598
[Cu]P(OCCOCCOC)(OCCOCCOC)=N[Au],3291339790847918545,60.0,-0.06913060589588656,-9.18015403891901
[Cu]P(OCCOCCOC)(OCCOCCOC)=N[Au],3291339790847918545,65.0,-0.1135140290512821,-8.968658036599896
[Cu]P(OCCOCCOC)(OCCOCCOC)=N[Au],3291339790847918545,70.0,-0.1566040404871556,-8.777250688625328
[Cu]P(OCCOCCOC)(OCCOCCOC)=N[Au],3291339790847918545,75.0,-0.19845636668862224,-8.604475125107589
[Cu]P(OCCOCCOC)(OCCOCCOC)=N[Au],3291339790847918545,80.0,-0.23912357817392144,-8.4489899993093
[Cu]P(OCCOCCOC)(OCCOCCOC)=N[Au],5517778301643491536,25.0,0.28323492078524387,-10.469562039956738
[Cu]P(OCCOCCOC)(OCCOCCOC)=N[Au],5517778301643491536,30.0,0.22791550078391562,-10.282156300550476
[Cu]P(OCCOCCOC)(OCCOCCOC)=N[Au],5517778301643491536,35.0,0.17439129155660424,-10.104600928436179
[Cu]P(OCCOCCOC)(OCCOCCOC)=N[Au],5517778301643491536,40.0,0.12257630184796774,-9.936246446365534
[Cu]P(OCCOCCOC)(OCCOCCOC)=N[Au],5517778301643491536,45.0,0.07238994610785696,-9.776495197081104
[Cu]P(OCCOCCOC)(OCCOCCOC)=N[Au],5517778301643491536,50.0,0.023756626287291336,-9.624796497150076
[Cu]P(OCCOCCOC)(OCCOCCOC)=N[Au],5517778301643491536,55.0,-0.023394648132677668,-9.48064230921366
[Cu]P(OCCOCCOC)(OCCOCCOC)=N[Au],5517778301643491536,60.0,-0.06913060589588656,-9.343563370388969
[Cu]P(OCCOCCOC)(OCCOCCOC)=N[Au],5517778301643491536,65.0,-0.1135140290512821,-9.213125722834445
[Cu]P(OCCOCCOC)(OCCOCCOC)=N[Au],5517778301643491536,70.0,-0.1566040404871556,-9.088927599561426
[Cu]P(OCCOCCOC)(OCCOCCOC)=N[Au],5517778301643491536,75.0,-0.19845636668862224,-8.97059662463289
[Cu]P(OCCOCCOC)(OCCOCCOC)=N[Au],5517778301643491536,80.0,-0.23912357817392144,-8.857787292092887
[Cu]P(OCCOCCOC)(OCCOCCOC)=N[Au],5884686586400729486,25.0,0.28323492078524387,-9.161779610265434
[Cu]P(OCCOCCOC)(OCCOCCOC)=N[Au],5884686586400729486,30.0,0.22791550078391562,-8.872100653510174
[Cu]P(OCCOCCOC)(OCCOCCOC)=N[Au],5884686586400729486,35.0,0.17439129155660424,-8.59972706792658
[Cu]P(OCCOCCOC)(OCCOCCOC)=N[Au],5884686586400729486,40.0,0.12257630184796774,-8.343457323312231
[Cu]P(OCCOCCOC)(OCCOCCOC)=N[Au],5884686586400729486,45.0,0.07238994610785696,-8.10218847636373
[Cu]P(OCCOCCOC)(OCCOCCOC)=N[Au],5884686586400729486,50.0,0.023756626287291336,-7.87490678766781
[Cu]P(OCCOCCOC)(OCCOCCOC)=N[Au],5884686586400729486,55.0,-0.023394648132677668,-7.660679354591213
[Cu]P(OCCOCCOC)(OCCOCCOC)=N[Au],5884686586400729486,60.0,-0.06913060589588656,-7.4586466369819755
[Cu]P(OCCOCCOC)(OCCOCCOC)=N[Au],5884686586400729486,65.0,-0.1135140290512821,-7.268015769061524
[Cu]P(OCCOCCOC)(OCCOCCOC)=N[Au],5884686586400729486,70.0,-0.1566040404871556,-7.088054564947685
[Cu]P(OCCOCCOC)(OCCOCCOC)=N[Au],5884686586400729486,75.0,-0.19845636668862224,-6.918086137284263
[Cu]P(OCCOCCOC)(OCCOCCOC)=N[Au],5884686586400729486,80.0,-0.23912357817392144,-6.757484058778619
[Cu]P(OCCOCCOC)(OCCOCCOC)=N[Au],6969642388581131466,25.0,0.28323492078524387,-10.686703230702213
[Cu]P(OCCOCCOC)(OCCOCCOC)=N[Au],6969642388581131466,30.0,0.22791550078391562,-10.42797219016806
[Cu]P(OCCOCCOC)(OCCOCCOC)=N[Au],6969642388581131466,35.0,0.17439129155660424,-10.18500033086424
[Cu]P(OCCOCCOC)(OCCOCCOC)=N[Au],6969642388581131466,40.0,0.12257630184796774,-9.956685727306164
[Cu]P(OCCOCCOC)(OCCOCCOC)=N[Au],6969642388581131466,45.0,0.07238994610785696,-9.742017199012254
[Cu]P(OCCOCCOC)(OCCOCCOC)=N[Au],6969642388581131466,50.0,0.023756626287291336,-9.540065654544795
[Cu]P(OCCOCCOC)(OCCOCCOC)=N[Au],6969642388581131466,55.0,-0.023394648132677668,-9.349976374144415
[Cu]P(OCCOCCOC)(OCCOCCOC)=N[Au],6969642388581131466,60.0,-0.06913060589588656,-9.170962117113792
[Cu]P(OCCOCCOC)(OCCOCCOC)=N[Au],6969642388581131466,65.0,-0.1135140290512821,-9.002296955348884
[Cu]P(OCCOCCOC)(OCCOCCOC)=N[Au],6969642388581131466,70.0,-0.1566040404871556,-8.843310747430015
[Cu]P(OCCOCCOC)(OCCOCCOC)=N[Au],6969642388581131466,75.0,-0.19845636668862224,-8.693384178823647
[Cu]P(OCCOCCOC)(OCCOCCOC)=N[Au],6969642388581131466,80.0,-0.23912357817392144,-8.551944303300669
[Cu]P(OCCOCCOC)(OCCOCCOC)=N[Au],8004866971556153540,25.0,0.28323492078524387,-11.320085907452643
[Cu]P(OCCOCCOC)(OCCOCCOC)=N[Au],8004866971556153540,30.0,0.22791550078391562,-11.149189256701101
[Cu]P(OCCOCCOC)(OCCOCCOC)=N[Au],8004866971556153540,35.0,0.17439129155660424,-10.989820660998301
[Cu]P(OCCOCCOC)(OCCOCCOC)=N[Au],8004866971556153540,40.0,0.12257630184796774,-10.841145949698207
[Cu]P(OCCOCCOC)(OCCOCCOC)=N[Au],8004866971556153540,45.0,0.07238994610785696,-10.702400838169618
[Cu]P(OCCOCCOC)(OCCOCCOC)=N[Au],8004866971556153540,50.0,0.023756626287291336,-10.57288419228267
[Cu]P(OCCOCCOC)(OCCOCCOC)=N[Au],8004866971556153540,55.0,-0.023394648132677668,-10.451952028304952
[Cu]P(OCCOCCOC)(OCCOCCOC)=N[Au],8004866971556153540,60.0,-0.06913060589588656,-10.339012158566424
[Cu]P(OCCOCCOC)(OCCOCCOC)=N[Au],8004866971556153540,65.0,-0.1135140290512821,-10.233519405298864
[Cu]P(OCCOCCOC)(OCCOCCOC)=N[Au],8004866971556153540,70.0,-0.1566040404871556,-10.134971315335836
[Cu]P(OCCOCCOC)(OCCOCCOC)=N[Au],8004866971556153540,75.0,-0.19845636668862224,-10.042904317153285
[Cu]P(OCCOCCOC)(OCCOCCOC)=N[Au],8004866971556153540,80.0,-0.23912357817392144,-9.95689026927127
[Cu]P(OCCOCCOC)(OCCOCCOC)=N[Au],9382498007287262380,25.0,0.28323492078524387,-11.098501754760422
[Cu]P(OCCOCCOC)(OCCOCCOC)=N[Au],9382498007287262380,30.0,0.22791550078391562,-10.924731640554928
[Cu]P(OCCOCCOC)(OCCOCCOC)=N[Au],9382498007287262380,35.0,0.17439129155660424,-10.764039866178942
[Cu]P(OCCOCCOC)(OCCOCCOC)=N[Au],9382498007287262380,40.0,0.12257630184796774,-10.615449323583189
[Cu]P(OCCOCCOC)(OCCOCCOC)=N[Au],9382498007287262380,45.0,0.07238994610785696,-10.478066025764466
[Cu]P(OCCOCCOC)(OCCOCCOC)=N[Au],9382498007287262380,50.0,0.023756626287291336,-10.351071023675491
[Cu]P(OCCOCCOC)(OCCOCCOC)=N[Au],9382498007287262380,55.0,-0.023394648132677668,-10.233713210881422
[Cu]P(OCCOCCOC)(OCCOCCOC)=N[Au],9382498007287262380,60.0,-0.06913060589588656,-10.125302907302721
[Cu]P(OCCOCCOC)(OCCOCCOC)=N[Au],9382498007287262380,65.0,-0.1135140290512821,-10.02520612803173
[Cu]P(OCCOCCOC)(OCCOCCOC)=N[Au],9382498007287262380,70.0,-0.1566040404871556,-9.932839455705341
[Cu]P(OCCOCCOC)(OCCOCCOC)=N[Au],9382498007287262380,75.0,-0.19845636668862224,-9.847665445600423
[Cu]P(OCCOCCOC)(OCCOCCOC)=N[Au],9382498007287262380,80.0,-0.23912357817392144,-9.769188501775844
[Cu][Si](C)(CCC1OC(=O)OC1)CCC[Au],1053759462046235008,30.0,0.25131014891659326,-17.755401866879545
[Cu][Si](C)(CCC1OC(=O)OC1)CCC[Au],1053759462046235008,35.0,0.19778593968928193,-17.025896816074244
[Cu][Si](C)(CCC1OC(=O)OC1)CCC[Au],1053759462046235008,40.0,0.14597094998064541,-16.353412218029117
[Cu][Si](C)(CCC1OC(=O)OC1)CCC[Au],1053759462046235008,45.0,0.09578459424053462,-15.733694645791537
[Cu][Si](C)(CCC1OC(=O)OC1)CCC[Au],1053759462046235008,50.0,0.047151274419969004,-15.162849283732276
[Cu][Si](C)(CCC1OC(=O)OC1)CCC[Au],1053759462046235008,55.0,0.0,-14.637305452323758
[Cu][Si](C)(CCC1OC(=O)OC1)CCC[Au],1053759462046235008,60.0,-0.04573595776320889,-14.153785871988987
[Cu][Si](C)(CCC1OC(=O)OC1)CCC[Au],1053759462046235008,65.0,-0.09011938091860444,-13.70927921429918
[Cu][Si](C)(CCC1OC(=O)OC1)CCC[Au],1053759462046235008,70.0,-0.13320939235447793,-13.301015548887213
[Cu][Si](C)(CCC1OC(=O)OC1)CCC[Au],1053759462046235008,75.0,-0.17506171855594457,-12.926444345819643
[Cu][Si](C)(CCC1OC(=O)OC1)CCC[Au],1053759462046235008,80.0,-0.21572893004124377,-12.583214737197558
[Cu][Si](C)(CCC1OC(=O)OC1)CCC[Au],11189377344058937064,30.0,0.25131014891659326,-11.401523811645443
[Cu][Si](C)(CCC1OC(=O)OC1)CCC[Au],11189377344058937064,35.0,0.19778593968928193,-10.980867328417547
[Cu][Si](C)(CCC1OC(=O)OC1)CCC[Au],11189377344058937064,40.0,0.14597094998064541,-10.588790976116076
[Cu][Si](C)(CCC1OC(=O)OC1)CCC[Au],11189377344058937064,45.0,0.09578459424053462,-10.22324434709992
[Cu][Si](C)(CCC1OC(=O)OC1)CCC[Au],11189377344058937064,50.0,0.047151274419969004,-9.882346766383433
[Cu][Si](C)(CCC1OC(=O)OC1)CCC[Au],11189377344058937064,55.0,0.0,-9.564371147236091
[Cu][Si](C)(CCC1OC(=O)OC1)CCC[Au],11189377344058937064,60.0,-0.04573595776320889,-9.267729585597666
[Cu][Si](C)(CCC1OC(=O)OC1)CCC[Au],11189377344058937064,65.0,-0.09011938091860444,-8.990960484269426
[Cu][Si](C)(CCC1OC(=O)OC1)CCC[Au],11189377344058937064,70.0,-0.13320939235447793,-8.732717025547446
[Cu][Si](C)(CCC1OC(=O)OC1)CCC[Au],11189377344058937064,75.0,-0.17506171855594457,-8.491756834663533
[Cu][Si](C)(CCC1OC(=O)OC1)CCC[Au],11189377344058937064,80.0,-0.21572893004124377,-8.266932696718731
[Cu][Si](C)(CCC1OC(=O)OC1)CCC[Au],11376176501476072646,30.0,0.25131014891659326,-21.7485640834399
[Cu][Si](C)(CCC1OC(=O)OC1)CCC[Au],11376176501476072646,35.0,0.19778593968928193,-20.68836692169121
[Cu][Si](C)(CCC1OC(=O)OC1)CCC[Au],11376176501476072646,40.0,0.14597094998064541,-19.71014127597082
[Cu][Si](C)(CCC1OC(=O)OC1)CCC[Au],11376176501476072646,45.0,0.09578459424053462,-18.807789505316922
[Cu][Si](C)(CCC1OC(=O)OC1)CCC[Au],11376176501476072646,50.0,0.047151274419969004,-17.97572741300533
[Cu][Si](C)(CCC1OC(=O)OC1)CCC[Au],11376176501476072646,55.0,0.0,-17.208834922479756
[Cu][Si](C)(CCC1OC(=O)OC1)CCC[Au],11376176501476072646,60.0,-0.04573595776320889,-16.502412100275485
[Cu][Si](C)(CCC1OC(=O)OC1)CCC[Au],11376176501476072646,65.0,-0.09011938091860444,-15.852139880173823
[Cu][Si](C)(CCC1OC(=O)OC1)CCC[Au],11376176501476072646,70.0,-0.13320939235447793,-15.254044928704507
[Cu][Si](C)(CCC1OC(=O)OC1)CCC[Au],11376176501476072646,75.0,-0.17506171855594457,-14.704468165541929
[Cu][Si](C)(CCC1OC(=O)OC1)CCC[Au],11376176501476072646,80.0,-0.21572893004124377,-14.200036515269447
[Cu][Si](C)(CCC1OC(=O)OC1)CCC[Au],11464698960435272015,30.0,0.25131014891659326,-16.01786765070959
[Cu][Si](C)(CCC1OC(=O)OC1)CCC[Au],11464698960435272015,35.0,0.19778593968928193,-15.28222489520323
[Cu][Si](C)(CCC1OC(=O)OC1)CCC[Au],11464698960435272015,40.0,0.14597094998064541,-14.603286396732937
[Cu][Si](C)(CCC1OC(=O)OC1)CCC[Au],11464698960435272015,45.0,0.09578459424053462,-13.976837405420286
[Cu][Si](C)(CCC1OC(=O)OC1)CCC[Au],11464698960435272015,50.0,0.047151274419969004,-13.399017940623656
[Cu][Si](C)(CCC1OC(=O)OC1)CCC[Au],11464698960435272015,55.0,0.0,-12.866288717084114
[Cu][Si](C)(CCC1OC(=O)OC1)CCC[Au],11464698960435272015,60.0,-0.04573595776320889,-12.37540076436111
[Cu][Si](C)(CCC1OC(=O)OC1)CCC[Au],11464698960435272015,65.0,-0.09011938091860444,-11.923368293557361
[Cu][Si](C)(CCC1OC(=O)OC1)CCC[Au],11464698960435272015,70.0,-0.13320939235447793,-11.507444424641541
[Cu][Si](C)(CCC1OC(=O)OC1)CCC[Au],11464698960435272015,75.0,-0.17506171855594457,-11.125099438388432
[Cu][Si](C)(CCC1OC(=O)OC1)CCC[Au],11464698960435272015,80.0,-0.21572893004124377,-10.774001260415892
[Cu][Si](C)(CCC1OC(=O)OC1)CCC[Au],1428299922199942492,30.0,0.25131014891659326,-19.403913291797423
[Cu][Si](C)(CCC1OC(=O)OC1)CCC[Au],1428299922199942492,35.0,0.19778593968928193,-18.489342852568186
[Cu][Si](C)(CCC1OC(=O)OC1)CCC[Au],1428299922199942492,40.0,0.14597094998064541,-17.64675824991988
[Cu][Si](C)(CCC1OC(=O)OC1)CCC[Au],1428299922199942492,45.0,0.09578459424053462,-16.870780236469248
[Cu][Si](C)(CCC1OC(=O)OC1)CCC[Au],1428299922199942492,50.0,0.047151274419969004,-16.156483460521255
[Cu][Si](C)(CCC1OC(=O)OC1)CCC[Au],1428299922199942492,55.0,0.0,-15.499352810542607
[Cu][Si](C)(CCC1OC(=O)OC1)CCC[Au],1428299922199942492,60.0,-0.04573595776320889,-14.895244495785521
[Cu][Si](C)(CCC1OC(=O)OC1)CCC[Au],1428299922199942492,65.0,-0.09011938091860444,-14.34035129076166
[Cu][Si](C)(CCC1OC(=O)OC1)CCC[Au],1428299922199942492,70.0,-0.13320939235447793,-13.831171447406533
[Cu][Si](C)(CCC1OC(=O)OC1)CCC[Au],1428299922199942492,75.0,-0.17506171855594457,-13.364480843872741
[Cu][Si](C)(CCC1OC(=O)OC1)CCC[Au],1428299922199942492,80.0,-0.21572893004124377,-12.937307994676681
[Cu][Si](C)(CCC1OC(=O)OC1)CCC[Au],15885577763824644166,30.0,0.25131014891659326,-17.330301562516205
[Cu][Si](C)(CCC1OC(=O)OC1)CCC[Au],15885577763824644166,35.0,0.19778593968928193,-16.593607469011936
[Cu][Si](C)(CCC1OC(=O)OC1)CCC[Au],15885577763824644166,40.0,0.14597094998064541,-15.913207230981333
[Cu][Si](C)(CCC1OC(=O)OC1)CCC[Au],15885577763824644166,45.0,0.09578459424053462,-15.284926051335615
[Cu][Si](C)(CCC1OC(=O)OC1)CCC[Au],15885577763824644166,50.0,0.047151274419969004,-14.704940174087092
[Cu][Si](C)(CCC1OC(=O)OC1)CCC[Au],15885577763824644166,55.0,0.0,-14.169743188708807
[Cu][Si](C)(CCC1OC(=O)OC1)CCC[Au],15885577763824644166,60.0,-0.04573595776320889,-13.676115985371851
[Cu][Si](C)(CCC1OC(=O)OC1)CCC[Au],15885577763824644166,65.0,-0.09011938091860444,-13.221099920301405
[Cu][Si](C)(CCC1OC(=O)OC1)CCC[Au],15885577763824644166,70.0,-0.13320939235447793,-12.801972809093105
[Cu][Si](C)(CCC1OC(=O)OC1)CCC[Au],15885577763824644166,75.0,-0.17506171855594457,-12.416227415937382
[Cu][Si](C)(CCC1OC(=O)OC1)CCC[Au],15885577763824644166,80.0,-0.21572893004124377,-12.061552149642145
[Cu][Si](C)(CCC1OC(=O)OC1)CCC[Au],3445128610976096891,30.0,0.25131014891659326,-10.271262430745642
[Cu][Si](C)(CCC1OC(=O)OC1)CCC[Au],3445128610976096891,35.0,0.19778593968928193,-9.907411931493506
[Cu][Si](C)(CCC1OC(=O)OC1)CCC[Au],3445128610976096891,40.0,0.14597094998064541,-9.568306712773145
[Cu][Si](C)(CCC1OC(=O)OC1)CCC[Au],3445128610976096891,45.0,0.09578459424053462,-9.252170950788416
[Cu][Si](C)(CCC1OC(=O)OC1)CCC[Au],3445128610976096891,50.0,0.047151274419969004,-8.957375845887006
[Cu][Si](C)(CCC1OC(=O)OC1)CCC[Au],3445128610976096891,55.0,0.0,-8.682425636909958
[Cu][Si](C)(CCC1OC(=O)OC1)CCC[Au],3445128610976096891,60.0,-0.04573595776320889,-8.42594512193668
[Cu][Si](C)(CCC1OC(=O)OC1)CCC[Au],3445128610976096891,65.0,-0.09011938091860444,-8.186668504319961
[Cu][Si](C)(CCC1OC(=O)OC1)CCC[Au],3445128610976096891,70.0,-0.13320939235447793,-7.963429406909658
[Cu][Si](C)(CCC1OC(=O)OC1)CCC[Au],3445128610976096891,75.0,-0.17506171855594457,-7.755151917896607
[Cu][Si](C)(CCC1OC(=O)OC1)CCC[Au],3445128610976096891,80.0,-0.21572893004124377,-7.560842549312891
[Cu][Si](C)(CCC1OC(=O)OC1)CCC[Au],4731443214387586739,30.0,0.25131014891659326,-22.284053408492948
[Cu][Si](C)(CCC1OC(=O)OC1)CCC[Au],4731443214387586739,35.0,0.19778593968928193,-20.98114501874378
[Cu][Si](C)(CCC1OC(=O)OC1)CCC[Au],4731443214387586739,40.0,0.14597094998064541,-19.795282111006564
[Cu][Si](C)(CCC1OC(=O)OC1)CCC[Au],4731443214387586739,45.0,0.09578459424053462,-18.71744540903074
[Cu][Si](C)(CCC1OC(=O)OC1)CCC[Au],4731443214387586739,50.0,0.047151274419969004,-17.739387165230827
[Cu][Si](C)(CCC1OC(=O)OC1)CCC[Au],4731443214387586739,55.0,0.0,-16.85355637803224
[Cu][Si](C)(CCC1OC(=O)OC1)CCC[Au],4731443214387586739,60.0,-0.04573595776320889,-16.05303216288285
[Cu][Si](C)(CCC1OC(=O)OC1)CCC[Au],4731443214387586739,65.0,-0.09011938091860444,-15.331464288236049
[Cu][Si](C)(CCC1OC(=O)OC1)CCC[Au],4731443214387586739,70.0,-0.13320939235447793,-14.68302001968792
[Cu][Si](C)(CCC1OC(=O)OC1)CCC[Au],4731443214387586739,75.0,-0.17506171855594457,-14.102336528164075
[Cu][Si](C)(CCC1OC(=O)OC1)CCC[Au],4731443214387586739,80.0,-0.21572893004124377,-13.584478214609598
[Cu][Si](C)(CCC1OC(=O)OC1)CCC[Au],5774037747366731,30.0,0.25131014891659326,-9.760454176978687
[Cu][Si](C)(CCC1OC(=O)OC1)CCC[Au],5774037747366731,35.0,0.19778593968928193,-9.509317157252815
[Cu][Si](C)(CCC1OC(=O)OC1)CCC[Au],5774037747366731,40.0,0.14597094998064541,-9.272570629760768
[Cu][Si](C)(CCC1OC(=O)OC1)CCC[Au],5774037747366731,45.0,0.09578459424053462,-9.049240471050611
[Cu][Si](C)(CCC1OC(=O)OC1)CCC[Au],5774037747366731,50.0,0.047151274419969004,-8.838430861596555
[Cu][Si](C)(CCC1OC(=O)OC1)CCC[Au],5774037747366731,55.0,0.0,-8.63931696870921
[Cu][Si](C)(CCC1OC(=O)OC1)CCC[Au],5774037747366731,60.0,-0.04573595776320889,-8.45113840822442
[Cu][Si](C)(CCC1OC(=O)OC1)CCC[Au],5774037747366731,65.0,-0.09011938091860444,-8.27319339213931
[Cu][Si](C)(CCC1OC(=O)OC1)CCC[Au],5774037747366731,70.0,-0.13320939235447793,-8.104833481589372
[Cu][Si](C)(CCC1OC(=O)OC1)CCC[Au],5774037747366731,75.0,-0.17506171855594457,-7.9454588750266995
[Cu][Si](C)(CCC1OC(=O)OC1)CCC[Au],5774037747366731,80.0,-0.21572893004124377,-7.794514170440669
[Cu][Si](C)(CCC1OC(=O)OC1)CCC[Au],5857837110223852467,30.0,0.25131014891659326,-19.120988965561942
[Cu][Si](C)(CCC1OC(=O)OC1)CCC[Au],5857837110223852467,35.0,0.19778593968928193,-18.351597039614607
[Cu][Si](C)(CCC1OC(=O)OC1)CCC[Au],5857837110223852467,40.0,0.14597094998064541,-17.62364941106661
[Cu][Si](C)(CCC1OC(=O)OC1)CCC[Au],5857837110223852467,45.0,0.09578459424053462,-16.93440897691451
[Cu][Si](C)(CCC1OC(=O)OC1)CCC[Au],5857837110223852467,50.0,0.047151274419969004,-16.281355752599794
[Cu][Si](C)(CCC1OC(=O)OC1)CCC[Au],5857837110223852467,55.0,0.0,-15.662166750994421
[Cu][Si](C)(CCC1OC(=O)OC1)CCC[Au],5857837110223852467,60.0,-0.04573595776320889,-15.074697990805861
[Cu][Si](C)(CCC1OC(=O)OC1)CCC[Au],5857837110223852467,65.0,-0.09011938091860444,-14.516968381617433
[Cu][Si](C)(CCC1OC(=O)OC1)CCC[Au],5857837110223852467,70.0,-0.13320939235447793,-13.987145265965585
[Cu][Si](C)(CCC1OC(=O)OC1)CCC[Au],5857837110223852467,75.0,-0.17506171855594457,-13.483531427278184
[Cu][Si](C)(CCC1OC(=O)OC1)CCC[Au],5857837110223852467,80.0,-0.21572893004124377,-13.004553396897691
[Cu][Si](C)(CCC1OC(=O)OC1)CCC[Au],6099434862170389720,30.0,0.25131014891659326,-18.188073751542742
[Cu][Si](C)(CCC1OC(=O)OC1)CCC[Au],6099434862170389720,35.0,0.19778593968928193,-17.343795372814533
[Cu][Si](C)(CCC1OC(=O)OC1)CCC[Au],6099434862170389720,40.0,0.14597094998064541,-16.56876789743295
[Cu][Si](C)(CCC1OC(=O)OC1)CCC[Au],6099434862170389720,45.0,0.09578459424053462,-15.857763774604257
[Cu][Si](C)(CCC1OC(=O)OC1)CCC[Au],6099434862170389720,50.0,0.047151274419969004,-15.205998574307495
[Cu][Si](C)(CCC1OC(=O)OC1)CCC[Au],6099434862170389720,55.0,0.0,-14.60908825665676
[Cu][Si](C)(CCC1OC(=O)OC1)CCC[Au],6099434862170389720,60.0,-0.04573595776320889,-14.06301108490293
[Cu][Si](C)(CCC1OC(=O)OC1)CCC[Au],6099434862170389720,65.0,-0.09011938091860444,-13.564073620290635
[Cu][Si](C)(CCC1OC(=O)OC1)CCC[Au],6099434862170389720,70.0,-0.13320939235447793,-13.108880311792927
[Cu][Si](C)(CCC1OC(=O)OC1)CCC[Au],6099434862170389720,75.0,-0.17506171855594457,-12.694306257696491
[Cu][Si](C)(CCC1OC(=O)OC1)CCC[Au],6099434862170389720,80.0,-0.21572893004124377,-12.317472770806537
[Cu][Si](C)(CCC1OC(=O)OC1)CCC[Au],9334346105239910328,30.0,0.25131014891659326,-12.152813625817965
[Cu][Si](C)(CCC1OC(=O)OC1)CCC[Au],9334346105239910328,35.0,0.19778593968928193,-11.686973308600718
[Cu][Si](C)(CCC1OC(=O)OC1)CCC[Au],9334346105239910328,40.0,0.14597094998064541,-11.25276990102497
[Cu][Si](C)(CCC1OC(=O)OC1)CCC[Au],9334346105239910328,45.0,0.09578459424053462,-10.84793398026066
[Cu][Si](C)(CCC1OC(=O)OC1)CCC[Au],9334346105239910328,50.0,0.047151274419969004,-10.470383974768431
[Cu][Si](C)(CCC1OC(=O)OC1)CCC[Au],9334346105239910328,55.0,0.0,-10.118208297156803
[Cu][Si](C)(CCC1OC(=O)OC1)CCC[Au],9334346105239910328,60.0,-0.04573595776320889,-9.789649401355462
[Cu][Si](C)(CCC1OC(=O)OC1)CCC[Au],9334346105239910328,65.0,-0.09011938091860444,-9.483089532768265
[Cu][Si](C)(CCC1OC(=O)OC1)CCC[Au],9334346105239910328,70.0,-0.13320939235447793,-9.197037970729959
[Cu][Si](C)(CCC1OC(=O)OC1)CCC[Au],9334346105239910328,75.0,-0.17506171855594457,-8.930119588817535
[Cu][Si](C)(CCC1OC(=O)OC1)CCC[Au],9334346105239910328,80.0,-0.21572893004124377,-8.681064581053853
[Cu][Si](CCC1OC(=O)OC1)(CCC1OC(=O)OC1)CCC[Au],1104913587557885122,25.0,0.28323492078524387,-19.46967482462762
[Cu][Si](CCC1OC(=O)OC1)(CCC1OC(=O)OC1)CCC[Au],1104913587557885122,30.0,0.22791550078391562,-18.563242225640725
[Cu][Si](CCC1OC(=O)OC1)(CCC1OC(=O)OC1)CCC[Au],1104913587557885122,35.0,0.17439129155660424,-17.72962686453366
[Cu][Si](CCC1OC(=O)OC1)(CCC1OC(=O)OC1)CCC[Au],1104913587557885122,40.0,0.12257630184796774,-16.963294994761466
[Cu][Si](CCC1OC(=O)OC1)(CCC1OC(=O)OC1)CCC[Au],1104913587557885122,45.0,0.07238994610785696,-16.259187323311192
[Cu][Si](CCC1OC(=O)OC1)(CCC1OC(=O)OC1)CCC[Au],1104913587557885122,50.0,0.023756626287291336,-15.612672663943691
[Cu][Si](CCC1OC(=O)OC1)(CCC1OC(=O)OC1)CCC[Au],1104913587557885122,55.0,-0.023394648132677668,-15.019506695531952
[Cu][Si](CCC1OC(=O)OC1)(CCC1OC(=O)OC1)CCC[Au],1104913587557885122,60.0,-0.06913060589588656,-14.47579519934409
[Cu][Si](CCC1OC(=O)OC1)(CCC1OC(=O)OC1)CCC[Au],1104913587557885122,65.0,-0.1135140290512821,-13.977961233655163
[Cu][Si](CCC1OC(=O)OC1)(CCC1OC(=O)OC1)CCC[Au],1104913587557885122,70.0,-0.1566040404871556,-13.522715776169118
[Cu][Si](CCC1OC(=O)OC1)(CCC1OC(=O)OC1)CCC[Au],1104913587557885122,75.0,-0.19845636668862224,-13.10703142636883
[Cu][Si](CCC1OC(=O)OC1)(CCC1OC(=O)OC1)CCC[Au],1104913587557885122,80.0,-0.23912357817392144,-12.728118812728384
[Cu][Si](CCC1OC(=O)OC1)(CCC1OC(=O)OC1)CCC[Au],12241583610751474334,25.0,0.28323492078524387,-15.126945201188251
[Cu][Si](CCC1OC(=O)OC1)(CCC1OC(=O)OC1)CCC[Au],12241583610751474334,30.0,0.22791550078391562,-14.464652298754128
[Cu][Si](CCC1OC(=O)OC1)(CCC1OC(=O)OC1)CCC[Au],12241583610751474334,35.0,0.17439129155660424,-13.847805516998013
[Cu][Si](CCC1OC(=O)OC1)(CCC1OC(=O)OC1)CCC[Au],12241583610751474334,40.0,0.12257630184796774,-13.273098905229993
[Cu][Si](CCC1OC(=O)OC1)(CCC1OC(=O)OC1)CCC[Au],12241583610751474334,45.0,0.07238994610785696,-12.73750419758105
[Cu][Si](CCC1OC(=O)OC1)(CCC1OC(=O)OC1)CCC[Au],12241583610751474334,50.0,0.023756626287291336,-12.238244009250884
[Cu][Si](CCC1OC(=O)OC1)(CCC1OC(=O)OC1)CCC[Au],12241583610751474334,55.0,-0.023394648132677668,-11.772767962248727
[Cu][Si](CCC1OC(=O)OC1)(CCC1OC(=O)OC1)CCC[Au],12241583610751474334,60.0,-0.06913060589588656,-11.338731383288337
[Cu][Si](CCC1OC(=O)OC1)(CCC1OC(=O)OC1)CCC[Au],12241583610751474334,65.0,-0.1135140290512821,-10.933976264545693
[Cu][Si](CCC1OC(=O)OC1)(CCC1OC(=O)OC1)CCC[Au],12241583610751474334,70.0,-0.1566040404871556,-10.556514218987447
[Cu][Si](CCC1OC(=O)OC1)(CCC1OC(=O)OC1)CCC[Au],12241583610751474334,75.0,-0.19845636668862224,-10.204511197048483
[Cu][Si](CCC1OC(=O)OC1)(CCC1OC(=O)OC1)CCC[Au],12241583610751474334,80.0,-0.23912357817392144,-9.87627376150496
[Cu][Si](CCC1OC(=O)OC1)(CCC1OC(=O)OC1)CCC[Au],15305215511836226981,25.0,0.28323492078524387,-15.908178306835488
[Cu][Si](CCC1OC(=O)OC1)(CCC1OC(=O)OC1)CCC[Au],15305215511836226981,30.0,0.22791550078391562,-15.237054268995184
[Cu][Si](CCC1OC(=O)OC1)(CCC1OC(=O)OC1)CCC[Au],15305215511836226981,35.0,0.17439129155660424,-14.63362256239568
[Cu][Si](CCC1OC(=O)OC1)(CCC1OC(=O)OC1)CCC[Au],15305215511836226981,40.0,0.12257630184796774,-14.092476555643517
[Cu][Si](CCC1OC(=O)OC1)(CCC1OC(=O)OC1)CCC[Au],15305215511836226981,45.0,0.07238994610785696,-13.60868340416814
[Cu][Si](CCC1OC(=O)OC1)(CCC1OC(=O)OC1)CCC[Au],15305215511836226981,50.0,0.023756626287291336,-13.17773719718554
[Cu][Si](CCC1OC(=O)OC1)(CCC1OC(=O)OC1)CCC[Au],15305215511836226981,55.0,-0.023394648132677668,-12.795517306266316
[Cu][Si](CCC1OC(=O)OC1)(CCC1OC(=O)OC1)CCC[Au],15305215511836226981,60.0,-0.06913060589588656,-12.458251294020206
[Cu][Si](CCC1OC(=O)OC1)(CCC1OC(=O)OC1)CCC[Au],15305215511836226981,65.0,-0.1135140290512821,-12.162481828365022
[Cu][Si](CCC1OC(=O)OC1)(CCC1OC(=O)OC1)CCC[Au],15305215511836226981,70.0,-0.1566040404871556,-11.90503712196923
[Cu][Si](CCC1OC(=O)OC1)(CCC1OC(=O)OC1)CCC[Au],15305215511836226981,75.0,-0.19845636668862224,-11.683004479790604
[Cu][Si](CCC1OC(=O)OC1)(CCC1OC(=O)OC1)CCC[Au],15305215511836226981,80.0,-0.23912357817392144,-11.493706591873925
[Cu][Si](CCC1OC(=O)OC1)(CCC1OC(=O)OC1)CCC[Au],18075692304492708914,25.0,0.28323492078524387,-10.815633574643357
[Cu][Si](CCC1OC(=O)OC1)(CCC1OC(=O)OC1)CCC[Au],18075692304492708914,30.0,0.22791550078391562,-10.32793350992258
[Cu][Si](CCC1OC(=O)OC1)(CCC1OC(=O)OC1)CCC[Au],18075692304492708914,35.0,0.17439129155660424,-9.890224772659753
[Cu][Si](CCC1OC(=O)OC1)(CCC1OC(=O)OC1)CCC[Au],18075692304492708914,40.0,0.12257630184796774,-9.498502391796249
[Cu][Si](CCC1OC(=O)OC1)(CCC1OC(=O)OC1)CCC[Au],18075692304492708914,45.0,0.07238994610785696,-9.149112804782517
[Cu][Si](CCC1OC(=O)OC1)(CCC1OC(=O)OC1)CCC[Au],18075692304492708914,50.0,0.023756626287291336,-8.838719082004081
[Cu][Si](CCC1OC(=O)OC1)(CCC1OC(=O)OC1)CCC[Au],18075692304492708914,55.0,-0.023394648132677668,-8.564270013709471
[Cu][Si](CCC1OC(=O)OC1)(CCC1OC(=O)OC1)CCC[Au],18075692304492708914,60.0,-0.06913060589588656,-8.322972582949307
[Cu][Si](CCC1OC(=O)OC1)(CCC1OC(=O)OC1)CCC[Au],18075692304492708914,65.0,-0.1135140290512821,-8.112267412640445
[Cu][Si](CCC1OC(=O)OC1)(CCC1OC(=O)OC1)CCC[Au],18075692304492708914,70.0,-0.1566040404871556,-7.929806829936458
[Cu][Si](CCC1OC(=O)OC1)(CCC1OC(=O)OC1)CCC[Au],18075692304492708914,75.0,-0.19845636668862224,-7.773435238136773
[Cu][Si](CCC1OC(=O)OC1)(CCC1OC(=O)OC1)CCC[Au],18075692304492708914,80.0,-0.23912357817392144,-7.641171526661681
[Cu][Si](CCC1OC(=O)OC1)(CCC1OC(=O)OC1)CCC[Au],18418534644422942003,25.0,0.28323492078524387,-21.057889418660803
[Cu][Si](CCC1OC(=O)OC1)(CCC1OC(=O)OC1)CCC[Au],18418534644422942003,30.0,0.22791550078391562,-19.993657611016484
[Cu][Si](CCC1OC(=O)OC1)(CCC1OC(=O)OC1)CCC[Au],18418534644422942003,35.0,0.17439129155660424,-19.010024569240695
[Cu][Si](CCC1OC(=O)OC1)(CCC1OC(=O)OC1)CCC[Au],18418534644422942003,40.0,0.12257630184796774,-18.10095839654425
[Cu][Si](CCC1OC(=O)OC1)(CCC1OC(=O)OC1)CCC[Au],18418534644422942003,45.0,0.07238994610785696,-17.260940725041976
[Cu][Si](CCC1OC(=O)OC1)(CCC1OC(=O)OC1)CCC[Au],18418534644422942003,50.0,0.023756626287291336,-16.484916754941864
[Cu][Si](CCC1OC(=O)OC1)(CCC1OC(=O)OC1)CCC[Au],18418534644422942003,55.0,-0.023394648132677668,-15.768250782444413
[Cu][Si](CCC1OC(=O)OC1)(CCC1OC(=O)OC1)CCC[Au],18418534644422942003,60.0,-0.06913060589588656,-15.106686544392328
[Cu][Si](CCC1OC(=O)OC1)(CCC1OC(=O)OC1)CCC[Au],18418534644422942003,65.0,-0.1135140290512821,-14.496311798307138
[Cu][Si](CCC1OC(=O)OC1)(CCC1OC(=O)OC1)CCC[Au],18418534644422942003,70.0,-0.1566040404871556,-13.933526633729226
[Cu][Si](CCC1OC(=O)OC1)(CCC1OC(=O)OC1)CCC[Au],18418534644422942003,75.0,-0.19845636668862224,-13.415015076857127
[Cu][Si](CCC1OC(=O)OC1)(CCC1OC(=O)OC1)CCC[Au],18418534644422942003,80.0,-0.23912357817392144,-12.937719607115667
[Cu][Si](CCC1OC(=O)OC1)(CCC1OC(=O)OC1)CCC[Au],3748983655041317245,25.0,0.28323492078524387,-15.087993408592904
[Cu][Si](CCC1OC(=O)OC1)(CCC1OC(=O)OC1)CCC[Au],3748983655041317245,30.0,0.22791550078391562,-14.49577650138216
[Cu][Si](CCC1OC(=O)OC1)(CCC1OC(=O)OC1)CCC[Au],3748983655041317245,35.0,0.17439129155660424,-13.942626231132367
[Cu][Si](CCC1OC(=O)OC1)(CCC1OC(=O)OC1)CCC[Au],3748983655041317245,40.0,0.12257630184796774,-13.42573573690099
[Cu][Si](CCC1OC(=O)OC1)(CCC1OC(=O)OC1)CCC[Au],3748983655041317245,45.0,0.07238994610785696,-12.942532494541602
[Cu][Si](CCC1OC(=O)OC1)(CCC1OC(=O)OC1)CCC[Au],3748983655041317245,50.0,0.023756626287291336,-12.490655778485815
[Cu][Si](CCC1OC(=O)OC1)(CCC1OC(=O)OC1)CCC[Au],3748983655041317245,55.0,-0.023394648132677668,-12.0679365809518
[Cu][Si](CCC1OC(=O)OC1)(CCC1OC(=O)OC1)CCC[Au],3748983655041317245,60.0,-0.06913060589588656,-11.672379689331123
[Cu][Si](CCC1OC(=O)OC1)(CCC1OC(=O)OC1)CCC[Au],3748983655041317245,65.0,-0.1135140290512821,-11.302147662691118
[Cu][Si](CCC1OC(=O)OC1)(CCC1OC(=O)OC1)CCC[Au],3748983655041317245,70.0,-0.1566040404871556,-10.955546482626891
[Cu][Si](CCC1OC(=O)OC1)(CCC1OC(=O)OC1)CCC[Au],3748983655041317245,75.0,-0.19845636668862224,-10.631012683038787
[Cu][Si](CCC1OC(=O)OC1)(CCC1OC(=O)OC1)CCC[Au],3748983655041317245,80.0,-0.23912357817392144,-10.327101788572145
[Cu][Si](CCC1OC(=O)OC1)(CCC1OC(=O)OC1)CCC[Au],5181368105923198333,25.0,0.28323492078524387,-18.402524998021974
[Cu][Si](CCC1OC(=O)OC1)(CCC1OC(=O)OC1)CCC[Au],5181368105923198333,30.0,0.22791550078391562,-17.616184566669133
[Cu][Si](CCC1OC(=O)OC1)(CCC1OC(=O)OC1)CCC[Au],5181368105923198333,35.0,0.17439129155660424,-16.88108626159641
[Cu][Si](CCC1OC(=O)OC1)(CCC1OC(=O)OC1)CCC[Au],5181368105923198333,40.0,0.12257630184796774,-16.19356305022923
[Cu][Si](CCC1OC(=O)OC1)(CCC1OC(=O)OC1)CCC[Au],5181368105923198333,45.0,0.07238994610785696,-15.550253447235246
[Cu][Si](CCC1OC(=O)OC1)(CCC1OC(=O)OC1)CCC[Au],5181368105923198333,50.0,0.023756626287291336,-14.948072161947842
[Cu][Si](CCC1OC(=O)OC1)(CCC1OC(=O)OC1)CCC[Au],5181368105923198333,55.0,-0.023394648132677668,-14.384183943707756
[Cu][Si](CCC1OC(=O)OC1)(CCC1OC(=O)OC1)CCC[Au],5181368105923198333,60.0,-0.06913060589588656,-13.855980235919766
[Cu][Si](CCC1OC(=O)OC1)(CCC1OC(=O)OC1)CCC[Au],5181368105923198333,65.0,-0.1135140290512821,-13.361058301865128
[Cu][Si](CCC1OC(=O)OC1)(CCC1OC(=O)OC1)CCC[Au],5181368105923198333,70.0,-0.1566040404871556,-12.897202529900648
[Cu][Si](CCC1OC(=O)OC1)(CCC1OC(=O)OC1)CCC[Au],5181368105923198333,75.0,-0.19845636668862224,-12.462367663825704
[Cu][Si](CCC1OC(=O)OC1)(CCC1OC(=O)OC1)CCC[Au],5181368105923198333,80.0,-0.23912357817392144,-12.054663736914694
[Cu][Si](CCC1OC(=O)OC1)(CCC1OC(=O)OC1)CCC[Au],6698125104114757469,25.0,0.28323492078524387,-18.791314512386972
[Cu][Si](CCC1OC(=O)OC1)(CCC1OC(=O)OC1)CCC[Au],6698125104114757469,30.0,0.22791550078391562,-17.798116646520093
[Cu][Si](CCC1OC(=O)OC1)(CCC1OC(=O)OC1)CCC[Au],6698125104114757469,35.0,0.17439129155660424,-16.883627705781855
[Cu][Si](CCC1OC(=O)OC1)(CCC1OC(=O)OC1)CCC[Au],6698125104114757469,40.0,0.12257630184796774,-16.041886740478393
[Cu][Si](CCC1OC(=O)OC1)(CCC1OC(=O)OC1)CCC[Au],6698125104114757469,45.0,0.07238994610785696,-15.26744308117649
[Cu][Si](CCC1OC(=O)OC1)(CCC1OC(=O)OC1)CCC[Au],6698125104114757469,50.0,0.023756626287291336,-14.555306536956
[Cu][Si](CCC1OC(=O)OC1)(CCC1OC(=O)OC1)CCC[Au],6698125104114757469,55.0,-0.023394648132677668,-13.900903076136949
[Cu][Si](CCC1OC(=O)OC1)(CCC1OC(=O)OC1)CCC[Au],6698125104114757469,60.0,-0.06913060589588656,-13.300035317316986
[Cu][Si](CCC1OC(=O)OC1)(CCC1OC(=O)OC1)CCC[Au],6698125104114757469,65.0,-0.1135140290512821,-12.748847249275752
[Cu][Si](CCC1OC(=O)OC1)(CCC1OC(=O)OC1)CCC[Au],6698125104114757469,70.0,-0.1566040404871556,-12.243792675677557
[Cu][Si](CCC1OC(=O)OC1)(CCC1OC(=O)OC1)CCC[Au],6698125104114757469,75.0,-0.19845636668862224,-11.781606946655176
[Cu][Si](CCC1OC(=O)OC1)(CCC1OC(=O)OC1)CCC[Au],6698125104114757469,80.0,-0.23912357817392144,-11.359281596044697
[Cu][Si](CCC1OC(=O)OC1)(CCC1OC(=O)OC1)CCC[Au],6966684092568677929,25.0,0.28323492078524387,-13.37604768442515
[Cu][Si](CCC1OC(=O)OC1)(CCC1OC(=O)OC1)CCC[Au],6966684092568677929,30.0,0.22791550078391562,-12.891946257795688
[Cu][Si](CCC1OC(=O)OC1)(CCC1OC(=O)OC1)CCC[Au],6966684092568677929,35.0,0.17439129155660424,-12.433947773776076
[Cu][Si](CCC1OC(=O)OC1)(CCC1OC(=O)OC1)CCC[Au],6966684092568677929,40.0,0.12257630184796774,-12.000312011339773
[Cu][Si](CCC1OC(=O)OC1)(CCC1OC(=O)OC1)CCC[Au],6966684092568677929,45.0,0.07238994610785696,-11.58943845731027
[Cu][Si](CCC1OC(=O)OC1)(CCC1OC(=O)OC1)CCC[Au],6966684092568677929,50.0,0.023756626287291336,-11.199853189353732
[Cu][Si](CCC1OC(=O)OC1)(CCC1OC(=O)OC1)CCC[Au],6966684092568677929,55.0,-0.023394648132677668,-10.830197166000927
[Cu][Si](CCC1OC(=O)OC1)(CCC1OC(=O)OC1)CCC[Au],6966684092568677929,60.0,-0.06913060589588656,-10.479215754370326
[Cu][Si](CCC1OC(=O)OC1)(CCC1OC(=O)OC1)CCC[Au],6966684092568677929,65.0,-0.1135140290512821,-10.145749348800992
[Cu][Si](CCC1OC(=O)OC1)(CCC1OC(=O)OC1)CCC[Au],6966684092568677929,70.0,-0.1566040404871556,-9.828724952860966
[Cu][Si](CCC1OC(=O)OC1)(CCC1OC(=O)OC1)CCC[Au],6966684092568677929,75.0,-0.19845636668862224,-9.527148613691768
[Cu][Si](CCC1OC(=O)OC1)(CCC1OC(=O)OC1)CCC[Au],6966684092568677929,80.0,-0.23912357817392144,-9.240098611811035
[Cu][Si](CCC1OC(=O)OC1)(CCC1OC(=O)OC1)CCC[Au],9292254399154102372,25.0,0.28323492078524387,-9.079292631107498
[Cu][Si](CCC1OC(=O)OC1)(CCC1OC(=O)OC1)CCC[Au],9292254399154102372,30.0,0.22791550078391562,-8.813575412434032
[Cu][Si](CCC1OC(=O)OC1)(CCC1OC(=O)OC1)CCC[Au],9292254399154102372,35.0,0.17439129155660424,-8.566122687925805
[Cu][Si](CCC1OC(=O)OC1)(CCC1OC(=O)OC1)CCC[Au],9292254399154102372,40.0,0.12257630184796774,-8.335605123648556
[Cu][Si](CCC1OC(=O)OC1)(CCC1OC(=O)OC1)CCC[Au],9292254399154102372,45.0,0.07238994610785696,-8.120805071960293
[Cu][Si](CCC1OC(=O)OC1)(CCC1OC(=O)OC1)CCC[Au],9292254399154102372,50.0,0.023756626287291336,-7.920605789288956
[Cu][Si](CCC1OC(=O)OC1)(CCC1OC(=O)OC1)CCC[Au],9292254399154102372,55.0,-0.023394648132677668,-7.733981832460128
[Cu][Si](CCC1OC(=O)OC1)(CCC1OC(=O)OC1)CCC[Au],9292254399154102372,60.0,-0.06913060589588656,-7.559990489805497
[Cu][Si](CCC1OC(=O)OC1)(CCC1OC(=O)OC1)CCC[Au],9292254399154102372,65.0,-0.1135140290512821,-7.397764122614793
[Cu][Si](CCC1OC(=O)OC1)(CCC1OC(=O)OC1)CCC[Au],9292254399154102372,70.0,-0.1566040404871556,-7.2465033089902136
[Cu][Si](CCC1OC(=O)OC1)(CCC1OC(=O)OC1)CCC[Au],9292254399154102372,75.0,-0.19845636668862224,-7.105470696272741
[Cu][Si](CCC1OC(=O)OC1)(CCC1OC(=O)OC1)CCC[Au],9292254399154102372,80.0,-0.23912357817392144,-6.973985480307615
[Cu][Si](CCC1OC(=O)OC1)(CCC1OC(=O)OC1)CCC[Au],9340162339681975326,25.0,0.28323492078524387,-15.148284868677575
[Cu][Si](CCC1OC(=O)OC1)(CCC1OC(=O)OC1)CCC[Au],9340162339681975326,30.0,0.22791550078391562,-14.449694865766551
[Cu][Si](CCC1OC(=O)OC1)(CCC1OC(=O)OC1)CCC[Au],9340162339681975326,35.0,0.17439129155660424,-13.801253491143406
[Cu][Si](CCC1OC(=O)OC1)(CCC1OC(=O)OC1)CCC[Au],9340162339681975326,40.0,0.12257630184796774,-13.199263408122173
[Cu][Si](CCC1OC(=O)OC1)(CCC1OC(=O)OC1)CCC[Au],9340162339681975326,45.0,0.07238994610785696,-12.640339848333614
[Cu][Si](CCC1OC(=O)OC1)(CCC1OC(=O)OC1)CCC[Au],9340162339681975326,50.0,0.023756626287291336,-12.121380326302592
[Cu][Si](CCC1OC(=O)OC1)(CCC1OC(=O)OC1)CCC[Au],9340162339681975326,55.0,-0.023394648132677668,-11.639537672307391
[Cu][Si](CCC1OC(=O)OC1)(CCC1OC(=O)OC1)CCC[Au],9340162339681975326,60.0,-0.06913060589588656,-11.192195978042587
[Cu][Si](CCC1OC(=O)OC1)(CCC1OC(=O)OC1)CCC[Au],9340162339681975326,65.0,-0.1135140290512821,-10.776949104198971
[Cu][Si](CCC1OC(=O)OC1)(CCC1OC(=O)OC1)CCC[Au],9340162339681975326,70.0,-0.1566040404871556,-10.391581445649972
[Cu][Si](CCC1OC(=O)OC1)(CCC1OC(=O)OC1)CCC[Au],9340162339681975326,75.0,-0.19845636668862224,-10.03405068976735
[Cu][Si](CCC1OC(=O)OC1)(CCC1OC(=O)OC1)CCC[Au],9340162339681975326,80.0,-0.23912357817392144,-9.702472337534417
