curve_set,split_c,sample_id,polyol_code,isocyanate_code,source,n_source_curves,target_c,offset_c,err_log,ape_pct
primary,47.5,C_44M_10,C,44M,a_same_polyol_same_iso,2,57.5,10.0,0.03998459456287451,3.919575935236963
primary,47.5,C_44M_10,C,44M,a_same_polyol_same_iso,2,67.5,20.0,0.018937336587297127,1.8759151783441876
primary,47.5,C_44M_10,C,44M,b_same_polyol_other_iso,4,57.5,10.0,-0.08544591085667186,8.920264571271467
primary,47.5,C_44M_10,C,44M,b_same_polyol_other_iso,4,67.5,20.0,-0.431443046586101,53.94774591195899
primary,47.5,C_44M_10,C,44M,c_other_polyol_same_iso,7,57.5,10.0,-0.09142499328716713,9.573458616071377
primary,47.5,C_44M_10,C,44M,c_other_polyol_same_iso,7,67.5,20.0,-0.21245870556084956,23.671504305673604
primary,47.5,C_44M_10,C,44M,d_all_other,33,57.5,10.0,-0.09047643510937275,9.469571095300097
primary,47.5,C_44M_10,C,44M,d_all_other,33,67.5,20.0,-0.22899744050336635,25.733882085124137
primary,47.5,C_44M_10,C,44M,ref_own_curve,1,57.5,10.0,-0.022298441827541815,2.2548910302559606
primary,47.5,C_44M_10,C,44M,ref_own_curve,1,67.5,20.0,-0.10193957251755181,10.731655735438604
primary,47.5,C_44M_6,C,44M,a_same_polyol_same_iso,2,57.5,10.0,-0.07158940499374822,7.421418652083911
primary,47.5,C_44M_6,C,44M,a_same_polyol_same_iso,2,67.5,20.0,-0.18456996343434717,20.27011234424904
primary,47.5,C_44M_6,C,44M,b_same_polyol_other_iso,4,57.5,10.0,-0.16199148835307753,17.585023285638968
primary,47.5,C_44M_6,C,44M,b_same_polyol_other_iso,4,67.5,20.0,-0.5663481176352274,76.18213248534897
primary,47.5,C_44M_6,C,44M,c_other_polyol_same_iso,7,57.5,10.0,-0.1679705707835728,18.290179826252956
primary,47.5,C_44M_6,C,44M,c_other_polyol_same_iso,7,67.5,20.0,-0.3473637766099755,41.533149622764256
primary,47.5,C_44M_6,C,44M,d_all_other,33,57.5,10.0,-0.16914494727609153,18.42917863522846
primary,47.5,C_44M_6,C,44M,d_all_other,33,67.5,20.0,-0.36806022239930103,44.492905344816094
primary,47.5,C_44M_6,C,44M,ref_own_curve,1,57.5,10.0,-0.02878717520350982,2.9205530707237437
primary,47.5,C_44M_6,C,44M,ref_own_curve,1,67.5,20.0,-0.09964018562162558,10.477333322142583
primary,47.5,C_44M_8,C,44M,a_same_polyol_same_iso,2,57.5,10.0,-0.03319482433780907,3.3751919656971454
primary,47.5,C_44M_8,C,44M,a_same_polyol_same_iso,2,67.5,20.0,-0.09211868606082918,9.649495302499327
primary,47.5,C_44M_8,C,44M,b_same_polyol_other_iso,4,57.5,10.0,-0.13137071542717704,14.03904632975331
primary,47.5,C_44M_8,C,44M,b_same_polyol_other_iso,4,67.5,20.0,-0.4902243891019613,63.26825350231091
primary,47.5,C_44M_8,C,44M,c_other_polyol_same_iso,7,57.5,10.0,-0.13734979785767232,14.722937672016018
primary,47.5,C_44M_8,C,44M,c_other_polyol_same_iso,7,67.5,20.0,-0.27124004807670987,31.158987722614818
primary,47.5,C_44M_8,C,44M,d_all_other,33,57.5,10.0,-0.13805303448776574,14.803643418391427
primary,47.5,C_44M_8,C,44M,d_all_other,33,67.5,20.0,-0.2909469454514779,33.76936113367316
primary,47.5,C_44M_8,C,44M,ref_own_curve,1,57.5,10.0,-0.013714017737691542,1.3808486232503132
primary,47.5,C_44M_8,C,44M,ref_own_curve,1,67.5,20.0,-0.056171554768887244,5.777913522680958
primary,47.5,C_MLQ_10,C,MLQ,a_same_polyol_same_iso,3,57.5,10.0,-0.12377654103485192,13.176294016499417
primary,47.5,C_MLQ_10,C,MLQ,a_same_polyol_same_iso,3,67.5,20.0,-0.5458824023625346,72.6130852504323
primary,47.5,C_MLQ_10,C,MLQ,b_same_polyol_other_iso,3,57.5,10.0,0.0056033799034755916,0.5587710251636374
primary,47.5,C_MLQ_10,C,MLQ,b_same_polyol_other_iso,3,67.5,20.0,-0.019434915727532864,1.9625003149545608
primary,47.5,C_MLQ_10,C,MLQ,c_other_polyol_same_iso,8,57.5,10.0,-0.046006028199709004,4.708072294962157
primary,47.5,C_MLQ_10,C,MLQ,c_other_polyol_same_iso,8,67.5,20.0,-0.05881465937748498,6.057865421498894
primary,47.5,C_MLQ_10,C,MLQ,d_all_other,33,57.5,10.0,-0.10442948048461664,11.007710900617875
primary,47.5,C_MLQ_10,C,MLQ,d_all_other,33,67.5,20.0,-0.22767056388690143,25.56715937178393
primary,47.5,C_MLQ_10,C,MLQ,ref_own_curve,1,57.5,10.0,-0.02493483043919653,2.5248303365585203
primary,47.5,C_MLQ_10,C,MLQ,ref_own_curve,1,67.5,20.0,-0.08044477637639691,8.37689953385918
primary,47.5,C_MLQ_4,C,MLQ,a_same_polyol_same_iso,3,57.5,10.0,0.0033719573859078977,0.33662787221322515
primary,47.5,C_MLQ_4,C,MLQ,a_same_polyol_same_iso,3,67.5,20.0,-0.5138387809753295,67.16961688840453
primary,47.5,C_MLQ_4,C,MLQ,b_same_polyol_other_iso,3,57.5,10.0,0.015979375839629384,1.5852382935737295
primary,47.5,C_MLQ_4,C,MLQ,b_same_polyol_other_iso,3,67.5,20.0,-0.4559347567990164,57.76474106415448
primary,47.5,C_MLQ_4,C,MLQ,c_other_polyol_same_iso,8,57.5,10.0,-0.03563003226355477,3.627238821189438
primary,47.5,C_MLQ_4,C,MLQ,c_other_polyol_same_iso,8,67.5,20.0,-0.4953145004489681,64.1014257629542
primary,47.5,C_MLQ_4,C,MLQ,d_all_other,33,57.5,10.0,-0.08343780250440691,8.701760341765633
primary,47.5,C_MLQ_4,C,MLQ,d_all_other,33,67.5,20.0,-0.6215755447348661,86.18591745942128
primary,47.5,C_MLQ_4,C,MLQ,ref_own_curve,1,57.5,10.0,-0.36487634195683327,44.03358880190355
primary,47.5,C_MLQ_4,C,MLQ,ref_own_curve,1,67.5,20.0,-1.922575004823866,583.8545103368789
primary,47.5,C_MLQ_6,C,MLQ,a_same_polyol_same_iso,3,57.5,10.0,-0.21082793839494762,23.469989233834625
primary,47.5,C_MLQ_6,C,MLQ,a_same_polyol_same_iso,3,67.5,20.0,-0.6674400322373333,94.92409341173442
primary,47.5,C_MLQ_6,C,MLQ,b_same_polyol_other_iso,3,57.5,10.0,-0.07197706255223002,7.463069449568859
primary,47.5,C_MLQ_6,C,MLQ,b_same_polyol_other_iso,3,67.5,20.0,-0.15421531733365645,16.674207952802124
primary,47.5,C_MLQ_6,C,MLQ,c_other_polyol_same_iso,8,57.5,10.0,-0.12358647065541462,13.15478459956867
primary,47.5,C_MLQ_6,C,MLQ,c_other_polyol_same_iso,8,67.5,20.0,-0.19359506098360812,21.36047475292606
primary,47.5,C_MLQ_6,C,MLQ,d_all_other,33,57.5,10.0,-0.18287091884072115,20.06594155684788
primary,47.5,C_MLQ_6,C,MLQ,d_all_other,33,67.5,20.0,-0.3612488953356303,43.51206112563892
primary,47.5,C_MLQ_6,C,MLQ,ref_own_curve,1,57.5,10.0,-0.0741024081816768,7.691708496985177
primary,47.5,C_MLQ_6,C,MLQ,ref_own_curve,1,67.5,20.0,-0.2548934931763229,29.032418522362075
primary,47.5,C_MLQ_8,C,MLQ,a_same_polyol_same_iso,3,57.5,10.0,-0.15477731414820672,16.739796914679292
primary,47.5,C_MLQ_8,C,MLQ,a_same_polyol_same_iso,3,67.5,20.0,-0.6208709251245885,86.05477341957892
primary,47.5,C_MLQ_8,C,MLQ,b_same_polyol_other_iso,3,57.5,10.0,-0.016937556225362638,1.7081809914957977
primary,47.5,C_MLQ_8,C,MLQ,b_same_polyol_other_iso,3,67.5,20.0,-0.0780948302858464,8.122518670214431
primary,47.5,C_MLQ_8,C,MLQ,c_other_polyol_same_iso,8,57.5,10.0,-0.06854696432854768,7.095092026080496
primary,47.5,C_MLQ_8,C,MLQ,c_other_polyol_same_iso,8,67.5,20.0,-0.11747457393579896,12.465303407994591
primary,47.5,C_MLQ_8,C,MLQ,d_all_other,33,57.5,10.0,-0.12773949270295581,13.625696090857753
primary,47.5,C_MLQ_8,C,MLQ,d_all_other,33,67.5,20.0,-0.28781489737282673,33.35104449902216
primary,47.5,C_MLQ_8,C,MLQ,ref_own_curve,1,57.5,10.0,-0.022096255614421967,2.2342185909771
primary,47.5,C_MLQ_8,C,MLQ,ref_own_curve,1,67.5,20.0,-0.09011886632329391,9.43043519095686
primary,47.5,D_44M_10,D,44M,a_same_polyol_same_iso,2,57.5,10.0,0.10975196183856928,10.39436360921572
primary,47.5,D_44M_10,D,44M,a_same_polyol_same_iso,2,67.5,20.0,0.20507865645377438,18.541675833759186
primary,47.5,D_44M_10,D,44M,b_same_polyol_other_iso,7,57.5,10.0,0.04401033038247537,4.305592817628398
primary,47.5,D_44M_10,D,44M,b_same_polyol_other_iso,7,67.5,20.0,0.0529899201540846,5.161042794512732
primary,47.5,D_44M_10,D,44M,c_other_polyol_same_iso,7,57.5,10.0,-0.06266590434690289,6.467107782636516
primary,47.5,D_44M_10,D,44M,c_other_polyol_same_iso,7,67.5,20.0,-0.09902239416790759,10.409102448182134
primary,47.5,D_44M_10,D,44M,d_all_other,33,57.5,10.0,-0.05875747623789995,6.051800873173015
primary,47.5,D_44M_10,D,44M,d_all_other,33,67.5,20.0,-0.11599672669441408,12.29921962306097
primary,47.5,D_44M_10,D,44M,ref_own_curve,1,57.5,10.0,-0.06903126328363896,7.146970628606638
primary,47.5,D_44M_10,D,44M,ref_own_curve,1,67.5,20.0,-0.20049025191311137,22.20017000032334
primary,47.5,D_44M_4,D,44M,a_same_polyol_same_iso,2,57.5,10.0,-0.15841759580246428,17.165537092642648
primary,47.5,D_44M_4,D,44M,a_same_polyol_same_iso,2,67.5,20.0,-0.3363911008278859,39.988641449732945
primary,47.5,D_44M_4,D,44M,b_same_polyol_other_iso,7,57.5,10.0,-0.09792411288608838,10.287908762181447
primary,47.5,D_44M_4,D,44M,b_same_polyol_other_iso,7,67.5,20.0,-0.2197223945101241,24.573086085605244
primary,47.5,D_44M_4,D,44M,c_other_polyol_same_iso,7,57.5,10.0,-0.2046003476154663,22.703457966222874
primary,47.5,D_44M_4,D,44M,c_other_polyol_same_iso,7,67.5,20.0,-0.37173470883211657,45.02481922182097
primary,47.5,D_44M_4,D,44M,d_all_other,33,57.5,10.0,-0.2083425324987349,23.163497230876118
primary,47.5,D_44M_4,D,44M,d_all_other,33,67.5,20.0,-0.40499737121422763,49.92985587168667
primary,47.5,D_44M_4,D,44M,ref_own_curve,1,57.5,10.0,0.041504522192714166,4.065500301129286
primary,47.5,D_44M_4,D,44M,ref_own_curve,1,67.5,20.0,0.06431231865751341,6.22879111883426
primary,47.5,D_44M_8,D,44M,a_same_polyol_same_iso,2,57.5,10.0,0.03169423198386734,3.1197234305157964
primary,47.5,D_44M_8,D,44M,a_same_polyol_same_iso,2,67.5,20.0,0.0008138549621552471,0.08135238720314061
primary,47.5,D_44M_8,D,44M,b_same_polyol_other_iso,7,57.5,10.0,0.018500711277504855,1.8330623647801445
primary,47.5,D_44M_8,D,44M,b_same_polyol_other_iso,7,67.5,20.0,-0.014463415588122919,1.456851687993233
primary,47.5,D_44M_8,D,44M,c_other_polyol_same_iso,7,57.5,10.0,-0.08817552345187307,9.217980837501274
primary,47.5,D_44M_8,D,44M,c_other_polyol_same_iso,7,67.5,20.0,-0.16647572991011494,18.113486927306106
primary,47.5,D_44M_8,D,44M,d_all_other,33,57.5,10.0,-0.08745182932770357,9.138969020157917
primary,47.5,D_44M_8,D,44M,d_all_other,33,67.5,20.0,-0.19174166642143775,21.135754221189917
primary,47.5,D_44M_8,D,44M,ref_own_curve,1,57.5,10.0,0.010555339110856377,1.0499827007025553
primary,47.5,D_44M_8,D,44M,ref_own_curve,1,67.5,20.0,0.005679343843513651,0.5663246858122482
primary,47.5,D_I_5,D,I,b_same_polyol_other_iso,9,57.5,10.0,-0.07219891977278436,7.486913552364564
primary,47.5,D_I_5,D,I,b_same_polyol_other_iso,9,67.5,20.0,-0.11233722341711916,11.889011297958925
primary,47.5,D_I_5,D,I,c_other_polyol_same_iso,2,57.5,10.0,-0.30335752488694023,35.43986090998397
primary,47.5,D_I_5,D,I,c_other_polyol_same_iso,2,67.5,20.0,-0.5088303669157566,66.3344553919176
primary,47.5,D_I_5,D,I,d_all_other,33,57.5,10.0,-0.19301136911074002,21.289658299630062
primary,47.5,D_I_5,D,I,d_all_other,33,67.5,20.0,-0.346455669082969,41.40468064492235
primary,47.5,D_I_5,D,I,ref_own_curve,1,57.5,10.0,-0.24708639501338858,28.028971864768724
primary,47.5,D_I_5,D,I,ref_own_curve,1,67.5,20.0,-0.8304615430404023,129.4377449869407
primary,47.5,D_MLQ_10,D,MLQ,a_same_polyol_same_iso,3,57.5,10.0,0.11318231391944156,10.701215883895014
primary,47.5,D_MLQ_10,D,MLQ,a_same_polyol_same_iso,3,67.5,20.0,0.24586910432763537,21.797541814026054
primary,47.5,D_MLQ_10,D,MLQ,b_same_polyol_other_iso,6,57.5,10.0,0.01776590279758805,1.760901957765705
primary,47.5,D_MLQ_10,D,MLQ,b_same_polyol_other_iso,6,67.5,20.0,-0.04288711210108498,4.382005354661888
primary,47.5,D_MLQ_10,D,MLQ,c_other_polyol_same_iso,8,57.5,10.0,-0.07495768917623968,7.783854568309305
primary,47.5,D_MLQ_10,D,MLQ,c_other_polyol_same_iso,8,67.5,20.0,-0.22298018574194728,24.979580971395748
primary,47.5,D_MLQ_10,D,MLQ,d_all_other,33,57.5,10.0,-0.061145297194652004,6.3053361637744265
primary,47.5,D_MLQ_10,D,MLQ,d_all_other,33,67.5,20.0,-0.13079041943514463,13.972889125469704
primary,47.5,D_MLQ_10,D,MLQ,ref_own_curve,1,57.5,10.0,0.013500858792744985,1.341013095885299
primary,47.5,D_MLQ_10,D,MLQ,ref_own_curve,1,67.5,20.0,0.022232800515739892,2.1987473273691243
primary,47.5,D_MLQ_4,D,MLQ,a_same_polyol_same_iso,3,57.5,10.0,-0.041875466919631954,4.27646119753482
primary,47.5,D_MLQ_4,D,MLQ,a_same_polyol_same_iso,3,67.5,20.0,-0.059690454829521844,6.150791103693065
primary,47.5,D_MLQ_4,D,MLQ,b_same_polyol_other_iso,6,57.5,10.0,-0.08761627532445537,9.156917962478312
primary,47.5,D_MLQ_4,D,MLQ,b_same_polyol_other_iso,6,67.5,20.0,-0.23384643627128243,26.345045714653605
primary,47.5,D_MLQ_4,D,MLQ,c_other_polyol_same_iso,8,57.5,10.0,-0.180339867298283,19.76243273054633
primary,47.5,D_MLQ_4,D,MLQ,c_other_polyol_same_iso,8,67.5,20.0,-0.41393950991214457,51.27656167916312
primary,47.5,D_MLQ_4,D,MLQ,d_all_other,33,57.5,10.0,-0.17104343920006304,18.654229035018037
primary,47.5,D_MLQ_4,D,MLQ,d_all_other,33,67.5,20.0,-0.3321679467859764,39.39869444811522
primary,47.5,D_MLQ_4,D,MLQ,ref_own_curve,1,57.5,10.0,0.05714548882180459,5.554334851508715
primary,47.5,D_MLQ_4,D,MLQ,ref_own_curve,1,67.5,20.0,0.1750741813064658,16.060524893966246
primary,47.5,D_MLQ_6,D,MLQ,a_same_polyol_same_iso,3,57.5,10.0,0.0022350912428019676,0.22325952862799703
primary,47.5,D_MLQ_6,D,MLQ,a_same_polyol_same_iso,3,67.5,20.0,0.044575754716639215,4.35968547000058
primary,47.5,D_MLQ_6,D,MLQ,b_same_polyol_other_iso,6,57.5,10.0,-0.06620596468313211,6.844675680272683
primary,47.5,D_MLQ_6,D,MLQ,b_same_polyol_other_iso,6,67.5,20.0,-0.18952839790558795,20.867944746690853
primary,47.5,D_MLQ_6,D,MLQ,c_other_polyol_same_iso,8,57.5,10.0,-0.15892955665695974,17.225536618523776
primary,47.5,D_MLQ_6,D,MLQ,c_other_polyol_same_iso,8,67.5,20.0,-0.36962147154645053,44.71867096238517
primary,47.5,D_MLQ_6,D,MLQ,d_all_other,33,57.5,10.0,-0.14756946969318419,15.901379836606203
primary,47.5,D_MLQ_6,D,MLQ,d_all_other,33,67.5,20.0,-0.2824000746766042,32.63092365954936
primary,47.5,D_MLQ_6,D,MLQ,ref_own_curve,1,57.5,10.0,0.010455056899805637,1.0400592766211352
primary,47.5,D_MLQ_6,D,MLQ,ref_own_curve,1,67.5,20.0,0.03954770613078562,3.877590338569946
primary,47.5,D_MLQ_8,D,MLQ,a_same_polyol_same_iso,3,57.5,10.0,0.05511898717245467,5.362746493816381
primary,47.5,D_MLQ_8,D,MLQ,a_same_polyol_same_iso,3,67.5,20.0,0.12599115678405148,11.837735687163809
primary,47.5,D_MLQ_8,D,MLQ,b_same_polyol_other_iso,6,57.5,10.0,-0.017266926735677535,1.7416861844805218
primary,47.5,D_MLQ_8,D,MLQ,b_same_polyol_other_iso,6,67.5,20.0,-0.1083810546263081,11.447233932537989
primary,47.5,D_MLQ_8,D,MLQ,c_other_polyol_same_iso,8,57.5,10.0,-0.10999051870950538,11.626748675238616
primary,47.5,D_MLQ_8,D,MLQ,c_other_polyol_same_iso,8,67.5,20.0,-0.28847412826717045,33.438982609923954
primary,47.5,D_MLQ_8,D,MLQ,d_all_other,33,57.5,10.0,-0.0982718082928018,10.326262028715004
primary,47.5,D_MLQ_8,D,MLQ,d_all_other,33,67.5,20.0,-0.2012283624165837,22.290400525279264
primary,47.5,D_MLQ_8,D,MLQ,ref_own_curve,1,57.5,10.0,0.0475595209006634,4.644628493245425
primary,47.5,D_MLQ_8,D,MLQ,ref_own_curve,1,67.5,20.0,0.11989087304566315,11.298277107562111
primary,47.5,D_TD80_10,D,TD80,b_same_polyol_other_iso,9,57.5,10.0,0.051125054419646765,4.9840158585011185
primary,47.5,D_TD80_10,D,TD80,b_same_polyol_other_iso,9,67.5,20.0,0.054977710266419406,5.349375490960635
primary,47.5,D_TD80_10,D,TD80,c_other_polyol_same_iso,3,57.5,10.0,-0.13103285639898854,14.000523716357598
primary,47.5,D_TD80_10,D,TD80,c_other_polyol_same_iso,3,67.5,20.0,-0.18091629751768742,19.831487316584624
primary,47.5,D_TD80_10,D,TD80,d_all_other,33,57.5,10.0,-0.061885521292227796,6.3840550665237386
primary,47.5,D_TD80_10,D,TD80,d_all_other,33,67.5,20.0,-0.13278544725901323,14.200495175150788
primary,47.5,D_TD80_10,D,TD80,ref_own_curve,1,57.5,10.0,-0.016486658462359527,1.662331337737577
primary,47.5,D_TD80_10,D,TD80,ref_own_curve,1,67.5,20.0,-0.025761397426190498,2.6096090094611646
primary,47.5,D_W_5,D,W,b_same_polyol_other_iso,9,57.5,10.0,-0.03521758127083352,3.5845064767694024
primary,47.5,D_W_5,D,W,b_same_polyol_other_iso,9,67.5,20.0,-0.12116878247951779,12.881542055526877
primary,47.5,D_W_5,D,W,c_other_polyol_same_iso,2,57.5,10.0,-0.2778086004199527,32.02334808911614
primary,47.5,D_W_5,D,W,c_other_polyol_same_iso,2,67.5,20.0,-0.49092562115257365,63.3827825855531
primary,47.5,D_W_5,D,W,d_all_other,33,57.5,10.0,-0.14038976273499193,15.072222010232805
primary,47.5,D_W_5,D,W,d_all_other,33,67.5,20.0,-0.2929868059448808,34.04251046722941
primary,47.5,D_W_5,D,W,ref_own_curve,1,57.5,10.0,0.004948626753291219,0.4936402472699639
primary,47.5,D_W_5,D,W,ref_own_curve,1,67.5,20.0,0.017337703153938788,1.7188270033942485
primary,47.5,P_44M_10,P,44M,a_same_polyol_same_iso,3,57.5,10.0,0.03462535791870425,3.4032759546523463
primary,47.5,P_44M_10,P,44M,a_same_polyol_same_iso,3,67.5,20.0,0.07547859027597453,7.2700416450353
primary,47.5,P_44M_10,P,44M,b_same_polyol_other_iso,13,57.5,10.0,0.02793037613945104,2.754392940983128
primary,47.5,P_44M_10,P,44M,b_same_polyol_other_iso,13,67.5,20.0,0.07088866994709883,6.843440239802104
primary,47.5,P_44M_10,P,44M,c_other_polyol_same_iso,6,57.5,10.0,0.21607858184276008,19.43280118036331
primary,47.5,P_44M_10,P,44M,c_other_polyol_same_iso,6,67.5,20.0,0.3498653304639282,29.52170038728113
primary,47.5,P_44M_10,P,44M,d_all_other,33,57.5,10.0,0.11154187716243069,10.55460665737004
primary,47.5,P_44M_10,P,44M,d_all_other,33,67.5,20.0,0.16102276167839666,14.872730550867002
primary,47.5,P_44M_10,P,44M,ref_own_curve,1,57.5,10.0,-0.021713863744575956,2.1951325305399934
primary,47.5,P_44M_10,P,44M,ref_own_curve,1,67.5,20.0,-0.08702748661604531,9.092666518855594
primary,47.5,P_44M_4,P,44M,a_same_polyol_same_iso,3,57.5,10.0,-0.04600605948480041,4.708075570763822
primary,47.5,P_44M_4,P,44M,a_same_polyol_same_iso,3,67.5,20.0,-0.08328226774941339,8.684854754840751
primary,47.5,P_44M_4,P,44M,b_same_polyol_other_iso,13,57.5,10.0,-0.04009706337655938,4.091180370354415
primary,47.5,P_44M_4,P,44M,b_same_polyol_other_iso,13,67.5,20.0,-0.05857142155780615,6.032071274737161
primary,47.5,P_44M_4,P,44M,c_other_polyol_same_iso,6,57.5,10.0,0.14805114232674965,13.761299066399271
primary,47.5,P_44M_4,P,44M,c_other_polyol_same_iso,6,67.5,20.0,0.2204052389590232,19.780634803444215
primary,47.5,P_44M_4,P,44M,d_all_other,33,57.5,10.0,0.04236862147482956,4.148361428173173
primary,47.5,P_44M_4,P,44M,d_all_other,33,67.5,20.0,0.028898964126173876,2.8485382663661722
primary,47.5,P_44M_4,P,44M,ref_own_curve,1,57.5,10.0,-0.05192936959809469,5.330134478871526
primary,47.5,P_44M_4,P,44M,ref_own_curve,1,67.5,20.0,-0.12858527855946678,13.721839750289892
primary,47.5,P_44M_6,P,44M,a_same_polyol_same_iso,3,57.5,10.0,-0.01782707746706902,1.798692829076018
primary,47.5,P_44M_6,P,44M,a_same_polyol_same_iso,3,67.5,20.0,-0.059709161176628056,6.152776815809701
primary,47.5,P_44M_6,P,44M,b_same_polyol_other_iso,13,57.5,10.0,0.008952008255139088,0.8912058328807296
primary,47.5,P_44M_6,P,44M,b_same_polyol_other_iso,13,67.5,20.0,0.035649724122975734,3.502175710775673
primary,47.5,P_44M_6,P,44M,c_other_polyol_same_iso,6,57.5,10.0,0.19710021395844812,17.889165732794257
primary,47.5,P_44M_6,P,44M,c_other_polyol_same_iso,6,67.5,20.0,0.3146263846398051,26.993841445642865
primary,47.5,P_44M_6,P,44M,d_all_other,33,57.5,10.0,0.08952041223252971,8.563039939109272
primary,47.5,P_44M_6,P,44M,d_all_other,33,67.5,20.0,0.11669756079713323,11.014572071084066
primary,47.5,P_44M_6,P,44M,ref_own_curve,1,57.5,10.0,0.05972997087552456,5.798112822547154
primary,47.5,P_44M_6,P,44M,ref_own_curve,1,67.5,20.0,0.17757998444536005,16.270597384090223
primary,47.5,P_44M_8,P,44M,a_same_polyol_same_iso,3,57.5,10.0,0.016792095722030442,1.6651894337929314
primary,47.5,P_44M_8,P,44M,a_same_polyol_same_iso,3,67.5,20.0,0.0342904045471224,3.3709151368696415
primary,47.5,P_44M_8,P,44M,b_same_polyol_other_iso,13,57.5,10.0,0.020358290217080577,2.0152459381226073
primary,47.5,P_44M_8,P,44M,b_same_polyol_other_iso,13,67.5,20.0,0.06295698896123492,6.101614050821026
primary,47.5,P_44M_8,P,44M,c_other_polyol_same_iso,6,57.5,10.0,0.2085064959203896,18.82042386752221
primary,47.5,P_44M_8,P,44M,c_other_polyol_same_iso,6,67.5,20.0,0.3419336494780643,28.960466175303413
primary,47.5,P_44M_8,P,44M,d_all_other,33,57.5,10.0,0.10303695703330407,9.7906365839022
primary,47.5,P_44M_8,P,44M,d_all_other,33,67.5,20.0,0.15006776207952977,13.93503449612811
primary,47.5,P_44M_8,P,44M,ref_own_curve,1,57.5,10.0,0.0014975791559870277,0.14964583438942314
primary,47.5,P_44M_8,P,44M,ref_own_curve,1,67.5,20.0,0.004810346627129203,0.4798795438954611
primary,47.5,P_I_5,P,I,a_same_polyol_same_iso,1,57.5,10.0,-0.004437086448727867,0.44469448923337906
primary,47.5,P_I_5,P,I,a_same_polyol_same_iso,1,67.5,20.0,-0.026924803968427002,2.7290551686279323
primary,47.5,P_I_5,P,I,b_same_polyol_other_iso,15,57.5,10.0,0.0374266097391196,3.673489059557433
primary,47.5,P_I_5,P,I,b_same_polyol_other_iso,15,67.5,20.0,0.08206254954058706,7.878566463924817
primary,47.5,P_I_5,P,I,c_other_polyol_same_iso,1,57.5,10.0,0.06272972669544086,6.080272065853737
primary,47.5,P_I_5,P,I,c_other_polyol_same_iso,1,67.5,20.0,-0.3039663662714196,35.52234741046361
primary,47.5,P_I_5,P,I,d_all_other,33,57.5,10.0,0.11817976613151215,11.146369047822219
primary,47.5,P_I_5,P,I,d_all_other,33,67.5,20.0,0.1689419079906732,15.544203596987172
primary,47.5,P_I_5,P,I,ref_own_curve,1,57.5,10.0,0.01735428009250728,1.7204561908579452
primary,47.5,P_I_5,P,I,ref_own_curve,1,67.5,20.0,0.06225442367488421,6.03562112495384
primary,47.5,P_I_9,P,I,a_same_polyol_same_iso,1,57.5,10.0,0.012782294268154248,1.2700947712192836
primary,47.5,P_I_9,P,I,a_same_polyol_same_iso,1,67.5,20.0,0.058036450087441044,5.638444805943606
primary,47.5,P_I_9,P,I,b_same_polyol_other_iso,15,57.5,10.0,0.03285462391476668,3.2320773218287497
primary,47.5,P_I_9,P,I,b_same_polyol_other_iso,15,67.5,20.0,0.07784457595314392,7.489180056949688
primary,47.5,P_I_9,P,I,c_other_polyol_same_iso,1,57.5,10.0,0.05815774087108777,5.6498892988494305
primary,47.5,P_I_9,P,I,c_other_polyol_same_iso,1,67.5,20.0,-0.3081843398588628,36.095184348594096
primary,47.5,P_I_9,P,I,d_all_other,33,57.5,10.0,0.11426812474780246,10.79812484872487
primary,47.5,P_I_9,P,I,d_all_other,33,67.5,20.0,0.16742633524090614,15.416107648553767
primary,47.5,P_I_9,P,I,ref_own_curve,1,57.5,10.0,-0.009009072273081009,0.9049776107463621
primary,47.5,P_I_9,P,I,ref_own_curve,1,67.5,20.0,-0.031142777555870096,3.163278737982146
primary,47.5,P_MLQ_10,P,MLQ,a_same_polyol_same_iso,3,57.5,10.0,0.06800679712424185,6.574587668571782
primary,47.5,P_MLQ_10,P,MLQ,a_same_polyol_same_iso,3,67.5,20.0,0.16144930892393863,14.90903361013565
primary,47.5,P_MLQ_10,P,MLQ,b_same_polyol_other_iso,13,57.5,10.0,0.007851727912777884,0.7820983615078256
primary,47.5,P_MLQ_10,P,MLQ,b_same_polyol_other_iso,13,67.5,20.0,0.04020288335761846,3.9405469262550987
primary,47.5,P_MLQ_10,P,MLQ,c_other_polyol_same_iso,8,57.5,10.0,0.17867509299957784,16.362239980680094
primary,47.5,P_MLQ_10,P,MLQ,c_other_polyol_same_iso,8,67.5,20.0,0.21859089897642664,19.63495748766237
primary,47.5,P_MLQ_10,P,MLQ,d_all_other,33,57.5,10.0,0.10457216228966892,9.929020221968463
primary,47.5,P_MLQ_10,P,MLQ,d_all_other,33,67.5,20.0,0.16181395882382457,14.940056365944757
primary,47.5,P_MLQ_10,P,MLQ,ref_own_curve,1,57.5,10.0,0.0700417641145612,6.764511988321391
primary,47.5,P_MLQ_10,P,MLQ,ref_own_curve,1,67.5,20.0,0.22108815862182107,19.835399483207365
primary,47.5,P_MLQ_4,P,MLQ,a_same_polyol_same_iso,3,57.5,10.0,0.023600688360339017,2.3324370149915055
primary,47.5,P_MLQ_4,P,MLQ,a_same_polyol_same_iso,3,67.5,20.0,0.09565652613532638,9.122389669094073
primary,47.5,P_MLQ_4,P,MLQ,b_same_polyol_other_iso,13,57.5,10.0,-0.035995224882935606,3.6650896349720004
primary,47.5,P_MLQ_4,P,MLQ,b_same_polyol_other_iso,13,67.5,20.0,-0.03945184915731792,4.024040922674179
primary,47.5,P_MLQ_4,P,MLQ,c_other_polyol_same_iso,8,57.5,10.0,0.1348281402038638,12.613391876981805
primary,47.5,P_MLQ_4,P,MLQ,c_other_polyol_same_iso,8,67.5,20.0,0.1389361664614901,12.971642003437566
primary,47.5,P_MLQ_4,P,MLQ,d_all_other,33,57.5,10.0,0.06067437713321144,5.887035678023658
primary,47.5,P_MLQ_4,P,MLQ,d_all_other,33,67.5,20.0,0.08341940355673794,8.003477039120098
primary,47.5,P_MLQ_4,P,MLQ,ref_own_curve,1,57.5,10.0,0.02787227922341806,2.748743106997868
primary,47.5,P_MLQ_4,P,MLQ,ref_own_curve,1,67.5,20.0,0.09984757692792234,9.502465335356835
primary,47.5,P_MLQ_6,P,MLQ,a_same_polyol_same_iso,3,57.5,10.0,0.049040494696433345,4.785742780659934
primary,47.5,P_MLQ_6,P,MLQ,a_same_polyol_same_iso,3,67.5,20.0,0.194900408453081,17.70833904867588
primary,47.5,P_MLQ_6,P,MLQ,b_same_polyol_other_iso,13,57.5,10.0,-0.026842370145173877,2.7205871688807943
primary,47.5,P_MLQ_6,P,MLQ,b_same_polyol_other_iso,13,67.5,20.0,-0.0063809071213380975,0.6401308479156399
primary,47.5,P_MLQ_6,P,MLQ,c_other_polyol_same_iso,8,57.5,10.0,0.14398099494162575,13.40957955372206
primary,47.5,P_MLQ_6,P,MLQ,c_other_polyol_same_iso,8,67.5,20.0,0.17200710849747014,15.80268120170496
primary,47.5,P_MLQ_6,P,MLQ,d_all_other,33,57.5,10.0,0.07130786383445864,6.8824827164655416
primary,47.5,P_MLQ_6,P,MLQ,d_all_other,33,67.5,20.0,0.1225060674365166,11.52994629371459
primary,47.5,P_MLQ_6,P,MLQ,ref_own_curve,1,57.5,10.0,-0.01183572083382689,1.1906040130331657
primary,47.5,P_MLQ_6,P,MLQ,ref_own_curve,1,67.5,20.0,-0.06560030188145571,6.779983427479075
primary,47.5,P_MLQ_8,P,MLQ,a_same_polyol_same_iso,3,57.5,10.0,0.052076020837354076,5.074329918939635
primary,47.5,P_MLQ_8,P,MLQ,a_same_polyol_same_iso,3,67.5,20.0,0.10451630458687566,9.923988923432644
primary,47.5,P_MLQ_8,P,MLQ,b_same_polyol_other_iso,13,57.5,10.0,0.005054624297522237,0.5041871180580453
primary,47.5,P_MLQ_8,P,MLQ,b_same_polyol_other_iso,13,67.5,20.0,0.017527869057089696,1.7375149544580148
primary,47.5,P_MLQ_8,P,MLQ,c_other_polyol_same_iso,8,57.5,10.0,0.1758779893843223,16.12796901241256
primary,47.5,P_MLQ_8,P,MLQ,c_other_polyol_same_iso,8,67.5,20.0,0.19591588467589782,17.791861858816834
primary,47.5,P_MLQ_8,P,MLQ,d_all_other,33,57.5,10.0,0.10058108843153946,9.568821978426616
primary,47.5,P_MLQ_8,P,MLQ,d_all_other,33,67.5,20.0,0.13602458179270704,12.717882328422665
primary,47.5,P_MLQ_8,P,MLQ,ref_own_curve,1,57.5,10.0,0.1066456785141916,10.11559036494158
primary,47.5,P_MLQ_8,P,MLQ,ref_own_curve,1,67.5,20.0,0.3011871144308581,26.006069352960736
primary,47.5,P_TD80_10,P,TD80,a_same_polyol_same_iso,2,57.5,10.0,0.036535647472034694,3.5876275289774258
primary,47.5,P_TD80_10,P,TD80,a_same_polyol_same_iso,2,67.5,20.0,0.087168818206207,8.347764308807937
primary,47.5,P_TD80_10,P,TD80,b_same_polyol_other_iso,14,57.5,10.0,0.03128947916171548,3.0805029283944267
primary,47.5,P_TD80_10,P,TD80,b_same_polyol_other_iso,14,67.5,20.0,0.07619268110853396,7.336235621131612
primary,47.5,P_TD80_10,P,TD80,c_other_polyol_same_iso,1,57.5,10.0,0.15913016375931113,14.711466301795426
primary,47.5,P_TD80_10,P,TD80,c_other_polyol_same_iso,1,67.5,20.0,0.2799664634534184,24.419091174260384
primary,47.5,P_TD80_10,P,TD80,d_all_other,33,57.5,10.0,0.11671462096687896,11.016090164639927
primary,47.5,P_TD80_10,P,TD80,d_all_other,33,67.5,20.0,0.17536269876545144,16.0847394047099
primary,47.5,P_TD80_10,P,TD80,ref_own_curve,1,57.5,10.0,0.0606806025239659,5.887621566177928
primary,47.5,P_TD80_10,P,TD80,ref_own_curve,1,67.5,20.0,0.2000970536733151,18.134870389320255
primary,47.5,P_TD80_4,P,TD80,a_same_polyol_same_iso,2,57.5,10.0,0.026785319298169075,2.6429774169551625
primary,47.5,P_TD80_4,P,TD80,a_same_polyol_same_iso,2,67.5,20.0,0.09199495869742746,8.78902522452823
primary,47.5,P_TD80_4,P,TD80,b_same_polyol_other_iso,14,57.5,10.0,0.012535820258053443,1.2457574164211642
primary,47.5,P_TD80_4,P,TD80,b_same_polyol_other_iso,14,67.5,20.0,0.028768341121477414,2.8358472216707216
primary,47.5,P_TD80_4,P,TD80,c_other_polyol_same_iso,1,57.5,10.0,0.14037650485564912,13.096902058752056
primary,47.5,P_TD80_4,P,TD80,c_other_polyol_same_iso,1,67.5,20.0,0.23254212346636183,20.74836348927937
primary,47.5,P_TD80_4,P,TD80,d_all_other,33,57.5,10.0,0.09850661847108366,9.381030499586942
primary,47.5,P_TD80_4,P,TD80,d_all_other,33,67.5,20.0,0.1311050545649578,12.287437650009771
primary,47.5,P_TD80_4,P,TD80,ref_own_curve,1,57.5,10.0,0.02392028216071118,2.3636459752582226
primary,47.5,P_TD80_4,P,TD80,ref_own_curve,1,67.5,20.0,0.048171752729703865,4.702990219475675
primary,47.5,P_TD80_7,P,TD80,a_same_polyol_same_iso,2,57.5,10.0,0.04583169218844152,4.479728325893873
primary,47.5,P_TD80_7,P,TD80,a_same_polyol_same_iso,2,67.5,20.0,0.1259267846194111,11.832060308704156
primary,47.5,P_TD80_7,P,TD80,b_same_polyol_other_iso,14,57.5,10.0,0.02544389955598292,2.5122931531922807
primary,47.5,P_TD80_7,P,TD80,b_same_polyol_other_iso,14,67.5,20.0,0.0542728925328933,5.2826405370905265
primary,47.5,P_TD80_7,P,TD80,c_other_polyol_same_iso,1,57.5,10.0,0.1532845841535787,14.211445356327953
primary,47.5,P_TD80_7,P,TD80,c_other_polyol_same_iso,1,67.5,20.0,0.25804667487777777,22.744082783954887
primary,47.5,P_TD80_7,P,TD80,d_all_other,33,57.5,10.0,0.11178671556248843,10.576503643647655
primary,47.5,P_TD80_7,P,TD80,d_all_other,33,67.5,20.0,0.1571203498861056,14.539879852888848
primary,47.5,P_TD80_7,P,TD80,ref_own_curve,1,57.5,10.0,0.024551774273958604,2.4252830990639804
primary,47.5,P_TD80_7,P,TD80,ref_own_curve,1,67.5,20.0,0.05682175511999693,5.5237546570578075
primary,47.5,P_TDS_10,P,TDS,a_same_polyol_same_iso,2,57.5,10.0,-0.05782349798858716,5.9527970387678675
primary,47.5,P_TDS_10,P,TDS,a_same_polyol_same_iso,2,67.5,20.0,0.027950503058615073,2.7563501757588424
primary,47.5,P_TDS_10,P,TDS,b_same_polyol_other_iso,15,57.5,10.0,-0.04613515114885253,4.72159338297861
primary,47.5,P_TDS_10,P,TDS,b_same_polyol_other_iso,15,67.5,20.0,0.07397831414454042,7.1308166900223044
primary,47.5,P_TDS_10,P,TDS,d_all_other,34,57.5,10.0,0.0339207457809626,3.335188745703974
primary,47.5,P_TDS_10,P,TDS,d_all_other,34,67.5,20.0,0.15988097347975408,14.775477728730566
primary,47.5,P_TDS_4,P,TDS,a_same_polyol_same_iso,1,57.5,10.0,-0.036701838026823586,3.73836663606751
primary,47.5,P_TDS_4,P,TDS,a_same_polyol_same_iso,1,67.5,20.0,-0.10659464355124226,11.248321082513204
primary,47.5,P_TDS_4,P,TDS,b_same_polyol_other_iso,15,57.5,10.0,0.005537707290937943,0.5522402454185686
primary,47.5,P_TDS_4,P,TDS,b_same_polyol_other_iso,15,67.5,20.0,0.027863843728086368,2.7479227410142535
primary,47.5,P_TDS_4,P,TDS,d_all_other,33,57.5,10.0,0.08744793892655567,8.373342776949338
primary,47.5,P_TDS_4,P,TDS,d_all_other,33,67.5,20.0,0.11508467864595673,10.870933257561806
primary,47.5,P_TDS_4,P,TDS,ref_own_curve,1,57.5,10.0,0.024400558929219107,2.410527188978049
primary,47.5,P_TDS_4,P,TDS,ref_own_curve,1,67.5,20.0,0.07026670883553043,6.78548246046968
primary,47.5,P_TDS_7,P,TDS,a_same_polyol_same_iso,1,57.5,10.0,0.04008299551912664,3.9290298756960276
primary,47.5,P_TDS_7,P,TDS,a_same_polyol_same_iso,1,67.5,20.0,0.11043753605916068,10.455773870493623
primary,47.5,P_TDS_7,P,TDS,b_same_polyol_other_iso,15,57.5,10.0,0.021220143880845588,2.0996580767234367
primary,47.5,P_TDS_7,P,TDS,b_same_polyol_other_iso,15,67.5,20.0,0.06803467095171656,6.577191756103751
primary,47.5,P_TDS_7,P,TDS,d_all_other,33,57.5,10.0,0.1049819633030098,9.965923838667889
primary,47.5,P_TDS_7,P,TDS,d_all_other,33,67.5,20.0,0.1606149407903972,14.838006792191505
primary,47.5,P_TDS_7,P,TDS,ref_own_curve,1,57.5,10.0,-0.021019401436916052,2.1241865004944063
primary,47.5,P_TDS_7,P,TDS,ref_own_curve,1,67.5,20.0,-0.06642381632761213,6.86795450414653
primary,47.5,P_W_5,P,W,a_same_polyol_same_iso,1,57.5,10.0,0.03647488668448476,3.5817692593217925
primary,47.5,P_W_5,P,W,a_same_polyol_same_iso,1,67.5,20.0,0.08871196500097389,8.4890880928313
primary,47.5,P_W_5,P,W,b_same_polyol_other_iso,15,57.5,10.0,0.09267083340267142,8.850651587023878
primary,47.5,P_W_5,P,W,b_same_polyol_other_iso,15,67.5,20.0,0.18994335994695888,17.299402572092124
primary,47.5,P_W_5,P,W,c_other_polyol_same_iso,1,57.5,10.0,0.30713056098240027,26.444544008816468
primary,47.5,P_W_5,P,W,c_other_polyol_same_iso,1,67.5,20.0,0.5670252654393733,43.27897685698686
primary,47.5,P_W_5,P,W,d_all_other,33,57.5,10.0,0.17072728604104576,15.694854597599356
primary,47.5,P_W_5,P,W,d_all_other,33,67.5,20.0,0.27301025173979054,23.891501485628638
primary,47.5,P_W_5,P,W,ref_own_curve,1,57.5,10.0,0.012271780933836282,1.2196789702296726
primary,47.5,P_W_5,P,W,ref_own_curve,1,67.5,20.0,0.028811917264774667,2.84008116846534
primary,47.5,P_W_9,P,W,a_same_polyol_same_iso,1,57.5,10.0,0.00496765184134601,0.49553334651802444
primary,47.5,P_W_9,P,W,a_same_polyol_same_iso,1,67.5,20.0,0.01029284764453442,1.0240057563551284
primary,47.5,P_W_9,P,W,b_same_polyol_other_iso,15,57.5,10.0,0.08536670431018123,8.18244762626198
primary,47.5,P_W_9,P,W,b_same_polyol_other_iso,15,67.5,20.0,0.1714242903267187,15.75359517165509
primary,47.5,P_W_9,P,W,c_other_polyol_same_iso,1,57.5,10.0,0.29982643188991,25.90531857402489
primary,47.5,P_W_9,P,W,c_other_polyol_same_iso,1,67.5,20.0,0.5485061958191332,42.218769554237184
primary,47.5,P_W_9,P,W,d_all_other,33,57.5,10.0,0.16268972950156713,15.014516760555669
primary,47.5,P_W_9,P,W,d_all_other,33,67.5,20.0,0.25267602915784915,22.32805244703728
primary,47.5,P_W_9,P,W,ref_own_curve,1,57.5,10.0,0.029170757591994556,2.8749398108141406
primary,47.5,P_W_9,P,W,ref_own_curve,1,67.5,20.0,0.0701928953807337,6.778601720950422
primary,50.0,C_44M_10,C,44M,a_same_polyol_same_iso,2,60.0,10.0,0.037690673478400605,3.6989220401165
primary,50.0,C_44M_10,C,44M,a_same_polyol_same_iso,2,70.0,20.0,0.028754564015565975,2.8345085716257583
primary,50.0,C_44M_10,C,44M,b_same_polyol_other_iso,4,60.0,10.0,-0.12259803012129389,13.042993082575968
primary,50.0,C_44M_10,C,44M,b_same_polyol_other_iso,4,70.0,20.0,-0.4671257870036616,59.54020716422359
primary,50.0,C_44M_10,C,44M,c_other_polyol_same_iso,7,60.0,10.0,-0.09196559341212884,9.632710055716537
primary,50.0,C_44M_10,C,44M,c_other_polyol_same_iso,7,70.0,20.0,-0.20570954457314894,22.83963577854188
primary,50.0,C_44M_10,C,44M,d_all_other,33,60.0,10.0,-0.10572051591191567,11.151118340217508
primary,50.0,C_44M_10,C,44M,d_all_other,33,70.0,20.0,-0.25874058144524037,29.529773697190564
primary,50.0,C_44M_10,C,44M,ref_own_curve,1,60.0,10.0,-0.03270260739144293,3.3243214650660815
primary,50.0,C_44M_10,C,44M,ref_own_curve,1,70.0,20.0,-0.1157683665553666,12.273577885539728
primary,50.0,C_44M_6,C,44M,a_same_polyol_same_iso,2,60.0,10.0,-0.07715165494566412,8.020588253570251
primary,50.0,C_44M_6,C,44M,a_same_polyol_same_iso,2,70.0,20.0,-0.17893304381593866,19.594066586369465
primary,50.0,C_44M_6,C,44M,b_same_polyol_other_iso,4,60.0,10.0,-0.20153563149118803,22.327982357053312
primary,50.0,C_44M_6,C,44M,b_same_polyol_other_iso,4,70.0,20.0,-0.6034295725085972,82.83786170476388
primary,50.0,C_44M_6,C,44M,c_other_polyol_same_iso,7,60.0,10.0,-0.17090319478202254,18.637589608539592
primary,50.0,C_44M_6,C,44M,c_other_polyol_same_iso,7,70.0,20.0,-0.34201333007808454,40.777906319386645
primary,50.0,C_44M_6,C,44M,d_all_other,33,60.0,10.0,-0.18683416134569875,20.542736202132442
primary,50.0,C_44M_6,C,44M,d_all_other,33,70.0,20.0,-0.3993706592123938,49.08861268824949
primary,50.0,C_44M_6,C,44M,ref_own_curve,1,60.0,10.0,-0.03983075465298613,4.063463671737875
primary,50.0,C_44M_6,C,44M,ref_own_curve,1,70.0,20.0,-0.10930450740714548,11.550197724412598
primary,50.0,C_44M_8,C,44M,a_same_polyol_same_iso,2,60.0,10.0,-0.03212309683140191,3.264461276149054
primary,50.0,C_44M_8,C,44M,a_same_polyol_same_iso,2,70.0,20.0,-0.09593356582113399,10.06859383984795
primary,50.0,C_44M_8,C,44M,b_same_polyol_other_iso,4,60.0,10.0,-0.1579232466154208,17.107630718795072
primary,50.0,C_44M_8,C,44M,b_same_polyol_other_iso,4,70.0,20.0,-0.518674808595986,67.98001173955086
primary,50.0,C_44M_8,C,44M,c_other_polyol_same_iso,7,60.0,10.0,-0.12729080990625574,13.574725631397962
primary,50.0,C_44M_8,C,44M,c_other_polyol_same_iso,7,70.0,20.0,-0.2572585661654734,29.33795077075006
primary,50.0,C_44M_8,C,44M,d_all_other,33,60.0,10.0,-0.14313594778881145,15.388665934341839
primary,50.0,C_44M_8,C,44M,d_all_other,33,70.0,20.0,-0.3147222762644972,36.987881026203304
primary,50.0,C_44M_8,C,44M,ref_own_curve,1,60.0,10.0,0.00094928374577119,0.09488333184952354
primary,50.0,C_44M_8,C,44M,ref_own_curve,1,70.0,20.0,-0.0210391716589724,2.1262055382971914
primary,50.0,C_MLQ_10,C,MLQ,a_same_polyol_same_iso,3,60.0,10.0,-0.1695960926032627,18.482619459653165
primary,50.0,C_MLQ_10,C,MLQ,a_same_polyol_same_iso,3,70.0,20.0,-0.6123183626285071,84.47031359615093
primary,50.0,C_MLQ_10,C,MLQ,b_same_polyol_other_iso,3,60.0,10.0,0.007302547314600005,0.7275948501704169
primary,50.0,C_MLQ_10,C,MLQ,b_same_polyol_other_iso,3,70.0,20.0,-0.022647126853874155,2.290551996488622
primary,50.0,C_MLQ_10,C,MLQ,c_other_polyol_same_iso,8,60.0,10.0,-0.07432513157797782,7.715696631315297
primary,50.0,C_MLQ_10,C,MLQ,c_other_polyol_same_iso,8,70.0,20.0,-0.16299964467561678,17.703627145870556
primary,50.0,C_MLQ_10,C,MLQ,d_all_other,33,60.0,10.0,-0.11356323533407675,12.026272684041171
primary,50.0,C_MLQ_10,C,MLQ,d_all_other,33,70.0,20.0,-0.26422669437854984,30.242341490408137
primary,50.0,C_MLQ_10,C,MLQ,ref_own_curve,1,60.0,10.0,-0.009298639504248474,0.9342006165323632
primary,50.0,C_MLQ_10,C,MLQ,ref_own_curve,1,70.0,20.0,-0.04445758284598922,4.546063030537018
primary,50.0,C_MLQ_4,C,MLQ,a_same_polyol_same_iso,3,60.0,10.0,-0.022411345677539884,2.2664366528947677
primary,50.0,C_MLQ_4,C,MLQ,a_same_polyol_same_iso,3,70.0,20.0,-0.4870790992267766,62.75553426563072
primary,50.0,C_MLQ_4,C,MLQ,b_same_polyol_other_iso,3,60.0,10.0,-0.026268560587981327,2.6616620217659417
primary,50.0,C_MLQ_4,C,MLQ,b_same_polyol_other_iso,3,70.0,20.0,-0.48402047774386325,62.25848721894671
primary,50.0,C_MLQ_4,C,MLQ,c_other_polyol_same_iso,8,60.0,10.0,-0.10789623948055915,11.39321572105727
primary,50.0,C_MLQ_4,C,MLQ,c_other_polyol_same_iso,8,70.0,20.0,-0.6243729955656061,86.707492609166
primary,50.0,C_MLQ_4,C,MLQ,d_all_other,33,60.0,10.0,-0.13070199279772154,13.962811331706215
primary,50.0,C_MLQ_4,C,MLQ,d_all_other,33,70.0,20.0,-0.6722716257874728,95.86816625580252
primary,50.0,C_MLQ_4,C,MLQ,ref_own_curve,1,60.0,10.0,-0.585137311891696,79.52374761703689
primary,50.0,C_MLQ_4,C,MLQ,ref_own_curve,1,70.0,20.0,-2.2656687766110153,863.7567826280277
primary,50.0,C_MLQ_6,C,MLQ,a_same_polyol_same_iso,3,60.0,10.0,-0.2538400329310333,28.89655957266088
primary,50.0,C_MLQ_6,C,MLQ,a_same_polyol_same_iso,3,70.0,20.0,-0.7399355657307254,109.58004687718743
primary,50.0,C_MLQ_6,C,MLQ,b_same_polyol_other_iso,3,60.0,10.0,-0.06170931868145679,6.36531156965165
primary,50.0,C_MLQ_6,C,MLQ,b_same_polyol_other_iso,3,70.0,20.0,-0.13889477468221756,14.90031894165498
primary,50.0,C_MLQ_6,C,MLQ,c_other_polyol_same_iso,8,60.0,10.0,-0.14333699757403462,15.411867133064987
primary,50.0,C_MLQ_6,C,MLQ,c_other_polyol_same_iso,8,70.0,20.0,-0.2792472925039604,32.21342573373169
primary,50.0,C_MLQ_6,C,MLQ,d_all_other,33,60.0,10.0,-0.1839598353602896,20.196754553337254
primary,50.0,C_MLQ_6,C,MLQ,d_all_other,33,70.0,20.0,-0.381507938140881,46.449128750340016
primary,50.0,C_MLQ_6,C,MLQ,ref_own_curve,1,60.0,10.0,-0.03261428250513765,3.315195759139512
primary,50.0,C_MLQ_6,C,MLQ,ref_own_curve,1,70.0,20.0,-0.12659656485263282,13.49590430373604
primary,50.0,C_MLQ_8,C,MLQ,a_same_polyol_same_iso,3,60.0,10.0,-0.20302248129073064,22.510000976740727
primary,50.0,C_MLQ_8,C,MLQ,a_same_polyol_same_iso,3,70.0,20.0,-0.6708749426059675,95.59479143564742
primary,50.0,C_MLQ_8,C,MLQ,b_same_polyol_other_iso,3,60.0,10.0,-0.020897513975307813,2.1117396012089436
primary,50.0,C_MLQ_8,C,MLQ,b_same_polyol_other_iso,3,70.0,20.0,-0.07382142759605648,7.661453468402119
primary,50.0,C_MLQ_8,C,MLQ,c_other_polyol_same_iso,8,60.0,10.0,-0.10252519286788564,10.796521437947336
primary,50.0,C_MLQ_8,C,MLQ,c_other_polyol_same_iso,8,70.0,20.0,-0.21417394541779888,23.88381262682301
primary,50.0,C_MLQ_8,C,MLQ,d_all_other,33,60.0,10.0,-0.14223841729648923,15.285147550599545
primary,50.0,C_MLQ_8,C,MLQ,d_all_other,33,70.0,20.0,-0.31607211141484726,37.17291693907861
primary,50.0,C_MLQ_8,C,MLQ,ref_own_curve,1,60.0,10.0,-0.021819718601457705,2.20595095424927
primary,50.0,C_MLQ_8,C,MLQ,ref_own_curve,1,70.0,20.0,-0.07348504588228666,7.6252442145843276
primary,50.0,D_44M_10,D,44M,a_same_polyol_same_iso,2,60.0,10.0,0.08367097210712282,8.026617560206102
primary,50.0,D_44M_10,D,44M,a_same_polyol_same_iso,2,70.0,20.0,0.11229657594504938,10.622085520525806
primary,50.0,D_44M_10,D,44M,b_same_polyol_other_iso,7,60.0,10.0,0.0449340184900755,4.3939437928522915
primary,50.0,D_44M_10,D,44M,b_same_polyol_other_iso,7,70.0,20.0,0.04160096660158713,4.074752201089085
primary,50.0,D_44M_10,D,44M,c_other_polyol_same_iso,7,60.0,10.0,-0.047073198688829754,4.819873304446642
primary,50.0,D_44M_10,D,44M,c_other_polyol_same_iso,7,70.0,20.0,-0.0850615674956954,8.878409834518033
primary,50.0,D_44M_10,D,44M,d_all_other,33,60.0,10.0,-0.061873104760516884,6.382734153731064
primary,50.0,D_44M_10,D,44M,d_all_other,33,70.0,20.0,-0.1481233383885777,15.96559176349717
primary,50.0,D_44M_10,D,44M,ref_own_curve,1,60.0,10.0,-0.005261131180417933,0.5274995233938007
primary,50.0,D_44M_10,D,44M,ref_own_curve,1,70.0,20.0,-0.02790941434436786,2.8302530743359666
primary,50.0,D_44M_4,D,44M,a_same_polyol_same_iso,2,60.0,10.0,-0.12577496180832393,13.402694019413506
primary,50.0,D_44M_4,D,44M,a_same_polyol_same_iso,2,70.0,20.0,-0.28212426135397894,32.59434732816358
primary,50.0,D_44M_4,D,44M,b_same_polyol_other_iso,7,60.0,10.0,-0.08125553325063173,8.464802479308076
primary,50.0,D_44M_4,D,44M,b_same_polyol_other_iso,7,70.0,20.0,-0.20931869614232568,23.28378365915774
primary,50.0,D_44M_4,D,44M,c_other_polyol_same_iso,7,60.0,10.0,-0.17326275042953654,18.917852120574217
primary,50.0,D_44M_4,D,44M,c_other_polyol_same_iso,7,70.0,20.0,-0.33598123023960813,39.93127597992225
primary,50.0,D_44M_4,D,44M,d_all_other,33,60.0,10.0,-0.19310849784514783,21.30143958277876
primary,50.0,D_44M_4,D,44M,d_all_other,33,70.0,20.0,-0.40774004201461755,50.34162852979438
primary,50.0,D_44M_4,D,44M,ref_own_curve,1,60.0,10.0,0.03506208142836176,3.445452804517542
primary,50.0,D_44M_4,D,44M,ref_own_curve,1,70.0,20.0,0.008173272021971822,0.8139961647560732
primary,50.0,D_44M_8,D,44M,a_same_polyol_same_iso,2,60.0,10.0,0.03984229307380183,3.9059025749751237
primary,50.0,D_44M_8,D,44M,a_same_polyol_same_iso,2,70.0,20.0,0.05790655817847046,5.62618720734181
primary,50.0,D_44M_8,D,44M,b_same_polyol_other_iso,7,60.0,10.0,0.00678106056955774,0.675812105902456
primary,50.0,D_44M_8,D,44M,b_same_polyol_other_iso,7,70.0,20.0,-0.016084235430682048,1.6214283048664915
primary,50.0,D_44M_8,D,44M,c_other_polyol_same_iso,7,60.0,10.0,-0.08522615660934729,8.896331510304428
primary,50.0,D_44M_8,D,44M,c_other_polyol_same_iso,7,70.0,20.0,-0.1427467695279645,15.343767911246022
primary,50.0,D_44M_8,D,44M,d_all_other,33,60.0,10.0,-0.1003700457787795,10.55799575857158
primary,50.0,D_44M_8,D,44M,d_all_other,33,70.0,20.0,-0.20560883228352989,22.82726494052482
primary,50.0,D_44M_8,D,44M,ref_own_curve,1,60.0,10.0,-0.03206264687533933,3.258219132672635
primary,50.0,D_44M_8,D,44M,ref_own_curve,1,70.0,20.0,-0.09218498490805027,9.656765178625797
primary,50.0,D_I_5,D,I,b_same_polyol_other_iso,9,60.0,10.0,-0.08665898581698661,9.052473190163651
primary,50.0,D_I_5,D,I,b_same_polyol_other_iso,9,70.0,20.0,-0.12430960347605513,13.23664013076871
primary,50.0,D_I_5,D,I,c_other_polyol_same_iso,2,60.0,10.0,-0.2932790193668091,34.081685211311154
primary,50.0,D_I_5,D,I,c_other_polyol_same_iso,2,70.0,20.0,-0.46867429450508147,59.78744774934148
primary,50.0,D_I_5,D,I,d_all_other,33,60.0,10.0,-0.20781098477143622,23.098047350245572
primary,50.0,D_I_5,D,I,d_all_other,33,70.0,20.0,-0.36113471915708106,43.49567640231422
primary,50.0,D_I_5,D,I,ref_own_curve,1,60.0,10.0,-0.22434147450058717,25.149830122868842
primary,50.0,D_I_5,D,I,ref_own_curve,1,70.0,20.0,-0.6411519049483068,89.86667037034675
primary,50.0,D_MLQ_10,D,MLQ,a_same_polyol_same_iso,3,60.0,10.0,0.09187984871453059,8.778525326471868
primary,50.0,D_MLQ_10,D,MLQ,a_same_polyol_same_iso,3,70.0,20.0,0.22308001461411936,19.99491690251286
primary,50.0,D_MLQ_10,D,MLQ,b_same_polyol_other_iso,6,60.0,10.0,0.01664055399114972,1.6502864772125032
primary,50.0,D_MLQ_10,D,MLQ,b_same_polyol_other_iso,6,70.0,20.0,0.016824281719993617,1.6683543868716646
primary,50.0,D_MLQ_10,D,MLQ,c_other_polyol_same_iso,8,60.0,10.0,-0.11492408307116952,12.178827161883111
primary,50.0,D_MLQ_10,D,MLQ,c_other_polyol_same_iso,8,70.0,20.0,-0.2736508191984935,31.475563465084416
primary,50.0,D_MLQ_10,D,MLQ,d_all_other,33,60.0,10.0,-0.0772398335123683,8.030113774184198
primary,50.0,D_MLQ_10,D,MLQ,d_all_other,33,70.0,20.0,-0.13130742598618578,14.031829090649847
primary,50.0,D_MLQ_10,D,MLQ,ref_own_curve,1,60.0,10.0,-0.06582427981656425,6.803902466246548
primary,50.0,D_MLQ_10,D,MLQ,ref_own_curve,1,70.0,20.0,-0.15707052489831652,17.007813063232256
primary,50.0,D_MLQ_4,D,MLQ,a_same_polyol_same_iso,3,60.0,10.0,-0.06259307650752355,6.459354295550022
primary,50.0,D_MLQ_4,D,MLQ,a_same_polyol_same_iso,3,70.0,20.0,-0.14510583348179384,15.61619244353041
primary,50.0,D_MLQ_4,D,MLQ,b_same_polyol_other_iso,6,60.0,10.0,-0.06278517050092214,6.4798064623575975
primary,50.0,D_MLQ_4,D,MLQ,b_same_polyol_other_iso,6,70.0,20.0,-0.16954636714113258,18.47672800312506
primary,50.0,D_MLQ_4,D,MLQ,c_other_polyol_same_iso,8,60.0,10.0,-0.1943498075632415,21.45210573088237
primary,50.0,D_MLQ_4,D,MLQ,c_other_polyol_same_iso,8,70.0,20.0,-0.4600214680596193,58.41079923542678
primary,50.0,D_MLQ_4,D,MLQ,d_all_other,33,60.0,10.0,-0.16348803079807617,17.76112600361093
primary,50.0,D_MLQ_4,D,MLQ,d_all_other,33,70.0,20.0,-0.33420672932320405,39.68318798374996
primary,50.0,D_MLQ_4,D,MLQ,ref_own_curve,1,60.0,10.0,0.07989159788131461,7.6783580421647795
primary,50.0,D_MLQ_4,D,MLQ,ref_own_curve,1,70.0,20.0,0.20200442394493234,18.290868683273327
primary,50.0,D_MLQ_6,D,MLQ,a_same_polyol_same_iso,3,60.0,10.0,-0.026841992809735205,2.720548408770287
primary,50.0,D_MLQ_6,D,MLQ,a_same_polyol_same_iso,3,70.0,20.0,-0.07469327414764937,7.755358664860639
primary,50.0,D_MLQ_6,D,MLQ,b_same_polyol_other_iso,6,60.0,10.0,-0.04227766751995188,4.318409688116269
primary,50.0,D_MLQ_6,D,MLQ,b_same_polyol_other_iso,6,70.0,20.0,-0.13428041717327277,14.371349158593038
primary,50.0,D_MLQ_6,D,MLQ,c_other_polyol_same_iso,8,60.0,10.0,-0.17384230458227123,18.986791430707097
primary,50.0,D_MLQ_6,D,MLQ,c_other_polyol_same_iso,8,70.0,20.0,-0.42475551809175993,52.921650818791164
primary,50.0,D_MLQ_6,D,MLQ,d_all_other,33,60.0,10.0,-0.14159474775194014,15.210965888981736
primary,50.0,D_MLQ_6,D,MLQ,d_all_other,33,70.0,20.0,-0.29574563304931845,34.41282115496101
primary,50.0,D_MLQ_6,D,MLQ,ref_own_curve,1,60.0,10.0,0.054668358711837284,5.320090643703625
primary,50.0,D_MLQ_6,D,MLQ,ref_own_curve,1,70.0,20.0,0.1318305458139566,12.351049268795467
primary,50.0,D_MLQ_8,D,MLQ,a_same_polyol_same_iso,3,60.0,10.0,0.04271012158669407,4.181089184883495
primary,50.0,D_MLQ_8,D,MLQ,a_same_polyol_same_iso,3,70.0,20.0,0.09900128918894524,9.425845964918524
primary,50.0,D_MLQ_8,D,MLQ,b_same_polyol_other_iso,6,60.0,10.0,-0.009675865348742985,0.972282787936358
primary,50.0,D_MLQ_8,D,MLQ,b_same_polyol_other_iso,6,70.0,20.0,-0.055587693296050955,5.716171900329282
primary,50.0,D_MLQ_8,D,MLQ,c_other_polyol_same_iso,8,60.0,10.0,-0.14124050241106234,15.170160169142324
primary,50.0,D_MLQ_8,D,MLQ,c_other_polyol_same_iso,8,70.0,20.0,-0.346062794214538,41.349137211142505
primary,50.0,D_MLQ_8,D,MLQ,d_all_other,33,60.0,10.0,-0.10563382628752893,11.141483109161742
primary,50.0,D_MLQ_8,D,MLQ,d_all_other,33,70.0,20.0,-0.20841637831215132,23.172592675338453
primary,50.0,D_MLQ_8,D,MLQ,ref_own_curve,1,60.0,10.0,-0.023580775792627184,2.3861000590374313
primary,50.0,D_MLQ_8,D,MLQ,ref_own_curve,1,70.0,20.0,-0.07448224868697462,7.732621939756533
primary,50.0,D_TD80_10,D,TD80,b_same_polyol_other_iso,9,60.0,10.0,0.053006519848545486,5.1626170791589745
primary,50.0,D_TD80_10,D,TD80,b_same_polyol_other_iso,9,70.0,20.0,0.04235508097314816,4.147063540112919
primary,50.0,D_TD80_10,D,TD80,c_other_polyol_same_iso,3,60.0,10.0,-0.14446737293431022,15.542399625413164
primary,50.0,D_TD80_10,D,TD80,c_other_polyol_same_iso,3,70.0,20.0,-0.2698752898403306,30.980109504370397
primary,50.0,D_TD80_10,D,TD80,d_all_other,33,60.0,10.0,-0.060724635530540194,6.260626988537131
primary,50.0,D_TD80_10,D,TD80,d_all_other,33,70.0,20.0,-0.15724944480473646,17.028749963154162
primary,50.0,D_TD80_10,D,TD80,ref_own_curve,1,60.0,10.0,0.017360630326155757,1.7210802869424187
primary,50.0,D_TD80_10,D,TD80,ref_own_curve,1,70.0,20.0,0.03729589066897801,3.660896524593016
primary,50.0,D_W_5,D,W,b_same_polyol_other_iso,9,60.0,10.0,-0.04066977859534049,4.150812047848071
primary,50.0,D_W_5,D,W,b_same_polyol_other_iso,9,70.0,20.0,-0.12285827366746593,13.072415620312402
primary,50.0,D_W_5,D,W,c_other_polyol_same_iso,2,60.0,10.0,-0.2830058008567189,32.711286018638035
primary,50.0,D_W_5,D,W,c_other_polyol_same_iso,2,70.0,20.0,-0.5216883192229627,68.48698479072411
primary,50.0,D_W_5,D,W,d_all_other,33,60.0,10.0,-0.14769144868605455,15.915518232467068
primary,50.0,D_W_5,D,W,d_all_other,33,70.0,20.0,-0.309773943508743,36.31169378687202
primary,50.0,D_W_5,D,W,ref_own_curve,1,60.0,10.0,0.015939754597387168,1.5813389012110748
primary,50.0,D_W_5,D,W,ref_own_curve,1,70.0,20.0,0.04655430515673009,4.548727580059656
primary,50.0,P_44M_10,P,44M,a_same_polyol_same_iso,3,60.0,10.0,0.0379858671950003,3.727345317839141
primary,50.0,P_44M_10,P,44M,a_same_polyol_same_iso,3,70.0,20.0,0.0774557147654607,7.453199194305993
primary,50.0,P_44M_10,P,44M,b_same_polyol_other_iso,13,60.0,10.0,0.006948212342359983,0.6924129325236458
primary,50.0,P_44M_10,P,44M,b_same_polyol_other_iso,13,70.0,20.0,0.002170826481383281,0.21684719416510484
primary,50.0,P_44M_10,P,44M,c_other_polyol_same_iso,6,60.0,10.0,0.20716090427242173,18.711115782362473
primary,50.0,P_44M_10,P,44M,c_other_polyol_same_iso,6,70.0,20.0,0.3401945548437768,28.836814213139565
primary,50.0,P_44M_10,P,44M,d_all_other,33,60.0,10.0,0.09423411833436157,8.993032669833987
primary,50.0,P_44M_10,P,44M,d_all_other,33,70.0,20.0,0.12266360207718291,11.54388229410471
primary,50.0,P_44M_10,P,44M,ref_own_curve,1,60.0,10.0,-0.010835901547556759,1.0894822557169919
primary,50.0,P_44M_10,P,44M,ref_own_curve,1,70.0,20.0,-0.050783066020166856,5.2094633449446714
primary,50.0,P_44M_4,P,44M,a_same_polyol_same_iso,3,60.0,10.0,-0.058906777956898804,6.067635771405652
primary,50.0,P_44M_4,P,44M,a_same_polyol_same_iso,3,70.0,20.0,-0.08746382963396293,9.140278729069431
primary,50.0,P_44M_4,P,44M,b_same_polyol_other_iso,13,60.0,10.0,-0.07573291446011465,7.86744373359511
primary,50.0,P_44M_4,P,44M,b_same_polyol_other_iso,13,70.0,20.0,-0.13002436268275597,13.88561285772113
primary,50.0,P_44M_4,P,44M,c_other_polyol_same_iso,6,60.0,10.0,0.12447977746994665,11.704388320754576
primary,50.0,P_44M_4,P,44M,c_other_polyol_same_iso,6,70.0,20.0,0.20799936567963728,18.779244808843547
primary,50.0,P_44M_4,P,44M,d_all_other,33,60.0,10.0,0.010261035318302802,1.020857049653574
primary,50.0,P_44M_4,P,44M,d_all_other,33,70.0,20.0,-0.012506528471982747,1.2585062152264166
primary,50.0,P_44M_4,P,44M,ref_own_curve,1,60.0,10.0,-0.05088247330175477,5.219922451540181
primary,50.0,P_44M_4,P,44M,ref_own_curve,1,70.0,20.0,-0.08480518947843807,8.850499381648689
primary,50.0,P_44M_6,P,44M,a_same_polyol_same_iso,3,60.0,10.0,-0.005196705327421558,0.5210231621122035
primary,50.0,P_44M_6,P,44M,a_same_polyol_same_iso,3,70.0,20.0,-0.018294150717008906,1.846251381174468
primary,50.0,P_44M_6,P,44M,b_same_polyol_other_iso,13,60.0,10.0,-0.0142671468670863,1.436940835474724
primary,50.0,P_44M_6,P,44M,b_same_polyol_other_iso,13,70.0,20.0,-0.034662503283323653,3.5270249522174515
primary,50.0,P_44M_6,P,44M,c_other_polyol_same_iso,6,60.0,10.0,0.18594554506297545,16.96811912906952
primary,50.0,P_44M_6,P,44M,c_other_polyol_same_iso,6,70.0,20.0,0.3033612250790698,26.166765596478747
primary,50.0,P_44M_6,P,44M,d_all_other,33,60.0,10.0,0.07102173973282722,6.8558357384971185
primary,50.0,P_44M_6,P,44M,d_all_other,33,70.0,20.0,0.08047422361086276,7.73213133978904
primary,50.0,P_44M_6,P,44M,ref_own_curve,1,60.0,10.0,0.033850379181926016,3.3283865323679933
primary,50.0,P_44M_6,P,44M,ref_own_curve,1,70.0,20.0,0.08913321136842489,8.527628613957146
primary,50.0,P_44M_8,P,44M,a_same_polyol_same_iso,3,60.0,10.0,0.017010628132676953,1.686676429108479
primary,50.0,P_44M_8,P,44M,a_same_polyol_same_iso,3,70.0,20.0,0.03061426308704429,3.015039227438201
primary,50.0,P_44M_8,P,44M,b_same_polyol_other_iso,13,60.0,10.0,-0.0013839896398031293,0.13849477954395106
primary,50.0,P_44M_8,P,44M,b_same_polyol_other_iso,13,70.0,20.0,-0.008072735364446859,0.8105407751914588
primary,50.0,P_44M_8,P,44M,c_other_polyol_same_iso,6,60.0,10.0,0.19882870229025862,18.03097076226536
primary,50.0,P_44M_8,P,44M,c_other_polyol_same_iso,6,70.0,20.0,0.32995099299794667,28.104103340786462
primary,50.0,P_44M_8,P,44M,d_all_other,33,60.0,10.0,0.08475254934491194,8.12604010086489
primary,50.0,P_44M_8,P,44M,d_all_other,33,70.0,20.0,0.10909295933748309,10.335293809287585
primary,50.0,P_44M_8,P,44M,ref_own_curve,1,60.0,10.0,0.018761007710750843,1.8586115431850125
primary,50.0,P_44M_8,P,44M,ref_own_curve,1,70.0,20.0,0.048767041631736674,4.759702589997785
primary,50.0,P_I_5,P,I,a_same_polyol_same_iso,1,60.0,10.0,-0.0010716577569124253,0.10722321872656553
primary,50.0,P_I_5,P,I,a_same_polyol_same_iso,1,70.0,20.0,-0.0185349047896608,1.8707742328485704
primary,50.0,P_I_5,P,I,b_same_polyol_other_iso,15,60.0,10.0,0.016811717683224647,1.6671189366995236
primary,50.0,P_I_5,P,I,b_same_polyol_other_iso,15,70.0,20.0,0.01638131459151332,1.624787051439337
primary,50.0,P_I_5,P,I,c_other_polyol_same_iso,1,60.0,10.0,0.0798362757493365,7.673250470824386
primary,50.0,P_I_5,P,I,c_other_polyol_same_iso,1,70.0,20.0,-0.1493903698044472,16.112616934507585
primary,50.0,P_I_5,P,I,d_all_other,33,60.0,10.0,0.09809304293988752,9.34354496012272
primary,50.0,P_I_5,P,I,d_all_other,33,70.0,20.0,0.12413894459673075,11.674289144630622
primary,50.0,P_I_5,P,I,ref_own_curve,1,60.0,10.0,0.02286911952314108,2.260960327635897
primary,50.0,P_I_5,P,I,ref_own_curve,1,70.0,20.0,0.06470938606721699,6.266017218724851
primary,50.0,P_I_9,P,I,a_same_polyol_same_iso,1,60.0,10.0,0.019011083578168997,1.8831512675086606
primary,50.0,P_I_9,P,I,a_same_polyol_same_iso,1,70.0,20.0,0.06304392264038021,6.109776628170812
primary,50.0,P_I_9,P,I,b_same_polyol_other_iso,15,60.0,10.0,0.012953681738252565,1.28701438995275
primary,50.0,P_I_9,P,I,b_same_polyol_other_iso,15,70.0,20.0,0.014715851164676552,1.4608102213623706
primary,50.0,P_I_9,P,I,c_other_polyol_same_iso,1,60.0,10.0,0.07597823980436441,7.316362551921664
primary,50.0,P_I_9,P,I,c_other_polyol_same_iso,1,70.0,20.0,-0.15105583323128396,16.30615937559808
primary,50.0,P_I_9,P,I,d_all_other,33,60.0,10.0,0.09496048509431149,9.059113103605796
primary,50.0,P_I_9,P,I,d_all_other,33,70.0,20.0,0.12499603543828507,11.749959869503563
primary,50.0,P_I_9,P,I,ref_own_curve,1,60.0,10.0,-0.004929693701884508,0.49418646333176713
primary,50.0,P_I_9,P,I,ref_own_curve,1,70.0,20.0,-0.020200368216497615,2.0405776430320266
primary,50.0,P_MLQ_10,P,MLQ,a_same_polyol_same_iso,3,60.0,10.0,0.04118080893359721,4.034440004526324
primary,50.0,P_MLQ_10,P,MLQ,a_same_polyol_same_iso,3,70.0,20.0,0.08535965964570438,8.18180080013409
primary,50.0,P_MLQ_10,P,MLQ,b_same_polyol_other_iso,13,60.0,10.0,-0.002872847653770161,0.28769782351542467
primary,50.0,P_MLQ_10,P,MLQ,b_same_polyol_other_iso,13,70.0,20.0,0.009709216008829902,0.9662233747664695
primary,50.0,P_MLQ_10,P,MLQ,c_other_polyol_same_iso,8,60.0,10.0,0.13905793104713893,12.982238330246949
primary,50.0,P_MLQ_10,P,MLQ,c_other_polyol_same_iso,8,70.0,20.0,0.1493470004256035,13.872979808613264
primary,50.0,P_MLQ_10,P,MLQ,d_all_other,33,60.0,10.0,0.08691963596644192,8.324923353776947
primary,50.0,P_MLQ_10,P,MLQ,d_all_other,33,70.0,20.0,0.13048648638244648,12.233164665693415
primary,50.0,P_MLQ_10,P,MLQ,ref_own_curve,1,60.0,10.0,-0.01603591022181028,1.6165175467754724
primary,50.0,P_MLQ_10,P,MLQ,ref_own_curve,1,70.0,20.0,-0.03604968094363695,3.670734981096033
primary,50.0,P_MLQ_4,P,MLQ,a_same_polyol_same_iso,3,60.0,10.0,-0.022176631799596613,2.2424361177040546
primary,50.0,P_MLQ_4,P,MLQ,a_same_polyol_same_iso,3,70.0,20.0,-0.05956699829348633,6.13768690364219
primary,50.0,P_MLQ_4,P,MLQ,b_same_polyol_other_iso,13,60.0,10.0,-0.03720032635378301,3.7900918920404787
primary,50.0,P_MLQ_4,P,MLQ,b_same_polyol_other_iso,13,70.0,20.0,-0.06515566988199417,6.7325161834550675
primary,50.0,P_MLQ_4,P,MLQ,c_other_polyol_same_iso,8,60.0,10.0,0.10473045234712641,9.943276434194685
primary,50.0,P_MLQ_4,P,MLQ,c_other_polyol_same_iso,8,70.0,20.0,0.0744821145347796,7.177592437005907
primary,50.0,P_MLQ_4,P,MLQ,d_all_other,33,60.0,10.0,0.04995306980886749,4.87259330730527
primary,50.0,P_MLQ_4,P,MLQ,d_all_other,33,70.0,20.0,0.04925234848722626,4.805912145435753
primary,50.0,P_MLQ_4,P,MLQ,ref_own_curve,1,60.0,10.0,0.03672649717772236,3.606026046156531
primary,50.0,P_MLQ_4,P,MLQ,ref_own_curve,1,70.0,20.0,0.09927074931064261,9.450248799544406
primary,50.0,P_MLQ_6,P,MLQ,a_same_polyol_same_iso,3,60.0,10.0,0.005950446379901386,0.5932777537046645
primary,50.0,P_MLQ_6,P,MLQ,a_same_polyol_same_iso,3,70.0,20.0,0.037978880501437384,3.7266726879526617
primary,50.0,P_MLQ_6,P,MLQ,b_same_polyol_other_iso,13,60.0,10.0,-0.021762302892313734,2.2000828955574856
primary,50.0,P_MLQ_6,P,MLQ,b_same_polyol_other_iso,13,70.0,20.0,-0.014848263794196681,1.4959046896160513
primary,50.0,P_MLQ_6,P,MLQ,c_other_polyol_same_iso,8,60.0,10.0,0.12016847580859547,11.322897533406676
primary,50.0,P_MLQ_6,P,MLQ,c_other_polyol_same_iso,8,70.0,20.0,0.12478952062257687,11.731733046740079
primary,50.0,P_MLQ_6,P,MLQ,d_all_other,33,60.0,10.0,0.06654464369924828,6.437885466508026
primary,50.0,P_MLQ_6,P,MLQ,d_all_other,33,70.0,20.0,0.10385416118476232,9.864325936462874
primary,50.0,P_MLQ_6,P,MLQ,ref_own_curve,1,60.0,10.0,0.014097356485106571,1.3998454054914526
primary,50.0,P_MLQ_6,P,MLQ,ref_own_curve,1,70.0,20.0,0.007862737277066767,0.7831906815180568
primary,50.0,P_MLQ_8,P,MLQ,a_same_polyol_same_iso,3,60.0,10.0,0.02478388044171642,2.447928164542564
primary,50.0,P_MLQ_8,P,MLQ,a_same_polyol_same_iso,3,70.0,20.0,0.042911348101839275,4.2003685505669885
primary,50.0,P_MLQ_8,P,MLQ,b_same_polyol_other_iso,13,60.0,10.0,-0.0074239263385800225,0.7451552001033259
primary,50.0,P_MLQ_8,P,MLQ,b_same_polyol_other_iso,13,70.0,20.0,-0.004214826335310451,0.42237212082198466
primary,50.0,P_MLQ_8,P,MLQ,c_other_polyol_same_iso,8,60.0,10.0,0.13450685236232918,12.585311111516223
primary,50.0,P_MLQ_8,P,MLQ,c_other_polyol_same_iso,8,70.0,20.0,0.1354229580814631,12.665355537766834
primary,50.0,P_MLQ_8,P,MLQ,d_all_other,33,60.0,10.0,0.08129166184462544,7.8075238048398194
primary,50.0,P_MLQ_8,P,MLQ,d_all_other,33,70.0,20.0,0.11396932865651266,10.77146769476557
primary,50.0,P_MLQ_8,P,MLQ,ref_own_curve,1,60.0,10.0,0.014950560514600086,1.4839355765626017
primary,50.0,P_MLQ_8,P,MLQ,ref_own_curve,1,70.0,20.0,0.035599084311421,3.497288955407084
primary,50.0,P_TD80_10,P,TD80,a_same_polyol_same_iso,2,60.0,10.0,-0.00024117059686395992,0.024119968083037464
primary,50.0,P_TD80_10,P,TD80,a_same_polyol_same_iso,2,70.0,20.0,-0.08016604047543532,8.346695210834339
primary,50.0,P_TD80_10,P,TD80,b_same_polyol_other_iso,14,60.0,10.0,0.035109904605974906,3.450070239366345
primary,50.0,P_TD80_10,P,TD80,b_same_polyol_other_iso,14,70.0,20.0,0.02307215745456978,2.2808030455904307
primary,50.0,P_TD80_10,P,TD80,c_other_polyol_same_iso,1,60.0,10.0,0.18931843447092062,17.247704709902745
primary,50.0,P_TD80_10,P,TD80,c_other_polyol_same_iso,1,70.0,20.0,0.31430341263441697,26.970258692129285
primary,50.0,P_TD80_10,P,TD80,d_all_other,33,60.0,10.0,0.11445634436106761,10.814912811206904
primary,50.0,P_TD80_10,P,TD80,d_all_other,33,70.0,20.0,0.1237754903518605,11.642180955513695
primary,50.0,P_TD80_10,P,TD80,ref_own_curve,1,60.0,10.0,0.08295363482509951,7.96061795486963
primary,50.0,P_TD80_10,P,TD80,ref_own_curve,1,70.0,20.0,0.18172877732621648,16.61725373364935
primary,50.0,P_TD80_4,P,TD80,a_same_polyol_same_iso,2,60.0,10.0,-0.014283910649004694,1.4386413164825658
primary,50.0,P_TD80_4,P,TD80,a_same_polyol_same_iso,2,70.0,20.0,-0.03665954425578166,3.7339792421211118
primary,50.0,P_TD80_4,P,TD80,b_same_polyol_other_iso,14,60.0,10.0,-0.001236806639296928,0.12375718000478826
primary,50.0,P_TD80_4,P,TD80,b_same_polyol_other_iso,14,70.0,20.0,-0.014066352192651177,1.4165748827198235
primary,50.0,P_TD80_4,P,TD80,c_other_polyol_same_iso,1,60.0,10.0,0.15297172322564867,14.18460127050252
primary,50.0,P_TD80_4,P,TD80,c_other_polyol_same_iso,1,70.0,20.0,0.277164902987196,24.20704980342029
primary,50.0,P_TD80_4,P,TD80,d_all_other,33,60.0,10.0,0.07946138894568322,7.638631902184866
primary,50.0,P_TD80_4,P,TD80,d_all_other,33,70.0,20.0,0.09152455681778504,8.74610931747952
primary,50.0,P_TD80_4,P,TD80,ref_own_curve,1,60.0,10.0,0.0019989811935678947,0.19969845612934906
primary,50.0,P_TD80_4,P,TD80,ref_own_curve,1,70.0,20.0,-0.016699744054746946,1.6839964240110603
primary,50.0,P_TD80_7,P,TD80,a_same_polyol_same_iso,2,60.0,10.0,0.018808522040308917,1.8632745546786265
primary,50.0,P_TD80_7,P,TD80,a_same_polyol_same_iso,2,70.0,20.0,0.08231689785668539,7.901994415864917
primary,50.0,P_TD80_7,P,TD80,b_same_polyol_other_iso,14,60.0,10.0,-0.006731236985684452,0.6753942678572923
primary,50.0,P_TD80_7,P,TD80,b_same_polyol_other_iso,14,70.0,20.0,0.004305283851914171,0.42960294031644897
primary,50.0,P_TD80_7,P,TD80,c_other_polyol_same_iso,1,60.0,10.0,0.14747729287926115,13.711796833460324
primary,50.0,P_TD80_7,P,TD80,c_other_polyol_same_iso,1,70.0,20.0,0.29553653903176136,25.58677756446165
primary,50.0,P_TD80_7,P,TD80,d_all_other,33,60.0,10.0,0.07630555635903458,7.346694476464146
primary,50.0,P_TD80_7,P,TD80,d_all_other,33,70.0,20.0,0.11599345383616161,10.951894748674219
primary,50.0,P_TD80_7,P,TD80,ref_own_curve,1,60.0,10.0,-0.08066917522422623,8.40122191410088
primary,50.0,P_TD80_7,P,TD80,ref_own_curve,1,70.0,20.0,-0.19953772014599772,22.08382587598527
primary,50.0,P_TDS_4,P,TDS,a_same_polyol_same_iso,1,60.0,10.0,-0.023471571574076533,2.374919675473671
primary,50.0,P_TDS_4,P,TDS,a_same_polyol_same_iso,1,70.0,20.0,-0.06103494169952717,6.293605433054863
primary,50.0,P_TDS_4,P,TDS,b_same_polyol_other_iso,15,60.0,10.0,-0.013818199016342847,1.3914111598903707
primary,50.0,P_TDS_4,P,TDS,b_same_polyol_other_iso,15,70.0,20.0,-0.03130190115655651,3.1796957564864585
primary,50.0,P_TDS_4,P,TDS,d_all_other,33,60.0,10.0,0.06811832902057224,6.585007000919807
primary,50.0,P_TDS_4,P,TDS,d_all_other,33,70.0,20.0,0.0759013211053352,7.3092331729200986
primary,50.0,P_TDS_4,P,TDS,ref_own_curve,1,60.0,10.0,-0.002599111192955972,0.26024918106852923
primary,50.0,P_TDS_4,P,TDS,ref_own_curve,1,70.0,20.0,-0.011635642887142028,1.1703600300132473
primary,50.0,P_TDS_7,P,TDS,a_same_polyol_same_iso,1,60.0,10.0,0.010020074962669212,0.9970041264789373
primary,50.0,P_TDS_7,P,TDS,a_same_polyol_same_iso,1,70.0,20.0,0.030495035084565636,3.0034752149314605
primary,50.0,P_TDS_7,P,TDS,b_same_polyol_other_iso,15,60.0,10.0,-0.0011990128607177741,0.11997319640138382
primary,50.0,P_TDS_7,P,TDS,b_same_polyol_other_iso,15,70.0,20.0,0.010828776815151098,1.0770356674536785
primary,50.0,P_TDS_7,P,TDS,d_all_other,33,60.0,10.0,0.08137001397562527,7.814746998831845
primary,50.0,P_TDS_7,P,TDS,d_all_other,33,70.0,20.0,0.1195289475259031,11.266167880176745
primary,50.0,P_TDS_7,P,TDS,ref_own_curve,1,60.0,10.0,-0.010852385418451238,1.0911486154252763
primary,50.0,P_TDS_7,P,TDS,ref_own_curve,1,70.0,20.0,-0.018904263727819504,1.9084080636166532
primary,50.0,P_W_5,P,W,a_same_polyol_same_iso,1,60.0,10.0,0.0015172866401205742,0.15161361426981185
primary,50.0,P_W_5,P,W,a_same_polyol_same_iso,1,70.0,20.0,-0.019556523391749292,1.9749004904184342
primary,50.0,P_W_5,P,W,b_same_polyol_other_iso,15,60.0,10.0,0.07474318203781397,7.201822188236072
primary,50.0,P_W_5,P,W,b_same_polyol_other_iso,15,70.0,20.0,0.1323518940450873,12.396732984622675
primary,50.0,P_W_5,P,W,c_other_polyol_same_iso,1,60.0,10.0,0.30527786767272796,26.308141991075207
primary,50.0,P_W_5,P,W,c_other_polyol_same_iso,1,70.0,20.0,0.5677974895751117,43.32276129218703
primary,50.0,P_W_5,P,W,d_all_other,33,60.0,10.0,0.1505597107491532,13.977363628675018
primary,50.0,P_W_5,P,W,d_all_other,33,70.0,20.0,0.2281095813882017,20.396297578633256
primary,50.0,P_W_5,P,W,ref_own_curve,1,60.0,10.0,0.01114733779712232,1.1085436452383317
primary,50.0,P_W_5,P,W,ref_own_curve,1,70.0,20.0,0.01866625378258535,1.8493118205274452
primary,50.0,P_W_9,P,W,a_same_polyol_same_iso,1,60.0,10.0,-0.007880453150259759,0.7911585646846994
primary,50.0,P_W_9,P,W,a_same_polyol_same_iso,1,70.0,20.0,0.005234020444771503,0.5220346826164741
primary,50.0,P_W_9,P,W,b_same_polyol_other_iso,15,60.0,10.0,0.05571539109043189,5.419171694816073
primary,50.0,P_W_9,P,W,b_same_polyol_other_iso,15,70.0,20.0,0.11891966070727344,11.212087052204867
primary,50.0,P_W_9,P,W,c_other_polyol_same_iso,1,60.0,10.0,0.28625007672534586,24.892523385857363
primary,50.0,P_W_9,P,W,c_other_polyol_same_iso,1,70.0,20.0,0.5543652562372976,42.55632343452016
primary,50.0,P_W_9,P,W,d_all_other,33,60.0,10.0,0.1318237395338019,12.350452703451333
primary,50.0,P_W_9,P,W,d_all_other,33,70.0,20.0,0.21583561402536866,19.413223565643914
primary,50.0,P_W_9,P,W,ref_own_curve,1,60.0,10.0,-0.017510504307261532,1.7664711957440848
primary,50.0,P_W_9,P,W,ref_own_curve,1,70.0,20.0,-0.03298875672956314,3.3538918818408514
primary,52.5,C_44M_10,C,44M,a_same_polyol_same_iso,2,62.5,10.0,0.03204277910848852,3.1534848882752904
primary,52.5,C_44M_10,C,44M,a_same_polyol_same_iso,2,72.5,20.0,0.022925920281607226,2.266511821555015
primary,52.5,C_44M_10,C,44M,b_same_polyol_other_iso,4,62.5,10.0,-0.1126785083090609,11.92720384398798
primary,52.5,C_44M_10,C,44M,b_same_polyol_other_iso,4,72.5,20.0,-0.39035058206017714,47.749868762902786
primary,52.5,C_44M_10,C,44M,c_other_polyol_same_iso,7,62.5,10.0,-0.10686992730995648,11.278950154140999
primary,52.5,C_44M_10,C,44M,c_other_polyol_same_iso,7,72.5,20.0,-0.24198663219379424,27.37771650960912
primary,52.5,C_44M_10,C,44M,d_all_other,34,62.5,10.0,-0.10041646126620751,10.563127480928554
primary,52.5,C_44M_10,C,44M,d_all_other,34,72.5,20.0,-0.23561954363290116,26.569267771459597
primary,52.5,C_44M_10,C,44M,ref_own_curve,1,62.5,10.0,-0.022803569804826118,2.306555884112521
primary,52.5,C_44M_10,C,44M,ref_own_curve,1,72.5,20.0,-0.07872949184269395,8.191161656472119
primary,52.5,C_44M_6,C,44M,a_same_polyol_same_iso,2,62.5,10.0,-0.07671830609210906,7.973787796684782
primary,52.5,C_44M_6,C,44M,a_same_polyol_same_iso,2,72.5,20.0,-0.17321682501948255,18.912390894858316
primary,52.5,C_44M_6,C,44M,b_same_polyol_other_iso,4,62.5,10.0,-0.18983199322799527,20.904645260115142
primary,52.5,C_44M_6,C,44M,b_same_polyol_other_iso,4,72.5,20.0,-0.526649465385419,69.32495026460566
primary,52.5,C_44M_6,C,44M,c_other_polyol_same_iso,7,62.5,10.0,-0.18402341222889085,20.20439652953167
primary,52.5,C_44M_6,C,44M,c_other_polyol_same_iso,7,72.5,20.0,-0.37828551551903633,45.977967313254105
primary,52.5,C_44M_6,C,44M,d_all_other,34,62.5,10.0,-0.17937033316958972,19.646375234621463
primary,52.5,C_44M_6,C,44M,d_all_other,34,72.5,20.0,-0.3752649654586473,45.53769881652836
primary,52.5,C_44M_6,C,44M,ref_own_curve,1,62.5,10.0,-0.03674185416043496,3.742517927466206
primary,52.5,C_44M_6,C,44M,ref_own_curve,1,72.5,20.0,-0.09534065121624513,10.00335190637963
primary,52.5,C_44M_8,C,44M,a_same_polyol_same_iso,2,62.5,10.0,-0.020986082623053903,2.1207839004191866
primary,52.5,C_44M_8,C,44M,a_same_polyol_same_iso,2,72.5,20.0,-0.06802713947970496,7.03943580305338
primary,52.5,C_44M_8,C,44M,b_same_polyol_other_iso,4,62.5,10.0,-0.14246862140895056,15.311689720612534
primary,52.5,C_44M_8,C,44M,b_same_polyol_other_iso,4,72.5,20.0,-0.4394920916730283,55.19187858284169
primary,52.5,C_44M_8,C,44M,c_other_polyol_same_iso,7,62.5,10.0,-0.13666004040984614,14.643833955645235
primary,52.5,C_44M_8,C,44M,c_other_polyol_same_iso,7,72.5,20.0,-0.2911281418066456,33.79360185044212
primary,52.5,C_44M_8,C,44M,d_all_other,34,62.5,10.0,-0.13152372014780722,14.056496177098394
primary,52.5,C_44M_8,C,44M,d_all_other,34,72.5,20.0,-0.2870737158815877,33.25224379215273
primary,52.5,C_44M_8,C,44M,ref_own_curve,1,62.5,10.0,-0.006116185641415139,0.6134927695292667
primary,52.5,C_44M_8,C,44M,ref_own_curve,1,72.5,20.0,-0.04424790115864141,4.524143933732115
primary,52.5,C_MLQ_10,C,MLQ,a_same_polyol_same_iso,3,62.5,10.0,-0.14906476728641893,16.07481652834653
primary,52.5,C_MLQ_10,C,MLQ,a_same_polyol_same_iso,3,72.5,20.0,-0.5026184224591754,65.30439763692992
primary,52.5,C_MLQ_10,C,MLQ,b_same_polyol_other_iso,3,62.5,10.0,0.010554445104716592,1.049894238740015
primary,52.5,C_MLQ_10,C,MLQ,b_same_polyol_other_iso,3,72.5,20.0,-0.014147770649168834,1.4248323998646706
primary,52.5,C_MLQ_10,C,MLQ,c_other_polyol_same_iso,8,62.5,10.0,-0.08596914556664936,8.97727034671472
primary,52.5,C_MLQ_10,C,MLQ,c_other_polyol_same_iso,8,72.5,20.0,-0.19977551113518421,22.112859761565367
primary,52.5,C_MLQ_10,C,MLQ,d_all_other,34,62.5,10.0,-0.10389393144493075,10.948276744020603
primary,52.5,C_MLQ_10,C,MLQ,d_all_other,34,72.5,20.0,-0.23922912052098133,27.026954806485175
primary,52.5,C_MLQ_10,C,MLQ,ref_own_curve,1,62.5,10.0,-0.016344602174310108,1.6478905900370797
primary,52.5,C_MLQ_10,C,MLQ,ref_own_curve,1,72.5,20.0,-0.06630127508717787,6.8548595747897485
primary,52.5,C_MLQ_4,C,MLQ,a_same_polyol_same_iso,3,62.5,10.0,-0.2975010515649297,34.64897912734736
primary,52.5,C_MLQ_4,C,MLQ,a_same_polyol_same_iso,3,72.5,20.0,-0.5223579261103142,68.59984261714112
primary,52.5,C_MLQ_4,C,MLQ,b_same_polyol_other_iso,3,62.5,10.0,-0.2968517225283476,34.5615760152141
primary,52.5,C_MLQ_4,C,MLQ,b_same_polyol_other_iso,3,72.5,20.0,-0.5096328792028126,66.46799441231586
primary,52.5,C_MLQ_4,C,MLQ,c_other_polyol_same_iso,8,62.5,10.0,-0.39337531319971397,48.19744895544284
primary,52.5,C_MLQ_4,C,MLQ,c_other_polyol_same_iso,8,72.5,20.0,-0.6952606196888267,100.42313480310243
primary,52.5,C_MLQ_4,C,MLQ,d_all_other,34,62.5,10.0,-0.39693295939217954,48.725622014805424
primary,52.5,C_MLQ_4,C,MLQ,d_all_other,34,72.5,20.0,-0.6917531101131917,99.72138016361241
primary,52.5,C_MLQ_4,C,MLQ,ref_own_curve,1,62.5,10.0,-0.8006604198710336,122.7011205392044
primary,52.5,C_MLQ_4,C,MLQ,ref_own_curve,1,72.5,20.0,-1.9890231983483302,630.8391425738675
primary,52.5,C_MLQ_6,C,MLQ,a_same_polyol_same_iso,3,62.5,10.0,-0.23010564947682477,25.873298738643424
primary,52.5,C_MLQ_6,C,MLQ,a_same_polyol_same_iso,3,72.5,20.0,-0.6344921771458831,88.60641117643557
primary,52.5,C_MLQ_6,C,MLQ,b_same_polyol_other_iso,3,62.5,10.0,-0.05178117026684026,5.314525780008752
primary,52.5,C_MLQ_6,C,MLQ,b_same_polyol_other_iso,3,72.5,20.0,-0.12091987913383528,12.853448958421424
primary,52.5,C_MLQ_6,C,MLQ,c_other_polyol_same_iso,8,62.5,10.0,-0.14830476093820621,15.98663244539345
primary,52.5,C_MLQ_6,C,MLQ,c_other_polyol_same_iso,8,72.5,20.0,-0.3065476196198511,35.87261679603312
primary,52.5,C_MLQ_6,C,MLQ,d_all_other,34,62.5,10.0,-0.1677814359679668,18.26780915050702
primary,52.5,C_MLQ_6,C,MLQ,d_all_other,34,72.5,20.0,-0.347926520231038,41.61281891447371
primary,52.5,C_MLQ_6,C,MLQ,ref_own_curve,1,62.5,10.0,-0.022564417089318667,2.282091918887077
primary,52.5,C_MLQ_6,C,MLQ,ref_own_curve,1,72.5,20.0,-0.09776844496571169,10.27074180898836
primary,52.5,C_MLQ_8,C,MLQ,a_same_polyol_same_iso,3,62.5,10.0,-0.18925367501117707,20.834744115764067
primary,52.5,C_MLQ_8,C,MLQ,a_same_polyol_same_iso,3,72.5,20.0,-0.5696999488020555,76.77365603778851
primary,52.5,C_MLQ_8,C,MLQ,b_same_polyol_other_iso,3,62.5,10.0,-0.022090011196437942,2.2335801997771405
primary,52.5,C_MLQ_8,C,MLQ,b_same_polyol_other_iso,3,72.5,20.0,-0.06690248566356427,6.919121161941686
primary,52.5,C_MLQ_8,C,MLQ,c_other_polyol_same_iso,8,62.5,10.0,-0.1186136018678039,12.593477513043016
primary,52.5,C_MLQ_8,C,MLQ,c_other_polyol_same_iso,8,72.5,20.0,-0.25253022614957965,28.727840503638063
primary,52.5,C_MLQ_8,C,MLQ,d_all_other,34,62.5,10.0,-0.137183183480182,14.703824773457995
primary,52.5,C_MLQ_8,C,MLQ,d_all_other,34,72.5,20.0,-0.29318633843299846,34.06925897136552
primary,52.5,C_MLQ_8,C,MLQ,ref_own_curve,1,62.5,10.0,-0.026355704204656938,2.6706087201066113
primary,52.5,C_MLQ_8,C,MLQ,ref_own_curve,1,72.5,20.0,-0.07607555611612327,7.904409945865837
primary,52.5,D_44M_10,D,44M,a_same_polyol_same_iso,2,62.5,10.0,0.06094061579046128,5.912088852064847
primary,52.5,D_44M_10,D,44M,a_same_polyol_same_iso,2,72.5,20.0,0.051837884333015616,5.051721959911219
primary,52.5,D_44M_10,D,44M,b_same_polyol_other_iso,8,62.5,10.0,0.0590899594377855,5.737803239944284
primary,52.5,D_44M_10,D,44M,b_same_polyol_other_iso,8,72.5,20.0,0.08288657027333532,7.954445167982841
primary,52.5,D_44M_10,D,44M,c_other_polyol_same_iso,7,62.5,10.0,-0.04306545857794153,4.40062317772634
primary,52.5,D_44M_10,D,44M,c_other_polyol_same_iso,7,72.5,20.0,-0.08803603454338793,9.202747203053521
primary,52.5,D_44M_10,D,44M,d_all_other,34,62.5,10.0,-0.04717999437939824,4.831068212974846
primary,52.5,D_44M_10,D,44M,d_all_other,34,72.5,20.0,-0.11551515812556315,12.24515286805381
primary,52.5,D_44M_10,D,44M,ref_own_curve,1,62.5,10.0,-0.00473117112565169,0.4742380787065149
primary,52.5,D_44M_10,D,44M,ref_own_curve,1,72.5,20.0,-0.03422477284422695,3.4817179389795734
primary,52.5,D_44M_4,D,44M,a_same_polyol_same_iso,2,62.5,10.0,-0.1173500516423025,12.451299842371599
primary,52.5,D_44M_4,D,44M,a_same_polyol_same_iso,2,72.5,20.0,-0.27646106406257687,31.845561641297564
primary,52.5,D_44M_4,D,44M,b_same_polyol_other_iso,8,62.5,10.0,-0.06124850138717264,6.316307886307985
primary,52.5,D_44M_4,D,44M,b_same_polyol_other_iso,8,72.5,20.0,-0.1649266403676144,17.930660203921825
primary,52.5,D_44M_4,D,44M,c_other_polyol_same_iso,7,62.5,10.0,-0.16340391940289933,17.75122136755739
primary,52.5,D_44M_4,D,44M,c_other_polyol_same_iso,7,72.5,20.0,-0.33584924518433734,39.912808361479556
primary,52.5,D_44M_4,D,44M,d_all_other,34,62.5,10.0,-0.1707319360594015,18.617273626182644
primary,52.5,D_44M_4,D,44M,d_all_other,34,72.5,20.0,-0.3674885226150266,44.41032239057914
primary,52.5,D_44M_4,D,44M,ref_own_curve,1,62.5,10.0,-0.009165218734997538,0.9207347961724082
primary,52.5,D_44M_4,D,44M,ref_own_curve,1,72.5,20.0,-0.12106650797588836,12.869997742198743
primary,52.5,D_44M_8,D,44M,a_same_polyol_same_iso,2,62.5,10.0,0.015552385402463509,1.5432071586413834
primary,52.5,D_44M_8,D,44M,a_same_polyol_same_iso,2,72.5,20.0,-0.016098380698048365,1.6228657773067034
primary,52.5,D_44M_8,D,44M,b_same_polyol_other_iso,8,62.5,10.0,0.021421309358097718,2.1193502649689484
primary,52.5,D_44M_8,D,44M,b_same_polyol_other_iso,8,72.5,20.0,0.02052722466487844,2.0317975403354063
primary,52.5,D_44M_8,D,44M,c_other_polyol_same_iso,7,62.5,10.0,-0.08073410865762964,8.408261006158622
primary,52.5,D_44M_8,D,44M,c_other_polyol_same_iso,7,72.5,20.0,-0.15039538015184484,16.229369975170002
primary,52.5,D_44M_8,D,44M,d_all_other,34,62.5,10.0,-0.08526130209234761,8.900158791727755
primary,52.5,D_44M_8,D,44M,d_all_other,34,72.5,20.0,-0.1780810419870653,19.492215617682465
primary,52.5,D_44M_8,D,44M,ref_own_curve,1,62.5,10.0,-0.026960660588722707,2.732738751392471
primary,52.5,D_44M_8,D,44M,ref_own_curve,1,72.5,20.0,-0.08543027960747551,8.91856202477992
primary,52.5,D_I_5,D,I,a_same_polyol_same_iso,1,62.5,10.0,-0.09375002187246562,9.828516433003006
primary,52.5,D_I_5,D,I,a_same_polyol_same_iso,1,72.5,20.0,-0.18020809594591602,19.746652512535835
primary,52.5,D_I_5,D,I,b_same_polyol_other_iso,9,62.5,10.0,-0.0537219827056723,5.519119996911512
primary,52.5,D_I_5,D,I,b_same_polyol_other_iso,9,72.5,20.0,-0.10887604900320902,11.50241334227786
primary,52.5,D_I_5,D,I,c_other_polyol_same_iso,2,62.5,10.0,-0.2353629850868575,26.5367995093295
primary,52.5,D_I_5,D,I,c_other_polyol_same_iso,2,72.5,20.0,-0.4014624238636575,49.40079737279082
primary,52.5,D_I_5,D,I,d_all_other,34,62.5,10.0,-0.15852541362801564,17.17817030711215
primary,52.5,D_I_5,D,I,d_all_other,34,72.5,20.0,-0.30373709277983196,35.49127929036894
primary,52.5,D_I_5,D,I,ref_own_curve,1,62.5,10.0,0.04764174170527036,4.652468366309553
primary,52.5,D_I_5,D,I,ref_own_curve,1,72.5,20.0,0.07422439700539818,7.1536673926382965
primary,52.5,D_I_9,D,I,a_same_polyol_same_iso,1,62.5,10.0,0.12686856022675663,11.915055636033598
primary,52.5,D_I_9,D,I,b_same_polyol_other_iso,9,62.5,10.0,0.025504835815814197,2.5182335084336995
primary,52.5,D_I_9,D,I,c_other_polyol_same_iso,2,62.5,10.0,-0.156136166565371,16.89853689757495
primary,52.5,D_I_9,D,I,d_all_other,34,62.5,10.0,-0.07710278269677406,8.015309173497181
primary,52.5,D_I_9,D,I,ref_own_curve,1,62.5,10.0,-0.01452320335097923,1.46291774751836
primary,52.5,D_MLQ_10,D,MLQ,a_same_polyol_same_iso,3,62.5,10.0,0.07935981315040819,7.629249746275733
primary,52.5,D_MLQ_10,D,MLQ,a_same_polyol_same_iso,3,72.5,20.0,0.15868661957279434,14.673628677788288
primary,52.5,D_MLQ_10,D,MLQ,b_same_polyol_other_iso,7,62.5,10.0,0.04304966376519015,4.213618223799892
primary,52.5,D_MLQ_10,D,MLQ,b_same_polyol_other_iso,7,72.5,20.0,0.07493400441322609,7.219528467529164
primary,52.5,D_MLQ_10,D,MLQ,c_other_polyol_same_iso,8,62.5,10.0,-0.09682711888510198,10.166989923634345
primary,52.5,D_MLQ_10,D,MLQ,c_other_polyol_same_iso,8,72.5,20.0,-0.23605295090997705,26.624135702387314
primary,52.5,D_MLQ_10,D,MLQ,d_all_other,34,62.5,10.0,-0.05322384980287098,5.466570540759596
primary,52.5,D_MLQ_10,D,MLQ,d_all_other,34,72.5,20.0,-0.09420403414960873,9.878391248876657
primary,52.5,D_MLQ_10,D,MLQ,ref_own_curve,1,62.5,10.0,-0.027933380925835305,2.8327175935065223
primary,52.5,D_MLQ_10,D,MLQ,ref_own_curve,1,72.5,20.0,-0.07045818401585804,7.299969995415124
primary,52.5,D_MLQ_4,D,MLQ,a_same_polyol_same_iso,3,62.5,10.0,-0.05856924143555098,6.031840112110796
primary,52.5,D_MLQ_4,D,MLQ,a_same_polyol_same_iso,3,72.5,20.0,-0.1416015631116947,15.211751095837672
primary,52.5,D_MLQ_4,D,MLQ,b_same_polyol_other_iso,7,62.5,10.0,-0.037963762430366366,3.869359246511834
primary,52.5,D_MLQ_4,D,MLQ,b_same_polyol_other_iso,7,72.5,20.0,-0.09982610587019458,10.497875204931882
primary,52.5,D_MLQ_4,D,MLQ,c_other_polyol_same_iso,8,62.5,10.0,-0.1778405450806586,19.463481564850632
primary,52.5,D_MLQ_4,D,MLQ,c_other_polyol_same_iso,8,72.5,20.0,-0.41081306119339756,50.80434183693503
primary,52.5,D_MLQ_4,D,MLQ,d_all_other,34,62.5,10.0,-0.13917996591194637,14.93309217800784
primary,52.5,D_MLQ_4,D,MLQ,d_all_other,34,72.5,20.0,-0.2798042262237739,32.287080357202754
primary,52.5,D_MLQ_4,D,MLQ,ref_own_curve,1,62.5,10.0,0.061800078049820684,5.99291912050028
primary,52.5,D_MLQ_4,D,MLQ,ref_own_curve,1,72.5,20.0,0.1313659229039399,12.310316096197003
primary,52.5,D_MLQ_6,D,MLQ,a_same_polyol_same_iso,3,62.5,10.0,-0.028008994981714608,2.840493486340551
primary,52.5,D_MLQ_6,D,MLQ,a_same_polyol_same_iso,3,72.5,20.0,-0.07096381481109382,7.354237883174113
primary,52.5,D_MLQ_6,D,MLQ,b_same_polyol_other_iso,7,62.5,10.0,-0.027613661735542472,2.799845255540572
primary,52.5,D_MLQ_6,D,MLQ,b_same_polyol_other_iso,7,72.5,20.0,-0.07661752533125443,7.962906664511878
primary,52.5,D_MLQ_6,D,MLQ,c_other_polyol_same_iso,8,62.5,10.0,-0.16749044438583427,18.23339922034978
primary,52.5,D_MLQ_6,D,MLQ,c_other_polyol_same_iso,8,72.5,20.0,-0.38760448065445763,47.3446892272683
primary,52.5,D_MLQ_6,D,MLQ,d_all_other,34,62.5,10.0,-0.12706194764642564,13.548735637208221
primary,52.5,D_MLQ_6,D,MLQ,d_all_other,34,72.5,20.0,-0.2524570129398582,28.718416270247676
primary,52.5,D_MLQ_6,D,MLQ,ref_own_curve,1,62.5,10.0,0.011519741467607814,1.145364330059874
primary,52.5,D_MLQ_6,D,MLQ,ref_own_curve,1,72.5,20.0,0.012287000157900518,1.2211823186286348
primary,52.5,D_MLQ_8,D,MLQ,a_same_polyol_same_iso,3,62.5,10.0,0.03253576661126156,3.2012172432185326
primary,52.5,D_MLQ_8,D,MLQ,a_same_polyol_same_iso,3,72.5,20.0,0.06732990345704915,6.5113271907167665
primary,52.5,D_MLQ_8,D,MLQ,b_same_polyol_other_iso,7,62.5,10.0,0.009897700280496302,0.984887924981716
primary,52.5,D_MLQ_8,D,MLQ,b_same_polyol_other_iso,7,72.5,20.0,0.009095114845662056,0.9053879397041482
primary,52.5,D_MLQ_8,D,MLQ,c_other_polyol_same_iso,8,62.5,10.0,-0.12997908236979572,13.880456198277718
primary,52.5,D_MLQ_8,D,MLQ,c_other_polyol_same_iso,8,72.5,20.0,-0.30189184047754103,35.24149422442764
primary,52.5,D_MLQ_8,D,MLQ,d_all_other,34,62.5,10.0,-0.08754231540783897,9.148845024468294
primary,52.5,D_MLQ_8,D,MLQ,d_all_other,34,72.5,20.0,-0.16217697039823975,17.606835219036913
primary,52.5,D_MLQ_8,D,MLQ,ref_own_curve,1,62.5,10.0,-0.020069095247173152,2.0271833525866167
primary,52.5,D_MLQ_8,D,MLQ,ref_own_curve,1,72.5,20.0,-0.059743593938884176,6.156432012065519
primary,52.5,D_TD80_10,D,TD80,b_same_polyol_other_iso,10,62.5,10.0,0.050670000197349796,4.940768594553079
primary,52.5,D_TD80_10,D,TD80,b_same_polyol_other_iso,10,72.5,20.0,0.07350246791373954,7.08661472335113
primary,52.5,D_TD80_10,D,TD80,c_other_polyol_same_iso,3,62.5,10.0,-0.13567520420654794,14.530984135895931
primary,52.5,D_TD80_10,D,TD80,c_other_polyol_same_iso,3,72.5,20.0,-0.23102075194519192,25.988538425039483
primary,52.5,D_TD80_10,D,TD80,d_all_other,34,62.5,10.0,-0.0516674021445358,5.3025450256862605
primary,52.5,D_TD80_10,D,TD80,d_all_other,34,72.5,20.0,-0.10611936156486232,11.195459322603893
primary,52.5,D_TD80_10,D,TD80,ref_own_curve,1,62.5,10.0,0.03075014311964125,3.028216651774693
primary,52.5,D_TD80_10,D,TD80,ref_own_curve,1,72.5,20.0,0.09206475922803545,8.795391576774863
primary,52.5,D_W_5,D,W,b_same_polyol_other_iso,10,62.5,10.0,-0.033442583386623204,3.4008072780112197
primary,52.5,D_W_5,D,W,b_same_polyol_other_iso,10,72.5,20.0,-0.09990913043508698,10.507049623788102
primary,52.5,D_W_5,D,W,c_other_polyol_same_iso,2,62.5,10.0,-0.27215831953739267,31.279482592885806
primary,52.5,D_W_5,D,W,c_other_polyol_same_iso,2,72.5,20.0,-0.5114302770966199,66.76747269505069
primary,52.5,D_W_5,D,W,d_all_other,34,62.5,10.0,-0.13272030227186749,14.193055827681292
primary,52.5,D_W_5,D,W,d_all_other,34,72.5,20.0,-0.27607965127396095,31.795283646909866
primary,52.5,D_W_5,D,W,ref_own_curve,1,62.5,10.0,0.007588348477588935,0.7559629650017435
primary,52.5,D_W_5,D,W,ref_own_curve,1,72.5,20.0,0.011414975622302093,1.1350071980641525
primary,52.5,D_W_9,D,W,a_same_polyol_same_iso,1,62.5,10.0,0.07655802714022442,7.370083776207864
primary,52.5,D_W_9,D,W,b_same_polyol_other_iso,10,62.5,10.0,0.03552709527601239,3.490341568259818
primary,52.5,D_W_9,D,W,c_other_polyol_same_iso,2,62.5,10.0,-0.20318864087475752,22.530358878825588
primary,52.5,D_W_9,D,W,d_all_other,35,62.5,10.0,-0.05983423080674466,6.166054134619274
primary,52.5,P_44M_10,P,44M,a_same_polyol_same_iso,3,62.5,10.0,0.02073783363765802,2.0524283502274
primary,52.5,P_44M_10,P,44M,a_same_polyol_same_iso,3,72.5,20.0,0.04828880043340668,4.714143862873321
primary,52.5,P_44M_10,P,44M,b_same_polyol_other_iso,13,62.5,10.0,-0.00637094996141796,0.6391287630273718
primary,52.5,P_44M_10,P,44M,b_same_polyol_other_iso,13,72.5,20.0,-0.013314785905955445,1.3403822396232041
primary,52.5,P_44M_10,P,44M,c_other_polyol_same_iso,6,62.5,10.0,0.1824862421977123,16.680389320321744
primary,52.5,P_44M_10,P,44M,c_other_polyol_same_iso,6,72.5,20.0,0.30815625845106653,26.519950974855107
primary,52.5,P_44M_10,P,44M,d_all_other,34,62.5,10.0,0.08753877677932892,8.381665567730325
primary,52.5,P_44M_10,P,44M,d_all_other,34,72.5,20.0,0.1364751958653775,12.757204018819063
primary,52.5,P_44M_10,P,44M,ref_own_curve,1,62.5,10.0,-0.041879773075080284,4.276910229153138
primary,52.5,P_44M_10,P,44M,ref_own_curve,1,72.5,20.0,-0.10998960304209288,11.626646462309285
primary,52.5,P_44M_4,P,44M,a_same_polyol_same_iso,3,62.5,10.0,-0.08749049504469442,9.143189038231213
primary,52.5,P_44M_4,P,44M,a_same_polyol_same_iso,3,72.5,20.0,-0.1465919040984316,15.788133996930362
primary,52.5,P_44M_4,P,44M,b_same_polyol_other_iso,13,62.5,10.0,-0.08569988259016359,8.947930752742336
primary,52.5,P_44M_4,P,44M,b_same_polyol_other_iso,13,72.5,20.0,-0.13691174195840938,14.672693618043594
primary,52.5,P_44M_4,P,44M,c_other_polyol_same_iso,6,62.5,10.0,0.1031573095689664,9.801492856226758
primary,52.5,P_44M_4,P,44M,c_other_polyol_same_iso,6,72.5,20.0,0.18455930239861207,16.85293697654206
primary,52.5,P_44M_4,P,44M,d_all_other,34,62.5,10.0,0.005666273316357717,0.5650250267652438
primary,52.5,P_44M_4,P,44M,d_all_other,34,72.5,20.0,0.006609244446267315,0.6587451428417936
primary,52.5,P_44M_4,P,44M,ref_own_curve,1,62.5,10.0,-0.03451051754300405,3.5112915163462386
primary,52.5,P_44M_4,P,44M,ref_own_curve,1,72.5,20.0,-0.019735313656388254,1.9931342398235175
primary,52.5,P_44M_6,P,44M,a_same_polyol_same_iso,3,62.5,10.0,-0.015450183911816406,1.557015506574734
primary,52.5,P_44M_6,P,44M,a_same_polyol_same_iso,3,72.5,20.0,-0.02527160779180959,2.5593641922802233
primary,52.5,P_44M_6,P,44M,b_same_polyol_other_iso,13,62.5,10.0,-0.023423664492317142,2.3700153093045406
primary,52.5,P_44M_6,P,44M,b_same_polyol_other_iso,13,72.5,20.0,-0.03907759864317639,3.98511715594996
primary,52.5,P_44M_6,P,44M,c_other_polyol_same_iso,6,62.5,10.0,0.1654335276668133,15.247380162362031
primary,52.5,P_44M_6,P,44M,c_other_polyol_same_iso,6,72.5,20.0,0.2823934457138456,24.60230228422071
primary,52.5,P_44M_6,P,44M,d_all_other,34,62.5,10.0,0.06879918947954233,6.6485879286018585
primary,52.5,P_44M_6,P,44M,d_all_other,34,72.5,20.0,0.10650083467220972,10.102570218794535
primary,52.5,P_44M_6,P,44M,ref_own_curve,1,62.5,10.0,-0.0015265785502538431,0.15277443644490624
primary,52.5,P_44M_6,P,44M,ref_own_curve,1,72.5,20.0,0.007640370684670494,0.7611257245577503
primary,52.5,P_44M_8,P,44M,a_same_polyol_same_iso,3,62.5,10.0,0.0018624954968184948,0.18607621283779685
primary,52.5,P_44M_8,P,44M,a_same_polyol_same_iso,3,72.5,20.0,-0.0004731614004256923,0.04732733589385714
primary,52.5,P_44M_8,P,44M,b_same_polyol_other_iso,13,62.5,10.0,-0.010663380461700789,1.072043692772778
primary,52.5,P_44M_8,P,44M,b_same_polyol_other_iso,13,72.5,20.0,-0.02287968823166603,2.314343594592204
primary,52.5,P_44M_8,P,44M,c_other_polyol_same_iso,6,62.5,10.0,0.17819381169742965,16.32197700249714
primary,52.5,P_44M_8,P,44M,c_other_polyol_same_iso,6,72.5,20.0,0.2985913561253559,25.813749492976967
primary,52.5,P_44M_8,P,44M,d_all_other,34,62.5,10.0,0.0819483501827738,7.868045654650762
primary,52.5,P_44M_8,P,44M,d_all_other,34,72.5,20.0,0.12341984645556148,11.61075144795524
primary,52.5,P_44M_8,P,44M,ref_own_curve,1,62.5,10.0,-0.0024234806536898024,0.24264196566552518
primary,52.5,P_44M_8,P,44M,ref_own_curve,1,72.5,20.0,-0.0019633268434311457,0.19652554315212753
primary,52.5,P_I_5,P,I,a_same_polyol_same_iso,1,62.5,10.0,0.002833169830401161,0.2829160192312953
primary,52.5,P_I_5,P,I,a_same_polyol_same_iso,1,72.5,20.0,-0.00408971225054261,0.40980865359361285
primary,52.5,P_I_5,P,I,b_same_polyol_other_iso,15,62.5,10.0,0.005965929104316259,0.5948168286756221
primary,52.5,P_I_5,P,I,b_same_polyol_other_iso,15,72.5,20.0,-0.008750726466135339,0.8789125999187772
primary,52.5,P_I_5,P,I,c_other_polyol_same_iso,2,62.5,10.0,0.15832746831632438,14.642978100550696
primary,52.5,P_I_5,P,I,c_other_polyol_same_iso,2,72.5,20.0,0.18138589099369248,16.588658027328034
primary,52.5,P_I_5,P,I,d_all_other,34,62.5,10.0,0.09628014891915215,9.179045349713292
primary,52.5,P_I_5,P,I,d_all_other,34,72.5,20.0,0.13498157305796804,12.626798825117152
primary,52.5,P_I_5,P,I,ref_own_curve,1,62.5,10.0,0.02065664265797995,2.044475568085349
primary,52.5,P_I_5,P,I,ref_own_curve,1,72.5,20.0,0.054484435806766374,5.302675238226075
primary,52.5,P_I_9,P,I,a_same_polyol_same_iso,1,62.5,10.0,0.01849953301941426,1.8329466987235044
primary,52.5,P_I_9,P,I,a_same_polyol_same_iso,1,72.5,20.0,0.05473128769557081,5.326048566714413
primary,52.5,P_I_9,P,I,b_same_polyol_other_iso,15,62.5,10.0,0.003808819465750346,0.38015751132844555
primary,52.5,P_I_9,P,I,b_same_polyol_other_iso,15,72.5,20.0,-0.008503874577330886,0.8540135231214534
primary,52.5,P_I_9,P,I,c_other_polyol_same_iso,2,62.5,10.0,0.1561703586777586,14.458654914704908
primary,52.5,P_I_9,P,I,c_other_polyol_same_iso,2,72.5,20.0,0.1816327428824969,16.609245733480076
primary,52.5,P_I_9,P,I,d_all_other,34,62.5,10.0,0.09466781350643888,9.032493394609046
primary,52.5,P_I_9,P,I,d_all_other,34,72.5,20.0,0.13701085407257105,12.803923824464118
primary,52.5,P_I_9,P,I,ref_own_curve,1,62.5,10.0,0.0006760601918353037,0.06758317146348256
primary,52.5,P_I_9,P,I,ref_own_curve,1,72.5,20.0,-0.003842860361738143,0.3850253617000349
primary,52.5,P_MLQ_10,P,MLQ,a_same_polyol_same_iso,3,62.5,10.0,0.022521266230426495,2.22695556686799
primary,52.5,P_MLQ_10,P,MLQ,a_same_polyol_same_iso,3,72.5,20.0,0.0681466087241794,6.587648711880707
primary,52.5,P_MLQ_10,P,MLQ,b_same_polyol_other_iso,13,62.5,10.0,-0.00912649288947398,0.9168266310605553
primary,52.5,P_MLQ_10,P,MLQ,b_same_polyol_other_iso,13,72.5,20.0,0.023125482356809002,2.2860137732829124
primary,52.5,P_MLQ_10,P,MLQ,c_other_polyol_same_iso,8,62.5,10.0,0.12799482067203682,12.014206379434484
primary,52.5,P_MLQ_10,P,MLQ,c_other_polyol_same_iso,8,72.5,20.0,0.18279805925240727,16.706365745765506
primary,52.5,P_MLQ_10,P,MLQ,d_all_other,34,62.5,10.0,0.08595492385690162,8.23644062387514
primary,52.5,P_MLQ_10,P,MLQ,d_all_other,34,72.5,20.0,0.17068859915964074,15.691593031347834
primary,52.5,P_MLQ_10,P,MLQ,ref_own_curve,1,62.5,10.0,-0.03337672830200089,3.393998033312066
primary,52.5,P_MLQ_10,P,MLQ,ref_own_curve,1,72.5,20.0,-0.04800656958147212,4.917754795920967
primary,52.5,P_MLQ_4,P,MLQ,a_same_polyol_same_iso,3,62.5,10.0,-0.034602415646458606,3.5208044448260702
primary,52.5,P_MLQ_4,P,MLQ,a_same_polyol_same_iso,3,72.5,20.0,-0.09679670839398069,10.163639742306001
primary,52.5,P_MLQ_4,P,MLQ,b_same_polyol_other_iso,13,62.5,10.0,-0.03560105630013233,3.6242361656104163
primary,52.5,P_MLQ_4,P,MLQ,b_same_polyol_other_iso,13,72.5,20.0,-0.07020741890276394,7.273066279701867
primary,52.5,P_MLQ_4,P,MLQ,c_other_polyol_same_iso,8,62.5,10.0,0.1015202572613787,9.653712252680648
primary,52.5,P_MLQ_4,P,MLQ,c_other_polyol_same_iso,8,72.5,20.0,0.0894651579928345,8.557987519818559
primary,52.5,P_MLQ_4,P,MLQ,d_all_other,34,62.5,10.0,0.05680069853036018,5.521765288584617
primary,52.5,P_MLQ_4,P,MLQ,d_all_other,34,72.5,20.0,0.07111149739057088,6.864195765319896
primary,52.5,P_MLQ_4,P,MLQ,ref_own_curve,1,62.5,10.0,0.03209606368601792,3.158645176435105
primary,52.5,P_MLQ_4,P,MLQ,ref_own_curve,1,72.5,20.0,0.0734917767347083,7.085621364404659
primary,52.5,P_MLQ_6,P,MLQ,a_same_polyol_same_iso,3,62.5,10.0,0.003227307038578875,0.3222104881042885
primary,52.5,P_MLQ_6,P,MLQ,a_same_polyol_same_iso,3,72.5,20.0,0.005725550432259752,0.5709190706087621
primary,52.5,P_MLQ_6,P,MLQ,b_same_polyol_other_iso,13,62.5,10.0,-0.011916347841052888,1.1987630375085703
primary,52.5,P_MLQ_6,P,MLQ,b_same_polyol_other_iso,13,72.5,20.0,-0.013788406360985661,1.3883904855186842
primary,52.5,P_MLQ_6,P,MLQ,c_other_polyol_same_iso,8,62.5,10.0,0.12520496572045792,11.768396049284606
primary,52.5,P_MLQ_6,P,MLQ,c_other_polyol_same_iso,8,72.5,20.0,0.14588417053461278,13.574219609339247
primary,52.5,P_MLQ_6,P,MLQ,d_all_other,34,62.5,10.0,0.08178071758825367,7.852600041547713
primary,52.5,P_MLQ_6,P,MLQ,d_all_other,34,72.5,20.0,0.13173546840708839,12.342715437671977
primary,52.5,P_MLQ_6,P,MLQ,ref_own_curve,1,62.5,10.0,0.013345729467222345,1.3257070066091592
primary,52.5,P_MLQ_6,P,MLQ,ref_own_curve,1,72.5,20.0,-0.00839894957690368,0.8434319708538508
primary,52.5,P_MLQ_8,P,MLQ,a_same_polyol_same_iso,3,62.5,10.0,0.007252874609016802,0.7226635987435867
primary,52.5,P_MLQ_8,P,MLQ,a_same_polyol_same_iso,3,72.5,20.0,0.02404329683538231,2.3756559408685
primary,52.5,P_MLQ_8,P,MLQ,b_same_polyol_other_iso,13,62.5,10.0,-0.015650112684942985,1.5773217059164821
primary,52.5,P_MLQ_8,P,MLQ,b_same_polyol_other_iso,13,72.5,20.0,-0.0019422366590239326,0.19441240223480455
primary,52.5,P_MLQ_8,P,MLQ,c_other_polyol_same_iso,8,62.5,10.0,0.12147120087656782,11.43834420378233
primary,52.5,P_MLQ_8,P,MLQ,c_other_polyol_same_iso,8,72.5,20.0,0.15773034023657434,14.59199380540849
primary,52.5,P_MLQ_8,P,MLQ,d_all_other,34,62.5,10.0,0.0786730144207507,7.56578784206091
primary,52.5,P_MLQ_8,P,MLQ,d_all_other,34,72.5,20.0,0.14398081346306119,13.409563839415425
primary,52.5,P_MLQ_8,P,MLQ,ref_own_curve,1,62.5,10.0,-0.0136660326196556,1.3759839679790047
primary,52.5,P_MLQ_8,P,MLQ,ref_own_curve,1,72.5,20.0,-0.015967509978435213,1.6095671899501056
primary,52.5,P_TD80_10,P,TD80,a_same_polyol_same_iso,2,62.5,10.0,0.007303686716891994,0.7277079613119363
primary,52.5,P_TD80_10,P,TD80,a_same_polyol_same_iso,2,72.5,20.0,0.02115187912138572,2.09297470531423
primary,52.5,P_TD80_10,P,TD80,b_same_polyol_other_iso,14,62.5,10.0,0.007418764152397506,0.7391313047993596
primary,52.5,P_TD80_10,P,TD80,b_same_polyol_other_iso,14,72.5,20.0,0.021896271218352165,2.1658288018100995
primary,52.5,P_TD80_10,P,TD80,c_other_polyol_same_iso,1,62.5,10.0,0.17539707074924557,16.08762368911759
primary,52.5,P_TD80_10,P,TD80,c_other_polyol_same_iso,1,72.5,20.0,0.353929837293817,29.807578546985685
primary,52.5,P_TD80_10,P,TD80,d_all_other,34,62.5,10.0,0.0976167485122412,9.300355511126597
primary,52.5,P_TD80_10,P,TD80,d_all_other,34,72.5,20.0,0.16420774982623612,15.143428581277774
primary,52.5,P_TD80_10,P,TD80,ref_own_curve,1,62.5,10.0,0.012307796835388268,1.2232365684817157
primary,52.5,P_TD80_10,P,TD80,ref_own_curve,1,72.5,20.0,0.050229220119006185,4.8988591433398465
primary,52.5,P_TD80_4,P,TD80,a_same_polyol_same_iso,2,62.5,10.0,-0.0112862070060471,1.1350136521214849
primary,52.5,P_TD80_4,P,TD80,a_same_polyol_same_iso,2,72.5,20.0,-0.025499303378891724,2.5827191657320463
primary,52.5,P_TD80_4,P,TD80,b_same_polyol_other_iso,14,62.5,10.0,-0.013201490641264746,1.3289015045622488
primary,52.5,P_TD80_4,P,TD80,b_same_polyol_other_iso,14,72.5,20.0,-0.04243513921607878,4.334838178504292
primary,52.5,P_TD80_4,P,TD80,c_other_polyol_same_iso,1,62.5,10.0,0.15477681595558335,14.33936629822904
primary,52.5,P_TD80_4,P,TD80,c_other_polyol_same_iso,1,72.5,20.0,0.2895984268593861,25.143588952965768
primary,52.5,P_TD80_4,P,TD80,d_all_other,34,62.5,10.0,0.07715355680501523,7.425231216568023
primary,52.5,P_TD80_4,P,TD80,d_all_other,34,72.5,20.0,0.1010262697807851,9.609071292485424
primary,52.5,P_TD80_4,P,TD80,ref_own_curve,1,62.5,10.0,-0.012373180099719328,1.24500445848344
primary,52.5,P_TD80_4,P,TD80,ref_own_curve,1,72.5,20.0,-0.04946264618372842,5.070634359007209
primary,52.5,P_TD80_7,P,TD80,a_same_polyol_same_iso,2,62.5,10.0,0.005512726489315778,0.5497559296304
primary,52.5,P_TD80_7,P,TD80,a_same_polyol_same_iso,2,72.5,20.0,-0.019698761873733678,1.989406277080781
primary,52.5,P_TD80_7,P,TD80,b_same_polyol_other_iso,14,62.5,10.0,0.002654054877048173,0.26505359872003104
primary,52.5,P_TD80_7,P,TD80,b_same_polyol_other_iso,14,72.5,20.0,-0.030351482840233868,3.08167846985737
primary,52.5,P_TD80_7,P,TD80,c_other_polyol_same_iso,1,62.5,10.0,0.17063236147389615,15.68685158832846
primary,52.5,P_TD80_7,P,TD80,c_other_polyol_same_iso,1,72.5,20.0,0.30168208323523094,26.042684977800374
primary,52.5,P_TD80_7,P,TD80,d_all_other,34,62.5,10.0,0.0930386862231215,8.884174965707059
primary,52.5,P_TD80_7,P,TD80,d_all_other,34,72.5,20.0,0.11266453604088655,10.654966976600539
primary,52.5,P_TD80_7,P,TD80,ref_own_curve,1,62.5,10.0,0.0015955894644946733,0.15943171883918172
primary,52.5,P_TD80_7,P,TD80,ref_own_curve,1,72.5,20.0,-0.024812760066507844,2.512315856148676
primary,52.5,P_TDS_4,P,TDS,a_same_polyol_same_iso,1,62.5,10.0,-0.02878843690831756,2.9206829261622884
primary,52.5,P_TDS_4,P,TDS,a_same_polyol_same_iso,1,72.5,20.0,-0.07234066149440432,7.5021500123386184
primary,52.5,P_TDS_4,P,TDS,b_same_polyol_other_iso,15,62.5,10.0,-0.021548059012965526,2.1781894986751156
primary,52.5,P_TDS_4,P,TDS,b_same_polyol_other_iso,15,72.5,20.0,-0.05152754571755458,5.287818817788352
primary,52.5,P_TDS_4,P,TDS,d_all_other,34,62.5,10.0,0.06862456322774735,6.632284897984925
primary,52.5,P_TDS_4,P,TDS,d_all_other,34,72.5,20.0,0.08991511952692521,8.599123652501746
primary,52.5,P_TDS_4,P,TDS,ref_own_curve,1,62.5,10.0,-0.004877851210409956,0.488976729370761
primary,52.5,P_TDS_4,P,TDS,ref_own_curve,1,72.5,20.0,-0.016554172081539087,1.6691951613585991
primary,52.5,P_TDS_7,P,TDS,a_same_polyol_same_iso,1,62.5,10.0,0.013259347251209697,1.3171829343580839
primary,52.5,P_TDS_7,P,TDS,a_same_polyol_same_iso,1,72.5,20.0,0.03473994221778809,3.4143437884587784
primary,52.5,P_TDS_7,P,TDS,b_same_polyol_other_iso,15,62.5,10.0,-0.0034108605513457624,0.3416684155480912
primary,52.5,P_TDS_7,P,TDS,b_same_polyol_other_iso,15,72.5,20.0,-0.00023343141822740332,0.023345866546099006
primary,52.5,P_TDS_7,P,TDS,d_all_other,34,62.5,10.0,0.08745847917217336,8.374308539331901
primary,52.5,P_TDS_7,P,TDS,d_all_other,34,72.5,20.0,0.14283032605645013,13.309885304624943
primary,52.5,P_TDS_7,P,TDS,ref_own_curve,1,62.5,10.0,-0.010651238446697686,1.0708164819522874
primary,52.5,P_TDS_7,P,TDS,ref_own_curve,1,72.5,20.0,-0.021046547195077148,2.1269587765911444
primary,52.5,P_W_5,P,W,a_same_polyol_same_iso,1,62.5,10.0,-0.0013148828937741275,0.13157477312981147
primary,52.5,P_W_5,P,W,a_same_polyol_same_iso,1,72.5,20.0,-0.020874993599368508,2.1094400323389824
primary,52.5,P_W_5,P,W,b_same_polyol_other_iso,15,62.5,10.0,0.06267095420515556,6.074752007343926
primary,52.5,P_W_5,P,W,b_same_polyol_other_iso,15,72.5,20.0,0.10475770751533808,9.94573091189531
primary,52.5,P_W_5,P,W,c_other_polyol_same_iso,1,62.5,10.0,0.27926167364109344,24.365803743700432
primary,52.5,P_W_5,P,W,c_other_polyol_same_iso,1,72.5,20.0,0.5081516496108208,39.83934685523562
primary,52.5,P_W_5,P,W,d_all_other,34,62.5,10.0,0.14687956228492044,13.660204316820268
primary,52.5,P_W_5,P,W,d_all_other,34,72.5,20.0,0.23503670800546617,20.945817011770227
primary,52.5,P_W_5,P,W,ref_own_curve,1,62.5,10.0,0.0003448941459965327,0.03448346768476116
primary,52.5,P_W_5,P,W,ref_own_curve,1,72.5,20.0,-0.008512212616835657,0.8548544513762657
primary,52.5,P_W_9,P,W,a_same_polyol_same_iso,1,62.5,10.0,-0.011139864309104464,1.1202143643785558
primary,52.5,P_W_9,P,W,a_same_polyol_same_iso,1,72.5,20.0,-0.030362837840808954,3.0828489690211733
primary,52.5,P_W_9,P,W,b_same_polyol_other_iso,15,62.5,10.0,0.051186195750054564,4.98982508458782
primary,52.5,P_W_9,P,W,b_same_polyol_other_iso,15,72.5,20.0,0.0829070822913649,7.956333188699475
primary,52.5,P_W_9,P,W,c_other_polyol_same_iso,1,62.5,10.0,0.26777691518599245,23.49215605521209
primary,52.5,P_W_9,P,W,c_other_polyol_same_iso,1,72.5,20.0,0.48630102438684775,38.51033194451466
primary,52.5,P_W_9,P,W,d_all_other,34,62.5,10.0,0.13545587327883457,12.668230127517571
primary,52.5,P_W_9,P,W,d_all_other,34,72.5,20.0,0.21358547511086745,19.231687960424708
primary,52.5,P_W_9,P,W,ref_own_curve,1,62.5,10.0,-0.012799641348875124,1.288190737538324
primary,52.5,P_W_9,P,W,ref_own_curve,1,72.5,20.0,-0.04272561882334169,4.365149723551938
primary,55.0,C_44M_10,C,44M,a_same_polyol_same_iso,2,65.0,10.0,0.02705259764072787,2.6689953634159265
primary,55.0,C_44M_10,C,44M,a_same_polyol_same_iso,2,75.0,20.0,0.03310206469912558,3.2560186903593586
primary,55.0,C_44M_10,C,44M,b_same_polyol_other_iso,4,65.0,10.0,-0.08754220862758855,9.148833369527908
primary,55.0,C_44M_10,C,44M,b_same_polyol_other_iso,4,75.0,20.0,-0.27593142303047524,31.77574931132108
primary,55.0,C_44M_10,C,44M,c_other_polyol_same_iso,7,65.0,10.0,-0.10951397138513475,11.573565919885596
primary,55.0,C_44M_10,C,44M,c_other_polyol_same_iso,7,75.0,20.0,-0.228137665402935,25.62582568278526
primary,55.0,C_44M_10,C,44M,d_all_other,35,65.0,10.0,-0.10652522739095005,11.240598919249264
primary,55.0,C_44M_10,C,44M,d_all_other,35,75.0,20.0,-0.2306653424410503,25.943768857306505
primary,55.0,C_44M_10,C,44M,ref_own_curve,1,65.0,10.0,-0.025894006782536394,2.623216905914066
primary,55.0,C_44M_10,C,44M,ref_own_curve,1,75.0,20.0,-0.0651731506762343,6.73438196891686
primary,55.0,C_44M_6,C,44M,a_same_polyol_same_iso,2,65.0,10.0,-0.07452219208601196,7.736925232807515
primary,55.0,C_44M_6,C,44M,a_same_polyol_same_iso,2,75.0,20.0,-0.16689130984380807,18.162582723278835
primary,55.0,C_44M_6,C,44M,b_same_polyol_other_iso,4,65.0,10.0,-0.15256079957210833,16.481328009075618
primary,55.0,C_44M_6,C,44M,b_same_polyol_other_iso,4,75.0,20.0,-0.4025448601400057,49.56260177125933
primary,55.0,C_44M_6,C,44M,c_other_polyol_same_iso,7,65.0,10.0,-0.17453256232965408,19.068951337822444
primary,55.0,C_44M_6,C,44M,c_other_polyol_same_iso,7,75.0,20.0,-0.3547511025124659,42.58257256721116
primary,55.0,C_44M_6,C,44M,d_all_other,35,65.0,10.0,-0.1737041154985821,18.97034989107499
primary,55.0,C_44M_6,C,44M,d_all_other,35,75.0,20.0,-0.36165659941886164,43.570583508049275
primary,55.0,C_44M_6,C,44M,ref_own_curve,1,65.0,10.0,-0.017800200162617408,1.7959567913848986
primary,55.0,C_44M_6,C,44M,ref_own_curve,1,75.0,20.0,-0.045026712918960765,4.605580273938502
primary,55.0,C_44M_8,C,44M,a_same_polyol_same_iso,2,65.0,10.0,-0.009206927398172748,0.9249441528901272
primary,55.0,C_44M_8,C,44M,a_same_polyol_same_iso,2,75.0,20.0,-0.03778434450757029,3.850724893552103
primary,55.0,C_44M_8,C,44M,b_same_polyol_other_iso,4,65.0,10.0,-0.1074113280254485,11.33921296906722
primary,55.0,C_44M_8,C,44M,b_same_polyol_other_iso,4,75.0,20.0,-0.32192255429522554,37.97779139463202
primary,55.0,C_44M_8,C,44M,c_other_polyol_same_iso,7,65.0,10.0,-0.1293830907829947,13.812604625974046
primary,55.0,C_44M_8,C,44M,c_other_polyol_same_iso,7,75.0,20.0,-0.27412879666768486,31.53842084317851
primary,55.0,C_44M_8,C,44M,d_all_other,35,65.0,10.0,-0.12735967538742488,13.582547278844887
primary,55.0,C_44M_8,C,44M,d_all_other,35,75.0,20.0,-0.27815034100553415,32.06847353556161
primary,55.0,C_44M_8,C,44M,ref_own_curve,1,65.0,10.0,-0.012982314898308811,1.30669510093348
primary,55.0,C_44M_8,C,44M,ref_own_curve,1,75.0,20.0,-0.06137372605707281,6.329622144487447
primary,55.0,C_MLQ_10,C,MLQ,a_same_polyol_same_iso,3,65.0,10.0,-0.10190130294080002,10.727418162926154
primary,55.0,C_MLQ_10,C,MLQ,a_same_polyol_same_iso,3,75.0,20.0,-0.3500398689688142,41.9124126480941
primary,55.0,C_MLQ_10,C,MLQ,b_same_polyol_other_iso,3,65.0,10.0,0.018359581931252755,1.8192071513825074
primary,55.0,C_MLQ_10,C,MLQ,b_same_polyol_other_iso,3,75.0,20.0,0.0007551559223386572,0.07548708638641827
primary,55.0,C_MLQ_10,C,MLQ,c_other_polyol_same_iso,8,65.0,10.0,-0.08774224756611715,9.170669570269178
primary,55.0,C_MLQ_10,C,MLQ,c_other_polyol_same_iso,8,75.0,20.0,-0.2111999162296221,23.51592587625382
primary,55.0,C_MLQ_10,C,MLQ,d_all_other,35,65.0,10.0,-0.09781373495035894,10.27573608228636
primary,55.0,C_MLQ_10,C,MLQ,d_all_other,35,75.0,20.0,-0.23063778919290234,25.940298745197136
primary,55.0,C_MLQ_10,C,MLQ,ref_own_curve,1,65.0,10.0,-0.008641515961600899,0.8678961645430366
primary,55.0,C_MLQ_10,C,MLQ,ref_own_curve,1,75.0,20.0,-0.05196009982241767,5.333371347266623
primary,55.0,C_MLQ_4,C,MLQ,a_same_polyol_same_iso,3,65.0,10.0,-0.4352483964536136,54.53468699628195
primary,55.0,C_MLQ_4,C,MLQ,a_same_polyol_same_iso,3,75.0,20.0,-0.5337642308728823,70.5339533637141
primary,55.0,C_MLQ_4,C,MLQ,b_same_polyol_other_iso,3,65.0,10.0,-0.4317720383647199,53.99840178692723
primary,55.0,C_MLQ_4,C,MLQ,b_same_polyol_other_iso,3,75.0,20.0,-0.5160308921357313,67.53647321928815
primary,55.0,C_MLQ_4,C,MLQ,c_other_polyol_same_iso,8,65.0,10.0,-0.53787386786209,71.23622806501835
primary,55.0,C_MLQ_4,C,MLQ,c_other_polyol_same_iso,8,75.0,20.0,-0.7279859642876918,107.09055270164174
primary,55.0,C_MLQ_4,C,MLQ,d_all_other,35,65.0,10.0,-0.5375328745244836,71.17784760633074
primary,55.0,C_MLQ_4,C,MLQ,d_all_other,35,75.0,20.0,-0.7177777248706647,104.98727639754146
primary,55.0,C_MLQ_4,C,MLQ,ref_own_curve,1,65.0,10.0,-0.809126716607051,124.59457828675315
primary,55.0,C_MLQ_4,C,MLQ,ref_own_curve,1,75.0,20.0,-1.567931206342493,379.67145093925893
primary,55.0,C_MLQ_6,C,MLQ,a_same_polyol_same_iso,3,65.0,10.0,-0.1774772494430339,19.420088885805427
primary,55.0,C_MLQ_6,C,MLQ,a_same_polyol_same_iso,3,75.0,20.0,-0.4724712763375867,60.39531107821574
primary,55.0,C_MLQ_6,C,MLQ,b_same_polyol_other_iso,3,65.0,10.0,-0.04029074010646383,4.111342362171736
primary,55.0,C_MLQ_6,C,MLQ,b_same_polyol_other_iso,3,75.0,20.0,-0.09870342080837657,10.373890501986372
primary,55.0,C_MLQ_6,C,MLQ,c_other_polyol_same_iso,8,65.0,10.0,-0.1463925696038335,15.765055727983581
primary,55.0,C_MLQ_6,C,MLQ,c_other_polyol_same_iso,8,75.0,20.0,-0.31065849296033754,36.43232156360878
primary,55.0,C_MLQ_6,C,MLQ,d_all_other,35,65.0,10.0,-0.15795765914530113,17.111660757977923
primary,55.0,C_MLQ_6,C,MLQ,d_all_other,35,75.0,20.0,-0.3321699707775121,39.3989765901784
primary,55.0,C_MLQ_6,C,MLQ,ref_own_curve,1,65.0,10.0,-0.016514964605764515,1.6652090469955416
primary,55.0,C_MLQ_6,C,MLQ,ref_own_curve,1,75.0,20.0,-0.08250018463895614,8.59988739567365
primary,55.0,C_MLQ_8,C,MLQ,a_same_polyol_same_iso,3,65.0,10.0,-0.14590350037130317,15.708452443615528
primary,55.0,C_MLQ_8,C,MLQ,a_same_polyol_same_iso,3,75.0,20.0,-0.41534370050450553,51.48913201362166
primary,55.0,C_MLQ_8,C,MLQ,b_same_polyol_other_iso,3,65.0,10.0,-0.019043500159817928,1.9225984146300672
primary,55.0,C_MLQ_8,C,MLQ,b_same_polyol_other_iso,3,75.0,20.0,-0.05253958924383406,5.394428610995077
primary,55.0,C_MLQ_8,C,MLQ,c_other_polyol_same_iso,8,65.0,10.0,-0.1251453296571876,13.331314511008241
primary,55.0,C_MLQ_8,C,MLQ,c_other_polyol_same_iso,8,75.0,20.0,-0.264494661395795,30.277246818705837
primary,55.0,C_MLQ_8,C,MLQ,d_all_other,35,65.0,10.0,-0.13580102412817974,14.54539532193246
primary,55.0,C_MLQ_8,C,MLQ,d_all_other,35,75.0,20.0,-0.2850092204478907,32.97742891794872
primary,55.0,C_MLQ_8,C,MLQ,ref_own_curve,1,65.0,10.0,-0.026247252034369062,2.659474473543654
primary,55.0,C_MLQ_8,C,MLQ,ref_own_curve,1,75.0,20.0,-0.06922758588001665,7.168008065068955
primary,55.0,D_44M_10,D,44M,a_same_polyol_same_iso,2,65.0,10.0,0.03595898798272118,3.532014386122618
primary,55.0,D_44M_10,D,44M,a_same_polyol_same_iso,2,75.0,20.0,0.026367694200808797,2.6023101896839043
primary,55.0,D_44M_10,D,44M,b_same_polyol_other_iso,9,65.0,10.0,0.055348073969350764,5.384424155961259
primary,55.0,D_44M_10,D,44M,b_same_polyol_other_iso,9,75.0,20.0,0.11081860908045484,10.489890258453869
primary,55.0,D_44M_10,D,44M,c_other_polyol_same_iso,7,65.0,10.0,-0.03165874414947906,3.216521278002927
primary,55.0,D_44M_10,D,44M,c_other_polyol_same_iso,7,75.0,20.0,-0.03258907464306904,3.3125914367600617
primary,55.0,D_44M_10,D,44M,d_all_other,35,65.0,10.0,-0.04801929830221602,4.91909027322228
primary,55.0,D_44M_10,D,44M,d_all_other,35,75.0,20.0,-0.08918378101824743,9.328156226315977
primary,55.0,D_44M_10,D,44M,ref_own_curve,1,65.0,10.0,-0.01825951320905045,1.8427237419263827
primary,55.0,D_44M_10,D,44M,ref_own_curve,1,75.0,20.0,-0.03908662542880946,3.9860558115480713
primary,55.0,D_44M_4,D,44M,a_same_polyol_same_iso,2,65.0,10.0,-0.12008832276698911,12.759643961895954
primary,55.0,D_44M_4,D,44M,a_same_polyol_same_iso,2,75.0,20.0,-0.27783990158522354,32.02748063843075
primary,55.0,D_44M_4,D,44M,b_same_polyol_other_iso,9,65.0,10.0,-0.05888513152419428,6.065339810315571
primary,55.0,D_44M_4,D,44M,b_same_polyol_other_iso,9,75.0,20.0,-0.14773681843514908,15.920777409748313
primary,55.0,D_44M_4,D,44M,c_other_polyol_same_iso,7,65.0,10.0,-0.14589194964302354,15.707115934440536
primary,55.0,D_44M_4,D,44M,c_other_polyol_same_iso,7,75.0,20.0,-0.2911445021586734,33.795790778773224
primary,55.0,D_44M_4,D,44M,d_all_other,35,65.0,10.0,-0.16470789891611037,17.90486670128894
primary,55.0,D_44M_4,D,44M,d_all_other,35,75.0,20.0,-0.3505040409178144,41.97829969953784
primary,55.0,D_44M_4,D,44M,ref_own_curve,1,65.0,10.0,-0.04886450819026367,5.00780641236377
primary,55.0,D_44M_4,D,44M,ref_own_curve,1,75.0,20.0,-0.20633771640355913,22.916824418722285
primary,55.0,D_44M_8,D,44M,a_same_polyol_same_iso,2,65.0,10.0,-0.004176145677989185,0.4184877925832596
primary,55.0,D_44M_8,D,44M,a_same_polyol_same_iso,2,75.0,20.0,-0.06425032291134514,6.635929951881975
primary,55.0,D_44M_8,D,44M,b_same_polyol_other_iso,9,65.0,10.0,0.027617336244241564,2.7239464211007256
primary,55.0,D_44M_8,D,44M,b_same_polyol_other_iso,9,75.0,20.0,0.04000274332747844,3.921319660413084
primary,55.0,D_44M_8,D,44M,c_other_polyol_same_iso,7,65.0,10.0,-0.059389481874588146,6.118847393763556
primary,55.0,D_44M_8,D,44M,c_other_polyol_same_iso,7,75.0,20.0,-0.10340494039604542,10.894037292187523
primary,55.0,D_44M_8,D,44M,d_all_other,35,65.0,10.0,-0.07648099694926369,7.948167669718406
primary,55.0,D_44M_8,D,44M,d_all_other,35,75.0,20.0,-0.1611865271929146,17.4904099939985
primary,55.0,D_44M_8,D,44M,ref_own_curve,1,65.0,10.0,-0.021181459062950436,2.1407378448189296
primary,55.0,D_44M_8,D,44M,ref_own_curve,1,75.0,20.0,-0.07029818846341229,7.282803850728314
primary,55.0,D_I_5,D,I,a_same_polyol_same_iso,1,65.0,10.0,-0.07094128650058451,7.351819400810854
primary,55.0,D_I_5,D,I,a_same_polyol_same_iso,1,75.0,20.0,-0.1505835643608624,16.25124456538506
primary,55.0,D_I_5,D,I,b_same_polyol_other_iso,10,65.0,10.0,-0.04257813716903436,4.349758913577631
primary,55.0,D_I_5,D,I,b_same_polyol_other_iso,10,75.0,20.0,-0.10458853555316217,11.02536864392381
primary,55.0,D_I_5,D,I,c_other_polyol_same_iso,2,65.0,10.0,-0.2102250582111267,23.39557405800035
primary,55.0,D_I_5,D,I,c_other_polyol_same_iso,2,75.0,20.0,-0.3785032047478567,46.00974860348007
primary,55.0,D_I_5,D,I,d_all_other,35,65.0,10.0,-0.1330765131523115,14.233739882259528
primary,55.0,D_I_5,D,I,d_all_other,35,75.0,20.0,-0.2698640749378156,30.97864058344782
primary,55.0,D_I_5,D,I,ref_own_curve,1,65.0,10.0,0.07219260305274111,6.9648310021648205
primary,55.0,D_I_5,D,I,ref_own_curve,1,75.0,20.0,0.11381984158589553,10.75812818583858
primary,55.0,D_I_9,D,I,a_same_polyol_same_iso,1,65.0,10.0,0.13101467907793546,12.279510226252418
primary,55.0,D_I_9,D,I,a_same_polyol_same_iso,1,75.0,20.0,0.23678058928033507,21.08355798432479
primary,55.0,D_I_9,D,I,b_same_polyol_other_iso,10,65.0,10.0,0.016243938856159712,1.6112717559043848
primary,55.0,D_I_9,D,I,b_same_polyol_other_iso,10,75.0,20.0,0.018372212141277433,1.8204471875855994
primary,55.0,D_I_9,D,I,c_other_polyol_same_iso,2,65.0,10.0,-0.1514029821859325,16.346541946222544
primary,55.0,D_I_9,D,I,c_other_polyol_same_iso,2,75.0,20.0,-0.25554245705341727,29.116183078102814
primary,55.0,D_I_9,D,I,d_all_other,35,65.0,10.0,-0.07005203444396846,7.256399007305752
primary,55.0,D_I_9,D,I,d_all_other,35,75.0,20.0,-0.13910254682608247,14.92419450750511
primary,55.0,D_I_9,D,I,ref_own_curve,1,65.0,10.0,-0.01211921047539033,1.2192945676397828
primary,55.0,D_I_9,D,I,ref_own_curve,1,75.0,20.0,-0.02762281666642287,2.800786385326385
primary,55.0,D_MLQ_10,D,MLQ,a_same_polyol_same_iso,3,65.0,10.0,0.07170739352472605,6.919678498399906
primary,55.0,D_MLQ_10,D,MLQ,a_same_polyol_same_iso,3,75.0,20.0,0.13211904896138643,12.376332619611828
primary,55.0,D_MLQ_10,D,MLQ,b_same_polyol_other_iso,8,65.0,10.0,0.06319896566431621,6.124332523896204
primary,55.0,D_MLQ_10,D,MLQ,b_same_polyol_other_iso,8,75.0,20.0,0.12911868884292538,12.113035266652254
primary,55.0,D_MLQ_10,D,MLQ,c_other_polyol_same_iso,8,65.0,10.0,-0.05940604108471459,6.120604652605294
primary,55.0,D_MLQ_10,D,MLQ,c_other_polyol_same_iso,8,75.0,20.0,-0.13618210034852257,14.589054166384791
primary,55.0,D_MLQ_10,D,MLQ,d_all_other,35,65.0,10.0,-0.03269783731808851,3.3238286016488954
primary,55.0,D_MLQ_10,D,MLQ,d_all_other,35,75.0,20.0,-0.05087751797337976,5.21940105356469
primary,55.0,D_MLQ_10,D,MLQ,ref_own_curve,1,65.0,10.0,0.008786060551780106,0.8747575913698135
primary,55.0,D_MLQ_10,D,MLQ,ref_own_curve,1,75.0,20.0,0.021742098947585914,2.1507443227036207
primary,55.0,D_MLQ_4,D,MLQ,a_same_polyol_same_iso,3,65.0,10.0,-0.055359016500412306,5.691999828793199
primary,55.0,D_MLQ_4,D,MLQ,a_same_polyol_same_iso,3,75.0,20.0,-0.12004939698767769,12.755254790306378
primary,55.0,D_MLQ_4,D,MLQ,b_same_polyol_other_iso,8,65.0,10.0,-0.029489073291638412,2.992818168553376
primary,55.0,D_MLQ_4,D,MLQ,b_same_polyol_other_iso,8,75.0,20.0,-0.058736762456240044,6.049604162076264
primary,55.0,D_MLQ_4,D,MLQ,c_other_polyol_same_iso,8,65.0,10.0,-0.1520940800406696,16.426976582668594
primary,55.0,D_MLQ_4,D,MLQ,c_other_polyol_same_iso,8,75.0,20.0,-0.3240375516476881,38.269922877889925
primary,55.0,D_MLQ_4,D,MLQ,d_all_other,35,65.0,10.0,-0.12843039957083047,13.70422799064447
primary,55.0,D_MLQ_4,D,MLQ,d_all_other,35,75.0,20.0,-0.24449589079636436,27.697741485331758
primary,55.0,D_MLQ_4,D,MLQ,ref_own_curve,1,65.0,10.0,0.019233134803377183,1.904935815251008
primary,55.0,D_MLQ_4,D,MLQ,ref_own_curve,1,75.0,20.0,0.026825631598121014,2.6469020233464717
primary,55.0,D_MLQ_6,D,MLQ,a_same_polyol_same_iso,3,65.0,10.0,-0.02954276728705585,2.9983484129292766
primary,55.0,D_MLQ_6,D,MLQ,a_same_polyol_same_iso,3,75.0,20.0,-0.0807005157627918,8.404619320014824
primary,55.0,D_MLQ_6,D,MLQ,b_same_polyol_other_iso,8,65.0,10.0,-0.014621991981779603,1.4729416253540795
primary,55.0,D_MLQ_6,D,MLQ,b_same_polyol_other_iso,8,75.0,20.0,-0.04121371453514877,4.207478827833078
primary,55.0,D_MLQ_6,D,MLQ,c_other_polyol_same_iso,8,65.0,10.0,-0.13722699873081057,14.708850660392944
primary,55.0,D_MLQ_6,D,MLQ,c_other_polyol_same_iso,8,75.0,20.0,-0.30651450372659683,35.8681173274615
primary,55.0,D_MLQ_6,D,MLQ,d_all_other,35,65.0,10.0,-0.11259284619678267,11.917616333934355
primary,55.0,D_MLQ_6,D,MLQ,d_all_other,35,75.0,20.0,-0.22501941453926366,25.23470296964256
primary,55.0,D_MLQ_6,D,MLQ,ref_own_curve,1,65.0,10.0,0.0012527124027454928,0.12519280861054108
primary,55.0,D_MLQ_6,D,MLQ,ref_own_curve,1,75.0,20.0,-0.02112882039216779,2.13536143365083
primary,55.0,D_MLQ_8,D,MLQ,a_same_polyol_same_iso,3,65.0,10.0,0.025497255470174895,2.5174945601494256
primary,55.0,D_MLQ_8,D,MLQ,a_same_polyol_same_iso,3,75.0,20.0,0.04305468242722843,4.2140989420716135
primary,55.0,D_MLQ_8,D,MLQ,b_same_polyol_other_iso,8,65.0,10.0,0.022102586347834352,2.1860113894504547
primary,55.0,D_MLQ_8,D,MLQ,b_same_polyol_other_iso,8,75.0,20.0,0.043631116326546926,4.2692972718955
primary,55.0,D_MLQ_8,D,MLQ,c_other_polyol_same_iso,8,65.0,10.0,-0.10050242040119639,10.572631800214161
primary,55.0,D_MLQ_8,D,MLQ,c_other_polyol_same_iso,8,75.0,20.0,-0.22166967286490102,24.815900897013435
primary,55.0,D_MLQ_8,D,MLQ,d_all_other,35,65.0,10.0,-0.07424342160271724,7.706895543981587
primary,55.0,D_MLQ_8,D,MLQ,d_all_other,35,75.0,20.0,-0.1366959834283079,14.647954675140737
primary,55.0,D_MLQ_8,D,MLQ,ref_own_curve,1,65.0,10.0,-0.016969042550489366,1.7113834587672425
primary,55.0,D_MLQ_8,D,MLQ,ref_own_curve,1,75.0,20.0,-0.053015091515443924,5.4445558180705556
primary,55.0,D_TD80_10,D,TD80,b_same_polyol_other_iso,11,65.0,10.0,0.04985914407030101,4.863657975751505
primary,55.0,D_TD80_10,D,TD80,b_same_polyol_other_iso,11,75.0,20.0,0.06448139024932148,6.244643826226565
primary,55.0,D_TD80_10,D,TD80,c_other_polyol_same_iso,3,65.0,10.0,-0.13393422932051868,14.331762039496482
primary,55.0,D_TD80_10,D,TD80,c_other_polyol_same_iso,3,75.0,20.0,-0.25195080174930795,28.65327405675155
primary,55.0,D_TD80_10,D,TD80,d_all_other,35,65.0,10.0,-0.04594080612697482,4.701243240160054
primary,55.0,D_TD80_10,D,TD80,d_all_other,35,75.0,20.0,-0.10910017853336282,11.527407126609221
primary,55.0,D_TD80_10,D,TD80,ref_own_curve,1,65.0,10.0,0.03159447807899482,3.110058762586693
primary,55.0,D_TD80_10,D,TD80,ref_own_curve,1,75.0,20.0,0.07054504792161842,6.81142409363905
primary,55.0,D_W_5,D,W,a_same_polyol_same_iso,1,65.0,10.0,-0.028913533385188872,2.9335587463366197
primary,55.0,D_W_5,D,W,a_same_polyol_same_iso,1,75.0,20.0,-0.03465958204534658,3.5267225255822385
primary,55.0,D_W_5,D,W,b_same_polyol_other_iso,10,65.0,10.0,-0.03598744626503558,3.6642832669863767
primary,55.0,D_W_5,D,W,b_same_polyol_other_iso,10,75.0,20.0,-0.09680594643458074,10.164657443183364
primary,55.0,D_W_5,D,W,c_other_polyol_same_iso,2,65.0,10.0,-0.26705723770414025,30.61152032267528
primary,55.0,D_W_5,D,W,c_other_polyol_same_iso,2,75.0,20.0,-0.5022452158680708,65.24271645682065
primary,55.0,D_W_5,D,W,d_all_other,35,65.0,10.0,-0.12606148116199178,13.435190741255699
primary,55.0,D_W_5,D,W,d_all_other,35,75.0,20.0,-0.2553258487210126,29.088218465793176
primary,55.0,D_W_5,D,W,ref_own_curve,1,65.0,10.0,-0.0006447174666679434,0.06449253416449995
primary,55.0,D_W_5,D,W,ref_own_curve,1,75.0,20.0,-0.007030996073134066,0.7055771557431115
primary,55.0,D_W_9,D,W,a_same_polyol_same_iso,1,65.0,10.0,0.06269594912941645,6.077099632464209
primary,55.0,D_W_9,D,W,a_same_polyol_same_iso,1,75.0,20.0,0.163715059906977,15.10161030308075
primary,55.0,D_W_9,D,W,b_same_polyol_other_iso,10,65.0,10.0,0.0273532203310487,2.6982508742258937
primary,55.0,D_W_9,D,W,b_same_polyol_other_iso,10,75.0,20.0,0.07394010954553039,7.127268592337163
primary,55.0,D_W_9,D,W,c_other_polyol_same_iso,2,65.0,10.0,-0.20371657110805552,22.59506343801827
primary,55.0,D_W_9,D,W,c_other_polyol_same_iso,2,75.0,20.0,-0.3314991598879599,39.305497595558414
primary,55.0,D_W_9,D,W,d_all_other,35,65.0,10.0,-0.0591841116490226,6.0970559798679265
primary,55.0,D_W_9,D,W,d_all_other,35,75.0,20.0,-0.0766253730007155,7.963753925041941
primary,55.0,D_W_9,D,W,ref_own_curve,1,65.0,10.0,0.03442713321089558,3.384126199338561
primary,55.0,D_W_9,D,W,ref_own_curve,1,75.0,20.0,0.13608647393476447,12.72328423847905
primary,55.0,P_44M_10,P,44M,a_same_polyol_same_iso,3,65.0,10.0,0.04551964697011596,4.449917030870677
primary,55.0,P_44M_10,P,44M,a_same_polyol_same_iso,3,75.0,20.0,0.09589959741706056,9.144476721845287
primary,55.0,P_44M_10,P,44M,b_same_polyol_other_iso,13,65.0,10.0,-0.0012409253062855008,0.12416955726747916
primary,55.0,P_44M_10,P,44M,b_same_polyol_other_iso,13,75.0,20.0,-0.015333541302915907,1.5451703221739344
primary,55.0,P_44M_10,P,44M,c_other_polyol_same_iso,6,65.0,10.0,0.17860706901340062,16.356550413337313
primary,55.0,P_44M_10,P,44M,c_other_polyol_same_iso,6,75.0,20.0,0.2939586779849032,25.469271159398875
primary,55.0,P_44M_10,P,44M,d_all_other,35,65.0,10.0,0.09225294879454904,8.812553717579501
primary,55.0,P_44M_10,P,44M,d_all_other,35,75.0,20.0,0.1399830532718338,13.062703169866294
primary,55.0,P_44M_10,P,44M,ref_own_curve,1,65.0,10.0,-0.01174976235911035,1.1819061968874198
primary,55.0,P_44M_10,P,44M,ref_own_curve,1,75.0,20.0,-0.041534035783274824,4.24086404422691
primary,55.0,P_44M_4,P,44M,a_same_polyol_same_iso,3,65.0,10.0,-0.07031270751719632,7.284361506835343
primary,55.0,P_44M_4,P,44M,a_same_polyol_same_iso,3,75.0,20.0,-0.10184430610959261,10.721107230816365
primary,55.0,P_44M_4,P,44M,b_same_polyol_other_iso,13,65.0,10.0,-0.08167236113392828,8.510023057281865
primary,55.0,P_44M_4,P,44M,b_same_polyol_other_iso,13,75.0,20.0,-0.12768249669999765,13.619220064902787
primary,55.0,P_44M_4,P,44M,c_other_polyol_same_iso,6,65.0,10.0,0.09817563318575795,9.351031989852137
primary,55.0,P_44M_4,P,44M,c_other_polyol_same_iso,6,75.0,20.0,0.1816097225878215,16.60732603164769
primary,55.0,P_44M_4,P,44M,d_all_other,35,65.0,10.0,0.008674702022618774,0.8637185355373252
primary,55.0,P_44M_4,P,44M,d_all_other,35,75.0,20.0,0.020015314335088963,1.981633766923962
primary,55.0,P_44M_4,P,44M,ref_own_curve,1,65.0,10.0,0.014021557792254669,1.39237135940031
primary,55.0,P_44M_4,P,44M,ref_own_curve,1,75.0,20.0,0.10230185320835794,9.724298956274447
primary,55.0,P_44M_6,P,44M,a_same_polyol_same_iso,3,65.0,10.0,0.016298654317414618,1.6166549932780432
primary,55.0,P_44M_6,P,44M,a_same_polyol_same_iso,3,75.0,20.0,0.03216214066261369,3.1650439489631843
primary,55.0,P_44M_6,P,44M,b_same_polyol_other_iso,13,65.0,10.0,-0.014310145275664987,1.4413025562745942
primary,55.0,P_44M_6,P,44M,b_same_polyol_other_iso,13,75.0,20.0,-0.04104049849496505,4.1894299842127305
primary,55.0,P_44M_6,P,44M,c_other_polyol_same_iso,6,65.0,10.0,0.16553784904402113,15.25622121122225
primary,55.0,P_44M_6,P,44M,c_other_polyol_same_iso,6,75.0,20.0,0.2682517207928541,23.52847378587261
primary,55.0,P_44M_6,P,44M,d_all_other,35,65.0,10.0,0.07774855702578165,7.480296840777732
primary,55.0,P_44M_6,P,44M,d_all_other,35,75.0,20.0,0.11088183120132916,10.495549098547603
primary,55.0,P_44M_6,P,44M,ref_own_curve,1,65.0,10.0,0.023636335721480384,2.3359185438270025
primary,55.0,P_44M_6,P,44M,ref_own_curve,1,75.0,20.0,0.046850505711882096,4.576996113156131
primary,55.0,P_44M_8,P,44M,a_same_polyol_same_iso,3,65.0,10.0,0.027112904820300487,2.6748649447997996
primary,55.0,P_44M_8,P,44M,a_same_polyol_same_iso,3,75.0,20.0,0.0677057931056615,6.546462011266916
primary,55.0,P_44M_8,P,44M,b_same_polyol_other_iso,13,65.0,10.0,-0.013930949469872056,1.4028437319843476
primary,55.0,P_44M_8,P,44M,b_same_polyol_other_iso,13,75.0,20.0,-0.02951916010596478,2.995916940966424
primary,55.0,P_44M_8,P,44M,c_other_polyol_same_iso,6,65.0,10.0,0.16591704484981407,15.288349604844969
primary,55.0,P_44M_8,P,44M,c_other_polyol_same_iso,6,75.0,20.0,0.2797730591818543,24.404472089993686
primary,55.0,P_44M_8,P,44M,d_all_other,35,65.0,10.0,0.07905462828086884,7.601055288868226
primary,55.0,P_44M_8,P,44M,d_all_other,35,75.0,20.0,0.12454794276220421,11.71040681180132
primary,55.0,P_44M_8,P,44M,ref_own_curve,1,65.0,10.0,-0.007289632564003501,0.7316266613608047
primary,55.0,P_44M_8,P,44M,ref_own_curve,1,75.0,20.0,-0.013695098061255462,1.3789305485422798
primary,55.0,P_I_5,P,I,a_same_polyol_same_iso,1,65.0,10.0,0.0006055770737208865,0.06053937489324088
primary,55.0,P_I_5,P,I,a_same_polyol_same_iso,1,75.0,20.0,-0.006674679502065073,0.6697004819097339
primary,55.0,P_I_5,P,I,b_same_polyol_other_iso,15,65.0,10.0,0.004189979228995222,0.4181213513021671
primary,55.0,P_I_5,P,I,b_same_polyol_other_iso,15,75.0,20.0,-0.007911703828197614,0.7943084059370685
primary,55.0,P_I_5,P,I,c_other_polyol_same_iso,2,65.0,10.0,0.21095655271028513,19.019074986593335
primary,55.0,P_I_5,P,I,c_other_polyol_same_iso,2,75.0,20.0,0.35445054739780946,29.84411893575952
primary,55.0,P_I_5,P,I,d_all_other,35,65.0,10.0,0.08939205213900703,8.55130232906018
primary,55.0,P_I_5,P,I,d_all_other,35,75.0,20.0,0.12889611653580532,12.093471885093052
primary,55.0,P_I_5,P,I,ref_own_curve,1,65.0,10.0,0.00742619951193757,0.739869342302577
primary,55.0,P_I_5,P,I,ref_own_curve,1,75.0,20.0,0.01848070425082149,1.8310983165921355
primary,55.0,P_I_9,P,I,a_same_polyol_same_iso,1,65.0,10.0,0.006480378012630489,0.6459425647217699
primary,55.0,P_I_9,P,I,a_same_polyol_same_iso,1,75.0,20.0,0.02156311598205432,2.1332294053582728
primary,55.0,P_I_9,P,I,b_same_polyol_other_iso,15,65.0,10.0,0.0032441577296883073,0.32389011359435954
primary,55.0,P_I_9,P,I,b_same_polyol_other_iso,15,75.0,20.0,-0.004829292096964755,0.48409719222372494
primary,55.0,P_I_9,P,I,c_other_polyol_same_iso,2,65.0,10.0,0.21001073121097813,18.94244525336991
primary,55.0,P_I_9,P,I,c_other_polyol_same_iso,2,75.0,20.0,0.3575329591290423,30.060035304037168
primary,55.0,P_I_9,P,I,d_all_other,35,65.0,10.0,0.08865010251136439,8.483426824886028
primary,55.0,P_I_9,P,I,d_all_other,35,75.0,20.0,0.13272273354727432,12.429213713611693
primary,55.0,P_I_9,P,I,ref_own_curve,1,65.0,10.0,-0.0003402444255861392,0.03403023152860735
primary,55.0,P_I_9,P,I,ref_own_curve,1,75.0,20.0,-0.0035922677708322137,0.35987276976470445
primary,55.0,P_MLQ_10,P,MLQ,a_same_polyol_same_iso,3,65.0,10.0,0.029489978354314605,2.9059391984807905
primary,55.0,P_MLQ_10,P,MLQ,a_same_polyol_same_iso,3,75.0,20.0,0.05273500436100927,5.13686376484493
primary,55.0,P_MLQ_10,P,MLQ,b_same_polyol_other_iso,13,65.0,10.0,0.015769444224553897,1.5645757549172599
primary,55.0,P_MLQ_10,P,MLQ,b_same_polyol_other_iso,13,75.0,20.0,0.050700350052671636,4.943653584693501
primary,55.0,P_MLQ_10,P,MLQ,c_other_polyol_same_iso,8,65.0,10.0,0.15393317263242817,14.267068784179845
primary,55.0,P_MLQ_10,P,MLQ,c_other_polyol_same_iso,8,75.0,20.0,0.23648646791771621,21.06034355910428
primary,55.0,P_MLQ_10,P,MLQ,d_all_other,35,65.0,10.0,0.10399657838936793,9.877161893146015
primary,55.0,P_MLQ_10,P,MLQ,d_all_other,35,75.0,20.0,0.18795483128219378,17.134786445815028
primary,55.0,P_MLQ_10,P,MLQ,ref_own_curve,1,65.0,10.0,0.029106784521481632,2.8687262237410827
primary,55.0,P_MLQ_10,P,MLQ,ref_own_curve,1,75.0,20.0,0.08219325317235687,7.8906062830106425
primary,55.0,P_MLQ_4,P,MLQ,a_same_polyol_same_iso,3,65.0,10.0,-0.02728606614334783,2.766173994935975
primary,55.0,P_MLQ_4,P,MLQ,a_same_polyol_same_iso,3,75.0,20.0,-0.07257495225599842,7.52733972368111
primary,55.0,P_MLQ_4,P,MLQ,b_same_polyol_other_iso,13,65.0,10.0,-0.028957544645964894,2.938089081725363
primary,55.0,P_MLQ_4,P,MLQ,b_same_polyol_other_iso,13,75.0,20.0,-0.05362979871175577,5.509393271326733
primary,55.0,P_MLQ_4,P,MLQ,c_other_polyol_same_iso,8,65.0,10.0,0.1092061837619096,10.345445469318621
primary,55.0,P_MLQ_4,P,MLQ,c_other_polyol_same_iso,8,75.0,20.0,0.13215631915328885,12.379598309653465
primary,55.0,P_MLQ_4,P,MLQ,d_all_other,35,65.0,10.0,0.05820348924730823,5.654205564478403
primary,55.0,P_MLQ_4,P,MLQ,d_all_other,35,75.0,20.0,0.08174202969749378,7.849034984042478
primary,55.0,P_MLQ_4,P,MLQ,ref_own_curve,1,65.0,10.0,0.02052696253239361,2.0317718596836953
primary,55.0,P_MLQ_4,P,MLQ,ref_own_curve,1,75.0,20.0,0.040802527965667634,3.9981311925700385
primary,55.0,P_MLQ_6,P,MLQ,a_same_polyol_same_iso,3,65.0,10.0,0.013693053053950077,1.3599729649372032
primary,55.0,P_MLQ_6,P,MLQ,a_same_polyol_same_iso,3,75.0,20.0,0.03374639483386832,3.3183336750050243
primary,55.0,P_MLQ_6,P,MLQ,b_same_polyol_other_iso,13,65.0,10.0,-0.006872307437194358,0.6895975929937868
primary,55.0,P_MLQ_6,P,MLQ,b_same_polyol_other_iso,13,75.0,20.0,-0.00208840916078179,0.20905914060691394
primary,55.0,P_MLQ_6,P,MLQ,c_other_polyol_same_iso,8,65.0,10.0,0.13129142097067992,12.303782801850707
primary,55.0,P_MLQ_6,P,MLQ,c_other_polyol_same_iso,8,75.0,20.0,0.18369770870426305,16.78126712062308
primary,55.0,P_MLQ_6,P,MLQ,d_all_other,35,65.0,10.0,0.08197384877101,7.870394859467181
primary,55.0,P_MLQ_6,P,MLQ,d_all_other,35,75.0,20.0,0.13815841231548753,12.903929008568001
primary,55.0,P_MLQ_6,P,MLQ,ref_own_curve,1,65.0,10.0,-0.014069446224415527,1.4168886693093747
primary,55.0,P_MLQ_6,P,MLQ,ref_own_curve,1,75.0,20.0,-0.07199595510002421,7.465099719922976
primary,55.0,P_MLQ_8,P,MLQ,a_same_polyol_same_iso,3,65.0,10.0,0.008883694003719578,0.8844350585305552
primary,55.0,P_MLQ_8,P,MLQ,a_same_polyol_same_iso,3,75.0,20.0,0.024948463797925424,2.463982290773158
primary,55.0,P_MLQ_8,P,MLQ,b_same_polyol_other_iso,13,65.0,10.0,-0.009657875558971796,0.9704663341351462
primary,55.0,P_MLQ_8,P,MLQ,b_same_polyol_other_iso,13,75.0,20.0,0.006275902511962306,0.625625016934688
primary,55.0,P_MLQ_8,P,MLQ,c_other_polyol_same_iso,8,65.0,10.0,0.1285058528489026,12.059158464122532
primary,55.0,P_MLQ_8,P,MLQ,c_other_polyol_same_iso,8,75.0,20.0,0.19206202037700687,17.474431576419796
primary,55.0,P_MLQ_8,P,MLQ,d_all_other,35,65.0,10.0,0.07900086884735313,7.5960878404206955
primary,55.0,P_MLQ_8,P,MLQ,d_all_other,35,75.0,20.0,0.14500805296808228,13.498467285812717
primary,55.0,P_MLQ_8,P,MLQ,ref_own_curve,1,65.0,10.0,-0.010783641560832558,1.0841994587570036
primary,55.0,P_MLQ_8,P,MLQ,ref_own_curve,1,75.0,20.0,-0.01214491530121764,1.2218964254170144
primary,55.0,P_TD80_10,P,TD80,a_same_polyol_same_iso,2,65.0,10.0,0.001982690886128319,0.19807266529235668
primary,55.0,P_TD80_10,P,TD80,a_same_polyol_same_iso,2,75.0,20.0,-0.015216188853451329,1.53325444689758
primary,55.0,P_TD80_10,P,TD80,b_same_polyol_other_iso,14,65.0,10.0,0.012617342008496749,1.2538077069989322
primary,55.0,P_TD80_10,P,TD80,b_same_polyol_other_iso,14,75.0,20.0,0.01282693381466371,1.2745019310480787
primary,55.0,P_TD80_10,P,TD80,c_other_polyol_same_iso,1,65.0,10.0,0.16922994483430423,15.568526474898785
primary,55.0,P_TD80_10,P,TD80,c_other_polyol_same_iso,1,75.0,20.0,0.31579070089578626,27.078794237279237
primary,55.0,P_TD80_10,P,TD80,d_all_other,35,65.0,10.0,0.09648002288141506,9.197196279766162
primary,55.0,P_TD80_10,P,TD80,d_all_other,35,75.0,20.0,0.14526841712998956,13.5209862531883
primary,55.0,P_TD80_10,P,TD80,ref_own_curve,1,65.0,10.0,0.007138330532110951,0.7112913165864861
primary,55.0,P_TD80_10,P,TD80,ref_own_curve,1,75.0,20.0,0.010316931381470051,1.0263894394593212
primary,55.0,P_TD80_4,P,TD80,a_same_polyol_same_iso,2,65.0,10.0,-0.022157823793026443,2.2405131593773655
primary,55.0,P_TD80_4,P,TD80,a_same_polyol_same_iso,2,75.0,20.0,-0.04509870159342322,4.613110962062673
primary,55.0,P_TD80_4,P,TD80,b_same_polyol_other_iso,14,65.0,10.0,-0.018104919488939997,1.8269807133149703
primary,55.0,P_TD80_4,P,TD80,b_same_polyol_other_iso,14,75.0,20.0,-0.043781974235679866,4.475454664675358
primary,55.0,P_TD80_4,P,TD80,c_other_polyol_same_iso,1,65.0,10.0,0.1385076833368677,12.934343830424236
primary,55.0,P_TD80_4,P,TD80,c_other_polyol_same_iso,1,75.0,20.0,0.2591817928454426,22.83172761067565
primary,55.0,P_TD80_4,P,TD80,d_all_other,35,65.0,10.0,0.06615222533455434,6.401162769666414
primary,55.0,P_TD80_4,P,TD80,d_all_other,35,75.0,20.0,0.09023943660891376,8.628761711685746
primary,55.0,P_TD80_4,P,TD80,ref_own_curve,1,65.0,10.0,-0.03674742460189018,3.7430958206982967
primary,55.0,P_TD80_4,P,TD80,ref_own_curve,1,75.0,20.0,-0.09974476728961945,10.488887830121255
primary,55.0,P_TD80_7,P,TD80,a_same_polyol_same_iso,2,65.0,10.0,-0.009747393581163943,0.9795054151554883
primary,55.0,P_TD80_7,P,TD80,a_same_polyol_same_iso,2,75.0,20.0,-0.0501409560821698,5.14192898752097
primary,55.0,P_TD80_7,P,TD80,b_same_polyol_other_iso,14,65.0,10.0,0.0023133647135009094,0.2310690947548089
primary,55.0,P_TD80_7,P,TD80,b_same_polyol_other_iso,14,75.0,20.0,-0.02090455833861185,2.1124589159338556
primary,55.0,P_TD80_7,P,TD80,c_other_polyol_same_iso,1,65.0,10.0,0.15892596753930838,14.694048927384188
primary,55.0,P_TD80_7,P,TD80,c_other_polyol_same_iso,1,75.0,20.0,0.28205920874251067,24.577097374118793
primary,55.0,P_TD80_7,P,TD80,d_all_other,35,65.0,10.0,0.08609245056116355,8.24905969601789
primary,55.0,P_TD80_7,P,TD80,d_all_other,35,75.0,20.0,0.1114639362227933,10.54763492767863
primary,55.0,P_TD80_7,P,TD80,ref_own_curve,1,65.0,10.0,-0.00031343241828868385,0.03134815433614303
primary,55.0,P_TD80_7,P,TD80,ref_own_curve,1,75.0,20.0,-0.021028010620909907,2.125065710190845
primary,55.0,P_TDS_4,P,TDS,a_same_polyol_same_iso,1,65.0,10.0,-0.029375806345085076,2.981153147165649
primary,55.0,P_TDS_4,P,TDS,a_same_polyol_same_iso,1,75.0,20.0,-0.0708249374183817,7.3393298417392225
primary,55.0,P_TDS_4,P,TDS,b_same_polyol_other_iso,15,65.0,10.0,-0.020508716124021165,2.0720464930584446
primary,55.0,P_TDS_4,P,TDS,b_same_polyol_other_iso,15,75.0,20.0,-0.04709098984135429,4.821738187389364
primary,55.0,P_TDS_4,P,TDS,d_all_other,35,65.0,10.0,0.06472220511170834,6.267218791118954
primary,55.0,P_TDS_4,P,TDS,d_all_other,35,75.0,20.0,0.08826224259854687,8.447924330240799
primary,55.0,P_TDS_4,P,TDS,ref_own_curve,1,65.0,10.0,-0.006145772287859286,0.6164696294047826
primary,55.0,P_TDS_4,P,TDS,ref_own_curve,1,75.0,20.0,-0.018491700043297365,1.86637302696317
primary,55.0,P_TDS_7,P,TDS,a_same_polyol_same_iso,1,65.0,10.0,0.013305078573617568,1.3216957268926581
primary,55.0,P_TDS_7,P,TDS,a_same_polyol_same_iso,1,75.0,20.0,0.04593825707214905,4.489906890188142
primary,55.0,P_TDS_7,P,TDS,b_same_polyol_other_iso,15,65.0,10.0,-0.0010578652625442553,0.10584249993590808
primary,55.0,P_TDS_7,P,TDS,b_same_polyol_other_iso,15,75.0,20.0,0.01733896727409215,1.7189512425272033
primary,55.0,P_TDS_7,P,TDS,d_all_other,35,65.0,10.0,0.08486061159344688,8.135967671145954
primary,55.0,P_TDS_7,P,TDS,d_all_other,35,75.0,20.0,0.15425021850365417,14.294245747650244
primary,55.0,P_TDS_7,P,TDS,ref_own_curve,1,65.0,10.0,-0.009924955483608444,0.9974371201916252
primary,55.0,P_TDS_7,P,TDS,ref_own_curve,1,75.0,20.0,-0.006394980302935213,0.6415471847191793
primary,55.0,P_W_5,P,W,a_same_polyol_same_iso,1,65.0,10.0,-0.0072824412569467145,0.7309022719078099
primary,55.0,P_W_5,P,W,a_same_polyol_same_iso,1,75.0,20.0,-0.02634534597524507,2.669545239895528
primary,55.0,P_W_5,P,W,b_same_polyol_other_iso,15,65.0,10.0,0.05989674594406508,5.8138220387486035
primary,55.0,P_W_5,P,W,b_same_polyol_other_iso,15,75.0,20.0,0.1079860471472226,10.235987901648677
primary,55.0,P_W_5,P,W,c_other_polyol_same_iso,2,65.0,10.0,0.26150072491093224,23.01046826813935
primary,55.0,P_W_5,P,W,c_other_polyol_same_iso,2,75.0,20.0,0.5007843480972787,39.39448849356037
primary,55.0,P_W_5,P,W,d_all_other,35,65.0,10.0,0.13889522893126605,12.968079204476135
primary,55.0,P_W_5,P,W,d_all_other,35,75.0,20.0,0.2313783422958854,20.656078237475395
primary,55.0,P_W_5,P,W,ref_own_curve,1,65.0,10.0,-0.012808891925568056,1.289127716048619
primary,55.0,P_W_5,P,W,ref_own_curve,1,75.0,20.0,-0.03457051913277598,3.51750254473049
primary,55.0,P_W_9,P,W,a_same_polyol_same_iso,1,65.0,10.0,-0.02293918825324104,2.3204314813564157
primary,55.0,P_W_9,P,W,a_same_polyol_same_iso,1,75.0,20.0,-0.05497026103342273,5.6509194716667785
primary,55.0,P_W_9,P,W,b_same_polyol_other_iso,15,65.0,10.0,0.049766449616392205,4.854838955749881
primary,55.0,P_W_9,P,W,b_same_polyol_other_iso,15,75.0,20.0,0.08758630524657596,8.386019943258399
primary,55.0,P_W_9,P,W,c_other_polyol_same_iso,2,65.0,10.0,0.2513704285832593,22.226577679339545
primary,55.0,P_W_9,P,W,c_other_polyol_same_iso,2,75.0,20.0,0.4803846061966318,38.14545503607716
primary,55.0,P_W_9,P,W,d_all_other,35,65.0,10.0,0.12860222426696577,12.067633039367037
primary,55.0,P_W_9,P,W,d_all_other,35,75.0,20.0,0.2107317000743637,19.000864164845808
primary,55.0,P_W_9,P,W,ref_own_curve,1,65.0,10.0,-0.017412737584619697,1.7565223077234646
primary,55.0,P_W_9,P,W,ref_own_curve,1,75.0,20.0,-0.04674508787589182,4.785486412268742
primary,57.5,C_44M_10,C,44M,a_same_polyol_same_iso,2,67.5,10.0,0.028539381189728763,2.813597976886593
primary,57.5,C_44M_10,C,44M,a_same_polyol_same_iso,2,77.5,20.0,0.045021164597151886,4.402275125436797
primary,57.5,C_44M_10,C,44M,b_same_polyol_other_iso,4,67.5,10.0,-0.051430846363508254,5.277638045964688
primary,57.5,C_44M_10,C,44M,b_same_polyol_other_iso,4,77.5,20.0,-0.1611722069848447,17.488727518927895
primary,57.5,C_44M_10,C,44M,c_other_polyol_same_iso,7,67.5,10.0,-0.11034951284194472,11.666829216945505
primary,57.5,C_44M_10,C,44M,c_other_polyol_same_iso,7,77.5,20.0,-0.2241148175684391,25.12146726075542
primary,57.5,C_44M_10,C,44M,d_all_other,36,67.5,10.0,-0.11476871074214556,12.161399030199558
primary,57.5,C_44M_10,C,44M,d_all_other,36,77.5,20.0,-0.2437736122385723,27.60554144584249
primary,57.5,C_44M_10,C,44M,ref_own_curve,1,67.5,10.0,-0.02580320830791516,2.6138992973770083
primary,57.5,C_44M_10,C,44M,ref_own_curve,1,77.5,20.0,-0.058133167046888534,5.985612422343488
primary,57.5,C_44M_6,C,44M,a_same_polyol_same_iso,2,67.5,10.0,-0.07210621362719793,7.4769493167882155
primary,57.5,C_44M_6,C,44M,a_same_polyol_same_iso,2,77.5,20.0,-0.15745614263891738,17.052942052448547
primary,57.5,C_44M_6,C,44M,b_same_polyol_other_iso,4,67.5,10.0,-0.10979033991622833,11.604405603770521
primary,57.5,C_44M_6,C,44M,b_same_polyol_other_iso,4,77.5,20.0,-0.2758548931224696,31.76566491123294
primary,57.5,C_44M_6,C,44M,c_other_polyol_same_iso,7,67.5,10.0,-0.16870900639466502,18.37756176647669
primary,57.5,C_44M_6,C,44M,c_other_polyol_same_iso,7,77.5,20.0,-0.33879750370606354,40.325916166097045
primary,57.5,C_44M_6,C,44M,d_all_other,36,67.5,10.0,-0.17550571060069675,19.184879480438653
primary,57.5,C_44M_6,C,44M,d_all_other,36,77.5,20.0,-0.36337823602201347,43.81797277585612
primary,57.5,C_44M_6,C,44M,ref_own_curve,1,67.5,10.0,0.00040950066777600824,0.04094168338212978
primary,57.5,C_44M_6,C,44M,ref_own_curve,1,77.5,20.0,0.002773389012370231,0.27695467219394015
primary,57.5,C_44M_8,C,44M,a_same_polyol_same_iso,2,67.5,10.0,0.0036263550109350007,0.36197877264357364
primary,57.5,C_44M_8,C,44M,a_same_polyol_same_iso,2,77.5,20.0,-0.00965318968002693,0.9699931998614235
primary,57.5,C_44M_8,C,44M,b_same_polyol_other_iso,4,67.5,10.0,-0.0642873843088636,6.639882101707317
primary,57.5,C_44M_8,C,44M,b_same_polyol_other_iso,4,77.5,20.0,-0.20048685071642502,22.19975437421688
primary,57.5,C_44M_8,C,44M,c_other_polyol_same_iso,7,67.5,10.0,-0.12320605078729985,13.111746458135828
primary,57.5,C_44M_8,C,44M,c_other_polyol_same_iso,7,77.5,20.0,-0.26342946130001943,30.138549366301405
primary,57.5,C_44M_8,C,44M,d_all_other,36,67.5,10.0,-0.1282741463535344,13.686462727176696
primary,57.5,C_44M_8,C,44M,d_all_other,36,77.5,20.0,-0.28386507785986126,32.825370782958885
primary,57.5,C_44M_8,C,44M,ref_own_curve,1,67.5,10.0,-0.0145467697863908,1.4653088949914268
primary,57.5,C_44M_8,C,44M,ref_own_curve,1,77.5,20.0,-0.06672838968726502,6.900508593391599
primary,57.5,C_MLQ_10,C,MLQ,a_same_polyol_same_iso,3,67.5,10.0,-0.04786609645457118,4.903017705944148
primary,57.5,C_MLQ_10,C,MLQ,a_same_polyol_same_iso,3,77.5,20.0,-0.1901467027563435,20.942701091952415
primary,57.5,C_MLQ_10,C,MLQ,b_same_polyol_other_iso,3,67.5,10.0,0.02596543793988837,2.563123478136887
primary,57.5,C_MLQ_10,C,MLQ,b_same_polyol_other_iso,3,77.5,20.0,0.02219865511755814,2.1954078076396524
primary,57.5,C_MLQ_10,C,MLQ,c_other_polyol_same_iso,8,67.5,10.0,-0.09862930499559552,10.365710354524893
primary,57.5,C_MLQ_10,C,MLQ,c_other_polyol_same_iso,8,77.5,20.0,-0.23650501947639846,26.68139143467195
primary,57.5,C_MLQ_10,C,MLQ,d_all_other,36,67.5,10.0,-0.09951377064200106,10.463368215019656
primary,57.5,C_MLQ_10,C,MLQ,d_all_other,36,77.5,20.0,-0.23271966709813974,26.20276418623658
primary,57.5,C_MLQ_10,C,MLQ,ref_own_curve,1,67.5,10.0,3.591690729742858e-05,0.0035916262293035884
primary,57.5,C_MLQ_10,C,MLQ,ref_own_curve,1,77.5,20.0,-0.027999648729689186,2.839532317661679
primary,57.5,C_MLQ_4,C,MLQ,a_same_polyol_same_iso,3,67.5,10.0,-0.4281729098732896,53.44513798241772
primary,57.5,C_MLQ_4,C,MLQ,a_same_polyol_same_iso,3,77.5,20.0,-0.5249046292886037,69.02976358037365
primary,57.5,C_MLQ_4,C,MLQ,b_same_polyol_other_iso,3,67.5,10.0,-0.42091039906774874,52.33477789124707
primary,57.5,C_MLQ_4,C,MLQ,b_same_polyol_other_iso,3,77.5,20.0,-0.4995953991346198,64.80543315784033
primary,57.5,C_MLQ_4,C,MLQ,c_other_polyol_same_iso,8,67.5,10.0,-0.5455051420032326,72.54797745793731
primary,57.5,C_MLQ_4,C,MLQ,c_other_polyol_same_iso,8,77.5,20.0,-0.7582990737285762,113.46422617219218
primary,57.5,C_MLQ_4,C,MLQ,d_all_other,36,67.5,10.0,-0.5405560493060912,71.69613119457956
primary,57.5,C_MLQ_4,C,MLQ,d_all_other,36,77.5,20.0,-0.7381471779791031,109.20557144181684
primary,57.5,C_MLQ_4,C,MLQ,ref_own_curve,1,67.5,10.0,-0.6465469908671029,90.89378556612719
primary,57.5,C_MLQ_4,C,MLQ,ref_own_curve,1,77.5,20.0,-1.1109020861416319,203.70968820822122
primary,57.5,C_MLQ_6,C,MLQ,a_same_polyol_same_iso,3,67.5,10.0,-0.11749703736343875,12.467829792575206
primary,57.5,C_MLQ_6,C,MLQ,a_same_polyol_same_iso,3,77.5,20.0,-0.30480006857149355,35.63537981435167
primary,57.5,C_MLQ_6,C,MLQ,b_same_polyol_other_iso,3,67.5,10.0,-0.031234521210528943,3.172743748370841
primary,57.5,C_MLQ_6,C,MLQ,b_same_polyol_other_iso,3,77.5,20.0,-0.07886651093974573,8.205986927400694
primary,57.5,C_MLQ_6,C,MLQ,c_other_polyol_same_iso,8,67.5,10.0,-0.15582926414601328,16.86266595850226
primary,57.5,C_MLQ_6,C,MLQ,c_other_polyol_same_iso,8,77.5,20.0,-0.3375701855337021,40.15379726306724
primary,57.5,C_MLQ_6,C,MLQ,d_all_other,36,67.5,10.0,-0.1577072073415695,17.082333603975687
primary,57.5,C_MLQ_6,C,MLQ,d_all_other,36,77.5,20.0,-0.3347677794372306,39.76157924095141
primary,57.5,C_MLQ_6,C,MLQ,ref_own_curve,1,67.5,10.0,-0.01987109696781264,2.0069841456049082
primary,57.5,C_MLQ_6,C,MLQ,ref_own_curve,1,77.5,20.0,-0.08830021551356593,9.23160030180773
primary,57.5,C_MLQ_8,C,MLQ,a_same_polyol_same_iso,3,67.5,10.0,-0.09022110335267808,9.441623605500391
primary,57.5,C_MLQ_8,C,MLQ,a_same_polyol_same_iso,3,77.5,20.0,-0.26164172248303275,29.90610346819865
primary,57.5,C_MLQ_8,C,MLQ,b_same_polyol_other_iso,3,67.5,10.0,-0.010153540489586721,1.0205262587744393
primary,57.5,C_MLQ_8,C,MLQ,b_same_polyol_other_iso,3,77.5,20.0,-0.03799549067363239,3.8726548910921235
primary,57.5,C_MLQ_8,C,MLQ,c_other_polyol_same_iso,8,67.5,10.0,-0.13474828342507106,14.424872172866676
primary,57.5,C_MLQ_8,C,MLQ,c_other_polyol_same_iso,8,77.5,20.0,-0.296699165267589,34.541049235568316
primary,57.5,C_MLQ_8,C,MLQ,d_all_other,36,67.5,10.0,-0.13615127653623693,14.585522149324573
primary,57.5,C_MLQ_8,C,MLQ,d_all_other,36,77.5,20.0,-0.29384261854122173,34.15727483752469
primary,57.5,C_MLQ_8,C,MLQ,ref_own_curve,1,67.5,10.0,-0.01737497611630756,1.7526799045786374
primary,57.5,C_MLQ_8,C,MLQ,ref_own_curve,1,77.5,20.0,-0.05429117271445083,5.5791975218903636
primary,57.5,D_44M_10,D,44M,a_same_polyol_same_iso,2,67.5,10.0,0.04042704338821407,3.9620772029912072
primary,57.5,D_44M_10,D,44M,a_same_polyol_same_iso,2,77.5,20.0,0.005124364685477473,0.5111257526940054
primary,57.5,D_44M_10,D,44M,b_same_polyol_other_iso,9,67.5,10.0,0.050798621218224094,4.952994423673808
primary,57.5,D_44M_10,D,44M,b_same_polyol_other_iso,9,77.5,20.0,0.058427864668444046,5.675372067126993
primary,57.5,D_44M_10,D,44M,c_other_polyol_same_iso,7,67.5,10.0,-0.008776427732884673,0.8815053490792167
primary,57.5,D_44M_10,D,44M,c_other_polyol_same_iso,7,77.5,20.0,-0.02131050550035974,2.153919593662732
primary,57.5,D_44M_10,D,44M,d_all_other,36,67.5,10.0,-0.036316921766049226,3.698443735862764
primary,57.5,D_44M_10,D,44M,d_all_other,36,77.5,20.0,-0.10169222551309695,10.704269979126135
primary,57.5,D_44M_10,D,44M,ref_own_curve,1,67.5,10.0,0.01308047594257572,1.2995298309600796
primary,57.5,D_44M_10,D,44M,ref_own_curve,1,77.5,20.0,-0.0001748933769443184,0.017490867168260434
primary,57.5,D_44M_4,D,44M,a_same_polyol_same_iso,2,67.5,10.0,-0.11283607715400024,11.944841473748951
primary,57.5,D_44M_4,D,44M,a_same_polyol_same_iso,2,77.5,20.0,-0.24446507679190788,27.693806667180603
primary,57.5,D_44M_4,D,44M,b_same_polyol_other_iso,9,67.5,10.0,-0.07997925017742125,8.326458989370824
primary,57.5,D_44M_4,D,44M,b_same_polyol_other_iso,9,77.5,20.0,-0.1874643947322281,20.618730203453666
primary,57.5,D_44M_4,D,44M,c_other_polyol_same_iso,7,67.5,10.0,-0.1395542991285299,14.976123505619881
primary,57.5,D_44M_4,D,44M,c_other_polyol_same_iso,7,77.5,20.0,-0.267202764901032,30.630529234232867
primary,57.5,D_44M_4,D,44M,d_all_other,36,67.5,10.0,-0.16823025535166103,18.320901949368203
primary,57.5,D_44M_4,D,44M,d_all_other,36,77.5,20.0,-0.34741720758312233,41.540712078714016
primary,57.5,D_44M_4,D,44M,ref_own_curve,1,67.5,10.0,-0.07272689715993108,7.543679196303923
primary,57.5,D_44M_4,D,44M,ref_own_curve,1,77.5,20.0,-0.23867278862419106,26.956305313879504
primary,57.5,D_44M_8,D,44M,a_same_polyol_same_iso,2,67.5,10.0,-0.006377991548095374,0.6398374246707442
primary,57.5,D_44M_8,D,44M,a_same_polyol_same_iso,2,77.5,20.0,-0.054638795641970606,5.615905651542201
primary,57.5,D_44M_8,D,44M,b_same_polyol_other_iso,9,67.5,10.0,0.008854904580987033,0.8815815375566664
primary,57.5,D_44M_8,D,44M,b_same_polyol_other_iso,9,77.5,20.0,0.00026678032671234586,0.026674474400531122
primary,57.5,D_44M_8,D,44M,c_other_polyol_same_iso,7,67.5,10.0,-0.05072014437012151,5.202843600175438
primary,57.5,D_44M_8,D,44M,c_other_polyol_same_iso,7,77.5,20.0,-0.07947158984209146,8.271479899407579
primary,57.5,D_44M_8,D,44M,d_all_other,36,67.5,10.0,-0.07850853010244707,8.167258190086194
primary,57.5,D_44M_8,D,44M,d_all_other,36,77.5,20.0,-0.15986914222709647,17.335731801977328
primary,57.5,D_44M_8,D,44M,ref_own_curve,1,67.5,10.0,-0.019140604096518743,1.932495980713442
primary,57.5,D_44M_8,D,44M,ref_own_curve,1,77.5,20.0,-0.055131825747248064,5.667990311222122
primary,57.5,D_I_5,D,I,a_same_polyol_same_iso,1,67.5,10.0,-0.08611911480997936,8.993614811041626
primary,57.5,D_I_5,D,I,a_same_polyol_same_iso,1,77.5,20.0,-0.16630120232775336,18.092874664744883
primary,57.5,D_I_5,D,I,b_same_polyol_other_iso,10,67.5,10.0,-0.06268632650854467,6.469282093323173
primary,57.5,D_I_5,D,I,b_same_polyol_other_iso,10,77.5,20.0,-0.1307789501963983,13.971581950689876
primary,57.5,D_I_5,D,I,c_other_polyol_same_iso,2,67.5,10.0,-0.21705843013007975,24.24166945860282
primary,57.5,D_I_5,D,I,c_other_polyol_same_iso,2,77.5,20.0,-0.3823414269436748,46.571243342835636
primary,57.5,D_I_5,D,I,d_all_other,36,67.5,10.0,-0.14437447315608187,15.531666260683313
primary,57.5,D_I_5,D,I,d_all_other,36,77.5,20.0,-0.27655865112525124,31.858428690203333
primary,57.5,D_I_5,D,I,ref_own_curve,1,67.5,10.0,-0.039834746516334674,4.063879079693553
primary,57.5,D_I_5,D,I,ref_own_curve,1,77.5,20.0,-0.14349864478863494,15.430524647845893
primary,57.5,D_I_9,D,I,a_same_polyol_same_iso,1,67.5,10.0,0.024980588272595305,2.4671155337762976
primary,57.5,D_I_9,D,I,a_same_polyol_same_iso,1,77.5,20.0,-0.029161796299803505,2.95911650403308
primary,57.5,D_I_9,D,I,b_same_polyol_other_iso,10,67.5,10.0,0.0021290082803850363,0.21267435497512596
primary,57.5,D_I_9,D,I,b_same_polyol_other_iso,10,77.5,20.0,-0.01644210170756681,1.6578016950823435
primary,57.5,D_I_9,D,I,c_other_polyol_same_iso,2,67.5,10.0,-0.15224309534114971,16.444327276295358
primary,57.5,D_I_9,D,I,c_other_polyol_same_iso,2,77.5,20.0,-0.26800457845484327,30.73531256584836
primary,57.5,D_I_9,D,I,d_all_other,36,67.5,10.0,-0.07749794894792406,8.058001613040165
primary,57.5,D_I_9,D,I,d_all_other,36,77.5,20.0,-0.15964890992688108,17.30989352918068
primary,57.5,D_I_9,D,I,ref_own_curve,1,67.5,10.0,-0.021303780021049434,2.1532325619003494
primary,57.5,D_I_9,D,I,ref_own_curve,1,77.5,20.0,-0.051964353838921784,5.33381943811986
primary,57.5,D_MLQ_10,D,MLQ,a_same_polyol_same_iso,3,67.5,10.0,0.042717392885613714,4.181785910293133
primary,57.5,D_MLQ_10,D,MLQ,a_same_polyol_same_iso,3,77.5,20.0,0.1269672533084214,11.923748581667294
primary,57.5,D_MLQ_10,D,MLQ,b_same_polyol_other_iso,8,67.5,10.0,0.04094585901943015,4.011890255515328
primary,57.5,D_MLQ_10,D,MLQ,b_same_polyol_other_iso,8,77.5,20.0,0.13876445870929396,12.956697276682652
primary,57.5,D_MLQ_10,D,MLQ,c_other_polyol_same_iso,8,67.5,10.0,-0.051499709263613414,5.284888019060976
primary,57.5,D_MLQ_10,D,MLQ,c_other_polyol_same_iso,8,77.5,20.0,-0.04649152226276675,4.758919784493979
primary,57.5,D_MLQ_10,D,MLQ,d_all_other,36,67.5,10.0,-0.04402267562824741,4.500605078850703
primary,57.5,D_MLQ_10,D,MLQ,d_all_other,36,77.5,20.0,-0.015861267077499817,1.5987724682104854
primary,57.5,D_MLQ_10,D,MLQ,ref_own_curve,1,67.5,10.0,-0.001842397204681212,0.18440954612053306
primary,57.5,D_MLQ_10,D,MLQ,ref_own_curve,1,77.5,20.0,0.06033147921056325,5.854759004577505
primary,57.5,D_MLQ_4,D,MLQ,a_same_polyol_same_iso,3,67.5,10.0,-0.06353898373640376,6.560102610127666
primary,57.5,D_MLQ_4,D,MLQ,a_same_polyol_same_iso,3,77.5,20.0,-0.11338974072962471,12.006838416092682
primary,57.5,D_MLQ_4,D,MLQ,b_same_polyol_other_iso,8,67.5,10.0,-0.04463128702872332,4.564224696306794
primary,57.5,D_MLQ_4,D,MLQ,b_same_polyol_other_iso,8,77.5,20.0,-0.07121981418322054,7.381724018733961
primary,57.5,D_MLQ_4,D,MLQ,c_other_polyol_same_iso,8,67.5,10.0,-0.13707685531176672,14.69162917423896
primary,57.5,D_MLQ_4,D,MLQ,c_other_polyol_same_iso,8,77.5,20.0,-0.2564757951552814,29.23674838668277
primary,57.5,D_MLQ_4,D,MLQ,d_all_other,36,67.5,10.0,-0.13128739723993332,14.029545198952107
primary,57.5,D_MLQ_4,D,MLQ,d_all_other,36,77.5,20.0,-0.228235495067308,25.638116216327965
primary,57.5,D_MLQ_4,D,MLQ,ref_own_curve,1,67.5,10.0,-0.025381851531242727,2.570671343362522
primary,57.5,D_MLQ_4,D,MLQ,ref_own_curve,1,77.5,20.0,-0.05853463024535399,6.028170287434605
primary,57.5,D_MLQ_6,D,MLQ,a_same_polyol_same_iso,3,67.5,10.0,-0.03979020583277504,4.059244106608677
primary,57.5,D_MLQ_6,D,MLQ,a_same_polyol_same_iso,3,77.5,20.0,-0.09880025961879224,10.3845794957899
primary,57.5,D_MLQ_6,D,MLQ,b_same_polyol_other_iso,8,67.5,10.0,-0.021723559304352547,2.196123374359705
primary,57.5,D_MLQ_6,D,MLQ,b_same_polyol_other_iso,8,77.5,20.0,-0.05283611953482348,5.425685885715106
primary,57.5,D_MLQ_6,D,MLQ,c_other_polyol_same_iso,8,67.5,10.0,-0.11416912758739595,12.094169101708307
primary,57.5,D_MLQ_6,D,MLQ,c_other_polyol_same_iso,8,77.5,20.0,-0.23809210050688434,26.882604696573903
primary,57.5,D_MLQ_6,D,MLQ,d_all_other,36,67.5,10.0,-0.10833363047218514,11.441948767062636
primary,57.5,D_MLQ_6,D,MLQ,d_all_other,36,77.5,20.0,-0.2102432781437964,23.39782233753311
primary,57.5,D_MLQ_6,D,MLQ,ref_own_curve,1,67.5,10.0,-0.00499727434466446,0.5009781545394512
primary,57.5,D_MLQ_6,D,MLQ,ref_own_curve,1,77.5,20.0,-0.028768294984315546,2.918609926465725
primary,57.5,D_MLQ_8,D,MLQ,a_same_polyol_same_iso,3,67.5,10.0,0.008213900771817051,0.8180258862322161
primary,57.5,D_MLQ_8,D,MLQ,a_same_polyol_same_iso,3,77.5,20.0,0.02752007728248318,2.7144849930288117
primary,57.5,D_MLQ_8,D,MLQ,b_same_polyol_other_iso,8,67.5,10.0,0.010484746027472625,1.0429972673217827
primary,57.5,D_MLQ_8,D,MLQ,b_same_polyol_other_iso,8,77.5,20.0,0.04141340095262308,4.056758232261179
primary,57.5,D_MLQ_8,D,MLQ,c_other_polyol_same_iso,8,67.5,10.0,-0.08196082225557089,8.541328495226228
primary,57.5,D_MLQ_8,D,MLQ,c_other_polyol_same_iso,8,77.5,20.0,-0.14384258001943762,15.470232099986758
primary,57.5,D_MLQ_8,D,MLQ,d_all_other,36,67.5,10.0,-0.0747964185067812,7.76647359548449
primary,57.5,D_MLQ_8,D,MLQ,d_all_other,36,77.5,20.0,-0.11330629796848046,11.99749264615205
primary,57.5,D_MLQ_8,D,MLQ,ref_own_curve,1,67.5,10.0,-0.020176372831124945,2.038129169423984
primary,57.5,D_MLQ_8,D,MLQ,ref_own_curve,1,77.5,20.0,-0.030731223738315383,3.1208302323074975
primary,57.5,D_TD80_10,D,TD80,b_same_polyol_other_iso,11,67.5,10.0,0.037805134763303425,3.709944154422598
primary,57.5,D_TD80_10,D,TD80,b_same_polyol_other_iso,11,77.5,20.0,0.036980690998498045,3.6305256847353222
primary,57.5,D_TD80_10,D,TD80,c_other_polyol_same_iso,3,67.5,10.0,-0.12592961348113108,13.420233291948408
primary,57.5,D_TD80_10,D,TD80,c_other_polyol_same_iso,3,77.5,20.0,-0.23817324437862059,26.8929008601046
primary,57.5,D_TD80_10,D,TD80,d_all_other,36,67.5,10.0,-0.04651779793471512,4.76167243166757
primary,57.5,D_TD80_10,D,TD80,d_all_other,36,77.5,20.0,-0.11095451141138579,11.73440792932665
primary,57.5,D_TD80_10,D,TD80,ref_own_curve,1,67.5,10.0,0.021911615497113672,2.167329985088049
primary,57.5,D_TD80_10,D,TD80,ref_own_curve,1,77.5,20.0,0.040841519606289234,4.001874389960402
primary,57.5,D_W_5,D,W,a_same_polyol_same_iso,1,67.5,10.0,-0.05389750567130158,5.537642651312023
primary,57.5,D_W_5,D,W,a_same_polyol_same_iso,1,77.5,20.0,-0.09949777647706415,10.461601459817865
primary,57.5,D_W_5,D,W,b_same_polyol_other_iso,10,67.5,10.0,-0.05003653066901337,5.130950071395287
primary,57.5,D_W_5,D,W,b_same_polyol_other_iso,10,77.5,20.0,-0.12430456139350943,13.236069183721352
primary,57.5,D_W_5,D,W,c_other_polyol_same_iso,2,67.5,10.0,-0.25684056329877025,29.283898434357198
primary,57.5,D_W_5,D,W,c_other_polyol_same_iso,2,77.5,20.0,-0.4786701971734566,61.39267701650084
primary,57.5,D_W_5,D,W,d_all_other,36,67.5,10.0,-0.12666747393411848,13.503952479403603
primary,57.5,D_W_5,D,W,d_all_other,36,77.5,20.0,-0.25279068146570793,28.761372720663474
primary,57.5,D_W_5,D,W,ref_own_curve,1,67.5,10.0,-0.002504688860544224,0.25078282141758174
primary,57.5,D_W_5,D,W,ref_own_curve,1,77.5,20.0,-0.00744696193132155,0.7474759511990332
primary,57.5,D_W_9,D,W,a_same_polyol_same_iso,1,67.5,10.0,0.05454926358454515,5.308814056366855
primary,57.5,D_W_9,D,W,a_same_polyol_same_iso,1,77.5,20.0,0.09405832993162042,8.977033294197556
primary,57.5,D_W_9,D,W,b_same_polyol_other_iso,10,67.5,10.0,0.007017421776075949,0.6992857165547961
primary,57.5,D_W_9,D,W,b_same_polyol_other_iso,10,77.5,20.0,-0.022799269530567406,2.3061159388096986
primary,57.5,D_W_9,D,W,c_other_polyol_same_iso,2,67.5,10.0,-0.19978661085368077,22.114215187455937
primary,57.5,D_W_9,D,W,c_other_polyol_same_iso,2,77.5,20.0,-0.3771649053105145,45.81447453581039
primary,57.5,D_W_9,D,W,d_all_other,36,67.5,10.0,-0.06605719946392336,6.828782090909784
primary,57.5,D_W_9,D,W,d_all_other,36,77.5,20.0,-0.14341003145063042,15.420296416934764
primary,57.5,D_W_9,D,W,ref_own_curve,1,67.5,10.0,0.003156446773787902,0.3151470432898673
primary,57.5,D_W_9,D,W,ref_own_curve,1,77.5,20.0,0.002007515385877706,0.20055016746096233
primary,57.5,P_44M_10,P,44M,a_same_polyol_same_iso,3,67.5,10.0,0.03670773905046132,3.604217858766855
primary,57.5,P_44M_10,P,44M,a_same_polyol_same_iso,3,77.5,20.0,0.0955194155999769,9.109928537033598
primary,57.5,P_44M_10,P,44M,b_same_polyol_other_iso,14,67.5,10.0,-0.002874048501065818,0.28781825379845294
primary,57.5,P_44M_10,P,44M,b_same_polyol_other_iso,14,77.5,20.0,0.005758442105382865,0.5741894056539328
primary,57.5,P_44M_10,P,44M,c_other_polyol_same_iso,6,67.5,10.0,0.16507864242631604,15.217297370834554
primary,57.5,P_44M_10,P,44M,c_other_polyol_same_iso,6,77.5,20.0,0.29414438426992484,25.48311069908729
primary,57.5,P_44M_10,P,44M,d_all_other,36,67.5,10.0,0.07284807095785692,7.025792588125785
primary,57.5,P_44M_10,P,44M,d_all_other,36,77.5,20.0,0.12198851404238412,11.48414646623407
primary,57.5,P_44M_10,P,44M,ref_own_curve,1,67.5,10.0,-0.01282790904700426,1.2910539620063308
primary,57.5,P_44M_10,P,44M,ref_own_curve,1,77.5,20.0,-0.017949504959386534,1.8111565506958063
primary,57.5,P_44M_4,P,44M,a_same_polyol_same_iso,3,67.5,10.0,-0.06543815564154487,6.7626708582904955
primary,57.5,P_44M_4,P,44M,a_same_polyol_same_iso,3,77.5,20.0,-0.09357577759807034,9.80938111000788
primary,57.5,P_44M_4,P,44M,b_same_polyol_other_iso,14,67.5,10.0,-0.06430670048996046,6.641941996876731
primary,57.5,P_44M_4,P,44M,b_same_polyol_other_iso,14,77.5,20.0,-0.0872596706389861,9.117999033830094
primary,57.5,P_44M_4,P,44M,c_other_polyol_same_iso,6,67.5,10.0,0.10364599043742162,9.84556037267806
primary,57.5,P_44M_4,P,44M,c_other_polyol_same_iso,6,77.5,20.0,0.20112627152555596,18.21908409763169
primary,57.5,P_44M_4,P,44M,d_all_other,36,67.5,10.0,0.007929925371576552,0.7898566459402747
primary,57.5,P_44M_4,P,44M,d_all_other,36,77.5,20.0,0.02074006971893505,2.052647368713625
primary,57.5,P_44M_4,P,44M,ref_own_curve,1,67.5,10.0,0.04787916707344042,4.675103601915885
primary,57.5,P_44M_4,P,44M,ref_own_curve,1,77.5,20.0,0.1772636236572891,16.244104493859087
primary,57.5,P_44M_6,P,44M,a_same_polyol_same_iso,3,67.5,10.0,0.01453023946908849,1.4425184977392809
primary,57.5,P_44M_6,P,44M,a_same_polyol_same_iso,3,77.5,20.0,0.05534403949809247,5.384042431369902
primary,57.5,P_44M_6,P,44M,b_same_polyol_other_iso,14,67.5,10.0,-0.019134626440877045,1.9318866651749116
primary,57.5,P_44M_6,P,44M,b_same_polyol_other_iso,14,77.5,20.0,-0.02341905522119636,2.369543459236785
primary,57.5,P_44M_6,P,44M,c_other_polyol_same_iso,6,67.5,10.0,0.1488180644865048,13.827412082164859
primary,57.5,P_44M_6,P,44M,c_other_polyol_same_iso,6,77.5,20.0,0.2649668869433456,23.276864506944165
primary,57.5,P_44M_6,P,44M,d_all_other,36,67.5,10.0,0.05609426255191907,5.454998884086383
primary,57.5,P_44M_6,P,44M,d_all_other,36,77.5,20.0,0.09190299179980321,8.7806364484099
primary,57.5,P_44M_6,P,44M,ref_own_curve,1,67.5,10.0,-0.011337722062164102,1.1402237622235725
primary,57.5,P_44M_6,P,44M,ref_own_curve,1,77.5,20.0,-0.014133365960139144,1.4233714172165877
primary,57.5,P_44M_8,P,44M,a_same_polyol_same_iso,3,67.5,10.0,0.033442660234153765,3.288963647663111
primary,57.5,P_44M_8,P,44M,a_same_polyol_same_iso,3,77.5,20.0,0.0730301288995325,7.042717740230185
primary,57.5,P_44M_8,P,44M,b_same_polyol_other_iso,14,67.5,10.0,-0.003233643564559241,0.32388774298749734
primary,57.5,P_44M_8,P,44M,b_same_polyol_other_iso,14,77.5,20.0,-0.010336883264622981,1.039049340379051
primary,57.5,P_44M_8,P,44M,c_other_polyol_same_iso,6,67.5,10.0,0.1647190473628226,15.186804447275664
primary,57.5,P_44M_8,P,44M,c_other_polyol_same_iso,6,77.5,20.0,0.27804905889991893,24.274032972333316
primary,57.5,P_44M_8,P,44M,d_all_other,36,67.5,10.0,0.0722418131989725,6.9694091637889395
primary,57.5,P_44M_8,P,44M,d_all_other,36,77.5,20.0,0.10535077602325436,9.99912342861979
primary,57.5,P_44M_8,P,44M,ref_own_curve,1,67.5,10.0,-0.004471052852076052,0.44810629218359516
primary,57.5,P_44M_8,P,44M,ref_own_curve,1,77.5,20.0,-0.014862946338132593,1.4973949186361215
primary,57.5,P_I_5,P,I,a_same_polyol_same_iso,1,67.5,10.0,-0.002767819530087867,0.27716534789736186
primary,57.5,P_I_5,P,I,a_same_polyol_same_iso,1,77.5,20.0,-0.012947762707847504,1.3031947931813452
primary,57.5,P_I_5,P,I,b_same_polyol_other_iso,16,67.5,10.0,0.00815487086802158,0.8121710110373758
primary,57.5,P_I_5,P,I,b_same_polyol_other_iso,16,77.5,20.0,0.005911607375794464,0.5894168206341726
primary,57.5,P_I_5,P,I,c_other_polyol_same_iso,2,67.5,10.0,0.16447047785542918,15.165719852651574
primary,57.5,P_I_5,P,I,c_other_polyol_same_iso,2,77.5,20.0,0.2510505066068679,22.201692271877878
primary,57.5,P_I_5,P,I,d_all_other,36,67.5,10.0,0.07702030630854373,7.412894760765718
primary,57.5,P_I_5,P,I,d_all_other,36,77.5,20.0,0.10760794866200991,10.202041847576272
primary,57.5,P_I_5,P,I,ref_own_curve,1,67.5,10.0,0.0020090693902372614,0.20070525612057902
primary,57.5,P_I_5,P,I,ref_own_curve,1,77.5,20.0,0.004866827905210341,0.48550040875530087
primary,57.5,P_I_9,P,I,a_same_polyol_same_iso,1,67.5,10.0,0.002363081627147212,0.2360291747762522
primary,57.5,P_I_9,P,I,a_same_polyol_same_iso,1,77.5,20.0,0.008034969922476876,0.8002775835527208
primary,57.5,P_I_9,P,I,b_same_polyol_other_iso,16,67.5,10.0,0.008508883104931475,0.8472785016447005
primary,57.5,P_I_9,P,I,b_same_polyol_other_iso,16,77.5,20.0,0.009079749393060998,0.9038652944414787
primary,57.5,P_I_9,P,I,c_other_polyol_same_iso,2,67.5,10.0,0.16482449009233907,15.195746910646598
primary,57.5,P_I_9,P,I,c_other_polyol_same_iso,2,77.5,20.0,0.2542186486241344,22.447778335831046
primary,57.5,P_I_9,P,I,d_all_other,36,67.5,10.0,0.07752043348296614,7.459188510750837
primary,57.5,P_I_9,P,I,d_all_other,36,77.5,20.0,0.11130985379866909,10.533850828508204
primary,57.5,P_I_9,P,I,ref_own_curve,1,67.5,10.0,-0.002413807293177958,0.24167228714116412
primary,57.5,P_I_9,P,I,ref_own_curve,1,77.5,20.0,-0.00977962069058097,0.9827597451639226
primary,57.5,P_MLQ_10,P,MLQ,a_same_polyol_same_iso,3,67.5,10.0,0.0020592321891593213,0.2057113425146773
primary,57.5,P_MLQ_10,P,MLQ,a_same_polyol_same_iso,3,77.5,20.0,0.04935311429841498,4.815503971646598
primary,57.5,P_MLQ_10,P,MLQ,b_same_polyol_other_iso,14,67.5,10.0,0.02099711925297304,2.077821454435636
primary,57.5,P_MLQ_10,P,MLQ,b_same_polyol_other_iso,14,77.5,20.0,0.12523765411492568,11.771280151620477
primary,57.5,P_MLQ_10,P,MLQ,c_other_polyol_same_iso,8,67.5,10.0,0.15213863422291887,14.113079617741475
primary,57.5,P_MLQ_10,P,MLQ,c_other_polyol_same_iso,8,77.5,20.0,0.310048935319685,26.658893435881982
primary,57.5,P_MLQ_10,P,MLQ,d_all_other,36,67.5,10.0,0.0862265432889574,8.261362005037382
primary,57.5,P_MLQ_10,P,MLQ,d_all_other,36,77.5,20.0,0.21159555888441378,19.07080576775901
primary,57.5,P_MLQ_10,P,MLQ,ref_own_curve,1,67.5,10.0,0.01911337429158294,1.8931871966635077
primary,57.5,P_MLQ_10,P,MLQ,ref_own_curve,1,77.5,20.0,0.11735674928962274,11.073210912026122
primary,57.5,P_MLQ_4,P,MLQ,a_same_polyol_same_iso,3,67.5,10.0,-0.04068275174766267,4.1521632209617145
primary,57.5,P_MLQ_4,P,MLQ,a_same_polyol_same_iso,3,77.5,20.0,-0.09715726200346841,10.203366801686348
primary,57.5,P_MLQ_4,P,MLQ,b_same_polyol_other_iso,14,67.5,10.0,-0.014810660466249903,1.4920881775839794
primary,57.5,P_MLQ_4,P,MLQ,b_same_polyol_other_iso,14,77.5,20.0,-0.012691413704560617,1.2772291484421046
primary,57.5,P_MLQ_4,P,MLQ,c_other_polyol_same_iso,8,67.5,10.0,0.11633085450369629,10.981934570815717
primary,57.5,P_MLQ_4,P,MLQ,c_other_polyol_same_iso,8,77.5,20.0,0.1721198675001987,15.812174672157886
primary,57.5,P_MLQ_4,P,MLQ,d_all_other,36,67.5,10.0,0.04986008562526445,4.863747551804373
primary,57.5,P_MLQ_4,P,MLQ,d_all_other,36,77.5,20.0,0.0730208706160651,7.041857111376698
primary,57.5,P_MLQ_4,P,MLQ,ref_own_curve,1,67.5,10.0,0.0041082072251570345,0.40997800859490385
primary,57.5,P_MLQ_4,P,MLQ,ref_own_curve,1,77.5,20.0,0.005171606917324212,0.515825718138065
primary,57.5,P_MLQ_6,P,MLQ,a_same_polyol_same_iso,3,67.5,10.0,0.0049703716735973735,0.495803981607542
primary,57.5,P_MLQ_6,P,MLQ,a_same_polyol_same_iso,3,77.5,20.0,0.007842692356547554,0.7812018685283655
primary,57.5,P_MLQ_6,P,MLQ,b_same_polyol_other_iso,14,67.5,10.0,0.009107426831968413,0.9066079837002703
primary,57.5,P_MLQ_6,P,MLQ,b_same_polyol_other_iso,14,77.5,20.0,0.03353172787665537,3.29757708807979
primary,57.5,P_MLQ_6,P,MLQ,c_other_polyol_same_iso,8,67.5,10.0,0.14024894180191438,13.085815727111537
primary,57.5,P_MLQ_6,P,MLQ,c_other_polyol_same_iso,8,77.5,20.0,0.21834300908141469,19.61503333631549
primary,57.5,P_MLQ_6,P,MLQ,d_all_other,36,67.5,10.0,0.07567255770378001,7.288026492244256
primary,57.5,P_MLQ_6,P,MLQ,d_all_other,36,77.5,20.0,0.1243651325912809,11.694265100790316
primary,57.5,P_MLQ_6,P,MLQ,ref_own_curve,1,67.5,10.0,-0.03717881384575916,3.787859130872088
primary,57.5,P_MLQ_6,P,MLQ,ref_own_curve,1,77.5,20.0,-0.12493568983788039,13.307558244928972
primary,57.5,P_MLQ_8,P,MLQ,a_same_polyol_same_iso,3,67.5,10.0,-0.008631164081542408,0.8668519975847438
primary,57.5,P_MLQ_8,P,MLQ,a_same_polyol_same_iso,3,77.5,20.0,0.005662007960157034,0.5646009002736523
primary,57.5,P_MLQ_8,P,MLQ,b_same_polyol_other_iso,14,67.5,10.0,0.0011192085676998698,0.1118582487384131
primary,57.5,P_MLQ_8,P,MLQ,b_same_polyol_other_iso,14,77.5,20.0,0.0551571085994888,5.3663541322060295
primary,57.5,P_MLQ_8,P,MLQ,c_other_polyol_same_iso,8,67.5,10.0,0.13226072353764562,12.3887457862224
primary,57.5,P_MLQ_8,P,MLQ,c_other_polyol_same_iso,8,77.5,20.0,0.23996838980424817,21.334727307976927
primary,57.5,P_MLQ_8,P,MLQ,d_all_other,36,67.5,10.0,0.0671563367475232,6.495099261125879
primary,57.5,P_MLQ_8,P,MLQ,d_all_other,36,77.5,20.0,0.14382977355382087,13.396484240050768
primary,57.5,P_MLQ_8,P,MLQ,ref_own_curve,1,67.5,10.0,-0.028327079637396446,2.8732106724428874
primary,57.5,P_MLQ_8,P,MLQ,ref_own_curve,1,77.5,20.0,-0.031892113757328366,3.240611687972575
primary,57.5,P_TD80_10,P,TD80,a_same_polyol_same_iso,2,67.5,10.0,0.006889304864943949,0.6865628007746674
primary,57.5,P_TD80_10,P,TD80,a_same_polyol_same_iso,2,77.5,20.0,-0.0063687867269210385,0.6389110572277659
primary,57.5,P_TD80_10,P,TD80,b_same_polyol_other_iso,15,67.5,10.0,0.02051110511860153,2.030218324634106
primary,57.5,P_TD80_10,P,TD80,b_same_polyol_other_iso,15,77.5,20.0,0.02788829185124253,2.7503003427122064
primary,57.5,P_TD80_10,P,TD80,c_other_polyol_same_iso,1,67.5,10.0,0.15202265415505195,14.103117869215689
primary,57.5,P_TD80_10,P,TD80,c_other_polyol_same_iso,1,77.5,20.0,0.2689887759961329,23.584816755681175
primary,57.5,P_TD80_10,P,TD80,d_all_other,36,67.5,10.0,0.08785390433330567,8.41053248074066
primary,57.5,P_TD80_10,P,TD80,d_all_other,36,77.5,20.0,0.12508001443070982,11.757370707773445
primary,57.5,P_TD80_10,P,TD80,ref_own_curve,1,67.5,10.0,-0.0012343341994469972,0.12350963034363759
primary,57.5,P_TD80_10,P,TD80,ref_own_curve,1,77.5,20.0,-0.01734039051243691,1.7491607875544248
primary,57.5,P_TD80_4,P,TD80,a_same_polyol_same_iso,2,67.5,10.0,-0.023124026707933343,2.33934597980436
primary,57.5,P_TD80_4,P,TD80,a_same_polyol_same_iso,2,77.5,20.0,-0.059676223930421046,6.149280493244096
primary,57.5,P_TD80_4,P,TD80,b_same_polyol_other_iso,15,67.5,10.0,-0.00815957596479322,0.8192956032053762
primary,57.5,P_TD80_4,P,TD80,b_same_polyol_other_iso,15,77.5,20.0,-0.029519218220611987,2.995922926537974
primary,57.5,P_TD80_4,P,TD80,c_other_polyol_same_iso,1,67.5,10.0,0.12335197307165724,11.604751966955025
primary,57.5,P_TD80_4,P,TD80,c_other_polyol_same_iso,1,77.5,20.0,0.21158126592427828,19.06964904174555
primary,57.5,P_TD80_4,P,TD80,d_all_other,36,67.5,10.0,0.05912836384880138,5.741423254579207
primary,57.5,P_TD80_4,P,TD80,d_all_other,36,77.5,20.0,0.06796237561022067,6.5704374781297785
primary,57.5,P_TD80_4,P,TD80,ref_own_curve,1,67.5,10.0,-0.027219714303876374,2.7593554964684275
primary,57.5,P_TD80_4,P,TD80,ref_own_curve,1,77.5,20.0,-0.08294804632099995,8.648536017025975
primary,57.5,P_TD80_7,P,TD80,a_same_polyol_same_iso,2,67.5,10.0,-0.015965892679874583,1.6094028570762304
primary,57.5,P_TD80_7,P,TD80,a_same_polyol_same_iso,2,77.5,20.0,-0.04275919321096867,4.368653778366422
primary,57.5,P_TD80_7,P,TD80,b_same_polyol_other_iso,15,67.5,10.0,0.004436896148693303,0.44270676663342984
primary,57.5,P_TD80_7,P,TD80,b_same_polyol_other_iso,15,77.5,20.0,0.0065695620210700564,0.6548029627098058
primary,57.5,P_TD80_7,P,TD80,c_other_polyol_same_iso,1,67.5,10.0,0.13594844518514373,12.711236711098037
primary,57.5,P_TD80_7,P,TD80,c_other_polyol_same_iso,1,77.5,20.0,0.24767004616596036,21.938253148336663
primary,57.5,P_TD80_7,P,TD80,d_all_other,36,67.5,10.0,0.07139546493177024,6.890639555879254
primary,57.5,P_TD80_7,P,TD80,d_all_other,36,77.5,20.0,0.10290768531367575,9.778974310582003
primary,57.5,P_TD80_7,P,TD80,ref_own_curve,1,67.5,10.0,-0.003746566019536657,0.375359317116122
primary,57.5,P_TD80_7,P,TD80,ref_own_curve,1,77.5,20.0,-0.00851576703486439,0.855212932326308
primary,57.5,P_TDS_10,P,TDS,a_same_polyol_same_iso,2,67.5,10.0,0.08381928881691411,8.040257738119788
primary,57.5,P_TDS_10,P,TDS,a_same_polyol_same_iso,2,77.5,20.0,0.1598788708256329,14.77529853084919
primary,57.5,P_TDS_10,P,TDS,b_same_polyol_other_iso,15,67.5,10.0,0.07312743838944996,7.05176292585266
primary,57.5,P_TDS_10,P,TDS,b_same_polyol_other_iso,15,77.5,20.0,0.13674619264634025,12.78084333245853
primary,57.5,P_TDS_10,P,TDS,d_all_other,36,67.5,10.0,0.15405557625680832,14.277562163462463
primary,57.5,P_TDS_10,P,TDS,d_all_other,36,77.5,20.0,0.2693738761159018,23.614238586361854
primary,57.5,P_TDS_10,P,TDS,ref_own_curve,1,67.5,10.0,0.2641268475865947,23.21238697551629
primary,57.5,P_TDS_10,P,TDS,ref_own_curve,1,77.5,20.0,0.6205445837674837,46.23484384588372
primary,57.5,P_TDS_4,P,TDS,a_same_polyol_same_iso,2,67.5,10.0,0.05892931052783923,5.722658904357708
primary,57.5,P_TDS_4,P,TDS,a_same_polyol_same_iso,2,77.5,20.0,0.15997382851367042,14.78339088724258
primary,57.5,P_TDS_4,P,TDS,b_same_polyol_other_iso,15,67.5,10.0,-0.02465989046679462,2.4966460372080617
primary,57.5,P_TDS_4,P,TDS,b_same_polyol_other_iso,15,77.5,20.0,-0.05110646487162662,5.2434934669077125
primary,57.5,P_TDS_4,P,TDS,d_all_other,36,67.5,10.0,0.05413812716770183,5.26987505739959
primary,57.5,P_TDS_4,P,TDS,d_all_other,36,77.5,20.0,0.07444727625802272,7.174358607951799
primary,57.5,P_TDS_4,P,TDS,ref_own_curve,1,67.5,10.0,-0.0031863027492718965,0.3191384407677549
primary,57.5,P_TDS_4,P,TDS,ref_own_curve,1,77.5,20.0,-0.004485425074276295,0.4495499650611888
primary,57.5,P_TDS_7,P,TDS,a_same_polyol_same_iso,2,67.5,10.0,0.0836718901030919,8.02670199136169
primary,57.5,P_TDS_7,P,TDS,a_same_polyol_same_iso,2,77.5,20.0,0.2279800916352519,20.385989047462648
primary,57.5,P_TDS_7,P,TDS,b_same_polyol_other_iso,15,67.5,10.0,-0.00017149983307201966,0.017151454000912524
primary,57.5,P_TDS_7,P,TDS,b_same_polyol_other_iso,15,77.5,20.0,0.023257474486408018,2.298910399271298
primary,57.5,P_TDS_7,P,TDS,d_all_other,36,67.5,10.0,0.07923601791888746,7.617813980030269
primary,57.5,P_TDS_7,P,TDS,d_all_other,36,77.5,20.0,0.1501376318149872,13.9410476224298
primary,57.5,P_TDS_7,P,TDS,ref_own_curve,1,67.5,10.0,-0.0002613866956636679,0.02614208601426515
primary,57.5,P_TDS_7,P,TDS,ref_own_curve,1,77.5,20.0,0.02290179104764979,2.2641535589018593
primary,57.5,P_W_5,P,W,a_same_polyol_same_iso,1,67.5,10.0,-0.006080801280915038,0.6099326884159034
primary,57.5,P_W_5,P,W,a_same_polyol_same_iso,1,77.5,20.0,-0.01787304425026015,1.8033722950676079
primary,57.5,P_W_5,P,W,b_same_polyol_other_iso,16,67.5,10.0,0.06408439150337891,6.207415678125079
primary,57.5,P_W_5,P,W,b_same_polyol_other_iso,16,77.5,20.0,0.12388439638023052,11.651803130695315
primary,57.5,P_W_5,P,W,c_other_polyol_same_iso,2,67.5,10.0,0.2456238051246462,21.778356460381463
primary,57.5,P_W_5,P,W,c_other_polyol_same_iso,2,77.5,20.0,0.4678838354352841,37.367372364890585
primary,57.5,P_W_5,P,W,d_all_other,36,67.5,10.0,0.12799274617816214,12.014023853255233
primary,57.5,P_W_5,P,W,d_all_other,36,77.5,20.0,0.21550367600994813,19.386469310873693
primary,57.5,P_W_5,P,W,ref_own_curve,1,67.5,10.0,-0.012589069203973013,1.266864511394859
primary,57.5,P_W_5,P,W,ref_own_curve,1,77.5,20.0,-0.029106104013045475,2.953382635060003
primary,57.5,P_W_9,P,W,a_same_polyol_same_iso,1,67.5,10.0,-0.02380400973172292,2.4089586627754107
primary,57.5,P_W_9,P,W,a_same_polyol_same_iso,1,77.5,20.0,-0.05010406461027139,5.138050218549572
primary,57.5,P_W_9,P,W,b_same_polyol_other_iso,16,67.5,10.0,0.052869450975628784,5.149616935034448
primary,57.5,P_W_9,P,W,b_same_polyol_other_iso,16,77.5,20.0,0.10288643578300449,9.777057135759962
primary,57.5,P_W_9,P,W,c_other_polyol_same_iso,2,67.5,10.0,0.23440886459689625,20.896167779720567
primary,57.5,P_W_9,P,W,c_other_polyol_same_iso,2,77.5,20.0,0.4468858748380583,36.038309950805335
primary,57.5,P_W_9,P,W,d_all_other,36,67.5,10.0,0.11659825797330425,11.005735128051658
primary,57.5,P_W_9,P,W,d_all_other,36,77.5,20.0,0.194200772294301,17.650744681906826
primary,57.5,P_W_9,P,W,ref_own_curve,1,67.5,10.0,-0.017295741808665,1.744617920832691
primary,57.5,P_W_9,P,W,ref_own_curve,1,77.5,20.0,-0.03887100484748607,3.9636366948428066
all_curves,47.5,C_44M_10,C,44M,a_same_polyol_same_iso,2,57.5,10.0,0.03998459456287451,3.919575935236963
all_curves,47.5,C_44M_10,C,44M,a_same_polyol_same_iso,2,67.5,20.0,0.018937336587297127,1.8759151783441876
all_curves,47.5,C_44M_10,C,44M,b_same_polyol_other_iso,4,57.5,10.0,-0.08544591085667186,8.920264571271467
all_curves,47.5,C_44M_10,C,44M,b_same_polyol_other_iso,4,67.5,20.0,-0.431443046586101,53.94774591195899
all_curves,47.5,C_44M_10,C,44M,c_other_polyol_same_iso,8,57.5,10.0,-0.20873927640325807,23.212371292264102
all_curves,47.5,C_44M_10,C,44M,c_other_polyol_same_iso,8,67.5,20.0,-0.6056662974482103,83.24727741441858
all_curves,47.5,C_44M_10,C,44M,d_all_other,35,57.5,10.0,-0.14454242642811366,15.551071811622347
all_curves,47.5,C_44M_10,C,44M,d_all_other,35,67.5,20.0,-0.4593493876430217,58.30437020792174
all_curves,47.5,C_44M_10,C,44M,ref_own_curve,1,57.5,10.0,-0.022298441827541815,2.2548910302559606
all_curves,47.5,C_44M_10,C,44M,ref_own_curve,1,67.5,20.0,-0.10193957251755181,10.731655735438604
all_curves,47.5,C_44M_6,C,44M,a_same_polyol_same_iso,2,57.5,10.0,-0.07158940499374822,7.421418652083911
all_curves,47.5,C_44M_6,C,44M,a_same_polyol_same_iso,2,67.5,20.0,-0.18456996343434717,20.27011234424904
all_curves,47.5,C_44M_6,C,44M,b_same_polyol_other_iso,4,57.5,10.0,-0.16199148835307753,17.585023285638968
all_curves,47.5,C_44M_6,C,44M,b_same_polyol_other_iso,4,67.5,20.0,-0.5663481176352274,76.18213248534897
all_curves,47.5,C_44M_6,C,44M,c_other_polyol_same_iso,8,57.5,10.0,-0.28528485389966374,33.0140869975537
all_curves,47.5,C_44M_6,C,44M,c_other_polyol_same_iso,8,67.5,20.0,-0.7405713684973358,109.71334082065702
all_curves,47.5,C_44M_6,C,44M,d_all_other,35,57.5,10.0,-0.2230896280422403,24.99325977273301
all_curves,47.5,C_44M_6,C,44M,d_all_other,35,67.5,20.0,-0.5981745860619876,81.87957132630896
all_curves,47.5,C_44M_6,C,44M,ref_own_curve,1,57.5,10.0,-0.02878717520350982,2.9205530707237437
all_curves,47.5,C_44M_6,C,44M,ref_own_curve,1,67.5,20.0,-0.09964018562162558,10.477333322142583
all_curves,47.5,C_44M_8,C,44M,a_same_polyol_same_iso,2,57.5,10.0,-0.03319482433780907,3.3751919656971454
all_curves,47.5,C_44M_8,C,44M,a_same_polyol_same_iso,2,67.5,20.0,-0.09211868606082918,9.649495302499327
all_curves,47.5,C_44M_8,C,44M,b_same_polyol_other_iso,4,57.5,10.0,-0.13137071542717704,14.03904632975331
all_curves,47.5,C_44M_8,C,44M,b_same_polyol_other_iso,4,67.5,20.0,-0.4902243891019613,63.26825350231091
all_curves,47.5,C_44M_8,C,44M,c_other_polyol_same_iso,8,57.5,10.0,-0.25466408097376325,29.002820306253046
all_curves,47.5,C_44M_8,C,44M,c_other_polyol_same_iso,8,67.5,20.0,-0.6644476399640706,94.3416759061586
all_curves,47.5,C_44M_8,C,44M,d_all_other,35,57.5,10.0,-0.19202463753177001,21.170036990350695
all_curves,47.5,C_44M_8,C,44M,d_all_other,35,67.5,20.0,-0.5211178547378621,68.39089635982378
all_curves,47.5,C_44M_8,C,44M,ref_own_curve,1,57.5,10.0,-0.013714017737691542,1.3808486232503132
all_curves,47.5,C_44M_8,C,44M,ref_own_curve,1,67.5,20.0,-0.056171554768887244,5.777913522680958
all_curves,47.5,C_MLQ_10,C,MLQ,a_same_polyol_same_iso,3,57.5,10.0,-0.12377654103485192,13.176294016499417
all_curves,47.5,C_MLQ_10,C,MLQ,a_same_polyol_same_iso,3,67.5,20.0,-0.5458824023625346,72.6130852504323
all_curves,47.5,C_MLQ_10,C,MLQ,b_same_polyol_other_iso,3,57.5,10.0,0.0056033799034755916,0.5587710251636374
all_curves,47.5,C_MLQ_10,C,MLQ,b_same_polyol_other_iso,3,67.5,20.0,-0.019434915727532864,1.9625003149545608
all_curves,47.5,C_MLQ_10,C,MLQ,c_other_polyol_same_iso,8,57.5,10.0,-0.046006028199709004,4.708072294962157
all_curves,47.5,C_MLQ_10,C,MLQ,c_other_polyol_same_iso,8,67.5,20.0,-0.05881465937748498,6.057865421498894
all_curves,47.5,C_MLQ_10,C,MLQ,d_all_other,35,57.5,10.0,-0.15847645221216,17.17243323843519
all_curves,47.5,C_MLQ_10,C,MLQ,d_all_other,35,67.5,20.0,-0.4579886153634951,58.089100508952306
all_curves,47.5,C_MLQ_10,C,MLQ,ref_own_curve,1,57.5,10.0,-0.02493483043919653,2.5248303365585203
all_curves,47.5,C_MLQ_10,C,MLQ,ref_own_curve,1,67.5,20.0,-0.08044477637639691,8.37689953385918
all_curves,47.5,C_MLQ_4,C,MLQ,a_same_polyol_same_iso,3,57.5,10.0,0.0033719573859078977,0.33662787221322515
all_curves,47.5,C_MLQ_4,C,MLQ,a_same_polyol_same_iso,3,67.5,20.0,-0.5138387809753295,67.16961688840453
all_curves,47.5,C_MLQ_4,C,MLQ,b_same_polyol_other_iso,3,57.5,10.0,0.015979375839629384,1.5852382935737295
all_curves,47.5,C_MLQ_4,C,MLQ,b_same_polyol_other_iso,3,67.5,20.0,-0.4559347567990164,57.76474106415448
all_curves,47.5,C_MLQ_4,C,MLQ,c_other_polyol_same_iso,8,57.5,10.0,-0.03563003226355477,3.627238821189438
all_curves,47.5,C_MLQ_4,C,MLQ,c_other_polyol_same_iso,8,67.5,20.0,-0.4953145004489681,64.1014257629542
all_curves,47.5,C_MLQ_4,C,MLQ,d_all_other,35,57.5,10.0,-0.1380913846344658,14.808046239382097
all_curves,47.5,C_MLQ_4,C,MLQ,d_all_other,35,67.5,20.0,-0.8543275882242272,134.97938202054075
all_curves,47.5,C_MLQ_4,C,MLQ,ref_own_curve,1,57.5,10.0,-0.36487634195683327,44.03358880190355
all_curves,47.5,C_MLQ_4,C,MLQ,ref_own_curve,1,67.5,20.0,-1.922575004823866,583.8545103368789
all_curves,47.5,C_MLQ_6,C,MLQ,a_same_polyol_same_iso,3,57.5,10.0,-0.21082793839494762,23.469989233834625
all_curves,47.5,C_MLQ_6,C,MLQ,a_same_polyol_same_iso,3,67.5,20.0,-0.6674400322373333,94.92409341173442
all_curves,47.5,C_MLQ_6,C,MLQ,b_same_polyol_other_iso,3,57.5,10.0,-0.07197706255223002,7.463069449568859
all_curves,47.5,C_MLQ_6,C,MLQ,b_same_polyol_other_iso,3,67.5,20.0,-0.15421531733365645,16.674207952802124
all_curves,47.5,C_MLQ_6,C,MLQ,c_other_polyol_same_iso,8,57.5,10.0,-0.12358647065541462,13.15478459956867
all_curves,47.5,C_MLQ_6,C,MLQ,c_other_polyol_same_iso,8,67.5,20.0,-0.19359506098360812,21.36047475292606
all_curves,47.5,C_MLQ_6,C,MLQ,d_all_other,35,57.5,10.0,-0.2368686908025257,26.727470202546105
all_curves,47.5,C_MLQ_6,C,MLQ,d_all_other,35,67.5,20.0,-0.5916356365354969,80.69414991871969
all_curves,47.5,C_MLQ_6,C,MLQ,ref_own_curve,1,57.5,10.0,-0.0741024081816768,7.691708496985177
all_curves,47.5,C_MLQ_6,C,MLQ,ref_own_curve,1,67.5,20.0,-0.2548934931763229,29.032418522362075
all_curves,47.5,C_MLQ_8,C,MLQ,a_same_polyol_same_iso,3,57.5,10.0,-0.15477731414820672,16.739796914679292
all_curves,47.5,C_MLQ_8,C,MLQ,a_same_polyol_same_iso,3,67.5,20.0,-0.6208709251245885,86.05477341957892
all_curves,47.5,C_MLQ_8,C,MLQ,b_same_polyol_other_iso,3,57.5,10.0,-0.016937556225362638,1.7081809914957977
all_curves,47.5,C_MLQ_8,C,MLQ,b_same_polyol_other_iso,3,67.5,20.0,-0.0780948302858464,8.122518670214431
all_curves,47.5,C_MLQ_8,C,MLQ,c_other_polyol_same_iso,8,57.5,10.0,-0.06854696432854768,7.095092026080496
all_curves,47.5,C_MLQ_8,C,MLQ,c_other_polyol_same_iso,8,67.5,20.0,-0.11747457393579896,12.465303407994591
all_curves,47.5,C_MLQ_8,C,MLQ,d_all_other,35,57.5,10.0,-0.18174251722538326,19.930535365098432
all_curves,47.5,C_MLQ_8,C,MLQ,d_all_other,35,67.5,20.0,-0.5180481249106941,67.87477438544916
all_curves,47.5,C_MLQ_8,C,MLQ,ref_own_curve,1,57.5,10.0,-0.022096255614421967,2.2342185909771
all_curves,47.5,C_MLQ_8,C,MLQ,ref_own_curve,1,67.5,20.0,-0.09011886632329391,9.43043519095686
all_curves,47.5,D_44M_10,D,44M,a_same_polyol_same_iso,3,57.5,10.0,-0.2603412603236621,29.737275297484246
all_curves,47.5,D_44M_10,D,44M,a_same_polyol_same_iso,3,67.5,20.0,-0.947061171247737,157.8121856511708
all_curves,47.5,D_44M_10,D,44M,b_same_polyol_other_iso,8,57.5,10.0,-0.08822993023923376,9.223923198611587
all_curves,47.5,D_44M_10,D,44M,b_same_polyol_other_iso,8,67.5,20.0,-0.5855606918934912,79.59977047376827
all_curves,47.5,D_44M_10,D,44M,c_other_polyol_same_iso,7,57.5,10.0,-0.06266590434690289,6.467107782636516
all_curves,47.5,D_44M_10,D,44M,c_other_polyol_same_iso,7,67.5,20.0,-0.09902239416790759,10.409102448182134
all_curves,47.5,D_44M_10,D,44M,d_all_other,35,57.5,10.0,-0.11295531928828462,11.958190811454351
all_curves,47.5,D_44M_10,D,44M,d_all_other,35,67.5,20.0,-0.34670422239407855,41.439831614767044
all_curves,47.5,D_44M_10,D,44M,ref_own_curve,1,57.5,10.0,-0.06903126328363896,7.146970628606638
all_curves,47.5,D_44M_10,D,44M,ref_own_curve,1,67.5,20.0,-0.20049025191311137,22.20017000032334
all_curves,47.5,D_44M_4,D,44M,a_same_polyol_same_iso,3,57.5,10.0,-0.48643244650718964,62.65032197834217
all_curves,47.5,D_44M_4,D,44M,a_same_polyol_same_iso,3,67.5,20.0,-1.3989451143235327,305.0924449971671
all_curves,47.5,D_44M_4,D,44M,b_same_polyol_other_iso,8,57.5,10.0,-0.2301643735077974,25.88069074317921
all_curves,47.5,D_44M_4,D,44M,b_same_polyol_other_iso,8,67.5,20.0,-0.8582730065577002,135.9083052727745
all_curves,47.5,D_44M_4,D,44M,c_other_polyol_same_iso,7,57.5,10.0,-0.2046003476154663,22.703457966222874
all_curves,47.5,D_44M_4,D,44M,c_other_polyol_same_iso,7,67.5,20.0,-0.37173470883211657,45.02481922182097
all_curves,47.5,D_44M_4,D,44M,d_all_other,35,57.5,10.0,-0.26210319766384726,29.96606574527275
all_curves,47.5,D_44M_4,D,44M,d_all_other,35,67.5,20.0,-0.6347741052078599,88.65959211266184
all_curves,47.5,D_44M_4,D,44M,ref_own_curve,1,57.5,10.0,0.041504522192714166,4.065500301129286
all_curves,47.5,D_44M_4,D,44M,ref_own_curve,1,67.5,20.0,0.06431231865751341,6.22879111883426
all_curves,47.5,D_44M_6,D,44M,a_same_polyol_same_iso,3,57.5,10.0,-0.24871790517546932,28.23802292149712
all_curves,47.5,D_44M_6,D,44M,a_same_polyol_same_iso,3,67.5,20.0,-0.040727148188763884,4.156787308987485
all_curves,47.5,D_44M_6,D,44M,b_same_polyol_other_iso,8,57.5,10.0,-0.3871053888792173,47.271169052932905
all_curves,47.5,D_44M_6,D,44M,b_same_polyol_other_iso,8,67.5,20.0,-0.6961768604137792,100.606854794448
all_curves,47.5,D_44M_6,D,44M,c_other_polyol_same_iso,7,57.5,10.0,-0.3615413629868862,43.554039899500694
all_curves,47.5,D_44M_6,D,44M,c_other_polyol_same_iso,7,67.5,20.0,-0.20963856268819558,23.323224324737023
all_curves,47.5,D_44M_6,D,44M,d_all_other,35,57.5,10.0,-0.3852165938892842,46.99326653972062
all_curves,47.5,D_44M_6,D,44M,d_all_other,35,67.5,20.0,-0.37015323163615355,44.79564704042704
all_curves,47.5,D_44M_6,D,44M,ref_own_curve,1,57.5,10.0,-1.2994031632881056,266.7107350058713
all_curves,47.5,D_44M_6,D,44M,ref_own_curve,1,67.5,20.0,-3.3619569951710457,2784.5586351606457
all_curves,47.5,D_44M_8,D,44M,a_same_polyol_same_iso,3,57.5,10.0,-0.3208829532617765,37.83442407542401
all_curves,47.5,D_44M_8,D,44M,a_same_polyol_same_iso,3,67.5,20.0,-1.1057221508228552,202.14055916961578
all_curves,47.5,D_44M_8,D,44M,b_same_polyol_other_iso,8,57.5,10.0,-0.11373954934420394,12.04602622677969
all_curves,47.5,D_44M_8,D,44M,b_same_polyol_other_iso,8,67.5,20.0,-0.6530140276356988,92.13230314915835
all_curves,47.5,D_44M_8,D,44M,c_other_polyol_same_iso,7,57.5,10.0,-0.08817552345187307,9.217980837501274
all_curves,47.5,D_44M_8,D,44M,c_other_polyol_same_iso,7,67.5,20.0,-0.16647572991011494,18.113486927306106
all_curves,47.5,D_44M_8,D,44M,d_all_other,35,57.5,10.0,-0.14146768757895622,15.196328093686335
all_curves,47.5,D_44M_8,D,44M,d_all_other,35,67.5,20.0,-0.42197535617911663,52.49709431094303
all_curves,47.5,D_44M_8,D,44M,ref_own_curve,1,57.5,10.0,0.010555339110856377,1.0499827007025553
all_curves,47.5,D_44M_8,D,44M,ref_own_curve,1,67.5,20.0,0.005679343843513651,0.5663246858122482
all_curves,47.5,D_I_5,D,I,b_same_polyol_other_iso,11,57.5,10.0,-0.26684673330927344,30.584028917259467
all_curves,47.5,D_I_5,D,I,b_same_polyol_other_iso,11,67.5,20.0,-0.8911099477094748,143.78340184440174
all_curves,47.5,D_I_5,D,I,c_other_polyol_same_iso,2,57.5,10.0,-0.30335752488694023,35.43986090998397
all_curves,47.5,D_I_5,D,I,c_other_polyol_same_iso,2,67.5,20.0,-0.5088303669157566,66.3344553919176
all_curves,47.5,D_I_5,D,I,d_all_other,35,57.5,10.0,-0.2472828276886152,28.05412340843026
all_curves,47.5,D_I_5,D,I,d_all_other,35,67.5,20.0,-0.5778346141082447,78.21751525835556
all_curves,47.5,D_I_5,D,I,ref_own_curve,1,57.5,10.0,-0.24708639501338858,28.028971864768724
all_curves,47.5,D_I_5,D,I,ref_own_curve,1,67.5,20.0,-0.8304615430404023,129.4377449869407
all_curves,47.5,D_MLQ_10,D,MLQ,a_same_polyol_same_iso,3,57.5,10.0,0.11318231391944156,10.701215883895014
all_curves,47.5,D_MLQ_10,D,MLQ,a_same_polyol_same_iso,3,67.5,20.0,0.24586910432763537,21.797541814026054
all_curves,47.5,D_MLQ_10,D,MLQ,b_same_polyol_other_iso,8,57.5,10.0,-0.23845304920008004,26.928411073306986
all_curves,47.5,D_MLQ_10,D,MLQ,b_same_polyol_other_iso,8,67.5,20.0,-1.072461785964997,192.25653817350056
all_curves,47.5,D_MLQ_10,D,MLQ,c_other_polyol_same_iso,8,57.5,10.0,-0.07495768917623968,7.783854568309305
all_curves,47.5,D_MLQ_10,D,MLQ,c_other_polyol_same_iso,8,67.5,20.0,-0.22298018574194728,24.979580971395748
all_curves,47.5,D_MLQ_10,D,MLQ,d_all_other,35,57.5,10.0,-0.11520041765170452,12.209830334458859
all_curves,47.5,D_MLQ_10,D,MLQ,d_all_other,35,67.5,20.0,-0.3610987273278043,43.49051182336907
all_curves,47.5,D_MLQ_10,D,MLQ,ref_own_curve,1,57.5,10.0,0.013500858792744985,1.341013095885299
all_curves,47.5,D_MLQ_10,D,MLQ,ref_own_curve,1,67.5,20.0,0.022232800515739892,2.1987473273691243
all_curves,47.5,D_MLQ_4,D,MLQ,a_same_polyol_same_iso,3,57.5,10.0,-0.041875466919631954,4.27646119753482
all_curves,47.5,D_MLQ_4,D,MLQ,a_same_polyol_same_iso,3,67.5,20.0,-0.059690454829521844,6.150791103693065
all_curves,47.5,D_MLQ_4,D,MLQ,b_same_polyol_other_iso,8,57.5,10.0,-0.3438352273221237,41.0346229836129
all_curves,47.5,D_MLQ_4,D,MLQ,b_same_polyol_other_iso,8,67.5,20.0,-1.263421110135194,253.75029968504214
all_curves,47.5,D_MLQ_4,D,MLQ,c_other_polyol_same_iso,8,57.5,10.0,-0.180339867298283,19.76243273054633
all_curves,47.5,D_MLQ_4,D,MLQ,c_other_polyol_same_iso,8,67.5,20.0,-0.41393950991214457,51.27656167916312
all_curves,47.5,D_MLQ_4,D,MLQ,d_all_other,35,57.5,10.0,-0.22484050457806593,25.21229923797879
all_curves,47.5,D_MLQ_4,D,MLQ,d_all_other,35,67.5,20.0,-0.5618809287826005,75.39684893794443
all_curves,47.5,D_MLQ_4,D,MLQ,ref_own_curve,1,57.5,10.0,0.05714548882180459,5.554334851508715
all_curves,47.5,D_MLQ_4,D,MLQ,ref_own_curve,1,67.5,20.0,0.1750741813064658,16.060524893966246
all_curves,47.5,D_MLQ_6,D,MLQ,a_same_polyol_same_iso,3,57.5,10.0,0.0022350912428019676,0.22325952862799703
all_curves,47.5,D_MLQ_6,D,MLQ,a_same_polyol_same_iso,3,67.5,20.0,0.044575754716639215,4.35968547000058
all_curves,47.5,D_MLQ_6,D,MLQ,b_same_polyol_other_iso,8,57.5,10.0,-0.3224249166808004,38.04712366057653
all_curves,47.5,D_MLQ_6,D,MLQ,b_same_polyol_other_iso,8,67.5,20.0,-1.2191030717695,238.41510313766122
all_curves,47.5,D_MLQ_6,D,MLQ,c_other_polyol_same_iso,8,57.5,10.0,-0.15892955665695974,17.225536618523776
all_curves,47.5,D_MLQ_6,D,MLQ,c_other_polyol_same_iso,8,67.5,20.0,-0.36962147154645053,44.71867096238517
all_curves,47.5,D_MLQ_6,D,MLQ,d_all_other,35,57.5,10.0,-0.20148445843493334,22.32172262049692
all_curves,47.5,D_MLQ_6,D,MLQ,d_all_other,35,67.5,20.0,-0.5124244757442946,66.93335513726646
all_curves,47.5,D_MLQ_6,D,MLQ,ref_own_curve,1,57.5,10.0,0.010455056899805637,1.0400592766211352
all_curves,47.5,D_MLQ_6,D,MLQ,ref_own_curve,1,67.5,20.0,0.03954770613078562,3.877590338569946
all_curves,47.5,D_MLQ_8,D,MLQ,a_same_polyol_same_iso,3,57.5,10.0,0.05511898717245467,5.362746493816381
all_curves,47.5,D_MLQ_8,D,MLQ,a_same_polyol_same_iso,3,67.5,20.0,0.12599115678405148,11.837735687163809
all_curves,47.5,D_MLQ_8,D,MLQ,b_same_polyol_other_iso,8,57.5,10.0,-0.2734858787333456,31.4538796128124
all_curves,47.5,D_MLQ_8,D,MLQ,b_same_polyol_other_iso,8,67.5,20.0,-1.13795572849022,212.03829307041707
all_curves,47.5,D_MLQ_8,D,MLQ,c_other_polyol_same_iso,8,57.5,10.0,-0.10999051870950538,11.626748675238616
all_curves,47.5,D_MLQ_8,D,MLQ,c_other_polyol_same_iso,8,67.5,20.0,-0.28847412826717045,33.438982609923954
all_curves,47.5,D_MLQ_8,D,MLQ,d_all_other,35,57.5,10.0,-0.15220728980329,16.44015799916857
all_curves,47.5,D_MLQ_8,D,MLQ,d_all_other,35,67.5,20.0,-0.43125415599746064,53.918669377842086
all_curves,47.5,D_MLQ_8,D,MLQ,ref_own_curve,1,57.5,10.0,0.0475595209006634,4.644628493245425
all_curves,47.5,D_MLQ_8,D,MLQ,ref_own_curve,1,67.5,20.0,0.11989087304566315,11.298277107562111
all_curves,47.5,D_TD80_10,D,TD80,a_same_polyol_same_iso,1,57.5,10.0,-1.0154023687668703,176.0473902425122
all_curves,47.5,D_TD80_10,D,TD80,a_same_polyol_same_iso,1,67.5,20.0,-5.06657082693679,15762.942584235972
all_curves,47.5,D_TD80_10,D,TD80,b_same_polyol_other_iso,10,57.5,10.0,-0.05418928290469094,5.568440625558621
all_curves,47.5,D_TD80_10,D,TD80,b_same_polyol_other_iso,10,67.5,20.0,-0.27676972849631337,31.886263958277905
all_curves,47.5,D_TD80_10,D,TD80,c_other_polyol_same_iso,3,57.5,10.0,-0.13103285639898854,14.000523716357598
all_curves,47.5,D_TD80_10,D,TD80,c_other_polyol_same_iso,3,67.5,20.0,-0.18091629751768742,19.831487316584624
all_curves,47.5,D_TD80_10,D,TD80,d_all_other,35,57.5,10.0,-0.11598979686383015,12.298441411190716
all_curves,47.5,D_TD80_10,D,TD80,d_all_other,35,67.5,20.0,-0.3631710646812816,43.788180899732815
all_curves,47.5,D_TD80_10,D,TD80,ref_own_curve,1,57.5,10.0,-0.016486658462359527,1.662331337737577
all_curves,47.5,D_TD80_10,D,TD80,ref_own_curve,1,67.5,20.0,-0.025761397426190498,2.6096090094611646
all_curves,47.5,D_TD80_7,D,TD80,a_same_polyol_same_iso,1,57.5,10.0,-1.007764474894931,173.94700105798572
all_curves,47.5,D_TD80_7,D,TD80,a_same_polyol_same_iso,1,67.5,20.0,-1.0491998056383938,185.5365356399816
all_curves,47.5,D_TD80_7,D,TD80,b_same_polyol_other_iso,10,57.5,10.0,-1.0454670993372621,184.47269834549317
all_curves,47.5,D_TD80_7,D,TD80,b_same_polyol_other_iso,10,67.5,20.0,-1.3002081367085165,267.00604624343254
all_curves,47.5,D_TD80_7,D,TD80,c_other_polyol_same_iso,3,57.5,10.0,-1.1223106728315597,207.1944266887293
all_curves,47.5,D_TD80_7,D,TD80,c_other_polyol_same_iso,3,67.5,20.0,-1.2043547057298907,233.4606581125267
all_curves,47.5,D_TD80_7,D,TD80,d_all_other,35,57.5,10.0,-1.0787271644305603,194.09338425335568
all_curves,47.5,D_TD80_7,D,TD80,d_all_other,35,67.5,20.0,-1.2425863463360451,246.4562445579476
all_curves,47.5,D_TD80_7,D,TD80,ref_own_curve,1,57.5,10.0,-2.006680185199442,643.8581597700216
all_curves,47.5,D_TD80_7,D,TD80,ref_own_curve,1,67.5,20.0,-6.090009235148993,44042.548775729534
all_curves,47.5,D_W_5,D,W,b_same_polyol_other_iso,11,57.5,10.0,-0.22595532783887284,25.351966659488294
all_curves,47.5,D_W_5,D,W,b_same_polyol_other_iso,11,67.5,20.0,-0.8843664012217514,142.1449677783095
all_curves,47.5,D_W_5,D,W,c_other_polyol_same_iso,2,57.5,10.0,-0.2778086004199527,32.02334808911614
all_curves,47.5,D_W_5,D,W,c_other_polyol_same_iso,2,67.5,20.0,-0.49092562115257365,63.3827825855531
all_curves,47.5,D_W_5,D,W,d_all_other,35,57.5,10.0,-0.194326072715572,21.449223117863035
all_curves,47.5,D_W_5,D,W,d_all_other,35,67.5,20.0,-0.5230307419230078,68.71331742681409
all_curves,47.5,D_W_5,D,W,ref_own_curve,1,57.5,10.0,0.004948626753291219,0.4936402472699639
all_curves,47.5,D_W_5,D,W,ref_own_curve,1,67.5,20.0,0.017337703153938788,1.7188270033942485
all_curves,47.5,P_44M_10,P,44M,a_same_polyol_same_iso,3,57.5,10.0,0.03462535791870425,3.4032759546523463
all_curves,47.5,P_44M_10,P,44M,a_same_polyol_same_iso,3,67.5,20.0,0.07547859027597453,7.2700416450353
all_curves,47.5,P_44M_10,P,44M,b_same_polyol_other_iso,13,57.5,10.0,0.02793037613945104,2.754392940983128
all_curves,47.5,P_44M_10,P,44M,b_same_polyol_other_iso,13,67.5,20.0,0.07088866994709883,6.843440239802104
all_curves,47.5,P_44M_10,P,44M,c_other_polyol_same_iso,7,57.5,10.0,0.0660894319312445,6.3952851955963705
all_curves,47.5,P_44M_10,P,44M,c_other_polyol_same_iso,7,67.5,20.0,-0.12570569247851565,13.39483896286072
all_curves,47.5,P_44M_10,P,44M,d_all_other,35,57.5,10.0,0.057137341752612536,5.5535653930054485
all_curves,47.5,P_44M_10,P,44M,d_all_other,35,67.5,20.0,-0.06995961927014471,7.2464873465487605
all_curves,47.5,P_44M_10,P,44M,ref_own_curve,1,57.5,10.0,-0.021713863744575956,2.1951325305399934
all_curves,47.5,P_44M_10,P,44M,ref_own_curve,1,67.5,20.0,-0.08702748661604531,9.092666518855594
all_curves,47.5,P_44M_4,P,44M,a_same_polyol_same_iso,3,57.5,10.0,-0.04600605948480041,4.708075570763822
all_curves,47.5,P_44M_4,P,44M,a_same_polyol_same_iso,3,67.5,20.0,-0.08328226774941339,8.684854754840751
all_curves,47.5,P_44M_4,P,44M,b_same_polyol_other_iso,13,57.5,10.0,-0.04009706337655938,4.091180370354415
all_curves,47.5,P_44M_4,P,44M,b_same_polyol_other_iso,13,67.5,20.0,-0.05857142155780615,6.032071274737161
all_curves,47.5,P_44M_4,P,44M,c_other_polyol_same_iso,7,57.5,10.0,-0.0019380075847656997,0.19398867352048624
all_curves,47.5,P_44M_4,P,44M,c_other_polyol_same_iso,7,67.5,20.0,-0.2551657839834207,29.06755764755658
all_curves,47.5,P_44M_4,P,44M,d_all_other,35,57.5,10.0,-0.011970438725184884,1.2042371161218748
all_curves,47.5,P_44M_4,P,44M,d_all_other,35,67.5,20.0,-0.20193120504823936,22.37638164426918
all_curves,47.5,P_44M_4,P,44M,ref_own_curve,1,57.5,10.0,-0.05192936959809469,5.330134478871526
all_curves,47.5,P_44M_4,P,44M,ref_own_curve,1,67.5,20.0,-0.12858527855946678,13.721839750289892
all_curves,47.5,P_44M_6,P,44M,a_same_polyol_same_iso,3,57.5,10.0,-0.01782707746706902,1.798692829076018
all_curves,47.5,P_44M_6,P,44M,a_same_polyol_same_iso,3,67.5,20.0,-0.059709161176628056,6.152776815809701
all_curves,47.5,P_44M_6,P,44M,b_same_polyol_other_iso,13,57.5,10.0,0.008952008255139088,0.8912058328807296
all_curves,47.5,P_44M_6,P,44M,b_same_polyol_other_iso,13,67.5,20.0,0.035649724122975734,3.502175710775673
all_curves,47.5,P_44M_6,P,44M,c_other_polyol_same_iso,7,57.5,10.0,0.04711106404693255,4.601856133291026
all_curves,47.5,P_44M_6,P,44M,c_other_polyol_same_iso,7,67.5,20.0,-0.16094463830263872,17.46199380602563
all_curves,47.5,P_44M_6,P,44M,d_all_other,35,57.5,10.0,0.035289768082457984,3.467434483743797
all_curves,47.5,P_44M_6,P,44M,d_all_other,35,67.5,20.0,-0.11376560557671744,12.04894576212715
all_curves,47.5,P_44M_6,P,44M,ref_own_curve,1,57.5,10.0,0.05972997087552456,5.798112822547154
all_curves,47.5,P_44M_6,P,44M,ref_own_curve,1,67.5,20.0,0.17757998444536005,16.270597384090223
all_curves,47.5,P_44M_8,P,44M,a_same_polyol_same_iso,3,57.5,10.0,0.016792095722030442,1.6651894337929314
all_curves,47.5,P_44M_8,P,44M,a_same_polyol_same_iso,3,67.5,20.0,0.0342904045471224,3.3709151368696415
all_curves,47.5,P_44M_8,P,44M,b_same_polyol_other_iso,13,57.5,10.0,0.020358290217080577,2.0152459381226073
all_curves,47.5,P_44M_8,P,44M,b_same_polyol_other_iso,13,67.5,20.0,0.06295698896123492,6.101614050821026
all_curves,47.5,P_44M_8,P,44M,c_other_polyol_same_iso,7,57.5,10.0,0.05851734600887404,5.683811983656834
all_curves,47.5,P_44M_8,P,44M,c_other_polyol_same_iso,7,67.5,20.0,-0.13363737346437954,14.29782702354566
all_curves,47.5,P_44M_8,P,44M,d_all_other,35,57.5,10.0,0.048685726435299115,4.751957791624485
all_curves,47.5,P_44M_8,P,44M,d_all_other,35,67.5,20.0,-0.08074185780541498,8.40910108104924
all_curves,47.5,P_44M_8,P,44M,ref_own_curve,1,57.5,10.0,0.0014975791559870277,0.14964583438942314
all_curves,47.5,P_44M_8,P,44M,ref_own_curve,1,67.5,20.0,0.004810346627129203,0.4798795438954611
all_curves,47.5,P_I_5,P,I,a_same_polyol_same_iso,1,57.5,10.0,-0.004437086448727867,0.44469448923337906
all_curves,47.5,P_I_5,P,I,a_same_polyol_same_iso,1,67.5,20.0,-0.026924803968427002,2.7290551686279323
all_curves,47.5,P_I_5,P,I,b_same_polyol_other_iso,15,57.5,10.0,0.0374266097391196,3.673489059557433
all_curves,47.5,P_I_5,P,I,b_same_polyol_other_iso,15,67.5,20.0,0.08206254954058706,7.878566463924817
all_curves,47.5,P_I_5,P,I,c_other_polyol_same_iso,1,57.5,10.0,0.06272972669544086,6.080272065853737
all_curves,47.5,P_I_5,P,I,c_other_polyol_same_iso,1,67.5,20.0,-0.3039663662714196,35.52234741046361
all_curves,47.5,P_I_5,P,I,d_all_other,35,57.5,10.0,0.06382973535172254,6.183527778076508
all_curves,47.5,P_I_5,P,I,d_all_other,35,67.5,20.0,-0.06180288848059645,6.375264616135667
all_curves,47.5,P_I_5,P,I,ref_own_curve,1,57.5,10.0,0.01735428009250728,1.7204561908579452
all_curves,47.5,P_I_5,P,I,ref_own_curve,1,67.5,20.0,0.06225442367488421,6.03562112495384
all_curves,47.5,P_I_9,P,I,a_same_polyol_same_iso,1,57.5,10.0,0.012782294268154248,1.2700947712192836
all_curves,47.5,P_I_9,P,I,a_same_polyol_same_iso,1,67.5,20.0,0.058036450087441044,5.638444805943606
all_curves,47.5,P_I_9,P,I,b_same_polyol_other_iso,15,57.5,10.0,0.03285462391476668,3.2320773218287497
all_curves,47.5,P_I_9,P,I,b_same_polyol_other_iso,15,67.5,20.0,0.07784457595314392,7.489180056949688
all_curves,47.5,P_I_9,P,I,c_other_polyol_same_iso,1,57.5,10.0,0.05815774087108777,5.6498892988494305
all_curves,47.5,P_I_9,P,I,c_other_polyol_same_iso,1,67.5,20.0,-0.3081843398588628,36.095184348594096
all_curves,47.5,P_I_9,P,I,d_all_other,35,57.5,10.0,0.05988035999997643,5.812278696658083
all_curves,47.5,P_I_9,P,I,d_all_other,35,67.5,20.0,-0.06347288413537332,6.553059262643167
all_curves,47.5,P_I_9,P,I,ref_own_curve,1,57.5,10.0,-0.009009072273081009,0.9049776107463621
all_curves,47.5,P_I_9,P,I,ref_own_curve,1,67.5,20.0,-0.031142777555870096,3.163278737982146
all_curves,47.5,P_MLQ_10,P,MLQ,a_same_polyol_same_iso,3,57.5,10.0,0.06800679712424185,6.574587668571782
all_curves,47.5,P_MLQ_10,P,MLQ,a_same_polyol_same_iso,3,67.5,20.0,0.16144930892393863,14.90903361013565
all_curves,47.5,P_MLQ_10,P,MLQ,b_same_polyol_other_iso,13,57.5,10.0,0.007851727912777884,0.7820983615078256
all_curves,47.5,P_MLQ_10,P,MLQ,b_same_polyol_other_iso,13,67.5,20.0,0.04020288335761846,3.9405469262550987
all_curves,47.5,P_MLQ_10,P,MLQ,c_other_polyol_same_iso,8,57.5,10.0,0.17867509299957784,16.362239980680094
all_curves,47.5,P_MLQ_10,P,MLQ,c_other_polyol_same_iso,8,67.5,20.0,0.21859089897642664,19.63495748766237
all_curves,47.5,P_MLQ_10,P,MLQ,d_all_other,35,57.5,10.0,0.050333551825617606,4.908780690091164
all_curves,47.5,P_MLQ_10,P,MLQ,d_all_other,35,67.5,20.0,-0.0686519104472525,7.106331830097558
all_curves,47.5,P_MLQ_10,P,MLQ,ref_own_curve,1,57.5,10.0,0.0700417641145612,6.764511988321391
all_curves,47.5,P_MLQ_10,P,MLQ,ref_own_curve,1,67.5,20.0,0.22108815862182107,19.835399483207365
all_curves,47.5,P_MLQ_4,P,MLQ,a_same_polyol_same_iso,3,57.5,10.0,0.023600688360339017,2.3324370149915055
all_curves,47.5,P_MLQ_4,P,MLQ,a_same_polyol_same_iso,3,67.5,20.0,0.09565652613532638,9.122389669094073
all_curves,47.5,P_MLQ_4,P,MLQ,b_same_polyol_other_iso,13,57.5,10.0,-0.035995224882935606,3.6650896349720004
all_curves,47.5,P_MLQ_4,P,MLQ,b_same_polyol_other_iso,13,67.5,20.0,-0.03945184915731792,4.024040922674179
all_curves,47.5,P_MLQ_4,P,MLQ,c_other_polyol_same_iso,8,57.5,10.0,0.1348281402038638,12.613391876981805
all_curves,47.5,P_MLQ_4,P,MLQ,c_other_polyol_same_iso,8,67.5,20.0,0.1389361664614901,12.971642003437566
all_curves,47.5,P_MLQ_4,P,MLQ,d_all_other,35,57.5,10.0,0.00643867137548737,0.6417987546880303
all_curves,47.5,P_MLQ_4,P,MLQ,d_all_other,35,67.5,20.0,-0.1471184758427908,15.849120812182877
all_curves,47.5,P_MLQ_4,P,MLQ,ref_own_curve,1,57.5,10.0,0.02787227922341806,2.748743106997868
all_curves,47.5,P_MLQ_4,P,MLQ,ref_own_curve,1,67.5,20.0,0.09984757692792234,9.502465335356835
all_curves,47.5,P_MLQ_6,P,MLQ,a_same_polyol_same_iso,3,57.5,10.0,0.049040494696433345,4.785742780659934
all_curves,47.5,P_MLQ_6,P,MLQ,a_same_polyol_same_iso,3,67.5,20.0,0.194900408453081,17.70833904867588
all_curves,47.5,P_MLQ_6,P,MLQ,b_same_polyol_other_iso,13,57.5,10.0,-0.026842370145173877,2.7205871688807943
all_curves,47.5,P_MLQ_6,P,MLQ,b_same_polyol_other_iso,13,67.5,20.0,-0.0063809071213380975,0.6401308479156399
all_curves,47.5,P_MLQ_6,P,MLQ,c_other_polyol_same_iso,8,57.5,10.0,0.14398099494162575,13.40957955372206
all_curves,47.5,P_MLQ_6,P,MLQ,c_other_polyol_same_iso,8,67.5,20.0,0.17200710849747014,15.80268120170496
all_curves,47.5,P_MLQ_6,P,MLQ,d_all_other,35,57.5,10.0,0.016987550535963347,1.6844075676957018
all_curves,47.5,P_MLQ_6,P,MLQ,d_all_other,35,67.5,20.0,-0.10837556749694444,11.446622408825935
all_curves,47.5,P_MLQ_6,P,MLQ,ref_own_curve,1,57.5,10.0,-0.01183572083382689,1.1906040130331657
all_curves,47.5,P_MLQ_6,P,MLQ,ref_own_curve,1,67.5,20.0,-0.06560030188145571,6.779983427479075
all_curves,47.5,P_MLQ_8,P,MLQ,a_same_polyol_same_iso,3,57.5,10.0,0.052076020837354076,5.074329918939635
all_curves,47.5,P_MLQ_8,P,MLQ,a_same_polyol_same_iso,3,67.5,20.0,0.10451630458687566,9.923988923432644
all_curves,47.5,P_MLQ_8,P,MLQ,b_same_polyol_other_iso,13,57.5,10.0,0.005054624297522237,0.5041871180580453
all_curves,47.5,P_MLQ_8,P,MLQ,b_same_polyol_other_iso,13,67.5,20.0,0.017527869057089696,1.7375149544580148
all_curves,47.5,P_MLQ_8,P,MLQ,c_other_polyol_same_iso,8,57.5,10.0,0.1758779893843223,16.12796901241256
all_curves,47.5,P_MLQ_8,P,MLQ,c_other_polyol_same_iso,8,67.5,20.0,0.19591588467589782,17.791861858816834
all_curves,47.5,P_MLQ_8,P,MLQ,d_all_other,35,57.5,10.0,0.04641070483850762,4.535019762765506
all_curves,47.5,P_MLQ_8,P,MLQ,d_all_other,35,67.5,20.0,-0.09426332389377079,9.88490610371287
all_curves,47.5,P_MLQ_8,P,MLQ,ref_own_curve,1,57.5,10.0,0.1066456785141916,10.11559036494158
all_curves,47.5,P_MLQ_8,P,MLQ,ref_own_curve,1,67.5,20.0,0.3011871144308581,26.006069352960736
all_curves,47.5,P_TD80_10,P,TD80,a_same_polyol_same_iso,2,57.5,10.0,0.036535647472034694,3.5876275289774258
all_curves,47.5,P_TD80_10,P,TD80,a_same_polyol_same_iso,2,67.5,20.0,0.087168818206207,8.347764308807937
all_curves,47.5,P_TD80_10,P,TD80,b_same_polyol_other_iso,14,57.5,10.0,0.03128947916171548,3.0805029283944267
all_curves,47.5,P_TD80_10,P,TD80,b_same_polyol_other_iso,14,67.5,20.0,0.07619268110853396,7.336235621131612
all_curves,47.5,P_TD80_10,P,TD80,c_other_polyol_same_iso,2,57.5,10.0,-0.340327691392922,40.540805523756276
all_curves,47.5,P_TD80_10,P,TD80,c_other_polyol_same_iso,2,67.5,20.0,-2.2404382513018133,839.7448829301005
all_curves,47.5,P_TD80_10,P,TD80,d_all_other,35,57.5,10.0,0.06243986996456069,6.053044854745017
all_curves,47.5,P_TD80_10,P,TD80,d_all_other,35,67.5,20.0,-0.05516122066510988,5.671096458770196
all_curves,47.5,P_TD80_10,P,TD80,ref_own_curve,1,57.5,10.0,0.0606806025239659,5.887621566177928
all_curves,47.5,P_TD80_10,P,TD80,ref_own_curve,1,67.5,20.0,0.2000970536733151,18.134870389320255
all_curves,47.5,P_TD80_4,P,TD80,a_same_polyol_same_iso,2,57.5,10.0,0.026785319298169075,2.6429774169551625
all_curves,47.5,P_TD80_4,P,TD80,a_same_polyol_same_iso,2,67.5,20.0,0.09199495869742746,8.78902522452823
all_curves,47.5,P_TD80_4,P,TD80,b_same_polyol_other_iso,14,57.5,10.0,0.012535820258053443,1.2457574164211642
all_curves,47.5,P_TD80_4,P,TD80,b_same_polyol_other_iso,14,67.5,20.0,0.028768341121477414,2.8358472216707216
all_curves,47.5,P_TD80_4,P,TD80,c_other_polyol_same_iso,2,57.5,10.0,-0.35908135029658417,43.20132915393269
all_curves,47.5,P_TD80_4,P,TD80,c_other_polyol_same_iso,2,67.5,20.0,-2.287862591288869,885.3853444194433
all_curves,47.5,P_TD80_4,P,TD80,d_all_other,35,57.5,10.0,0.044200687102602165,4.323807157448118
all_curves,47.5,P_TD80_4,P,TD80,d_all_other,35,67.5,20.0,-0.09959981891054936,10.47287380555651
all_curves,47.5,P_TD80_4,P,TD80,ref_own_curve,1,57.5,10.0,0.02392028216071118,2.3636459752582226
all_curves,47.5,P_TD80_4,P,TD80,ref_own_curve,1,67.5,20.0,0.048171752729703865,4.702990219475675
all_curves,47.5,P_TD80_7,P,TD80,a_same_polyol_same_iso,2,57.5,10.0,0.04583169218844152,4.479728325893873
all_curves,47.5,P_TD80_7,P,TD80,a_same_polyol_same_iso,2,67.5,20.0,0.1259267846194111,11.832060308704156
all_curves,47.5,P_TD80_7,P,TD80,b_same_polyol_other_iso,14,57.5,10.0,0.02544389955598292,2.5122931531922807
all_curves,47.5,P_TD80_7,P,TD80,b_same_polyol_other_iso,14,67.5,20.0,0.0542728925328933,5.2826405370905265
all_curves,47.5,P_TD80_7,P,TD80,c_other_polyol_same_iso,2,57.5,10.0,-0.3461732709986547,41.364753871882606
all_curves,47.5,P_TD80_7,P,TD80,c_other_polyol_same_iso,2,67.5,20.0,-2.262358039877453,860.5713136797458
all_curves,47.5,P_TD80_7,P,TD80,d_all_other,35,57.5,10.0,0.05745952603437887,5.583989648333093
all_curves,47.5,P_TD80_7,P,TD80,d_all_other,35,67.5,20.0,-0.07361370895567493,7.639092500141524
all_curves,47.5,P_TD80_7,P,TD80,ref_own_curve,1,57.5,10.0,0.024551774273958604,2.4252830990639804
all_curves,47.5,P_TD80_7,P,TD80,ref_own_curve,1,67.5,20.0,0.05682175511999693,5.5237546570578075
all_curves,47.5,P_TDS_10,P,TDS,a_same_polyol_same_iso,2,57.5,10.0,-0.05782349798858716,5.9527970387678675
all_curves,47.5,P_TDS_10,P,TDS,a_same_polyol_same_iso,2,67.5,20.0,0.027950503058615073,2.7563501757588424
all_curves,47.5,P_TDS_10,P,TDS,b_same_polyol_other_iso,15,57.5,10.0,-0.04613515114885253,4.72159338297861
all_curves,47.5,P_TDS_10,P,TDS,b_same_polyol_other_iso,15,67.5,20.0,0.07397831414454042,7.1308166900223044
all_curves,47.5,P_TDS_10,P,TDS,d_all_other,36,57.5,10.0,-0.018754814395405328,1.893179058074855
all_curves,47.5,P_TDS_10,P,TDS,d_all_other,36,67.5,20.0,-0.06427991935700172,6.639086043092146
all_curves,47.5,P_TDS_4,P,TDS,a_same_polyol_same_iso,1,57.5,10.0,-0.036701838026823586,3.73836663606751
all_curves,47.5,P_TDS_4,P,TDS,a_same_polyol_same_iso,1,67.5,20.0,-0.10659464355124226,11.248321082513204
all_curves,47.5,P_TDS_4,P,TDS,b_same_polyol_other_iso,15,57.5,10.0,0.005537707290937943,0.5522402454185686
all_curves,47.5,P_TDS_4,P,TDS,b_same_polyol_other_iso,15,67.5,20.0,0.027863843728086368,2.7479227410142535
all_curves,47.5,P_TDS_4,P,TDS,d_all_other,35,57.5,10.0,0.03316140076196117,3.2617589270101077
all_curves,47.5,P_TDS_4,P,TDS,d_all_other,35,67.5,20.0,-0.11555613544799803,12.24975246811364
all_curves,47.5,P_TDS_4,P,TDS,ref_own_curve,1,57.5,10.0,0.024400558929219107,2.410527188978049
all_curves,47.5,P_TDS_4,P,TDS,ref_own_curve,1,67.5,20.0,0.07026670883553043,6.78548246046968
all_curves,47.5,P_TDS_7,P,TDS,a_same_polyol_same_iso,1,57.5,10.0,0.04008299551912664,3.9290298756960276
all_curves,47.5,P_TDS_7,P,TDS,a_same_polyol_same_iso,1,67.5,20.0,0.11043753605916068,10.455773870493623
all_curves,47.5,P_TDS_7,P,TDS,b_same_polyol_other_iso,15,57.5,10.0,0.021220143880845588,2.0996580767234367
all_curves,47.5,P_TDS_7,P,TDS,b_same_polyol_other_iso,15,67.5,20.0,0.06803467095171656,6.577191756103751
all_curves,47.5,P_TDS_7,P,TDS,d_all_other,35,57.5,10.0,0.05058962012204038,4.933127419278846
all_curves,47.5,P_TDS_7,P,TDS,d_all_other,35,67.5,20.0,-0.07033212672760525,7.286444904653937
all_curves,47.5,P_TDS_7,P,TDS,ref_own_curve,1,57.5,10.0,-0.021019401436916052,2.1241865004944063
all_curves,47.5,P_TDS_7,P,TDS,ref_own_curve,1,67.5,20.0,-0.06642381632761213,6.86795450414653
all_curves,47.5,P_W_5,P,W,a_same_polyol_same_iso,1,57.5,10.0,0.03647488668448476,3.5817692593217925
all_curves,47.5,P_W_5,P,W,a_same_polyol_same_iso,1,67.5,20.0,0.08871196500097389,8.4890880928313
all_curves,47.5,P_W_5,P,W,b_same_polyol_other_iso,15,57.5,10.0,0.09267083340267142,8.850651587023878
all_curves,47.5,P_W_5,P,W,b_same_polyol_other_iso,15,67.5,20.0,0.18994335994695888,17.299402572092124
all_curves,47.5,P_W_5,P,W,c_other_polyol_same_iso,1,57.5,10.0,0.30713056098240027,26.444544008816468
all_curves,47.5,P_W_5,P,W,c_other_polyol_same_iso,1,67.5,20.0,0.5670252654393733,43.27897685698686
all_curves,47.5,P_W_5,P,W,d_all_other,35,57.5,10.0,0.11628039808635,10.977442924839835
all_curves,47.5,P_W_5,P,W,d_all_other,35,67.5,20.0,0.04203434459597838,4.116315085721353
all_curves,47.5,P_W_5,P,W,ref_own_curve,1,57.5,10.0,0.012271780933836282,1.2196789702296726
all_curves,47.5,P_W_5,P,W,ref_own_curve,1,67.5,20.0,0.028811917264774667,2.84008116846534
all_curves,47.5,P_W_9,P,W,a_same_polyol_same_iso,1,57.5,10.0,0.00496765184134601,0.49553334651802444
all_curves,47.5,P_W_9,P,W,a_same_polyol_same_iso,1,67.5,20.0,0.01029284764453442,1.0240057563551284
all_curves,47.5,P_W_9,P,W,b_same_polyol_other_iso,15,57.5,10.0,0.08536670431018123,8.18244762626198
all_curves,47.5,P_W_9,P,W,b_same_polyol_other_iso,15,67.5,20.0,0.1714242903267187,15.75359517165509
all_curves,47.5,P_W_9,P,W,c_other_polyol_same_iso,1,57.5,10.0,0.29982643188991,25.90531857402489
all_curves,47.5,P_W_9,P,W,c_other_polyol_same_iso,1,67.5,20.0,0.5485061958191332,42.218769554237184
all_curves,47.5,P_W_9,P,W,d_all_other,35,57.5,10.0,0.10828475168669871,10.262796815372596
all_curves,47.5,P_W_9,P,W,d_all_other,35,67.5,20.0,0.02180384504041899,2.156785945403101
all_curves,47.5,P_W_9,P,W,ref_own_curve,1,57.5,10.0,0.029170757591994556,2.8749398108141406
all_curves,47.5,P_W_9,P,W,ref_own_curve,1,67.5,20.0,0.0701928953807337,6.778601720950422
all_curves,50.0,C_44M_10,C,44M,a_same_polyol_same_iso,2,60.0,10.0,0.037690673478400605,3.6989220401165
all_curves,50.0,C_44M_10,C,44M,a_same_polyol_same_iso,2,70.0,20.0,0.028754564015565975,2.8345085716257583
all_curves,50.0,C_44M_10,C,44M,b_same_polyol_other_iso,4,60.0,10.0,-0.12259803012129389,13.042993082575968
all_curves,50.0,C_44M_10,C,44M,b_same_polyol_other_iso,4,70.0,20.0,-0.4671257870036616,59.54020716422359
all_curves,50.0,C_44M_10,C,44M,c_other_polyol_same_iso,8,60.0,10.0,-0.07803575545788144,8.116131539686023
all_curves,50.0,C_44M_10,C,44M,c_other_polyol_same_iso,8,70.0,20.0,-0.18840059526517727,20.731706398889276
all_curves,50.0,C_44M_10,C,44M,d_all_other,35,60.0,10.0,-0.009152787517529681,0.9194802363690101
all_curves,50.0,C_44M_10,C,44M,d_all_other,35,70.0,20.0,-0.0337206274487567,3.4295612557458237
all_curves,50.0,C_44M_10,C,44M,ref_own_curve,1,60.0,10.0,-0.03270260739144293,3.3243214650660815
all_curves,50.0,C_44M_10,C,44M,ref_own_curve,1,70.0,20.0,-0.1157683665553666,12.273577885539728
all_curves,50.0,C_44M_6,C,44M,a_same_polyol_same_iso,2,60.0,10.0,-0.07715165494566412,8.020588253570251
all_curves,50.0,C_44M_6,C,44M,a_same_polyol_same_iso,2,70.0,20.0,-0.17893304381593866,19.594066586369465
all_curves,50.0,C_44M_6,C,44M,b_same_polyol_other_iso,4,60.0,10.0,-0.20153563149118803,22.327982357053312
all_curves,50.0,C_44M_6,C,44M,b_same_polyol_other_iso,4,70.0,20.0,-0.6034295725085972,82.83786170476388
all_curves,50.0,C_44M_6,C,44M,c_other_polyol_same_iso,8,60.0,10.0,-0.15697335682777425,16.99644419215311
all_curves,50.0,C_44M_6,C,44M,c_other_polyol_same_iso,8,70.0,20.0,-0.3247043807701129,38.36215603768112
all_curves,50.0,C_44M_6,C,44M,d_all_other,35,60.0,10.0,-0.09014208757623132,9.43297633227561
all_curves,50.0,C_44M_6,C,44M,d_all_other,35,70.0,20.0,-0.17410348851520663,19.01787292767745
all_curves,50.0,C_44M_6,C,44M,ref_own_curve,1,60.0,10.0,-0.03983075465298613,4.063463671737875
all_curves,50.0,C_44M_6,C,44M,ref_own_curve,1,70.0,20.0,-0.10930450740714548,11.550197724412598
all_curves,50.0,C_44M_8,C,44M,a_same_polyol_same_iso,2,60.0,10.0,-0.03212309683140191,3.264461276149054
all_curves,50.0,C_44M_8,C,44M,a_same_polyol_same_iso,2,70.0,20.0,-0.09593356582113399,10.06859383984795
all_curves,50.0,C_44M_8,C,44M,b_same_polyol_other_iso,4,60.0,10.0,-0.1579232466154208,17.107630718795072
all_curves,50.0,C_44M_8,C,44M,b_same_polyol_other_iso,4,70.0,20.0,-0.518674808595986,67.98001173955086
all_curves,50.0,C_44M_8,C,44M,c_other_polyol_same_iso,8,60.0,10.0,-0.1133609719520079,12.003616162617094
all_curves,50.0,C_44M_8,C,44M,c_other_polyol_same_iso,8,70.0,20.0,-0.2399496168575017,27.118510240779433
all_curves,50.0,C_44M_8,C,44M,d_all_other,35,60.0,10.0,-0.046448778515409295,4.7544420913906436
all_curves,50.0,C_44M_8,C,44M,d_all_other,35,70.0,20.0,-0.08944902665504495,9.357158888978946
all_curves,50.0,C_44M_8,C,44M,ref_own_curve,1,60.0,10.0,0.00094928374577119,0.09488333184952354
all_curves,50.0,C_44M_8,C,44M,ref_own_curve,1,70.0,20.0,-0.0210391716589724,2.1262055382971914
all_curves,50.0,C_MLQ_10,C,MLQ,a_same_polyol_same_iso,3,60.0,10.0,-0.1695960926032627,18.482619459653165
all_curves,50.0,C_MLQ_10,C,MLQ,a_same_polyol_same_iso,3,70.0,20.0,-0.6123183626285071,84.47031359615093
all_curves,50.0,C_MLQ_10,C,MLQ,b_same_polyol_other_iso,3,60.0,10.0,0.007302547314600005,0.7275948501704169
all_curves,50.0,C_MLQ_10,C,MLQ,b_same_polyol_other_iso,3,70.0,20.0,-0.022647126853874155,2.290551996488622
all_curves,50.0,C_MLQ_10,C,MLQ,c_other_polyol_same_iso,8,60.0,10.0,-0.07432513157797782,7.715696631315297
all_curves,50.0,C_MLQ_10,C,MLQ,c_other_polyol_same_iso,8,70.0,20.0,-0.16299964467561678,17.703627145870556
all_curves,50.0,C_MLQ_10,C,MLQ,d_all_other,35,60.0,10.0,-0.016942991498833493,1.7087338047760543
all_curves,50.0,C_MLQ_10,C,MLQ,d_all_other,35,70.0,20.0,-0.03907766996753681,3.9851245726221984
all_curves,50.0,C_MLQ_10,C,MLQ,ref_own_curve,1,60.0,10.0,-0.009298639504248474,0.9342006165323632
all_curves,50.0,C_MLQ_10,C,MLQ,ref_own_curve,1,70.0,20.0,-0.04445758284598922,4.546063030537018
all_curves,50.0,C_MLQ_4,C,MLQ,a_same_polyol_same_iso,3,60.0,10.0,-0.022411345677539884,2.2664366528947677
all_curves,50.0,C_MLQ_4,C,MLQ,a_same_polyol_same_iso,3,70.0,20.0,-0.4870790992267766,62.75553426563072
all_curves,50.0,C_MLQ_4,C,MLQ,b_same_polyol_other_iso,3,60.0,10.0,-0.026268560587981327,2.6616620217659417
all_curves,50.0,C_MLQ_4,C,MLQ,b_same_polyol_other_iso,3,70.0,20.0,-0.48402047774386325,62.25848721894671
all_curves,50.0,C_MLQ_4,C,MLQ,c_other_polyol_same_iso,8,60.0,10.0,-0.10789623948055915,11.39321572105727
all_curves,50.0,C_MLQ_4,C,MLQ,c_other_polyol_same_iso,8,70.0,20.0,-0.6243729955656061,86.707492609166
all_curves,50.0,C_MLQ_4,C,MLQ,d_all_other,35,60.0,10.0,-0.035020740416132234,3.564118820608365
all_curves,50.0,C_MLQ_4,C,MLQ,d_all_other,35,70.0,20.0,-0.4501699396325227,56.85787265339539
all_curves,50.0,C_MLQ_4,C,MLQ,ref_own_curve,1,60.0,10.0,-0.585137311891696,79.52374761703689
all_curves,50.0,C_MLQ_4,C,MLQ,ref_own_curve,1,70.0,20.0,-2.2656687766110153,863.7567826280277
all_curves,50.0,C_MLQ_6,C,MLQ,a_same_polyol_same_iso,3,60.0,10.0,-0.2538400329310333,28.89655957266088
all_curves,50.0,C_MLQ_6,C,MLQ,a_same_polyol_same_iso,3,70.0,20.0,-0.7399355657307254,109.58004687718743
all_curves,50.0,C_MLQ_6,C,MLQ,b_same_polyol_other_iso,3,60.0,10.0,-0.06170931868145679,6.36531156965165
all_curves,50.0,C_MLQ_6,C,MLQ,b_same_polyol_other_iso,3,70.0,20.0,-0.13889477468221756,14.90031894165498
all_curves,50.0,C_MLQ_6,C,MLQ,c_other_polyol_same_iso,8,60.0,10.0,-0.14333699757403462,15.411867133064987
all_curves,50.0,C_MLQ_6,C,MLQ,c_other_polyol_same_iso,8,70.0,20.0,-0.2792472925039604,32.21342573373169
all_curves,50.0,C_MLQ_6,C,MLQ,d_all_other,35,60.0,10.0,-0.0872604638661798,9.11808558922858
all_curves,50.0,C_MLQ_6,C,MLQ,d_all_other,35,70.0,20.0,-0.15629985110506883,16.91767294687337
all_curves,50.0,C_MLQ_6,C,MLQ,ref_own_curve,1,60.0,10.0,-0.03261428250513765,3.315195759139512
all_curves,50.0,C_MLQ_6,C,MLQ,ref_own_curve,1,70.0,20.0,-0.12659656485263282,13.49590430373604
all_curves,50.0,C_MLQ_8,C,MLQ,a_same_polyol_same_iso,3,60.0,10.0,-0.20302248129073064,22.510000976740727
all_curves,50.0,C_MLQ_8,C,MLQ,a_same_polyol_same_iso,3,70.0,20.0,-0.6708749426059675,95.59479143564742
all_curves,50.0,C_MLQ_8,C,MLQ,b_same_polyol_other_iso,3,60.0,10.0,-0.020897513975307813,2.1117396012089436
all_curves,50.0,C_MLQ_8,C,MLQ,b_same_polyol_other_iso,3,70.0,20.0,-0.07382142759605648,7.661453468402119
all_curves,50.0,C_MLQ_8,C,MLQ,c_other_polyol_same_iso,8,60.0,10.0,-0.10252519286788564,10.796521437947336
all_curves,50.0,C_MLQ_8,C,MLQ,c_other_polyol_same_iso,8,70.0,20.0,-0.21417394541779888,23.88381262682301
all_curves,50.0,C_MLQ_8,C,MLQ,d_all_other,35,60.0,10.0,-0.04559102370853152,4.66462699031903
all_curves,50.0,C_MLQ_8,C,MLQ,d_all_other,35,70.0,20.0,-0.09088473750131376,9.51427690914735
all_curves,50.0,C_MLQ_8,C,MLQ,ref_own_curve,1,60.0,10.0,-0.021819718601457705,2.20595095424927
all_curves,50.0,C_MLQ_8,C,MLQ,ref_own_curve,1,70.0,20.0,-0.07348504588228666,7.6252442145843276
all_curves,50.0,D_44M_10,D,44M,a_same_polyol_same_iso,3,60.0,10.0,0.07672664602971724,7.385701613047178
all_curves,50.0,D_44M_10,D,44M,a_same_polyol_same_iso,3,70.0,20.0,0.08910102778054485,8.52468465748076
all_curves,50.0,D_44M_10,D,44M,b_same_polyol_other_iso,8,60.0,10.0,0.43835742060519955,35.490482865945616
all_curves,50.0,D_44M_10,D,44M,b_same_polyol_other_iso,8,70.0,20.0,0.9783262281085425,62.40601899680185
all_curves,50.0,D_44M_10,D,44M,c_other_polyol_same_iso,7,60.0,10.0,-0.047073198688829754,4.819873304446642
all_curves,50.0,D_44M_10,D,44M,c_other_polyol_same_iso,7,70.0,20.0,-0.0850615674956954,8.878409834518033
all_curves,50.0,D_44M_10,D,44M,d_all_other,35,60.0,10.0,0.034667050633970464,3.4073032504085874
all_curves,50.0,D_44M_10,D,44M,d_all_other,35,70.0,20.0,0.07685836637959692,7.397899997429201
all_curves,50.0,D_44M_10,D,44M,ref_own_curve,1,60.0,10.0,-0.005261131180417933,0.5274995233938007
all_curves,50.0,D_44M_10,D,44M,ref_own_curve,1,70.0,20.0,-0.02790941434436786,2.8302530743359666
all_curves,50.0,D_44M_4,D,44M,a_same_polyol_same_iso,3,60.0,10.0,-0.10496716049415378,11.067413576703002
all_curves,50.0,D_44M_4,D,44M,a_same_polyol_same_iso,3,70.0,20.0,-0.2574860846667888,29.36738089529459
all_curves,50.0,D_44M_4,D,44M,b_same_polyol_other_iso,8,60.0,10.0,0.31216786886449244,26.814133836663405
all_curves,50.0,D_44M_4,D,44M,b_same_polyol_other_iso,8,70.0,20.0,0.7274065653646298,51.68395884052763
all_curves,50.0,D_44M_4,D,44M,c_other_polyol_same_iso,7,60.0,10.0,-0.17326275042953654,18.917852120574217
all_curves,50.0,D_44M_4,D,44M,c_other_polyol_same_iso,7,70.0,20.0,-0.33598123023960813,39.93127597992225
all_curves,50.0,D_44M_4,D,44M,d_all_other,35,60.0,10.0,-0.09628000865957942,10.106732922046005
all_curves,50.0,D_44M_4,D,44M,d_all_other,35,70.0,20.0,-0.18226136348175093,19.99277701992529
all_curves,50.0,D_44M_4,D,44M,ref_own_curve,1,60.0,10.0,0.03506208142836176,3.445452804517542
all_curves,50.0,D_44M_4,D,44M,ref_own_curve,1,70.0,20.0,0.008173272021971822,0.8139961647560732
all_curves,50.0,D_44M_6,D,44M,a_same_polyol_same_iso,3,60.0,10.0,-0.14905299174898623,16.073449693047127
all_curves,50.0,D_44M_6,D,44M,a_same_polyol_same_iso,3,70.0,20.0,0.08897284626984714,8.512958461843928
all_curves,50.0,D_44M_6,D,44M,b_same_polyol_other_iso,8,60.0,10.0,0.2352774911782758,20.964849637314064
all_curves,50.0,D_44M_6,D,44M,b_same_polyol_other_iso,8,70.0,20.0,1.0017378285298253,63.27593150318286
all_curves,50.0,D_44M_6,D,44M,c_other_polyol_same_iso,7,60.0,10.0,-0.2501531281157532,28.42220521352016
all_curves,50.0,D_44M_6,D,44M,c_other_polyol_same_iso,7,70.0,20.0,-0.061649967074412615,6.3589988048144575
all_curves,50.0,D_44M_6,D,44M,d_all_other,35,60.0,10.0,-0.1703585680802493,18.572994001247725
all_curves,50.0,D_44M_6,D,44M,d_all_other,35,70.0,20.0,0.09825227120670821,9.357978881160218
all_curves,50.0,D_44M_6,D,44M,ref_own_curve,1,60.0,10.0,-0.1402419355520057,15.055212465080615
all_curves,50.0,D_44M_6,D,44M,ref_own_curve,1,70.0,20.0,0.06612153187284653,6.39828985325034
all_curves,50.0,D_44M_8,D,44M,a_same_polyol_same_iso,3,60.0,10.0,0.03478987403400202,3.419166365292623
all_curves,50.0,D_44M_8,D,44M,a_same_polyol_same_iso,3,70.0,20.0,0.033612615258750145,3.3053987775690996
all_curves,50.0,D_44M_8,D,44M,b_same_polyol_other_iso,8,60.0,10.0,0.4002044626846819,32.9816995390163
all_curves,50.0,D_44M_8,D,44M,b_same_polyol_other_iso,8,70.0,20.0,0.9206410260762734,60.17363381515928
all_curves,50.0,D_44M_8,D,44M,c_other_polyol_same_iso,7,60.0,10.0,-0.08522615660934729,8.896331510304428
all_curves,50.0,D_44M_8,D,44M,c_other_polyol_same_iso,7,70.0,20.0,-0.1427467695279645,15.343767911246022
all_curves,50.0,D_44M_8,D,44M,d_all_other,35,60.0,10.0,-0.0038102342072796613,0.38175023778490536
all_curves,50.0,D_44M_8,D,44M,d_all_other,35,70.0,20.0,0.019361460591079793,1.917523133976185
all_curves,50.0,D_44M_8,D,44M,ref_own_curve,1,60.0,10.0,-0.03206264687533933,3.258219132672635
all_curves,50.0,D_44M_8,D,44M,ref_own_curve,1,70.0,20.0,-0.09218498490805027,9.656765178625797
all_curves,50.0,D_I_5,D,I,b_same_polyol_other_iso,11,60.0,10.0,0.19809546355177665,17.970845854410488
all_curves,50.0,D_I_5,D,I,b_same_polyol_other_iso,11,70.0,20.0,0.5463418900751247,42.093577877623915
all_curves,50.0,D_I_5,D,I,c_other_polyol_same_iso,2,60.0,10.0,-0.2932790193668091,34.081685211311154
all_curves,50.0,D_I_5,D,I,c_other_polyol_same_iso,2,70.0,20.0,-0.46867429450508147,59.78744774934148
all_curves,50.0,D_I_5,D,I,d_all_other,35,60.0,10.0,-0.11139375788671324,11.783497654637547
all_curves,50.0,D_I_5,D,I,d_all_other,35,70.0,20.0,-0.13682567171636384,14.662824136288311
all_curves,50.0,D_I_5,D,I,ref_own_curve,1,60.0,10.0,-0.22434147450058717,25.149830122868842
all_curves,50.0,D_I_5,D,I,ref_own_curve,1,70.0,20.0,-0.6411519049483068,89.86667037034675
all_curves,50.0,D_MLQ_10,D,MLQ,a_same_polyol_same_iso,3,60.0,10.0,0.09187984871453059,8.778525326471868
all_curves,50.0,D_MLQ_10,D,MLQ,a_same_polyol_same_iso,3,70.0,20.0,0.22308001461411936,19.99491690251286
all_curves,50.0,D_MLQ_10,D,MLQ,b_same_polyol_other_iso,8,60.0,10.0,0.4152013103493593,33.97926392480919
all_curves,50.0,D_MLQ_10,D,MLQ,b_same_polyol_other_iso,8,70.0,20.0,0.9630129526913016,61.82590159916989
all_curves,50.0,D_MLQ_10,D,MLQ,c_other_polyol_same_iso,8,60.0,10.0,-0.11492408307116952,12.178827161883111
all_curves,50.0,D_MLQ_10,D,MLQ,c_other_polyol_same_iso,8,70.0,20.0,-0.2736508191984935,31.475563465084416
all_curves,50.0,D_MLQ_10,D,MLQ,d_all_other,35,60.0,10.0,0.01922436151256346,1.9040751949502932
all_curves,50.0,D_MLQ_10,D,MLQ,d_all_other,35,70.0,20.0,0.09342893924760234,8.919726254554563
all_curves,50.0,D_MLQ_10,D,MLQ,ref_own_curve,1,60.0,10.0,-0.06582427981656425,6.803902466246548
all_curves,50.0,D_MLQ_10,D,MLQ,ref_own_curve,1,70.0,20.0,-0.15707052489831652,17.007813063232256
all_curves,50.0,D_MLQ_4,D,MLQ,a_same_polyol_same_iso,3,60.0,10.0,-0.06259307650752355,6.459354295550022
all_curves,50.0,D_MLQ_4,D,MLQ,a_same_polyol_same_iso,3,70.0,20.0,-0.14510583348179384,15.61619244353041
all_curves,50.0,D_MLQ_4,D,MLQ,b_same_polyol_other_iso,8,60.0,10.0,0.3357755858572875,28.52165046561223
all_curves,50.0,D_MLQ_4,D,MLQ,b_same_polyol_other_iso,8,70.0,20.0,0.7766423038301757,54.005221362878885
all_curves,50.0,D_MLQ_4,D,MLQ,c_other_polyol_same_iso,8,60.0,10.0,-0.1943498075632415,21.45210573088237
all_curves,50.0,D_MLQ_4,D,MLQ,c_other_polyol_same_iso,8,70.0,20.0,-0.4600214680596193,58.41079923542678
all_curves,50.0,D_MLQ_4,D,MLQ,d_all_other,35,60.0,10.0,-0.06663398018493627,6.890416645971969
all_curves,50.0,D_MLQ_4,D,MLQ,d_all_other,35,70.0,20.0,-0.1085258695479352,11.463374323642016
all_curves,50.0,D_MLQ_4,D,MLQ,ref_own_curve,1,60.0,10.0,0.07989159788131461,7.6783580421647795
all_curves,50.0,D_MLQ_4,D,MLQ,ref_own_curve,1,70.0,20.0,0.20200442394493234,18.290868683273327
all_curves,50.0,D_MLQ_6,D,MLQ,a_same_polyol_same_iso,3,60.0,10.0,-0.026841992809735205,2.720548408770287
all_curves,50.0,D_MLQ_6,D,MLQ,a_same_polyol_same_iso,3,70.0,20.0,-0.07469327414764937,7.755358664860639
all_curves,50.0,D_MLQ_6,D,MLQ,b_same_polyol_other_iso,8,60.0,10.0,0.35628308883825777,29.972564768000044
all_curves,50.0,D_MLQ_6,D,MLQ,b_same_polyol_other_iso,8,70.0,20.0,0.8119082537980351,55.59900264261499
all_curves,50.0,D_MLQ_6,D,MLQ,c_other_polyol_same_iso,8,60.0,10.0,-0.17384230458227123,18.986791430707097
all_curves,50.0,D_MLQ_6,D,MLQ,c_other_polyol_same_iso,8,70.0,20.0,-0.42475551809175993,52.921650818791164
all_curves,50.0,D_MLQ_6,D,MLQ,d_all_other,35,60.0,10.0,-0.0448198845710952,4.58394711184563
all_curves,50.0,D_MLQ_6,D,MLQ,d_all_other,35,70.0,20.0,-0.07024735306296481,7.2773502250532305
all_curves,50.0,D_MLQ_6,D,MLQ,ref_own_curve,1,60.0,10.0,0.054668358711837284,5.320090643703625
all_curves,50.0,D_MLQ_6,D,MLQ,ref_own_curve,1,70.0,20.0,0.1318305458139566,12.351049268795467
all_curves,50.0,D_MLQ_8,D,MLQ,a_same_polyol_same_iso,3,60.0,10.0,0.04271012158669407,4.181089184883495
all_curves,50.0,D_MLQ_8,D,MLQ,a_same_polyol_same_iso,3,70.0,20.0,0.09900128918894524,9.425845964918524
all_curves,50.0,D_MLQ_8,D,MLQ,b_same_polyol_other_iso,8,60.0,10.0,0.38888489100946655,32.218771218816876
all_curves,50.0,D_MLQ_8,D,MLQ,b_same_polyol_other_iso,8,70.0,20.0,0.890600977675257,58.95909680430038
all_curves,50.0,D_MLQ_8,D,MLQ,c_other_polyol_same_iso,8,60.0,10.0,-0.14124050241106234,15.170160169142324
all_curves,50.0,D_MLQ_8,D,MLQ,c_other_polyol_same_iso,8,70.0,20.0,-0.346062794214538,41.349137211142505
all_curves,50.0,D_MLQ_8,D,MLQ,d_all_other,35,60.0,10.0,-0.009050912780581566,0.909199614543703
all_curves,50.0,D_MLQ_8,D,MLQ,d_all_other,35,70.0,20.0,0.01658838562506071,1.6451555995191078
all_curves,50.0,D_MLQ_8,D,MLQ,ref_own_curve,1,60.0,10.0,-0.023580775792627184,2.3861000590374313
all_curves,50.0,D_MLQ_8,D,MLQ,ref_own_curve,1,70.0,20.0,-0.07448224868697462,7.732621939756533
all_curves,50.0,D_TD80_10,D,TD80,a_same_polyol_same_iso,1,60.0,10.0,3.194101272060893,95.89966403134608
all_curves,50.0,D_TD80_10,D,TD80,a_same_polyol_same_iso,1,70.0,20.0,7.528463170224169,99.94624362338085
all_curves,50.0,D_TD80_10,D,TD80,b_same_polyol_other_iso,10,60.0,10.0,0.05416767091617197,5.272673699042054
all_curves,50.0,D_TD80_10,D,TD80,b_same_polyol_other_iso,10,70.0,20.0,0.04169657717770024,4.083923230864225
all_curves,50.0,D_TD80_10,D,TD80,c_other_polyol_same_iso,3,60.0,10.0,-0.14446737293431022,15.542399625413164
all_curves,50.0,D_TD80_10,D,TD80,c_other_polyol_same_iso,3,70.0,20.0,-0.2698752898403306,30.980109504370397
all_curves,50.0,D_TD80_10,D,TD80,d_all_other,35,60.0,10.0,0.03585160943079552,3.521655237354971
all_curves,50.0,D_TD80_10,D,TD80,d_all_other,35,70.0,20.0,0.06785718670532812,6.5606092078600815
all_curves,50.0,D_TD80_10,D,TD80,ref_own_curve,1,60.0,10.0,0.017360630326155757,1.7210802869424187
all_curves,50.0,D_TD80_10,D,TD80,ref_own_curve,1,70.0,20.0,0.03729589066897801,3.660896524593016
all_curves,50.0,D_TD80_7,D,TD80,a_same_polyol_same_iso,1,60.0,10.0,-0.2605330572447364,29.762160893848964
all_curves,50.0,D_TD80_7,D,TD80,a_same_polyol_same_iso,1,70.0,20.0,-0.2697246531904307,30.960380585457564
all_curves,50.0,D_TD80_7,D,TD80,b_same_polyol_other_iso,10,60.0,10.0,-0.22372601665472014,25.07282937579834
all_curves,50.0,D_TD80_7,D,TD80,b_same_polyol_other_iso,10,70.0,20.0,-0.26532396668170843,30.385331239422992
all_curves,50.0,D_TD80_7,D,TD80,c_other_polyol_same_iso,3,60.0,10.0,-0.42236106050520217,52.55592444472343
all_curves,50.0,D_TD80_7,D,TD80,c_other_polyol_same_iso,3,70.0,20.0,-0.5768958336997392,78.05028665432876
all_curves,50.0,D_TD80_7,D,TD80,d_all_other,35,60.0,10.0,-0.3328060964753763,39.48768007173424
all_curves,50.0,D_TD80_7,D,TD80,d_all_other,35,70.0,20.0,-0.4531967079985184,57.33336433888488
all_curves,50.0,D_TD80_7,D,TD80,ref_own_curve,1,60.0,10.0,2.916207584490001,94.5861385408308
all_curves,50.0,D_TD80_7,D,TD80,ref_own_curve,1,70.0,20.0,7.2214426263647615,99.92692525374459
all_curves,50.0,D_W_5,D,W,b_same_polyol_other_iso,11,60.0,10.0,0.24761725298935922,21.934131911963707
all_curves,50.0,D_W_5,D,W,b_same_polyol_other_iso,11,70.0,20.0,0.560270581343657,42.894547375875085
all_curves,50.0,D_W_5,D,W,c_other_polyol_same_iso,2,60.0,10.0,-0.2830058008567189,32.711286018638035
all_curves,50.0,D_W_5,D,W,c_other_polyol_same_iso,2,70.0,20.0,-0.5216883192229627,68.48698479072411
all_curves,50.0,D_W_5,D,W,d_all_other,35,60.0,10.0,-0.05097142903996765,5.229282783738016
all_curves,50.0,D_W_5,D,W,d_all_other,35,70.0,20.0,-0.08439540794289391,8.805903594756389
all_curves,50.0,D_W_5,D,W,ref_own_curve,1,60.0,10.0,0.015939754597387168,1.5813389012110748
all_curves,50.0,D_W_5,D,W,ref_own_curve,1,70.0,20.0,0.04655430515673009,4.548727580059656
all_curves,50.0,P_44M_10,P,44M,a_same_polyol_same_iso,3,60.0,10.0,0.0379858671950003,3.727345317839141
all_curves,50.0,P_44M_10,P,44M,a_same_polyol_same_iso,3,70.0,20.0,0.0774557147654607,7.453199194305993
all_curves,50.0,P_44M_10,P,44M,b_same_polyol_other_iso,13,60.0,10.0,0.006948212342359983,0.6924129325236458
all_curves,50.0,P_44M_10,P,44M,b_same_polyol_other_iso,13,70.0,20.0,0.002170826481383281,0.21684719416510484
all_curves,50.0,P_44M_10,P,44M,c_other_polyol_same_iso,7,60.0,10.0,0.20816504140792313,18.79270000198153
all_curves,50.0,P_44M_10,P,44M,c_other_polyol_same_iso,7,70.0,20.0,0.3351467321057961,28.476686901085767
all_curves,50.0,P_44M_10,P,44M,d_all_other,35,60.0,10.0,0.19050253928605337,17.34563411043941
all_curves,50.0,P_44M_10,P,44M,d_all_other,35,70.0,20.0,0.34715175963166695,29.33019281197271
all_curves,50.0,P_44M_10,P,44M,ref_own_curve,1,60.0,10.0,-0.010835901547556759,1.0894822557169919
all_curves,50.0,P_44M_10,P,44M,ref_own_curve,1,70.0,20.0,-0.050783066020166856,5.2094633449446714
all_curves,50.0,P_44M_4,P,44M,a_same_polyol_same_iso,3,60.0,10.0,-0.058906777956898804,6.067635771405652
all_curves,50.0,P_44M_4,P,44M,a_same_polyol_same_iso,3,70.0,20.0,-0.08746382963396293,9.140278729069431
all_curves,50.0,P_44M_4,P,44M,b_same_polyol_other_iso,13,60.0,10.0,-0.07573291446011465,7.86744373359511
all_curves,50.0,P_44M_4,P,44M,b_same_polyol_other_iso,13,70.0,20.0,-0.13002436268275597,13.88561285772113
all_curves,50.0,P_44M_4,P,44M,c_other_polyol_same_iso,7,60.0,10.0,0.12548391460544783,11.79300472438672
all_curves,50.0,P_44M_4,P,44M,c_other_polyol_same_iso,7,70.0,20.0,0.20295154294165663,18.368220317365946
all_curves,50.0,P_44M_4,P,44M,d_all_other,35,60.0,10.0,0.10660328233934147,10.11177952901253
all_curves,50.0,P_44M_4,P,44M,d_all_other,35,70.0,20.0,0.21215162573307333,19.115795300007314
all_curves,50.0,P_44M_4,P,44M,ref_own_curve,1,60.0,10.0,-0.05088247330175477,5.219922451540181
all_curves,50.0,P_44M_4,P,44M,ref_own_curve,1,70.0,20.0,-0.08480518947843807,8.850499381648689
all_curves,50.0,P_44M_6,P,44M,a_same_polyol_same_iso,3,60.0,10.0,-0.005196705327421558,0.5210231621122035
all_curves,50.0,P_44M_6,P,44M,a_same_polyol_same_iso,3,70.0,20.0,-0.018294150717008906,1.846251381174468
all_curves,50.0,P_44M_6,P,44M,b_same_polyol_other_iso,13,60.0,10.0,-0.0142671468670863,1.436940835474724
all_curves,50.0,P_44M_6,P,44M,b_same_polyol_other_iso,13,70.0,20.0,-0.034662503283323653,3.5270249522174515
all_curves,50.0,P_44M_6,P,44M,c_other_polyol_same_iso,7,60.0,10.0,0.18694968219847685,17.051452677924996
all_curves,50.0,P_44M_6,P,44M,c_other_polyol_same_iso,7,70.0,20.0,0.2983134023410891,25.79312627789041
all_curves,50.0,P_44M_6,P,44M,d_all_other,35,60.0,10.0,0.16740427607835207,15.414241778143237
all_curves,50.0,P_44M_6,P,44M,d_all_other,35,70.0,20.0,0.30526844109115153,26.307447325490013
all_curves,50.0,P_44M_6,P,44M,ref_own_curve,1,60.0,10.0,0.033850379181926016,3.3283865323679933
all_curves,50.0,P_44M_6,P,44M,ref_own_curve,1,70.0,20.0,0.08913321136842489,8.527628613957146
all_curves,50.0,P_44M_8,P,44M,a_same_polyol_same_iso,3,60.0,10.0,0.017010628132676953,1.686676429108479
all_curves,50.0,P_44M_8,P,44M,a_same_polyol_same_iso,3,70.0,20.0,0.03061426308704429,3.015039227438201
all_curves,50.0,P_44M_8,P,44M,b_same_polyol_other_iso,13,60.0,10.0,-0.0013839896398031293,0.13849477954395106
all_curves,50.0,P_44M_8,P,44M,b_same_polyol_other_iso,13,70.0,20.0,-0.008072735364446859,0.8105407751914588
all_curves,50.0,P_44M_8,P,44M,c_other_polyol_same_iso,7,60.0,10.0,0.19983283942576002,18.113237597979175
all_curves,50.0,P_44M_8,P,44M,c_other_polyol_same_iso,7,70.0,20.0,0.32490317025996596,27.74026808347901
all_curves,50.0,P_44M_8,P,44M,d_all_other,35,60.0,10.0,0.1810866484113054,16.563694067002068
all_curves,50.0,P_44M_8,P,44M,d_all_other,35,70.0,20.0,0.3337712358001873,28.378239156420616
all_curves,50.0,P_44M_8,P,44M,ref_own_curve,1,60.0,10.0,0.018761007710750843,1.8586115431850125
all_curves,50.0,P_44M_8,P,44M,ref_own_curve,1,70.0,20.0,0.048767041631736674,4.759702589997785
all_curves,50.0,P_I_5,P,I,a_same_polyol_same_iso,1,60.0,10.0,-0.0010716577569124253,0.10722321872656553
all_curves,50.0,P_I_5,P,I,a_same_polyol_same_iso,1,70.0,20.0,-0.0185349047896608,1.8707742328485704
all_curves,50.0,P_I_5,P,I,b_same_polyol_other_iso,15,60.0,10.0,0.016811717683224647,1.6671189366995236
all_curves,50.0,P_I_5,P,I,b_same_polyol_other_iso,15,70.0,20.0,0.01638131459151332,1.624787051439337
all_curves,50.0,P_I_5,P,I,c_other_polyol_same_iso,1,60.0,10.0,0.0798362757493365,7.673250470824386
all_curves,50.0,P_I_5,P,I,c_other_polyol_same_iso,1,70.0,20.0,-0.1493903698044472,16.112616934507585
all_curves,50.0,P_I_5,P,I,d_all_other,35,60.0,10.0,0.1944116253982433,17.668106447542574
all_curves,50.0,P_I_5,P,I,d_all_other,35,70.0,20.0,0.34881872754544574,29.44789897956912
all_curves,50.0,P_I_5,P,I,ref_own_curve,1,60.0,10.0,0.02286911952314108,2.260960327635897
all_curves,50.0,P_I_5,P,I,ref_own_curve,1,70.0,20.0,0.06470938606721699,6.266017218724851
all_curves,50.0,P_I_9,P,I,a_same_polyol_same_iso,1,60.0,10.0,0.019011083578168997,1.8831512675086606
all_curves,50.0,P_I_9,P,I,a_same_polyol_same_iso,1,70.0,20.0,0.06304392264038021,6.109776628170812
all_curves,50.0,P_I_9,P,I,b_same_polyol_other_iso,15,60.0,10.0,0.012953681738252565,1.28701438995275
all_curves,50.0,P_I_9,P,I,b_same_polyol_other_iso,15,70.0,20.0,0.014715851164676552,1.4608102213623706
all_curves,50.0,P_I_9,P,I,c_other_polyol_same_iso,1,60.0,10.0,0.07597823980436441,7.316362551921664
all_curves,50.0,P_I_9,P,I,c_other_polyol_same_iso,1,70.0,20.0,-0.15105583323128396,16.30615937559808
all_curves,50.0,P_I_9,P,I,d_all_other,35,60.0,10.0,0.1912376116612719,17.40636872659202
all_curves,50.0,P_I_9,P,I,d_all_other,35,70.0,20.0,0.3495316724288037,29.498180812784113
all_curves,50.0,P_I_9,P,I,ref_own_curve,1,60.0,10.0,-0.004929693701884508,0.49418646333176713
all_curves,50.0,P_I_9,P,I,ref_own_curve,1,70.0,20.0,-0.020200368216497615,2.0405776430320266
all_curves,50.0,P_MLQ_10,P,MLQ,a_same_polyol_same_iso,3,60.0,10.0,0.04118080893359721,4.034440004526324
all_curves,50.0,P_MLQ_10,P,MLQ,a_same_polyol_same_iso,3,70.0,20.0,0.08535965964570438,8.18180080013409
all_curves,50.0,P_MLQ_10,P,MLQ,b_same_polyol_other_iso,13,60.0,10.0,-0.002872847653770161,0.28769782351542467
all_curves,50.0,P_MLQ_10,P,MLQ,b_same_polyol_other_iso,13,70.0,20.0,0.009709216008829902,0.9662233747664695
all_curves,50.0,P_MLQ_10,P,MLQ,c_other_polyol_same_iso,8,60.0,10.0,0.13905793104713893,12.982238330246949
all_curves,50.0,P_MLQ_10,P,MLQ,c_other_polyol_same_iso,8,70.0,20.0,0.1493470004256035,13.872979808613264
all_curves,50.0,P_MLQ_10,P,MLQ,d_all_other,35,60.0,10.0,0.18319161065543343,16.73913962286374
all_curves,50.0,P_MLQ_10,P,MLQ,d_all_other,35,70.0,20.0,0.3549862582239398,29.881692135678783
all_curves,50.0,P_MLQ_10,P,MLQ,ref_own_curve,1,60.0,10.0,-0.01603591022181028,1.6165175467754724
all_curves,50.0,P_MLQ_10,P,MLQ,ref_own_curve,1,70.0,20.0,-0.03604968094363695,3.670734981096033
all_curves,50.0,P_MLQ_4,P,MLQ,a_same_polyol_same_iso,3,60.0,10.0,-0.022176631799596613,2.2424361177040546
all_curves,50.0,P_MLQ_4,P,MLQ,a_same_polyol_same_iso,3,70.0,20.0,-0.05956699829348633,6.13768690364219
all_curves,50.0,P_MLQ_4,P,MLQ,b_same_polyol_other_iso,13,60.0,10.0,-0.03720032635378301,3.7900918920404787
all_curves,50.0,P_MLQ_4,P,MLQ,b_same_polyol_other_iso,13,70.0,20.0,-0.06515566988199417,6.7325161834550675
all_curves,50.0,P_MLQ_4,P,MLQ,c_other_polyol_same_iso,8,60.0,10.0,0.10473045234712641,9.943276434194685
all_curves,50.0,P_MLQ_4,P,MLQ,c_other_polyol_same_iso,8,70.0,20.0,0.0744821145347796,7.177592437005907
all_curves,50.0,P_MLQ_4,P,MLQ,d_all_other,35,60.0,10.0,0.14637584949543347,13.616702902303324
all_curves,50.0,P_MLQ_4,P,MLQ,d_all_other,35,70.0,20.0,0.27411607758611267,23.975617712889697
all_curves,50.0,P_MLQ_4,P,MLQ,ref_own_curve,1,60.0,10.0,0.03672649717772236,3.606026046156531
all_curves,50.0,P_MLQ_4,P,MLQ,ref_own_curve,1,70.0,20.0,0.09927074931064261,9.450248799544406
all_curves,50.0,P_MLQ_6,P,MLQ,a_same_polyol_same_iso,3,60.0,10.0,0.005950446379901386,0.5932777537046645
all_curves,50.0,P_MLQ_6,P,MLQ,a_same_polyol_same_iso,3,70.0,20.0,0.037978880501437384,3.7266726879526617
all_curves,50.0,P_MLQ_6,P,MLQ,b_same_polyol_other_iso,13,60.0,10.0,-0.021762302892313734,2.2000828955574856
all_curves,50.0,P_MLQ_6,P,MLQ,b_same_polyol_other_iso,13,70.0,20.0,-0.014848263794196681,1.4959046896160513
all_curves,50.0,P_MLQ_6,P,MLQ,c_other_polyol_same_iso,8,60.0,10.0,0.12016847580859547,11.322897533406676
all_curves,50.0,P_MLQ_6,P,MLQ,c_other_polyol_same_iso,8,70.0,20.0,0.12478952062257687,11.731733046740079
all_curves,50.0,P_MLQ_6,P,MLQ,d_all_other,35,60.0,10.0,0.16290150621844868,15.032512801540213
all_curves,50.0,P_MLQ_6,P,MLQ,d_all_other,35,70.0,20.0,0.3284724956202363,27.99772682678703
all_curves,50.0,P_MLQ_6,P,MLQ,ref_own_curve,1,60.0,10.0,0.014097356485106571,1.3998454054914526
all_curves,50.0,P_MLQ_6,P,MLQ,ref_own_curve,1,70.0,20.0,0.007862737277066767,0.7831906815180568
all_curves,50.0,P_MLQ_8,P,MLQ,a_same_polyol_same_iso,3,60.0,10.0,0.02478388044171642,2.447928164542564
all_curves,50.0,P_MLQ_8,P,MLQ,a_same_polyol_same_iso,3,70.0,20.0,0.042911348101839275,4.2003685505669885
all_curves,50.0,P_MLQ_8,P,MLQ,b_same_polyol_other_iso,13,60.0,10.0,-0.0074239263385800225,0.7451552001033259
all_curves,50.0,P_MLQ_8,P,MLQ,b_same_polyol_other_iso,13,70.0,20.0,-0.004214826335310451,0.42237212082198466
all_curves,50.0,P_MLQ_8,P,MLQ,c_other_polyol_same_iso,8,60.0,10.0,0.13450685236232918,12.585311111516223
all_curves,50.0,P_MLQ_8,P,MLQ,c_other_polyol_same_iso,8,70.0,20.0,0.1354229580814631,12.665355537766834
all_curves,50.0,P_MLQ_8,P,MLQ,d_all_other,35,60.0,10.0,0.17762517341573114,16.274380944095988
all_curves,50.0,P_MLQ_8,P,MLQ,d_all_other,35,70.0,20.0,0.3386172785198209,28.724481638593975
all_curves,50.0,P_MLQ_8,P,MLQ,ref_own_curve,1,60.0,10.0,0.014950560514600086,1.4839355765626017
all_curves,50.0,P_MLQ_8,P,MLQ,ref_own_curve,1,70.0,20.0,0.035599084311421,3.497288955407084
all_curves,50.0,P_TD80_10,P,TD80,a_same_polyol_same_iso,2,60.0,10.0,-0.00024117059686395992,0.024119968083037464
all_curves,50.0,P_TD80_10,P,TD80,a_same_polyol_same_iso,2,70.0,20.0,-0.08016604047543532,8.346695210834339
all_curves,50.0,P_TD80_10,P,TD80,b_same_polyol_other_iso,14,60.0,10.0,0.035109904605974906,3.450070239366345
all_curves,50.0,P_TD80_10,P,TD80,b_same_polyol_other_iso,14,70.0,20.0,0.02307215745456978,2.2808030455904307
all_curves,50.0,P_TD80_10,P,TD80,c_other_polyol_same_iso,2,60.0,10.0,1.7776887553383165,83.09716379465604
all_curves,50.0,P_TD80_10,P,TD80,c_other_polyol_same_iso,2,70.0,20.0,4.059887052412096,98.27490325395226
all_curves,50.0,P_TD80_10,P,TD80,d_all_other,35,60.0,10.0,0.2108484078511557,19.010316842299986
all_curves,50.0,P_TD80_10,P,TD80,d_all_other,35,70.0,20.0,0.34865255539385864,29.43617421100554
all_curves,50.0,P_TD80_10,P,TD80,ref_own_curve,1,60.0,10.0,0.08295363482509951,7.96061795486963
all_curves,50.0,P_TD80_10,P,TD80,ref_own_curve,1,70.0,20.0,0.18172877732621648,16.61725373364935
all_curves,50.0,P_TD80_4,P,TD80,a_same_polyol_same_iso,2,60.0,10.0,-0.014283910649004694,1.4386413164825658
all_curves,50.0,P_TD80_4,P,TD80,a_same_polyol_same_iso,2,70.0,20.0,-0.03665954425578166,3.7339792421211118
all_curves,50.0,P_TD80_4,P,TD80,b_same_polyol_other_iso,14,60.0,10.0,-0.001236806639296928,0.12375718000478826
all_curves,50.0,P_TD80_4,P,TD80,b_same_polyol_other_iso,14,70.0,20.0,-0.014066352192651177,1.4165748827198235
all_curves,50.0,P_TD80_4,P,TD80,c_other_polyol_same_iso,2,60.0,10.0,1.7413420440930445,82.4714997507198
all_curves,50.0,P_TD80_4,P,TD80,c_other_polyol_same_iso,2,70.0,20.0,4.022748542764876,98.20963118017526
all_curves,50.0,P_TD80_4,P,TD80,d_all_other,35,60.0,10.0,0.17577620924549087,16.119432071016398
all_curves,50.0,P_TD80_4,P,TD80,d_all_other,35,70.0,20.0,0.3161223317961721,27.102973152944166
all_curves,50.0,P_TD80_4,P,TD80,ref_own_curve,1,60.0,10.0,0.0019989811935678947,0.19969845612934906
all_curves,50.0,P_TD80_4,P,TD80,ref_own_curve,1,70.0,20.0,-0.016699744054746946,1.6839964240110603
all_curves,50.0,P_TD80_7,P,TD80,a_same_polyol_same_iso,2,60.0,10.0,0.018808522040308917,1.8632745546786265
all_curves,50.0,P_TD80_7,P,TD80,a_same_polyol_same_iso,2,70.0,20.0,0.08231689785668539,7.901994415864917
all_curves,50.0,P_TD80_7,P,TD80,b_same_polyol_other_iso,14,60.0,10.0,-0.006731236985684452,0.6753942678572923
all_curves,50.0,P_TD80_7,P,TD80,b_same_polyol_other_iso,14,70.0,20.0,0.004305283851914171,0.42960294031644897
all_curves,50.0,P_TD80_7,P,TD80,c_other_polyol_same_iso,2,60.0,10.0,1.7358476137466567,82.37492555989563
all_curves,50.0,P_TD80_7,P,TD80,c_other_polyol_same_iso,2,70.0,20.0,4.04112017880944,98.24222288635384
all_curves,50.0,P_TD80_7,P,TD80,d_all_other,35,60.0,10.0,0.1724867425011431,15.843055415621782
all_curves,50.0,P_TD80_7,P,TD80,d_all_other,35,70.0,20.0,0.3402428139017606,28.840248398582823
all_curves,50.0,P_TD80_7,P,TD80,ref_own_curve,1,60.0,10.0,-0.08066917522422623,8.40122191410088
all_curves,50.0,P_TD80_7,P,TD80,ref_own_curve,1,70.0,20.0,-0.19953772014599772,22.08382587598527
all_curves,50.0,P_TDS_4,P,TDS,a_same_polyol_same_iso,1,60.0,10.0,-0.023471571574076533,2.374919675473671
all_curves,50.0,P_TDS_4,P,TDS,a_same_polyol_same_iso,1,70.0,20.0,-0.06103494169952717,6.293605433054863
all_curves,50.0,P_TDS_4,P,TDS,b_same_polyol_other_iso,15,60.0,10.0,-0.013818199016342847,1.3914111598903707
all_curves,50.0,P_TDS_4,P,TDS,b_same_polyol_other_iso,15,70.0,20.0,-0.03130190115655651,3.1796957564864585
all_curves,50.0,P_TDS_4,P,TDS,d_all_other,35,60.0,10.0,0.1644444854002769,15.163514772771872
all_curves,50.0,P_TDS_4,P,TDS,d_all_other,35,70.0,20.0,0.30053386471713495,25.95771704760296
all_curves,50.0,P_TDS_4,P,TDS,ref_own_curve,1,60.0,10.0,-0.002599111192955972,0.26024918106852923
all_curves,50.0,P_TDS_4,P,TDS,ref_own_curve,1,70.0,20.0,-0.011635642887142028,1.1703600300132473
all_curves,50.0,P_TDS_7,P,TDS,a_same_polyol_same_iso,1,60.0,10.0,0.010020074962669212,0.9970041264789373
all_curves,50.0,P_TDS_7,P,TDS,a_same_polyol_same_iso,1,70.0,20.0,0.030495035084565636,3.0034752149314605
all_curves,50.0,P_TDS_7,P,TDS,b_same_polyol_other_iso,15,60.0,10.0,-0.0011990128607177741,0.11997319640138382
all_curves,50.0,P_TDS_7,P,TDS,b_same_polyol_other_iso,15,70.0,20.0,0.010828776815151098,1.0770356674536785
all_curves,50.0,P_TDS_7,P,TDS,d_all_other,35,60.0,10.0,0.17766002756679128,16.27729907861532
all_curves,50.0,P_TDS_7,P,TDS,d_all_other,35,70.0,20.0,0.34407595122633944,29.11249139272541
all_curves,50.0,P_TDS_7,P,TDS,ref_own_curve,1,60.0,10.0,-0.010852385418451238,1.0911486154252763
all_curves,50.0,P_TDS_7,P,TDS,ref_own_curve,1,70.0,20.0,-0.018904263727819504,1.9084080636166532
all_curves,50.0,P_W_5,P,W,a_same_polyol_same_iso,1,60.0,10.0,0.0015172866401205742,0.15161361426981185
all_curves,50.0,P_W_5,P,W,a_same_polyol_same_iso,1,70.0,20.0,-0.019556523391749292,1.9749004904184342
all_curves,50.0,P_W_5,P,W,b_same_polyol_other_iso,15,60.0,10.0,0.07474318203781397,7.201822188236072
all_curves,50.0,P_W_5,P,W,b_same_polyol_other_iso,15,70.0,20.0,0.1323518940450873,12.396732984622675
all_curves,50.0,P_W_5,P,W,c_other_polyol_same_iso,1,60.0,10.0,0.30527786767272796,26.308141991075207
all_curves,50.0,P_W_5,P,W,c_other_polyol_same_iso,1,70.0,20.0,0.5677974895751117,43.32276129218703
all_curves,50.0,P_W_5,P,W,d_all_other,35,60.0,10.0,0.24677041346039008,21.867994649131674
all_curves,50.0,P_W_5,P,W,d_all_other,35,70.0,20.0,0.4525372403552739,36.39876135970187
all_curves,50.0,P_W_5,P,W,ref_own_curve,1,60.0,10.0,0.01114733779712232,1.1085436452383317
all_curves,50.0,P_W_5,P,W,ref_own_curve,1,70.0,20.0,0.01866625378258535,1.8493118205274452
all_curves,50.0,P_W_9,P,W,a_same_polyol_same_iso,1,60.0,10.0,-0.007880453150259759,0.7911585646846994
all_curves,50.0,P_W_9,P,W,a_same_polyol_same_iso,1,70.0,20.0,0.005234020444771503,0.5220346826164741
all_curves,50.0,P_W_9,P,W,b_same_polyol_other_iso,15,60.0,10.0,0.05571539109043189,5.419171694816073
all_curves,50.0,P_W_9,P,W,b_same_polyol_other_iso,15,70.0,20.0,0.11891966070727344,11.212087052204867
all_curves,50.0,P_W_9,P,W,c_other_polyol_same_iso,1,60.0,10.0,0.28625007672534586,24.892523385857363
all_curves,50.0,P_W_9,P,W,c_other_polyol_same_iso,1,70.0,20.0,0.5543652562372976,42.55632343452016
all_curves,50.0,P_W_9,P,W,d_all_other,35,60.0,10.0,0.22801776683177977,20.38898846446949
all_curves,50.0,P_W_9,P,W,d_all_other,35,70.0,20.0,0.44019708636529864,35.609049720686684
all_curves,50.0,P_W_9,P,W,ref_own_curve,1,60.0,10.0,-0.017510504307261532,1.7664711957440848
all_curves,50.0,P_W_9,P,W,ref_own_curve,1,70.0,20.0,-0.03298875672956314,3.3538918818408514
all_curves,52.5,C_44M_10,C,44M,a_same_polyol_same_iso,2,62.5,10.0,0.03204277910848852,3.1534848882752904
all_curves,52.5,C_44M_10,C,44M,a_same_polyol_same_iso,2,72.5,20.0,0.022925920281607226,2.266511821555015
all_curves,52.5,C_44M_10,C,44M,b_same_polyol_other_iso,4,62.5,10.0,-0.1126785083090609,11.92720384398798
all_curves,52.5,C_44M_10,C,44M,b_same_polyol_other_iso,4,72.5,20.0,-0.39035058206017714,47.749868762902786
all_curves,52.5,C_44M_10,C,44M,c_other_polyol_same_iso,8,62.5,10.0,-0.08997567753812108,9.41476710165504
all_curves,52.5,C_44M_10,C,44M,c_other_polyol_same_iso,8,72.5,20.0,-0.214282840177217,23.89730365933284
all_curves,52.5,C_44M_10,C,44M,d_all_other,36,62.5,10.0,-0.05576222806775366,5.734624658534318
all_curves,52.5,C_44M_10,C,44M,d_all_other,36,72.5,20.0,-0.15714351163590146,17.01635339344132
all_curves,52.5,C_44M_10,C,44M,ref_own_curve,1,62.5,10.0,-0.022803569804826118,2.306555884112521
all_curves,52.5,C_44M_10,C,44M,ref_own_curve,1,72.5,20.0,-0.07872949184269395,8.191161656472119
all_curves,52.5,C_44M_6,C,44M,a_same_polyol_same_iso,2,62.5,10.0,-0.07671830609210906,7.973787796684782
all_curves,52.5,C_44M_6,C,44M,a_same_polyol_same_iso,2,72.5,20.0,-0.17321682501948255,18.912390894858316
all_curves,52.5,C_44M_6,C,44M,b_same_polyol_other_iso,4,62.5,10.0,-0.18983199322799527,20.904645260115142
all_curves,52.5,C_44M_6,C,44M,b_same_polyol_other_iso,4,72.5,20.0,-0.526649465385419,69.32495026460566
all_curves,52.5,C_44M_6,C,44M,c_other_polyol_same_iso,8,62.5,10.0,-0.16712916245705545,18.19069134508969
all_curves,52.5,C_44M_6,C,44M,c_other_polyol_same_iso,8,72.5,20.0,-0.35058172350245886,41.98932936922301
all_curves,52.5,C_44M_6,C,44M,d_all_other,36,62.5,10.0,-0.13461923240446438,14.410106479114395
all_curves,52.5,C_44M_6,C,44M,d_all_other,36,72.5,20.0,-0.2966123137059591,34.529364642758786
all_curves,52.5,C_44M_6,C,44M,ref_own_curve,1,62.5,10.0,-0.03674185416043496,3.742517927466206
all_curves,52.5,C_44M_6,C,44M,ref_own_curve,1,72.5,20.0,-0.09534065121624513,10.00335190637963
all_curves,52.5,C_44M_8,C,44M,a_same_polyol_same_iso,2,62.5,10.0,-0.020986082623053903,2.1207839004191866
all_curves,52.5,C_44M_8,C,44M,a_same_polyol_same_iso,2,72.5,20.0,-0.06802713947970496,7.03943580305338
all_curves,52.5,C_44M_8,C,44M,b_same_polyol_other_iso,4,62.5,10.0,-0.14246862140895056,15.311689720612534
all_curves,52.5,C_44M_8,C,44M,b_same_polyol_other_iso,4,72.5,20.0,-0.4394920916730283,55.19187858284169
all_curves,52.5,C_44M_8,C,44M,c_other_polyol_same_iso,8,62.5,10.0,-0.11976579063801074,12.723281218257865
all_curves,52.5,C_44M_8,C,44M,c_other_polyol_same_iso,8,72.5,20.0,-0.2634243497900681,30.13788416351137
all_curves,52.5,C_44M_8,C,44M,d_all_other,36,62.5,10.0,-0.08679898126002827,9.067741108157232
all_curves,52.5,C_44M_8,C,44M,d_all_other,36,72.5,20.0,-0.20847706317828285,23.180067614441572
all_curves,52.5,C_44M_8,C,44M,ref_own_curve,1,62.5,10.0,-0.006116185641415139,0.6134927695292667
all_curves,52.5,C_44M_8,C,44M,ref_own_curve,1,72.5,20.0,-0.04424790115864141,4.524143933732115
all_curves,52.5,C_MLQ_10,C,MLQ,a_same_polyol_same_iso,3,62.5,10.0,-0.14906476728641893,16.07481652834653
all_curves,52.5,C_MLQ_10,C,MLQ,a_same_polyol_same_iso,3,72.5,20.0,-0.5026184224591754,65.30439763692992
all_curves,52.5,C_MLQ_10,C,MLQ,b_same_polyol_other_iso,3,62.5,10.0,0.010554445104716592,1.049894238740015
all_curves,52.5,C_MLQ_10,C,MLQ,b_same_polyol_other_iso,3,72.5,20.0,-0.014147770649168834,1.4248323998646706
all_curves,52.5,C_MLQ_10,C,MLQ,c_other_polyol_same_iso,8,62.5,10.0,-0.08596914556664936,8.97727034671472
all_curves,52.5,C_MLQ_10,C,MLQ,c_other_polyol_same_iso,8,72.5,20.0,-0.19977551113518421,22.112859761565367
all_curves,52.5,C_MLQ_10,C,MLQ,d_all_other,36,62.5,10.0,-0.05922532565513583,6.101428754690843
all_curves,52.5,C_MLQ_10,C,MLQ,d_all_other,36,72.5,20.0,-0.1607317478573147,17.43698993149305
all_curves,52.5,C_MLQ_10,C,MLQ,ref_own_curve,1,62.5,10.0,-0.016344602174310108,1.6478905900370797
all_curves,52.5,C_MLQ_10,C,MLQ,ref_own_curve,1,72.5,20.0,-0.06630127508717787,6.8548595747897485
all_curves,52.5,C_MLQ_4,C,MLQ,a_same_polyol_same_iso,3,62.5,10.0,-0.2975010515649297,34.64897912734736
all_curves,52.5,C_MLQ_4,C,MLQ,a_same_polyol_same_iso,3,72.5,20.0,-0.5223579261103142,68.59984261714112
all_curves,52.5,C_MLQ_4,C,MLQ,b_same_polyol_other_iso,3,62.5,10.0,-0.2968517225283476,34.5615760152141
all_curves,52.5,C_MLQ_4,C,MLQ,b_same_polyol_other_iso,3,72.5,20.0,-0.5096328792028126,66.46799441231586
all_curves,52.5,C_MLQ_4,C,MLQ,c_other_polyol_same_iso,8,62.5,10.0,-0.39337531319971397,48.19744895544284
all_curves,52.5,C_MLQ_4,C,MLQ,c_other_polyol_same_iso,8,72.5,20.0,-0.6952606196888267,100.42313480310243
all_curves,52.5,C_MLQ_4,C,MLQ,d_all_other,36,62.5,10.0,-0.35308070824493676,42.3446022627939
all_curves,52.5,C_MLQ_4,C,MLQ,d_all_other,36,72.5,20.0,-0.615694996197715,85.09425506759054
all_curves,52.5,C_MLQ_4,C,MLQ,ref_own_curve,1,62.5,10.0,-0.8006604198710336,122.7011205392044
all_curves,52.5,C_MLQ_4,C,MLQ,ref_own_curve,1,72.5,20.0,-1.9890231983483302,630.8391425738675
all_curves,52.5,C_MLQ_6,C,MLQ,a_same_polyol_same_iso,3,62.5,10.0,-0.23010564947682477,25.873298738643424
all_curves,52.5,C_MLQ_6,C,MLQ,a_same_polyol_same_iso,3,72.5,20.0,-0.6344921771458831,88.60641117643557
all_curves,52.5,C_MLQ_6,C,MLQ,b_same_polyol_other_iso,3,62.5,10.0,-0.05178117026684026,5.314525780008752
all_curves,52.5,C_MLQ_6,C,MLQ,b_same_polyol_other_iso,3,72.5,20.0,-0.12091987913383528,12.853448958421424
all_curves,52.5,C_MLQ_6,C,MLQ,c_other_polyol_same_iso,8,62.5,10.0,-0.14830476093820621,15.98663244539345
all_curves,52.5,C_MLQ_6,C,MLQ,c_other_polyol_same_iso,8,72.5,20.0,-0.3065476196198511,35.87261679603312
all_curves,52.5,C_MLQ_6,C,MLQ,d_all_other,36,62.5,10.0,-0.12303189099006984,13.092048654640868
all_curves,52.5,C_MLQ_6,C,MLQ,d_all_other,36,72.5,20.0,-0.26933768197613484,30.909712492136848
all_curves,52.5,C_MLQ_6,C,MLQ,ref_own_curve,1,62.5,10.0,-0.022564417089318667,2.282091918887077
all_curves,52.5,C_MLQ_6,C,MLQ,ref_own_curve,1,72.5,20.0,-0.09776844496571169,10.27074180898836
all_curves,52.5,C_MLQ_8,C,MLQ,a_same_polyol_same_iso,3,62.5,10.0,-0.18925367501117707,20.834744115764067
all_curves,52.5,C_MLQ_8,C,MLQ,a_same_polyol_same_iso,3,72.5,20.0,-0.5696999488020555,76.77365603778851
all_curves,52.5,C_MLQ_8,C,MLQ,b_same_polyol_other_iso,3,62.5,10.0,-0.022090011196437942,2.2335801997771405
all_curves,52.5,C_MLQ_8,C,MLQ,b_same_polyol_other_iso,3,72.5,20.0,-0.06690248566356427,6.919121161941686
all_curves,52.5,C_MLQ_8,C,MLQ,c_other_polyol_same_iso,8,62.5,10.0,-0.1186136018678039,12.593477513043016
all_curves,52.5,C_MLQ_8,C,MLQ,c_other_polyol_same_iso,8,72.5,20.0,-0.25253022614957965,28.727840503638063
all_curves,52.5,C_MLQ_8,C,MLQ,d_all_other,36,62.5,10.0,-0.09247987469267249,9.689106606835722
all_curves,52.5,C_MLQ_8,C,MLQ,d_all_other,36,72.5,20.0,-0.21462545953551881,23.93976054686838
all_curves,52.5,C_MLQ_8,C,MLQ,ref_own_curve,1,62.5,10.0,-0.026355704204656938,2.6706087201066113
all_curves,52.5,C_MLQ_8,C,MLQ,ref_own_curve,1,72.5,20.0,-0.07607555611612327,7.904409945865837
all_curves,52.5,D_44M_10,D,44M,a_same_polyol_same_iso,3,62.5,10.0,0.06747174592076954,6.524586913979846
all_curves,52.5,D_44M_10,D,44M,a_same_polyol_same_iso,3,72.5,20.0,0.06710591855669769,6.490384794350863
all_curves,52.5,D_44M_10,D,44M,b_same_polyol_other_iso,9,62.5,10.0,0.19475304586850078,17.696211443273
all_curves,52.5,D_44M_10,D,44M,b_same_polyol_other_iso,9,72.5,20.0,0.3013653642764059,26.019257584235035
all_curves,52.5,D_44M_10,D,44M,c_other_polyol_same_iso,7,62.5,10.0,-0.04306545857794153,4.40062317772634
all_curves,52.5,D_44M_10,D,44M,c_other_polyol_same_iso,7,72.5,20.0,-0.08803603454338793,9.202747203053521
all_curves,52.5,D_44M_10,D,44M,d_all_other,36,62.5,10.0,-0.0025795665453332006,0.25828964897695844
all_curves,52.5,D_44M_10,D,44M,d_all_other,36,72.5,20.0,-0.03715315971588751,3.7851965778077297
all_curves,52.5,D_44M_10,D,44M,ref_own_curve,1,62.5,10.0,-0.00473117112565169,0.4742380787065149
all_curves,52.5,D_44M_10,D,44M,ref_own_curve,1,72.5,20.0,-0.03422477284422695,3.4817179389795734
all_curves,52.5,D_44M_4,D,44M,a_same_polyol_same_iso,3,62.5,10.0,-0.09150151930939199,9.58184415785267
all_curves,52.5,D_44M_4,D,44M,a_same_polyol_same_iso,3,72.5,20.0,-0.23436445058734723,26.410511211666073
all_curves,52.5,D_44M_4,D,44M,b_same_polyol_other_iso,9,62.5,10.0,0.07441458504354248,7.171323975397145
all_curves,52.5,D_44M_4,D,44M,b_same_polyol_other_iso,9,72.5,20.0,0.05355215363545662,5.214349444796066
all_curves,52.5,D_44M_4,D,44M,c_other_polyol_same_iso,7,62.5,10.0,-0.16340391940289933,17.75122136755739
all_curves,52.5,D_44M_4,D,44M,c_other_polyol_same_iso,7,72.5,20.0,-0.33584924518433734,39.912808361479556
all_curves,52.5,D_44M_4,D,44M,d_all_other,36,62.5,10.0,-0.12596344568528783,13.424070613348801
all_curves,52.5,D_44M_4,D,44M,d_all_other,36,72.5,20.0,-0.28892613747302187,33.49931189215139
all_curves,52.5,D_44M_4,D,44M,ref_own_curve,1,62.5,10.0,-0.009165218734997538,0.9207347961724082
all_curves,52.5,D_44M_4,D,44M,ref_own_curve,1,72.5,20.0,-0.12106650797588836,12.869997742198743
all_curves,52.5,D_44M_6,D,44M,a_same_polyol_same_iso,3,62.5,10.0,-0.10574361509271091,11.15368586964944
all_curves,52.5,D_44M_6,D,44M,a_same_polyol_same_iso,3,72.5,20.0,0.13475928898498246,12.607374995366191
all_curves,52.5,D_44M_6,D,44M,b_same_polyol_other_iso,9,62.5,10.0,0.04995941062403508,4.873196490696142
all_curves,52.5,D_44M_6,D,44M,b_same_polyol_other_iso,9,72.5,20.0,0.41297432132079503,33.83207263404987
all_curves,52.5,D_44M_6,D,44M,c_other_polyol_same_iso,7,62.5,10.0,-0.18785909382240673,20.6663477031972
all_curves,52.5,D_44M_6,D,44M,c_other_polyol_same_iso,7,72.5,20.0,0.02357292250100107,2.3297251535273755
all_curves,52.5,D_44M_6,D,44M,d_all_other,36,62.5,10.0,-0.14963149702621736,16.140618223042246
all_curves,52.5,D_44M_6,D,44M,d_all_other,36,72.5,20.0,0.07111681361885358,6.864690895200389
all_curves,52.5,D_44M_6,D,44M,ref_own_curve,1,62.5,10.0,-0.06425962906307303,6.636922326643339
all_curves,52.5,D_44M_6,D,44M,ref_own_curve,1,72.5,20.0,0.20925094404846512,18.880835361610135
all_curves,52.5,D_44M_8,D,44M,a_same_polyol_same_iso,3,62.5,10.0,0.024656708968875396,2.4355215350206008
all_curves,52.5,D_44M_8,D,44M,a_same_polyol_same_iso,3,72.5,20.0,0.001028626666503496,0.10280978114409907
all_curves,52.5,D_44M_8,D,44M,b_same_polyol_other_iso,9,62.5,10.0,0.15708439578881284,14.536807156176742
all_curves,52.5,D_44M_8,D,44M,b_same_polyol_other_iso,9,72.5,20.0,0.2390060186679489,21.258985680176533
all_curves,52.5,D_44M_8,D,44M,c_other_polyol_same_iso,7,62.5,10.0,-0.08073410865762964,8.408261006158622
all_curves,52.5,D_44M_8,D,44M,c_other_polyol_same_iso,7,72.5,20.0,-0.15039538015184484,16.229369975170002
all_curves,52.5,D_44M_8,D,44M,d_all_other,36,62.5,10.0,-0.04064016642141022,4.147727961550206
all_curves,52.5,D_44M_8,D,44M,d_all_other,36,72.5,20.0,-0.0997140705767976,10.485496236517182
all_curves,52.5,D_44M_8,D,44M,ref_own_curve,1,62.5,10.0,-0.026960660588722707,2.732738751392471
all_curves,52.5,D_44M_8,D,44M,ref_own_curve,1,72.5,20.0,-0.08543027960747551,8.91856202477992
all_curves,52.5,D_I_5,D,I,a_same_polyol_same_iso,1,62.5,10.0,-0.09375002187246562,9.828516433003006
all_curves,52.5,D_I_5,D,I,a_same_polyol_same_iso,1,72.5,20.0,-0.18020809594591602,19.746652512535835
all_curves,52.5,D_I_5,D,I,b_same_polyol_other_iso,11,62.5,10.0,0.07921712510591217,7.616068604180068
all_curves,52.5,D_I_5,D,I,b_same_polyol_other_iso,11,72.5,20.0,0.12895143081010652,12.09833423642211
all_curves,52.5,D_I_5,D,I,c_other_polyol_same_iso,2,62.5,10.0,-0.2353629850868575,26.5367995093295
all_curves,52.5,D_I_5,D,I,c_other_polyol_same_iso,2,72.5,20.0,-0.4014624238636575,49.40079737279082
all_curves,52.5,D_I_5,D,I,d_all_other,36,62.5,10.0,-0.11368311237553552,12.039702867145412
all_curves,52.5,D_I_5,D,I,d_all_other,36,72.5,20.0,-0.22495720878729175,25.226912893067656
all_curves,52.5,D_I_5,D,I,ref_own_curve,1,62.5,10.0,0.04764174170527036,4.652468366309553
all_curves,52.5,D_I_5,D,I,ref_own_curve,1,72.5,20.0,0.07422439700539818,7.1536673926382965
all_curves,52.5,D_I_9,D,I,a_same_polyol_same_iso,1,62.5,10.0,0.12686856022675663,11.915055636033598
all_curves,52.5,D_I_9,D,I,b_same_polyol_other_iso,11,62.5,10.0,0.1584439436273986,14.652919507253348
all_curves,52.5,D_I_9,D,I,c_other_polyol_same_iso,2,62.5,10.0,-0.156136166565371,16.89853689757495
all_curves,52.5,D_I_9,D,I,d_all_other,36,62.5,10.0,-0.030782076503646283,3.126074345025715
all_curves,52.5,D_I_9,D,I,ref_own_curve,1,62.5,10.0,-0.01452320335097923,1.46291774751836
all_curves,52.5,D_MLQ_10,D,MLQ,a_same_polyol_same_iso,3,62.5,10.0,0.07935981315040819,7.629249746275733
all_curves,52.5,D_MLQ_10,D,MLQ,a_same_polyol_same_iso,3,72.5,20.0,0.15868661957279434,14.673628677788288
all_curves,52.5,D_MLQ_10,D,MLQ,b_same_polyol_other_iso,9,62.5,10.0,0.1824808170697635,16.679937299547028
all_curves,52.5,D_MLQ_10,D,MLQ,b_same_polyol_other_iso,9,72.5,20.0,0.2990519605480068,25.847912139723313
all_curves,52.5,D_MLQ_10,D,MLQ,c_other_polyol_same_iso,8,62.5,10.0,-0.09682711888510198,10.166989923634345
all_curves,52.5,D_MLQ_10,D,MLQ,c_other_polyol_same_iso,8,72.5,20.0,-0.23605295090997705,26.624135702387314
all_curves,52.5,D_MLQ_10,D,MLQ,d_all_other,36,62.5,10.0,-0.008652901490719733,0.8690446054497649
all_curves,52.5,D_MLQ_10,D,MLQ,d_all_other,36,72.5,20.0,-0.015939893055077398,1.6067610850687701
all_curves,52.5,D_MLQ_10,D,MLQ,ref_own_curve,1,62.5,10.0,-0.027933380925835305,2.8327175935065223
all_curves,52.5,D_MLQ_10,D,MLQ,ref_own_curve,1,72.5,20.0,-0.07045818401585804,7.299969995415124
all_curves,52.5,D_MLQ_4,D,MLQ,a_same_polyol_same_iso,3,62.5,10.0,-0.05856924143555098,6.031840112110796
all_curves,52.5,D_MLQ_4,D,MLQ,a_same_polyol_same_iso,3,72.5,20.0,-0.1416015631116947,15.211751095837672
all_curves,52.5,D_MLQ_4,D,MLQ,b_same_polyol_other_iso,9,62.5,10.0,0.1014673908742072,9.648935844598483
all_curves,52.5,D_MLQ_4,D,MLQ,b_same_polyol_other_iso,9,72.5,20.0,0.124291850264586,11.68779361395649
all_curves,52.5,D_MLQ_4,D,MLQ,c_other_polyol_same_iso,8,62.5,10.0,-0.1778405450806586,19.463481564850632
all_curves,52.5,D_MLQ_4,D,MLQ,c_other_polyol_same_iso,8,72.5,20.0,-0.41081306119339756,50.80434183693503
all_curves,52.5,D_MLQ_4,D,MLQ,d_all_other,36,62.5,10.0,-0.09433867521767159,9.893186388825805
all_curves,52.5,D_MLQ_4,D,MLQ,d_all_other,36,72.5,20.0,-0.20095050253401636,22.256425649296315
all_curves,52.5,D_MLQ_4,D,MLQ,ref_own_curve,1,62.5,10.0,0.061800078049820684,5.99291912050028
all_curves,52.5,D_MLQ_4,D,MLQ,ref_own_curve,1,72.5,20.0,0.1313659229039399,12.310316096197003
all_curves,52.5,D_MLQ_6,D,MLQ,a_same_polyol_same_iso,3,62.5,10.0,-0.028008994981714608,2.840493486340551
all_curves,52.5,D_MLQ_6,D,MLQ,a_same_polyol_same_iso,3,72.5,20.0,-0.07096381481109382,7.354237883174113
all_curves,52.5,D_MLQ_6,D,MLQ,b_same_polyol_other_iso,9,62.5,10.0,0.11181749156903065,10.579255699407687
all_curves,52.5,D_MLQ_6,D,MLQ,b_same_polyol_other_iso,9,72.5,20.0,0.14750043080352615,13.713793340272554
all_curves,52.5,D_MLQ_6,D,MLQ,c_other_polyol_same_iso,8,62.5,10.0,-0.16749044438583427,18.23339922034978
all_curves,52.5,D_MLQ_6,D,MLQ,c_other_polyol_same_iso,8,72.5,20.0,-0.38760448065445763,47.3446892272683
all_curves,52.5,D_MLQ_6,D,MLQ,d_all_other,36,62.5,10.0,-0.08231805075301102,8.580109477338308
all_curves,52.5,D_MLQ_6,D,MLQ,d_all_other,36,72.5,20.0,-0.17383072802957278,18.98541398181875
all_curves,52.5,D_MLQ_6,D,MLQ,ref_own_curve,1,62.5,10.0,0.011519741467607814,1.145364330059874
all_curves,52.5,D_MLQ_6,D,MLQ,ref_own_curve,1,72.5,20.0,0.012287000157900518,1.2211823186286348
all_curves,52.5,D_MLQ_8,D,MLQ,a_same_polyol_same_iso,3,62.5,10.0,0.03253576661126156,3.2012172432185326
all_curves,52.5,D_MLQ_8,D,MLQ,a_same_polyol_same_iso,3,72.5,20.0,0.06732990345704915,6.5113271907167665
all_curves,52.5,D_MLQ_8,D,MLQ,b_same_polyol_other_iso,9,62.5,10.0,0.14932885358506964,13.871416861130959
all_curves,52.5,D_MLQ_8,D,MLQ,b_same_polyol_other_iso,9,72.5,20.0,0.23321307098044275,20.801519343394894
all_curves,52.5,D_MLQ_8,D,MLQ,c_other_polyol_same_iso,8,62.5,10.0,-0.12997908236979572,13.880456198277718
all_curves,52.5,D_MLQ_8,D,MLQ,c_other_polyol_same_iso,8,72.5,20.0,-0.30189184047754103,35.24149422442764
all_curves,52.5,D_MLQ_8,D,MLQ,d_all_other,36,62.5,10.0,-0.0429086962013816,4.384258370649199
all_curves,52.5,D_MLQ_8,D,MLQ,d_all_other,36,72.5,20.0,-0.08380056307531081,8.741200207587084
all_curves,52.5,D_MLQ_8,D,MLQ,ref_own_curve,1,62.5,10.0,-0.020069095247173152,2.0271833525866167
all_curves,52.5,D_MLQ_8,D,MLQ,ref_own_curve,1,72.5,20.0,-0.059743593938884176,6.156432012065519
all_curves,52.5,D_TD80_10,D,TD80,a_same_polyol_same_iso,1,62.5,10.0,1.484690533284287,77.34275535409172
all_curves,52.5,D_TD80_10,D,TD80,a_same_polyol_same_iso,1,72.5,20.0,2.6739598151161355,93.10214584730542
all_curves,52.5,D_TD80_10,D,TD80,b_same_polyol_other_iso,11,62.5,10.0,0.05263642443777483,5.127511703201904
all_curves,52.5,D_TD80_10,D,TD80,b_same_polyol_other_iso,11,72.5,20.0,0.07555016211037316,7.276678260758258
all_curves,52.5,D_TD80_10,D,TD80,c_other_polyol_same_iso,3,62.5,10.0,-0.13567520420654794,14.530984135895931
all_curves,52.5,D_TD80_10,D,TD80,c_other_polyol_same_iso,3,72.5,20.0,-0.23102075194519192,25.988538425039483
all_curves,52.5,D_TD80_10,D,TD80,d_all_other,36,62.5,10.0,-0.007000982497674946,0.7025546666620722
all_curves,52.5,D_TD80_10,D,TD80,d_all_other,36,72.5,20.0,-0.027564465428510737,2.794788007190557
all_curves,52.5,D_TD80_10,D,TD80,ref_own_curve,1,62.5,10.0,0.03075014311964125,3.028216651774693
all_curves,52.5,D_TD80_10,D,TD80,ref_own_curve,1,72.5,20.0,0.09206475922803545,8.795391576774863
all_curves,52.5,D_TD80_7,D,TD80,a_same_polyol_same_iso,1,62.5,10.0,-0.028520770666067063,2.8931382202720006
all_curves,52.5,D_TD80_7,D,TD80,a_same_polyol_same_iso,1,72.5,20.0,0.005166275747708338,0.5152953497171325
all_curves,52.5,D_TD80_7,D,TD80,b_same_polyol_other_iso,11,62.5,10.0,-0.0066344893479334255,0.6656546324331807
all_curves,52.5,D_TD80_7,D,TD80,b_same_polyol_other_iso,11,72.5,20.0,-0.011348321369953951,1.1412957842664984
all_curves,52.5,D_TD80_7,D,TD80,c_other_polyol_same_iso,3,62.5,10.0,-0.19494611799225636,21.524550485790257
all_curves,52.5,D_TD80_7,D,TD80,c_other_polyol_same_iso,3,72.5,20.0,-0.317919235425519,37.426526479599644
all_curves,52.5,D_TD80_7,D,TD80,d_all_other,36,62.5,10.0,-0.10522471928045529,11.096023649171077
all_curves,52.5,D_TD80_7,D,TD80,d_all_other,36,72.5,20.0,-0.18195702466780667,19.956264116913786
all_curves,52.5,D_TD80_7,D,TD80,ref_own_curve,1,62.5,10.0,1.4254196194985789,75.95924376609267
all_curves,52.5,D_TD80_7,D,TD80,ref_own_curve,1,72.5,20.0,2.587061331635808,92.47591766506834
all_curves,52.5,D_W_5,D,W,b_same_polyol_other_iso,12,62.5,10.0,0.07591887200909109,7.310859965371859
all_curves,52.5,D_W_5,D,W,b_same_polyol_other_iso,12,72.5,20.0,0.08219814951073001,7.891057280665506
all_curves,52.5,D_W_5,D,W,c_other_polyol_same_iso,2,62.5,10.0,-0.27215831953739267,31.279482592885806
all_curves,52.5,D_W_5,D,W,c_other_polyol_same_iso,2,72.5,20.0,-0.5114302770966199,66.76747269505069
all_curves,52.5,D_W_5,D,W,d_all_other,36,62.5,10.0,-0.08797079038885913,9.195622594562094
all_curves,52.5,D_W_5,D,W,d_all_other,36,72.5,20.0,-0.19740885783227036,21.824202669044947
all_curves,52.5,D_W_5,D,W,ref_own_curve,1,62.5,10.0,0.007588348477588935,0.7559629650017435
all_curves,52.5,D_W_5,D,W,ref_own_curve,1,72.5,20.0,0.011414975622302093,1.1350071980641525
all_curves,52.5,D_W_9,D,W,a_same_polyol_same_iso,1,62.5,10.0,0.07655802714022442,7.370083776207864
all_curves,52.5,D_W_9,D,W,b_same_polyol_other_iso,12,62.5,10.0,0.1448885506717265,13.48812953633498
all_curves,52.5,D_W_9,D,W,c_other_polyol_same_iso,2,62.5,10.0,-0.20318864087475752,22.530358878825588
all_curves,52.5,D_W_9,D,W,d_all_other,37,62.5,10.0,-0.01645826457075994,1.6594447895021749
all_curves,52.5,P_44M_10,P,44M,a_same_polyol_same_iso,3,62.5,10.0,0.02073783363765802,2.0524283502274
all_curves,52.5,P_44M_10,P,44M,a_same_polyol_same_iso,3,72.5,20.0,0.04828880043340668,4.714143862873321
all_curves,52.5,P_44M_10,P,44M,b_same_polyol_other_iso,13,62.5,10.0,-0.00637094996141796,0.6391287630273718
all_curves,52.5,P_44M_10,P,44M,b_same_polyol_other_iso,13,72.5,20.0,-0.013314785905955445,1.3403822396232041
all_curves,52.5,P_44M_10,P,44M,c_other_polyol_same_iso,7,62.5,10.0,0.18648677034701377,17.013045923522903
all_curves,52.5,P_44M_10,P,44M,c_other_polyol_same_iso,7,72.5,20.0,0.31280587102929663,26.860811685840936
all_curves,52.5,P_44M_10,P,44M,d_all_other,36,62.5,10.0,0.13188274424405166,12.355624287017694
all_curves,52.5,P_44M_10,P,44M,d_all_other,36,72.5,20.0,0.21436516024593996,19.294637269197754
all_curves,52.5,P_44M_10,P,44M,ref_own_curve,1,62.5,10.0,-0.041879773075080284,4.276910229153138
all_curves,52.5,P_44M_10,P,44M,ref_own_curve,1,72.5,20.0,-0.10998960304209288,11.626646462309285
all_curves,52.5,P_44M_4,P,44M,a_same_polyol_same_iso,3,62.5,10.0,-0.08749049504469442,9.143189038231213
all_curves,52.5,P_44M_4,P,44M,a_same_polyol_same_iso,3,72.5,20.0,-0.1465919040984316,15.788133996930362
all_curves,52.5,P_44M_4,P,44M,b_same_polyol_other_iso,13,62.5,10.0,-0.08569988259016359,8.947930752742336
all_curves,52.5,P_44M_4,P,44M,b_same_polyol_other_iso,13,72.5,20.0,-0.13691174195840938,14.672693618043594
all_curves,52.5,P_44M_4,P,44M,c_other_polyol_same_iso,7,62.5,10.0,0.10715783771826759,10.161613705994233
all_curves,52.5,P_44M_4,P,44M,c_other_polyol_same_iso,7,72.5,20.0,0.1892089149768421,17.238641224083608
all_curves,52.5,P_44M_4,P,44M,d_all_other,36,62.5,10.0,0.0501512038796994,4.891439420550755
all_curves,52.5,P_44M_4,P,44M,d_all_other,36,72.5,20.0,0.08484636336214502,8.134658761840212
all_curves,52.5,P_44M_4,P,44M,ref_own_curve,1,62.5,10.0,-0.03451051754300405,3.5112915163462386
all_curves,52.5,P_44M_4,P,44M,ref_own_curve,1,72.5,20.0,-0.019735313656388254,1.9931342398235175
all_curves,52.5,P_44M_6,P,44M,a_same_polyol_same_iso,3,62.5,10.0,-0.015450183911816406,1.557015506574734
all_curves,52.5,P_44M_6,P,44M,a_same_polyol_same_iso,3,72.5,20.0,-0.02527160779180959,2.5593641922802233
all_curves,52.5,P_44M_6,P,44M,b_same_polyol_other_iso,13,62.5,10.0,-0.023423664492317142,2.3700153093045406
all_curves,52.5,P_44M_6,P,44M,b_same_polyol_other_iso,13,72.5,20.0,-0.03907759864317639,3.98511715594996
all_curves,52.5,P_44M_6,P,44M,c_other_polyol_same_iso,7,62.5,10.0,0.1694340558161147,15.585758107213179
all_curves,52.5,P_44M_6,P,44M,c_other_polyol_same_iso,7,72.5,20.0,0.2870430582920757,24.952058622043797
all_curves,52.5,P_44M_6,P,44M,d_all_other,36,62.5,10.0,0.11323678639744017,10.70608007746454
all_curves,52.5,P_44M_6,P,44M,d_all_other,36,72.5,20.0,0.18462445028849972,16.858353655803867
all_curves,52.5,P_44M_6,P,44M,ref_own_curve,1,62.5,10.0,-0.0015265785502538431,0.15277443644490624
all_curves,52.5,P_44M_6,P,44M,ref_own_curve,1,72.5,20.0,0.007640370684670494,0.7611257245577503
all_curves,52.5,P_44M_8,P,44M,a_same_polyol_same_iso,3,62.5,10.0,0.0018624954968184948,0.18607621283779685
all_curves,52.5,P_44M_8,P,44M,a_same_polyol_same_iso,3,72.5,20.0,-0.0004731614004256923,0.04732733589385714
all_curves,52.5,P_44M_8,P,44M,b_same_polyol_other_iso,13,62.5,10.0,-0.010663380461700789,1.072043692772778
all_curves,52.5,P_44M_8,P,44M,b_same_polyol_other_iso,13,72.5,20.0,-0.02287968823166603,2.314343594592204
all_curves,52.5,P_44M_8,P,44M,c_other_polyol_same_iso,7,62.5,10.0,0.18219433984673106,16.656064580029785
all_curves,52.5,P_44M_8,P,44M,c_other_polyol_same_iso,7,72.5,20.0,0.303240968703586,26.15788614542454
all_curves,52.5,P_44M_8,P,44M,d_all_other,36,62.5,10.0,0.1263650287133139,11.870690922108086
all_curves,52.5,P_44M_8,P,44M,d_all_other,36,72.5,20.0,0.2015054229945345,18.250085574531344
all_curves,52.5,P_44M_8,P,44M,ref_own_curve,1,62.5,10.0,-0.0024234806536898024,0.24264196566552518
all_curves,52.5,P_44M_8,P,44M,ref_own_curve,1,72.5,20.0,-0.0019633268434311457,0.19652554315212753
all_curves,52.5,P_I_5,P,I,a_same_polyol_same_iso,1,62.5,10.0,0.002833169830401161,0.2829160192312953
all_curves,52.5,P_I_5,P,I,a_same_polyol_same_iso,1,72.5,20.0,-0.00408971225054261,0.40980865359361285
all_curves,52.5,P_I_5,P,I,b_same_polyol_other_iso,15,62.5,10.0,0.005965929104316259,0.5948168286756221
all_curves,52.5,P_I_5,P,I,b_same_polyol_other_iso,15,72.5,20.0,-0.008750726466135339,0.8789125999187772
all_curves,52.5,P_I_5,P,I,c_other_polyol_same_iso,2,62.5,10.0,0.15832746831632438,14.642978100550696
all_curves,52.5,P_I_5,P,I,c_other_polyol_same_iso,2,72.5,20.0,0.18138589099369248,16.588658027328034
all_curves,52.5,P_I_5,P,I,d_all_other,36,62.5,10.0,0.1407142852199531,13.126251261762501
all_curves,52.5,P_I_5,P,I,d_all_other,36,72.5,20.0,0.21314881580785766,19.196412024361916
all_curves,52.5,P_I_5,P,I,ref_own_curve,1,62.5,10.0,0.02065664265797995,2.044475568085349
all_curves,52.5,P_I_5,P,I,ref_own_curve,1,72.5,20.0,0.054484435806766374,5.302675238226075
all_curves,52.5,P_I_9,P,I,a_same_polyol_same_iso,1,62.5,10.0,0.01849953301941426,1.8329466987235044
all_curves,52.5,P_I_9,P,I,a_same_polyol_same_iso,1,72.5,20.0,0.05473128769557081,5.326048566714413
all_curves,52.5,P_I_9,P,I,b_same_polyol_other_iso,15,62.5,10.0,0.003808819465750346,0.38015751132844555
all_curves,52.5,P_I_9,P,I,b_same_polyol_other_iso,15,72.5,20.0,-0.008503874577330886,0.8540135231214534
all_curves,52.5,P_I_9,P,I,c_other_polyol_same_iso,2,62.5,10.0,0.1561703586777586,14.458654914704908
all_curves,52.5,P_I_9,P,I,c_other_polyol_same_iso,2,72.5,20.0,0.1816327428824969,16.609245733480076
all_curves,52.5,P_I_9,P,I,d_all_other,36,62.5,10.0,0.13907058607399722,12.983339535390126
all_curves,52.5,P_I_9,P,I,d_all_other,36,72.5,20.0,0.21507588496552318,19.351976186986704
all_curves,52.5,P_I_9,P,I,ref_own_curve,1,62.5,10.0,0.0006760601918353037,0.06758317146348256
all_curves,52.5,P_I_9,P,I,ref_own_curve,1,72.5,20.0,-0.003842860361738143,0.3850253617000349
all_curves,52.5,P_MLQ_10,P,MLQ,a_same_polyol_same_iso,3,62.5,10.0,0.022521266230426495,2.22695556686799
all_curves,52.5,P_MLQ_10,P,MLQ,a_same_polyol_same_iso,3,72.5,20.0,0.0681466087241794,6.587648711880707
all_curves,52.5,P_MLQ_10,P,MLQ,b_same_polyol_other_iso,13,62.5,10.0,-0.00912649288947398,0.9168266310605553
all_curves,52.5,P_MLQ_10,P,MLQ,b_same_polyol_other_iso,13,72.5,20.0,0.023125482356809002,2.2860137732829124
all_curves,52.5,P_MLQ_10,P,MLQ,c_other_polyol_same_iso,8,62.5,10.0,0.12799482067203682,12.014206379434484
all_curves,52.5,P_MLQ_10,P,MLQ,c_other_polyol_same_iso,8,72.5,20.0,0.18279805925240727,16.706365745765506
all_curves,52.5,P_MLQ_10,P,MLQ,d_all_other,36,62.5,10.0,0.1303152754147297,12.218136734445775
all_curves,52.5,P_MLQ_10,P,MLQ,d_all_other,36,72.5,20.0,0.24862370777166315,22.012662153038338
all_curves,52.5,P_MLQ_10,P,MLQ,ref_own_curve,1,62.5,10.0,-0.03337672830200089,3.393998033312066
all_curves,52.5,P_MLQ_10,P,MLQ,ref_own_curve,1,72.5,20.0,-0.04800656958147212,4.917754795920967
all_curves,52.5,P_MLQ_4,P,MLQ,a_same_polyol_same_iso,3,62.5,10.0,-0.034602415646458606,3.5208044448260702
all_curves,52.5,P_MLQ_4,P,MLQ,a_same_polyol_same_iso,3,72.5,20.0,-0.09679670839398069,10.163639742306001
all_curves,52.5,P_MLQ_4,P,MLQ,b_same_polyol_other_iso,13,62.5,10.0,-0.03560105630013233,3.6242361656104163
all_curves,52.5,P_MLQ_4,P,MLQ,b_same_polyol_other_iso,13,72.5,20.0,-0.07020741890276394,7.273066279701867
all_curves,52.5,P_MLQ_4,P,MLQ,c_other_polyol_same_iso,8,62.5,10.0,0.1015202572613787,9.653712252680648
all_curves,52.5,P_MLQ_4,P,MLQ,c_other_polyol_same_iso,8,72.5,20.0,0.0894651579928345,8.557987519818559
all_curves,52.5,P_MLQ_4,P,MLQ,d_all_other,36,62.5,10.0,0.10130859470021436,9.63458730207775
all_curves,52.5,P_MLQ_4,P,MLQ,d_all_other,36,72.5,20.0,0.1493895145897539,13.876641349053251
all_curves,52.5,P_MLQ_4,P,MLQ,ref_own_curve,1,62.5,10.0,0.03209606368601792,3.158645176435105
all_curves,52.5,P_MLQ_4,P,MLQ,ref_own_curve,1,72.5,20.0,0.0734917767347083,7.085621364404659
all_curves,52.5,P_MLQ_6,P,MLQ,a_same_polyol_same_iso,3,62.5,10.0,0.003227307038578875,0.3222104881042885
all_curves,52.5,P_MLQ_6,P,MLQ,a_same_polyol_same_iso,3,72.5,20.0,0.005725550432259752,0.5709190706087621
all_curves,52.5,P_MLQ_6,P,MLQ,b_same_polyol_other_iso,13,62.5,10.0,-0.011916347841052888,1.1987630375085703
all_curves,52.5,P_MLQ_6,P,MLQ,b_same_polyol_other_iso,13,72.5,20.0,-0.013788406360985661,1.3883904855186842
all_curves,52.5,P_MLQ_6,P,MLQ,c_other_polyol_same_iso,8,62.5,10.0,0.12520496572045792,11.768396049284606
all_curves,52.5,P_MLQ_6,P,MLQ,c_other_polyol_same_iso,8,72.5,20.0,0.14588417053461278,13.574219609339247
all_curves,52.5,P_MLQ_6,P,MLQ,d_all_other,36,62.5,10.0,0.1262141284938363,11.857391186584556
all_curves,52.5,P_MLQ_6,P,MLQ,d_all_other,36,72.5,20.0,0.20977255491751579,18.923136966126368
all_curves,52.5,P_MLQ_6,P,MLQ,ref_own_curve,1,62.5,10.0,0.013345729467222345,1.3257070066091592
all_curves,52.5,P_MLQ_6,P,MLQ,ref_own_curve,1,72.5,20.0,-0.00839894957690368,0.8434319708538508
all_curves,52.5,P_MLQ_8,P,MLQ,a_same_polyol_same_iso,3,62.5,10.0,0.007252874609016802,0.7226635987435867
all_curves,52.5,P_MLQ_8,P,MLQ,a_same_polyol_same_iso,3,72.5,20.0,0.02404329683538231,2.3756559408685
all_curves,52.5,P_MLQ_8,P,MLQ,b_same_polyol_other_iso,13,62.5,10.0,-0.015650112684942985,1.5773217059164821
all_curves,52.5,P_MLQ_8,P,MLQ,b_same_polyol_other_iso,13,72.5,20.0,-0.0019422366590239326,0.19441240223480455
all_curves,52.5,P_MLQ_8,P,MLQ,c_other_polyol_same_iso,8,62.5,10.0,0.12147120087656782,11.43834420378233
all_curves,52.5,P_MLQ_8,P,MLQ,c_other_polyol_same_iso,8,72.5,20.0,0.15773034023657434,14.59199380540849
all_curves,52.5,P_MLQ_8,P,MLQ,d_all_other,36,62.5,10.0,0.12307477965159352,11.580245989544432
all_curves,52.5,P_MLQ_8,P,MLQ,d_all_other,36,72.5,20.0,0.2220049179084983,19.90885744841321
all_curves,52.5,P_MLQ_8,P,MLQ,ref_own_curve,1,62.5,10.0,-0.0136660326196556,1.3759839679790047
all_curves,52.5,P_MLQ_8,P,MLQ,ref_own_curve,1,72.5,20.0,-0.015967509978435213,1.6095671899501056
all_curves,52.5,P_TD80_10,P,TD80,a_same_polyol_same_iso,2,62.5,10.0,0.007303686716891994,0.7277079613119363
all_curves,52.5,P_TD80_10,P,TD80,a_same_polyol_same_iso,2,72.5,20.0,0.02115187912138572,2.09297470531423
all_curves,52.5,P_TD80_10,P,TD80,b_same_polyol_other_iso,14,62.5,10.0,0.007418764152397506,0.7391313047993596
all_curves,52.5,P_TD80_10,P,TD80,b_same_polyol_other_iso,14,72.5,20.0,0.021896271218352165,2.1658288018100995
all_curves,52.5,P_TD80_10,P,TD80,c_other_polyol_same_iso,2,62.5,10.0,0.9023672658315744,59.43916604239381
all_curves,52.5,P_TD80_10,P,TD80,c_other_polyol_same_iso,2,72.5,20.0,1.6448773652378825,80.69637657050697
all_curves,52.5,P_TD80_10,P,TD80,d_all_other,36,62.5,10.0,0.1420340884070973,13.240831883659265
all_curves,52.5,P_TD80_10,P,TD80,d_all_other,36,72.5,20.0,0.24231771298080748,21.519320536824864
all_curves,52.5,P_TD80_10,P,TD80,ref_own_curve,1,62.5,10.0,0.012307796835388268,1.2232365684817157
all_curves,52.5,P_TD80_10,P,TD80,ref_own_curve,1,72.5,20.0,0.050229220119006185,4.8988591433398465
all_curves,52.5,P_TD80_4,P,TD80,a_same_polyol_same_iso,2,62.5,10.0,-0.0112862070060471,1.1350136521214849
all_curves,52.5,P_TD80_4,P,TD80,a_same_polyol_same_iso,2,72.5,20.0,-0.025499303378891724,2.5827191657320463
all_curves,52.5,P_TD80_4,P,TD80,b_same_polyol_other_iso,14,62.5,10.0,-0.013201490641264746,1.3289015045622488
all_curves,52.5,P_TD80_4,P,TD80,b_same_polyol_other_iso,14,72.5,20.0,-0.04243513921607878,4.334838178504292
all_curves,52.5,P_TD80_4,P,TD80,c_other_polyol_same_iso,2,62.5,10.0,0.8817470110379121,58.594108604331566
all_curves,52.5,P_TD80_4,P,TD80,c_other_polyol_same_iso,2,72.5,20.0,1.5805459548034515,79.4137324197805
all_curves,52.5,P_TD80_4,P,TD80,d_all_other,36,62.5,10.0,0.12156015814593424,11.446222056451205
all_curves,52.5,P_TD80_4,P,TD80,d_all_other,36,72.5,20.0,0.17906646991053243,16.394967464027193
all_curves,52.5,P_TD80_4,P,TD80,ref_own_curve,1,62.5,10.0,-0.012373180099719328,1.24500445848344
all_curves,52.5,P_TD80_4,P,TD80,ref_own_curve,1,72.5,20.0,-0.04946264618372842,5.070634359007209
all_curves,52.5,P_TD80_7,P,TD80,a_same_polyol_same_iso,2,62.5,10.0,0.005512726489315778,0.5497559296304
all_curves,52.5,P_TD80_7,P,TD80,a_same_polyol_same_iso,2,72.5,20.0,-0.019698761873733678,1.989406277080781
all_curves,52.5,P_TD80_7,P,TD80,b_same_polyol_other_iso,14,62.5,10.0,0.002654054877048173,0.26505359872003104
all_curves,52.5,P_TD80_7,P,TD80,b_same_polyol_other_iso,14,72.5,20.0,-0.030351482840233868,3.08167846985737
all_curves,52.5,P_TD80_7,P,TD80,c_other_polyol_same_iso,2,62.5,10.0,0.897602556556225,59.24544431325669
all_curves,52.5,P_TD80_7,P,TD80,c_other_polyol_same_iso,2,72.5,20.0,1.5926296111792964,79.66099288937379
all_curves,52.5,P_TD80_7,P,TD80,d_all_other,36,62.5,10.0,0.13744503019607285,12.841774061373421
all_curves,52.5,P_TD80_7,P,TD80,d_all_other,36,72.5,20.0,0.19073353406617075,17.364724632523448
all_curves,52.5,P_TD80_7,P,TD80,ref_own_curve,1,62.5,10.0,0.0015955894644946733,0.15943171883918172
all_curves,52.5,P_TD80_7,P,TD80,ref_own_curve,1,72.5,20.0,-0.024812760066507844,2.512315856148676
all_curves,52.5,P_TDS_4,P,TDS,a_same_polyol_same_iso,1,62.5,10.0,-0.02878843690831756,2.9206829261622884
all_curves,52.5,P_TDS_4,P,TDS,a_same_polyol_same_iso,1,72.5,20.0,-0.07234066149440432,7.5021500123386184
all_curves,52.5,P_TDS_4,P,TDS,b_same_polyol_other_iso,15,62.5,10.0,-0.021548059012965526,2.1781894986751156
all_curves,52.5,P_TDS_4,P,TDS,b_same_polyol_other_iso,15,72.5,20.0,-0.05152754571755458,5.287818817788352
all_curves,52.5,P_TDS_4,P,TDS,d_all_other,36,62.5,10.0,0.11305717780365332,10.690040681709997
all_curves,52.5,P_TDS_4,P,TDS,d_all_other,36,72.5,20.0,0.16802684088017084,15.466885505181239
all_curves,52.5,P_TDS_4,P,TDS,ref_own_curve,1,62.5,10.0,-0.004877851210409956,0.488976729370761
all_curves,52.5,P_TDS_4,P,TDS,ref_own_curve,1,72.5,20.0,-0.016554172081539087,1.6691951613585991
all_curves,52.5,P_TDS_7,P,TDS,a_same_polyol_same_iso,1,62.5,10.0,0.013259347251209697,1.3171829343580839
all_curves,52.5,P_TDS_7,P,TDS,a_same_polyol_same_iso,1,72.5,20.0,0.03473994221778809,3.4143437884587784
all_curves,52.5,P_TDS_7,P,TDS,b_same_polyol_other_iso,15,62.5,10.0,-0.0034108605513457624,0.3416684155480912
all_curves,52.5,P_TDS_7,P,TDS,b_same_polyol_other_iso,15,72.5,20.0,-0.00023343141822740332,0.023345866546099006
all_curves,52.5,P_TDS_7,P,TDS,d_all_other,36,62.5,10.0,0.13185273828571153,12.352994394075271
all_curves,52.5,P_TDS_7,P,TDS,d_all_other,36,72.5,20.0,0.22085304332154307,19.816549343193852
all_curves,52.5,P_TDS_7,P,TDS,ref_own_curve,1,62.5,10.0,-0.010651238446697686,1.0708164819522874
all_curves,52.5,P_TDS_7,P,TDS,ref_own_curve,1,72.5,20.0,-0.021046547195077148,2.1269587765911444
all_curves,52.5,P_W_5,P,W,a_same_polyol_same_iso,1,62.5,10.0,-0.0013148828937741275,0.13157477312981147
all_curves,52.5,P_W_5,P,W,a_same_polyol_same_iso,1,72.5,20.0,-0.020874993599368508,2.1094400323389824
all_curves,52.5,P_W_5,P,W,b_same_polyol_other_iso,15,62.5,10.0,0.06267095420515556,6.074752007343926
all_curves,52.5,P_W_5,P,W,b_same_polyol_other_iso,15,72.5,20.0,0.10475770751533808,9.94573091189531
all_curves,52.5,P_W_5,P,W,c_other_polyol_same_iso,1,62.5,10.0,0.27926167364109344,24.365803743700432
all_curves,52.5,P_W_5,P,W,c_other_polyol_same_iso,1,72.5,20.0,0.5081516496108208,39.83934685523562
all_curves,52.5,P_W_5,P,W,d_all_other,36,62.5,10.0,0.19120354084904484,17.40355464655103
all_curves,52.5,P_W_5,P,W,d_all_other,36,72.5,20.0,0.31295233137271683,26.871522892076282
all_curves,52.5,P_W_5,P,W,ref_own_curve,1,62.5,10.0,0.0003448941459965327,0.03448346768476116
all_curves,52.5,P_W_5,P,W,ref_own_curve,1,72.5,20.0,-0.008512212616835657,0.8548544513762657
all_curves,52.5,P_W_9,P,W,a_same_polyol_same_iso,1,62.5,10.0,-0.011139864309104464,1.1202143643785558
all_curves,52.5,P_W_9,P,W,a_same_polyol_same_iso,1,72.5,20.0,-0.030362837840808954,3.0828489690211733
all_curves,52.5,P_W_9,P,W,b_same_polyol_other_iso,15,62.5,10.0,0.051186195750054564,4.98982508458782
all_curves,52.5,P_W_9,P,W,b_same_polyol_other_iso,15,72.5,20.0,0.0829070822913649,7.956333188699475
all_curves,52.5,P_W_9,P,W,c_other_polyol_same_iso,1,62.5,10.0,0.26777691518599245,23.49215605521209
all_curves,52.5,P_W_9,P,W,c_other_polyol_same_iso,1,72.5,20.0,0.48630102438684775,38.51033194451466
all_curves,52.5,P_W_9,P,W,d_all_other,36,62.5,10.0,0.17977580373345736,16.45425031322097
all_curves,52.5,P_W_9,P,W,d_all_other,36,72.5,20.0,0.2914769966091908,25.284079939962183
all_curves,52.5,P_W_9,P,W,ref_own_curve,1,62.5,10.0,-0.012799641348875124,1.288190737538324
all_curves,52.5,P_W_9,P,W,ref_own_curve,1,72.5,20.0,-0.04272561882334169,4.365149723551938
all_curves,55.0,C_44M_10,C,44M,a_same_polyol_same_iso,2,65.0,10.0,0.02705259764072787,2.6689953634159265
all_curves,55.0,C_44M_10,C,44M,a_same_polyol_same_iso,2,75.0,20.0,0.03310206469912558,3.2560186903593586
all_curves,55.0,C_44M_10,C,44M,b_same_polyol_other_iso,4,65.0,10.0,-0.08754220862758855,9.148833369527908
all_curves,55.0,C_44M_10,C,44M,b_same_polyol_other_iso,4,75.0,20.0,-0.27593142303047524,31.77574931132108
all_curves,55.0,C_44M_10,C,44M,c_other_polyol_same_iso,8,65.0,10.0,-0.03660709895337888,3.7285390248684815
all_curves,55.0,C_44M_10,C,44M,c_other_polyol_same_iso,8,75.0,20.0,-0.05328613693201745,5.473139955252364
all_curves,55.0,C_44M_10,C,44M,d_all_other,37,65.0,10.0,-0.08993228935749009,9.41001989696337
all_curves,55.0,C_44M_10,C,44M,d_all_other,37,75.0,20.0,-0.22204098585226384,24.86225526750319
all_curves,55.0,C_44M_10,C,44M,ref_own_curve,1,65.0,10.0,-0.025894006782536394,2.623216905914066
all_curves,55.0,C_44M_10,C,44M,ref_own_curve,1,75.0,20.0,-0.0651731506762343,6.73438196891686
all_curves,55.0,C_44M_6,C,44M,a_same_polyol_same_iso,2,65.0,10.0,-0.07452219208601196,7.736925232807515
all_curves,55.0,C_44M_6,C,44M,a_same_polyol_same_iso,2,75.0,20.0,-0.16689130984380807,18.162582723278835
all_curves,55.0,C_44M_6,C,44M,b_same_polyol_other_iso,4,65.0,10.0,-0.15256079957210833,16.481328009075618
all_curves,55.0,C_44M_6,C,44M,b_same_polyol_other_iso,4,75.0,20.0,-0.4025448601400057,49.56260177125933
all_curves,55.0,C_44M_6,C,44M,c_other_polyol_same_iso,8,65.0,10.0,-0.10162568989789866,10.696904447455804
all_curves,55.0,C_44M_6,C,44M,c_other_polyol_same_iso,8,75.0,20.0,-0.17989957404154833,19.709713745763345
all_curves,55.0,C_44M_6,C,44M,d_all_other,37,65.0,10.0,-0.1569906232901146,16.998464324290925
all_curves,55.0,C_44M_6,C,44M,d_all_other,37,75.0,20.0,-0.35278580588263964,42.30263069238816
all_curves,55.0,C_44M_6,C,44M,ref_own_curve,1,65.0,10.0,-0.017800200162617408,1.7959567913848986
all_curves,55.0,C_44M_6,C,44M,ref_own_curve,1,75.0,20.0,-0.045026712918960765,4.605580273938502
all_curves,55.0,C_44M_8,C,44M,a_same_polyol_same_iso,2,65.0,10.0,-0.009206927398172748,0.9249441528901272
all_curves,55.0,C_44M_8,C,44M,a_same_polyol_same_iso,2,75.0,20.0,-0.03778434450757029,3.850724893552103
all_curves,55.0,C_44M_8,C,44M,b_same_polyol_other_iso,4,65.0,10.0,-0.1074113280254485,11.33921296906722
all_curves,55.0,C_44M_8,C,44M,b_same_polyol_other_iso,4,75.0,20.0,-0.32192255429522554,37.97779139463202
all_curves,55.0,C_44M_8,C,44M,c_other_polyol_same_iso,8,65.0,10.0,-0.05647621835123884,5.810145110394633
all_curves,55.0,C_44M_8,C,44M,c_other_polyol_same_iso,8,75.0,20.0,-0.09927726819676774,10.437246447380812
all_curves,55.0,C_44M_8,C,44M,d_all_other,37,65.0,10.0,-0.11071303612405226,11.707430088438905
all_curves,55.0,C_44M_8,C,44M,d_all_other,37,75.0,20.0,-0.26944145097986594,30.923297567423553
all_curves,55.0,C_44M_8,C,44M,ref_own_curve,1,65.0,10.0,-0.012982314898308811,1.30669510093348
all_curves,55.0,C_44M_8,C,44M,ref_own_curve,1,75.0,20.0,-0.06137372605707281,6.329622144487447
all_curves,55.0,C_MLQ_10,C,MLQ,a_same_polyol_same_iso,3,65.0,10.0,-0.10190130294080002,10.727418162926154
all_curves,55.0,C_MLQ_10,C,MLQ,a_same_polyol_same_iso,3,75.0,20.0,-0.3500398689688142,41.9124126480941
all_curves,55.0,C_MLQ_10,C,MLQ,b_same_polyol_other_iso,3,65.0,10.0,0.018359581931252755,1.8192071513825074
all_curves,55.0,C_MLQ_10,C,MLQ,b_same_polyol_other_iso,3,75.0,20.0,0.0007551559223386572,0.07548708638641827
all_curves,55.0,C_MLQ_10,C,MLQ,c_other_polyol_same_iso,8,65.0,10.0,-0.08774224756611715,9.170669570269178
all_curves,55.0,C_MLQ_10,C,MLQ,c_other_polyol_same_iso,8,75.0,20.0,-0.2111999162296221,23.51592587625382
all_curves,55.0,C_MLQ_10,C,MLQ,d_all_other,37,65.0,10.0,-0.08120720106165158,8.459560264661826
all_curves,55.0,C_MLQ_10,C,MLQ,d_all_other,37,75.0,20.0,-0.22199171364708503,24.856103180407256
all_curves,55.0,C_MLQ_10,C,MLQ,ref_own_curve,1,65.0,10.0,-0.008641515961600899,0.8678961645430366
all_curves,55.0,C_MLQ_10,C,MLQ,ref_own_curve,1,75.0,20.0,-0.05196009982241767,5.333371347266623
all_curves,55.0,C_MLQ_4,C,MLQ,a_same_polyol_same_iso,3,65.0,10.0,-0.4352483964536136,54.53468699628195
all_curves,55.0,C_MLQ_4,C,MLQ,a_same_polyol_same_iso,3,75.0,20.0,-0.5337642308728823,70.5339533637141
all_curves,55.0,C_MLQ_4,C,MLQ,b_same_polyol_other_iso,3,65.0,10.0,-0.4317720383647199,53.99840178692723
all_curves,55.0,C_MLQ_4,C,MLQ,b_same_polyol_other_iso,3,75.0,20.0,-0.5160308921357313,67.53647321928815
all_curves,55.0,C_MLQ_4,C,MLQ,c_other_polyol_same_iso,8,65.0,10.0,-0.53787386786209,71.23622806501835
all_curves,55.0,C_MLQ_4,C,MLQ,c_other_polyol_same_iso,8,75.0,20.0,-0.7279859642876918,107.09055270164174
all_curves,55.0,C_MLQ_4,C,MLQ,d_all_other,37,65.0,10.0,-0.5215105155211202,68.45702984424513
all_curves,55.0,C_MLQ_4,C,MLQ,d_all_other,37,75.0,20.0,-0.7107923533594587,103.56035371164279
all_curves,55.0,C_MLQ_4,C,MLQ,ref_own_curve,1,65.0,10.0,-0.809126716607051,124.59457828675315
all_curves,55.0,C_MLQ_4,C,MLQ,ref_own_curve,1,75.0,20.0,-1.567931206342493,379.67145093925893
all_curves,55.0,C_MLQ_6,C,MLQ,a_same_polyol_same_iso,3,65.0,10.0,-0.1774772494430339,19.420088885805427
all_curves,55.0,C_MLQ_6,C,MLQ,a_same_polyol_same_iso,3,75.0,20.0,-0.4724712763375867,60.39531107821574
all_curves,55.0,C_MLQ_6,C,MLQ,b_same_polyol_other_iso,3,65.0,10.0,-0.04029074010646383,4.111342362171736
all_curves,55.0,C_MLQ_6,C,MLQ,b_same_polyol_other_iso,3,75.0,20.0,-0.09870342080837657,10.373890501986372
all_curves,55.0,C_MLQ_6,C,MLQ,c_other_polyol_same_iso,8,65.0,10.0,-0.1463925696038335,15.765055727983581
all_curves,55.0,C_MLQ_6,C,MLQ,c_other_polyol_same_iso,8,75.0,20.0,-0.31065849296033754,36.43232156360878
all_curves,55.0,C_MLQ_6,C,MLQ,d_all_other,37,65.0,10.0,-0.14126812276755008,15.17334125395409
all_curves,55.0,C_MLQ_6,C,MLQ,d_all_other,37,75.0,20.0,-0.323406259605846,38.18266172248549
all_curves,55.0,C_MLQ_6,C,MLQ,ref_own_curve,1,65.0,10.0,-0.016514964605764515,1.6652090469955416
all_curves,55.0,C_MLQ_6,C,MLQ,ref_own_curve,1,75.0,20.0,-0.08250018463895614,8.59988739567365
all_curves,55.0,C_MLQ_8,C,MLQ,a_same_polyol_same_iso,3,65.0,10.0,-0.14590350037130317,15.708452443615528
all_curves,55.0,C_MLQ_8,C,MLQ,a_same_polyol_same_iso,3,75.0,20.0,-0.41534370050450553,51.48913201362166
all_curves,55.0,C_MLQ_8,C,MLQ,b_same_polyol_other_iso,3,65.0,10.0,-0.019043500159817928,1.9225984146300672
all_curves,55.0,C_MLQ_8,C,MLQ,b_same_polyol_other_iso,3,75.0,20.0,-0.05253958924383406,5.394428610995077
all_curves,55.0,C_MLQ_8,C,MLQ,c_other_polyol_same_iso,8,65.0,10.0,-0.1251453296571876,13.331314511008241
all_curves,55.0,C_MLQ_8,C,MLQ,c_other_polyol_same_iso,8,75.0,20.0,-0.264494661395795,30.277246818705837
all_curves,55.0,C_MLQ_8,C,MLQ,d_all_other,37,65.0,10.0,-0.11916192793341995,12.65523238093637
all_curves,55.0,C_MLQ_8,C,MLQ,d_all_other,37,75.0,20.0,-0.2763024337984632,31.82464860379638
all_curves,55.0,C_MLQ_8,C,MLQ,ref_own_curve,1,65.0,10.0,-0.026247252034369062,2.659474473543654
all_curves,55.0,C_MLQ_8,C,MLQ,ref_own_curve,1,75.0,20.0,-0.06922758588001665,7.168008065068955
all_curves,55.0,D_44M_10,D,44M,a_same_polyol_same_iso,3,65.0,10.0,0.20090079017502055,18.200641947163643
all_curves,55.0,D_44M_10,D,44M,a_same_polyol_same_iso,3,75.0,20.0,0.4538519142410029,36.482321308166036
all_curves,55.0,D_44M_10,D,44M,b_same_polyol_other_iso,10,65.0,10.0,0.04257743746401055,4.1683746932785715
all_curves,55.0,D_44M_10,D,44M,b_same_polyol_other_iso,10,75.0,20.0,-0.03456933289331017,3.517379748256402
all_curves,55.0,D_44M_10,D,44M,c_other_polyol_same_iso,7,65.0,10.0,-0.03165874414947906,3.216521278002927
all_curves,55.0,D_44M_10,D,44M,c_other_polyol_same_iso,7,75.0,20.0,-0.03258907464306904,3.3125914367600617
all_curves,55.0,D_44M_10,D,44M,d_all_other,37,65.0,10.0,-0.031508112102360764,3.2009747330397347
all_curves,55.0,D_44M_10,D,44M,d_all_other,37,75.0,20.0,-0.08074684781776832,8.409642045152555
all_curves,55.0,D_44M_10,D,44M,ref_own_curve,1,65.0,10.0,-0.01825951320905045,1.8427237419263827
all_curves,55.0,D_44M_10,D,44M,ref_own_curve,1,75.0,20.0,-0.03908662542880946,3.9860558115480713
all_curves,55.0,D_44M_4,D,44M,a_same_polyol_same_iso,3,65.0,10.0,0.058791514510698306,5.709666967150049
all_curves,55.0,D_44M_4,D,44M,a_same_polyol_same_iso,3,75.0,20.0,0.16486170787844667,15.198903078465943
all_curves,55.0,D_44M_4,D,44M,b_same_polyol_other_iso,10,65.0,10.0,-0.071655768029534,7.428547700084096
all_curves,55.0,D_44M_4,D,44M,b_same_polyol_other_iso,10,75.0,20.0,-0.2931247604089142,34.061003505487875
all_curves,55.0,D_44M_4,D,44M,c_other_polyol_same_iso,7,65.0,10.0,-0.14589194964302354,15.707115934440536
all_curves,55.0,D_44M_4,D,44M,c_other_polyol_same_iso,7,75.0,20.0,-0.2911445021586734,33.795790778773224
all_curves,55.0,D_44M_4,D,44M,d_all_other,37,65.0,10.0,-0.14806049601466542,15.95830443939738
all_curves,55.0,D_44M_4,D,44M,d_all_other,37,75.0,20.0,-0.341909363263722,40.76327084974876
all_curves,55.0,D_44M_4,D,44M,ref_own_curve,1,65.0,10.0,-0.04886450819026367,5.00780641236377
all_curves,55.0,D_44M_4,D,44M,ref_own_curve,1,75.0,20.0,-0.20633771640355913,22.916824418722285
all_curves,55.0,D_44M_6,D,44M,a_same_polyol_same_iso,3,65.0,10.0,0.11179708050197945,10.57743050797301
all_curves,55.0,D_44M_6,D,44M,a_same_polyol_same_iso,3,75.0,20.0,0.3100741500320652,26.66074268747537
all_curves,55.0,D_44M_6,D,44M,b_same_polyol_other_iso,10,65.0,10.0,0.13648836371385675,12.75835281117387
all_curves,55.0,D_44M_6,D,44M,b_same_polyol_other_iso,10,75.0,20.0,0.2709552294811459,23.734936009439846
all_curves,55.0,D_44M_6,D,44M,c_other_polyol_same_iso,7,65.0,10.0,0.062252182100367204,6.035410496560578
all_curves,55.0,D_44M_6,D,44M,c_other_polyol_same_iso,7,75.0,20.0,0.27293548773138676,23.88581109649061
all_curves,55.0,D_44M_6,D,44M,d_all_other,37,65.0,10.0,0.04704042624477767,4.595117180069006
all_curves,55.0,D_44M_6,D,44M,d_all_other,37,75.0,20.0,0.18695146934259022,17.051600918800585
all_curves,55.0,D_44M_6,D,44M,ref_own_curve,1,65.0,10.0,0.6246953208094559,46.45754636157146
all_curves,55.0,D_44M_6,D,44M,ref_own_curve,1,75.0,20.0,1.6143449166958237,80.09789969169101
all_curves,55.0,D_44M_8,D,44M,a_same_polyol_same_iso,3,65.0,10.0,0.16490045515951235,15.202188826745722
all_curves,55.0,D_44M_8,D,44M,a_same_polyol_same_iso,3,75.0,20.0,0.36983461424857983,30.915142229918334
all_curves,55.0,D_44M_8,D,44M,b_same_polyol_other_iso,10,65.0,10.0,0.014846699738901403,1.4737030903250214
all_curves,55.0,D_44M_8,D,44M,b_same_polyol_other_iso,10,75.0,20.0,-0.10538519864628659,11.113853699231974
all_curves,55.0,D_44M_8,D,44M,c_other_polyol_same_iso,7,65.0,10.0,-0.059389481874588146,6.118847393763556
all_curves,55.0,D_44M_8,D,44M,c_other_polyol_same_iso,7,75.0,20.0,-0.10340494039604542,10.894037292187523
all_curves,55.0,D_44M_8,D,44M,d_all_other,37,65.0,10.0,-0.05992912710648657,6.176129378358964
all_curves,55.0,D_44M_8,D,44M,d_all_other,37,75.0,20.0,-0.15268250149584406,16.49550487343195
all_curves,55.0,D_44M_8,D,44M,ref_own_curve,1,65.0,10.0,-0.021181459062950436,2.1407378448189296
all_curves,55.0,D_44M_8,D,44M,ref_own_curve,1,75.0,20.0,-0.07029818846341229,7.282803850728314
all_curves,55.0,D_I_5,D,I,a_same_polyol_same_iso,1,65.0,10.0,-0.07094128650058451,7.351819400810854
all_curves,55.0,D_I_5,D,I,a_same_polyol_same_iso,1,75.0,20.0,-0.1505835643608624,16.25124456538506
all_curves,55.0,D_I_5,D,I,b_same_polyol_other_iso,12,65.0,10.0,-0.0002484439542285166,0.024847481898371396
all_curves,55.0,D_I_5,D,I,b_same_polyol_other_iso,12,75.0,20.0,-0.08993551613176454,9.410372938970534
all_curves,55.0,D_I_5,D,I,c_other_polyol_same_iso,2,65.0,10.0,-0.2102250582111267,23.39557405800035
all_curves,55.0,D_I_5,D,I,c_other_polyol_same_iso,2,75.0,20.0,-0.3785032047478567,46.00974860348007
all_curves,55.0,D_I_5,D,I,d_all_other,37,65.0,10.0,-0.11628463169955605,12.331555785112077
all_curves,55.0,D_I_5,D,I,d_all_other,37,75.0,20.0,-0.2608821718848773,29.80747067264668
all_curves,55.0,D_I_5,D,I,ref_own_curve,1,65.0,10.0,0.07219260305274111,6.9648310021648205
all_curves,55.0,D_I_5,D,I,ref_own_curve,1,75.0,20.0,0.11381984158589553,10.75812818583858
all_curves,55.0,D_I_9,D,I,a_same_polyol_same_iso,1,65.0,10.0,0.13101467907793546,12.279510226252418
all_curves,55.0,D_I_9,D,I,a_same_polyol_same_iso,1,75.0,20.0,0.23678058928033507,21.08355798432479
all_curves,55.0,D_I_9,D,I,b_same_polyol_other_iso,12,65.0,10.0,0.058573632070965664,5.689120521072033
all_curves,55.0,D_I_9,D,I,b_same_polyol_other_iso,12,75.0,20.0,0.033025231562675075,3.2485852612794517
all_curves,55.0,D_I_9,D,I,c_other_polyol_same_iso,2,65.0,10.0,-0.1514029821859325,16.346541946222544
all_curves,55.0,D_I_9,D,I,c_other_polyol_same_iso,2,75.0,20.0,-0.25554245705341727,29.116183078102814
all_curves,55.0,D_I_9,D,I,d_all_other,37,65.0,10.0,-0.05302089850742264,5.445168135538251
all_curves,55.0,D_I_9,D,I,d_all_other,37,75.0,20.0,-0.12924123057105336,13.796460290906682
all_curves,55.0,D_I_9,D,I,ref_own_curve,1,65.0,10.0,-0.01211921047539033,1.2192945676397828
all_curves,55.0,D_I_9,D,I,ref_own_curve,1,75.0,20.0,-0.02762281666642287,2.800786385326385
all_curves,55.0,D_MLQ_10,D,MLQ,a_same_polyol_same_iso,3,65.0,10.0,0.07170739352472605,6.919678498399906
all_curves,55.0,D_MLQ_10,D,MLQ,a_same_polyol_same_iso,3,75.0,20.0,0.13211904896138643,12.376332619611828
all_curves,55.0,D_MLQ_10,D,MLQ,b_same_polyol_other_iso,10,65.0,10.0,0.10674176306999489,10.124226453610992
all_curves,55.0,D_MLQ_10,D,MLQ,b_same_polyol_other_iso,10,75.0,20.0,0.12699294854298265,11.926011692531056
all_curves,55.0,D_MLQ_10,D,MLQ,c_other_polyol_same_iso,8,65.0,10.0,-0.05940604108471459,6.120604652605294
all_curves,55.0,D_MLQ_10,D,MLQ,c_other_polyol_same_iso,8,75.0,20.0,-0.13618210034852257,14.589054166384791
all_curves,55.0,D_MLQ_10,D,MLQ,d_all_other,37,65.0,10.0,-0.016167895527004594,1.6299303189816126
all_curves,55.0,D_MLQ_10,D,MLQ,d_all_other,37,75.0,20.0,-0.042403804516956536,4.331568928962743
all_curves,55.0,D_MLQ_10,D,MLQ,ref_own_curve,1,65.0,10.0,0.008786060551780106,0.8747575913698135
all_curves,55.0,D_MLQ_10,D,MLQ,ref_own_curve,1,75.0,20.0,0.021742098947585914,2.1507443227036207
all_curves,55.0,D_MLQ_4,D,MLQ,a_same_polyol_same_iso,3,65.0,10.0,-0.055359016500412306,5.691999828793199
all_curves,55.0,D_MLQ_4,D,MLQ,a_same_polyol_same_iso,3,75.0,20.0,-0.12004939698767769,12.755254790306378
all_curves,55.0,D_MLQ_4,D,MLQ,b_same_polyol_other_iso,10,65.0,10.0,0.014053724114039934,1.3955431531009035
all_curves,55.0,D_MLQ_4,D,MLQ,b_same_polyol_other_iso,10,75.0,20.0,-0.06086250275618266,6.275277856289109
all_curves,55.0,D_MLQ_4,D,MLQ,c_other_polyol_same_iso,8,65.0,10.0,-0.1520940800406696,16.426976582668594
all_curves,55.0,D_MLQ_4,D,MLQ,c_other_polyol_same_iso,8,75.0,20.0,-0.3240375516476881,38.269922877889925
all_curves,55.0,D_MLQ_4,D,MLQ,d_all_other,37,65.0,10.0,-0.11173070800741014,11.82116946406814
all_curves,55.0,D_MLQ_4,D,MLQ,d_all_other,37,75.0,20.0,-0.23569738255825046,26.579120170690285
all_curves,55.0,D_MLQ_4,D,MLQ,ref_own_curve,1,65.0,10.0,0.019233134803377183,1.904935815251008
all_curves,55.0,D_MLQ_4,D,MLQ,ref_own_curve,1,75.0,20.0,0.026825631598121014,2.6469020233464717
all_curves,55.0,D_MLQ_6,D,MLQ,a_same_polyol_same_iso,3,65.0,10.0,-0.02954276728705585,2.9983484129292766
all_curves,55.0,D_MLQ_6,D,MLQ,a_same_polyol_same_iso,3,75.0,20.0,-0.0807005157627918,8.404619320014824
all_curves,55.0,D_MLQ_6,D,MLQ,b_same_polyol_other_iso,10,65.0,10.0,0.028920805423899187,2.8506601571938366
all_curves,55.0,D_MLQ_6,D,MLQ,b_same_polyol_other_iso,10,75.0,20.0,-0.043339454835091606,4.429232476962643
all_curves,55.0,D_MLQ_6,D,MLQ,c_other_polyol_same_iso,8,65.0,10.0,-0.13722699873081057,14.708850660392944
all_curves,55.0,D_MLQ_6,D,MLQ,c_other_polyol_same_iso,8,75.0,20.0,-0.30651450372659683,35.8681173274615
all_curves,55.0,D_MLQ_6,D,MLQ,d_all_other,37,65.0,10.0,-0.09594730646821636,10.070106263941575
all_curves,55.0,D_MLQ_6,D,MLQ,d_all_other,37,75.0,20.0,-0.21633088160213076,24.151310489131685
all_curves,55.0,D_MLQ_6,D,MLQ,ref_own_curve,1,65.0,10.0,0.0012527124027454928,0.12519280861054108
all_curves,55.0,D_MLQ_6,D,MLQ,ref_own_curve,1,75.0,20.0,-0.02112882039216779,2.13536143365083
all_curves,55.0,D_MLQ_8,D,MLQ,a_same_polyol_same_iso,3,65.0,10.0,0.025497255470174895,2.5174945601494256
all_curves,55.0,D_MLQ_8,D,MLQ,a_same_polyol_same_iso,3,75.0,20.0,0.04305468242722843,4.2140989420716135
all_curves,55.0,D_MLQ_8,D,MLQ,b_same_polyol_other_iso,10,65.0,10.0,0.06564538375351314,6.353710962762375
all_curves,55.0,D_MLQ_8,D,MLQ,b_same_polyol_other_iso,10,75.0,20.0,0.0415053760266042,4.065582213221383
all_curves,55.0,D_MLQ_8,D,MLQ,c_other_polyol_same_iso,8,65.0,10.0,-0.10050242040119639,10.572631800214161
all_curves,55.0,D_MLQ_8,D,MLQ,c_other_polyol_same_iso,8,75.0,20.0,-0.22166967286490102,24.815900897013435
all_curves,55.0,D_MLQ_8,D,MLQ,d_all_other,37,65.0,10.0,-0.05768862320394441,5.938507641746302
all_curves,55.0,D_MLQ_8,D,MLQ,d_all_other,37,75.0,20.0,-0.12820309137735642,13.678385025259715
all_curves,55.0,D_MLQ_8,D,MLQ,ref_own_curve,1,65.0,10.0,-0.016969042550489366,1.7113834587672425
all_curves,55.0,D_MLQ_8,D,MLQ,ref_own_curve,1,75.0,20.0,-0.053015091515443924,5.4445558180705556
all_curves,55.0,D_TD80_10,D,TD80,a_same_polyol_same_iso,1,65.0,10.0,-0.02556273800163303,2.589226668220402
all_curves,55.0,D_TD80_10,D,TD80,a_same_polyol_same_iso,1,75.0,20.0,-1.219306285775294,238.483880814448
all_curves,55.0,D_TD80_10,D,TD80,b_same_polyol_other_iso,12,65.0,10.0,0.09505149846472763,9.067389563590897
all_curves,55.0,D_TD80_10,D,TD80,b_same_polyol_other_iso,12,75.0,20.0,0.1797783932751429,16.454466658142316
all_curves,55.0,D_TD80_10,D,TD80,c_other_polyol_same_iso,3,65.0,10.0,-0.13393422932051868,14.331762039496482
all_curves,55.0,D_TD80_10,D,TD80,c_other_polyol_same_iso,3,75.0,20.0,-0.25195080174930795,28.65327405675155
all_curves,55.0,D_TD80_10,D,TD80,d_all_other,37,65.0,10.0,-0.0293523993118176,2.9787426920989213
all_curves,55.0,D_TD80_10,D,TD80,d_all_other,37,75.0,20.0,-0.10045387224650329,10.567263833284198
all_curves,55.0,D_TD80_10,D,TD80,ref_own_curve,1,65.0,10.0,0.03159447807899482,3.110058762586693
all_curves,55.0,D_TD80_10,D,TD80,ref_own_curve,1,75.0,20.0,0.07054504792161842,6.81142409363905
all_curves,55.0,D_TD80_7,D,TD80,a_same_polyol_same_iso,1,65.0,10.0,-0.00440592216285518,0.4415642508359973
all_curves,55.0,D_TD80_7,D,TD80,a_same_polyol_same_iso,1,75.0,20.0,0.02074302505931447,2.052936836052176
all_curves,55.0,D_TD80_7,D,TD80,b_same_polyol_other_iso,12,65.0,10.0,0.059051098222877685,5.734140025280283
all_curves,55.0,D_TD80_7,D,TD80,b_same_polyol_other_iso,12,75.0,20.0,0.12997637041283897,12.188381980177056
all_curves,55.0,D_TD80_7,D,TD80,c_other_polyol_same_iso,3,65.0,10.0,-0.1699346295623686,18.522736995603108
all_curves,55.0,D_TD80_7,D,TD80,c_other_polyol_same_iso,3,75.0,20.0,-0.3017528246116119,35.22269481773666
all_curves,55.0,D_TD80_7,D,TD80,d_all_other,37,65.0,10.0,-0.0635441958237184,6.560658012134126
all_curves,55.0,D_TD80_7,D,TD80,d_all_other,37,75.0,20.0,-0.1145107847676698,12.132473422549257
all_curves,55.0,D_TD80_7,D,TD80,ref_own_curve,1,65.0,10.0,-0.06156313824348303,6.349764178211112
all_curves,55.0,D_TD80_7,D,TD80,ref_own_curve,1,75.0,20.0,-1.2691083086375983,255.76787961031505
all_curves,55.0,D_W_5,D,W,a_same_polyol_same_iso,1,65.0,10.0,-0.028913533385188872,2.9335587463366197
all_curves,55.0,D_W_5,D,W,a_same_polyol_same_iso,1,75.0,20.0,-0.03465958204534658,3.5267225255822385
all_curves,55.0,D_W_5,D,W,b_same_polyol_other_iso,12,65.0,10.0,-0.005212806117971258,0.5226416430813549
all_curves,55.0,D_W_5,D,W,b_same_polyol_other_iso,12,75.0,20.0,-0.11106814066415116,11.74710494797055
all_curves,55.0,D_W_5,D,W,c_other_polyol_same_iso,2,65.0,10.0,-0.26705723770414025,30.61152032267528
all_curves,55.0,D_W_5,D,W,c_other_polyol_same_iso,2,75.0,20.0,-0.5022452158680708,65.24271645682065
all_curves,55.0,D_W_5,D,W,d_all_other,37,65.0,10.0,-0.1093969654518232,11.560511914385183
all_curves,55.0,D_W_5,D,W,d_all_other,37,75.0,20.0,-0.2465660844430475,27.962374364591692
all_curves,55.0,D_W_5,D,W,ref_own_curve,1,65.0,10.0,-0.0006447174666679434,0.06449253416449995
all_curves,55.0,D_W_5,D,W,ref_own_curve,1,75.0,20.0,-0.007030996073134066,0.7055771557431115
all_curves,55.0,D_W_9,D,W,a_same_polyol_same_iso,1,65.0,10.0,0.06269594912941645,6.077099632464209
all_curves,55.0,D_W_9,D,W,a_same_polyol_same_iso,1,75.0,20.0,0.163715059906977,15.10161030308075
all_curves,55.0,D_W_9,D,W,b_same_polyol_other_iso,12,65.0,10.0,0.05812786047811297,5.647070038344368
all_curves,55.0,D_W_9,D,W,b_same_polyol_other_iso,12,75.0,20.0,0.05967791531595982,5.793208962962606
all_curves,55.0,D_W_9,D,W,c_other_polyol_same_iso,2,65.0,10.0,-0.20371657110805552,22.59506343801827
all_curves,55.0,D_W_9,D,W,c_other_polyol_same_iso,2,75.0,20.0,-0.3314991598879599,39.305497595558414
all_curves,55.0,D_W_9,D,W,d_all_other,37,65.0,10.0,-0.04354450488520828,4.450647891856604
all_curves,55.0,D_W_9,D,W,d_all_other,37,75.0,20.0,-0.07038986719363499,7.292639852829281
all_curves,55.0,D_W_9,D,W,ref_own_curve,1,65.0,10.0,0.03442713321089558,3.384126199338561
all_curves,55.0,D_W_9,D,W,ref_own_curve,1,75.0,20.0,0.13608647393476447,12.72328423847905
all_curves,55.0,P_44M_10,P,44M,a_same_polyol_same_iso,3,65.0,10.0,0.04551964697011596,4.449917030870677
all_curves,55.0,P_44M_10,P,44M,a_same_polyol_same_iso,3,75.0,20.0,0.09589959741706056,9.144476721845287
all_curves,55.0,P_44M_10,P,44M,b_same_polyol_other_iso,13,65.0,10.0,-0.0012409253062855008,0.12416955726747916
all_curves,55.0,P_44M_10,P,44M,b_same_polyol_other_iso,13,75.0,20.0,-0.015333541302915907,1.5451703221739344
all_curves,55.0,P_44M_10,P,44M,c_other_polyol_same_iso,7,65.0,10.0,0.24840960607602672,21.995963144187865
all_curves,55.0,P_44M_10,P,44M,c_other_polyol_same_iso,7,75.0,20.0,0.4707159400887742,37.54450357561847
all_curves,55.0,P_44M_10,P,44M,d_all_other,37,65.0,10.0,0.10855068064390444,10.286657363492086
all_curves,55.0,P_44M_10,P,44M,d_all_other,37,75.0,20.0,0.14804028283403048,13.760362552769347
all_curves,55.0,P_44M_10,P,44M,ref_own_curve,1,65.0,10.0,-0.01174976235911035,1.1819061968874198
all_curves,55.0,P_44M_10,P,44M,ref_own_curve,1,75.0,20.0,-0.041534035783274824,4.24086404422691
all_curves,55.0,P_44M_4,P,44M,a_same_polyol_same_iso,3,65.0,10.0,-0.07031270751719632,7.284361506835343
all_curves,55.0,P_44M_4,P,44M,a_same_polyol_same_iso,3,75.0,20.0,-0.10184430610959261,10.721107230816365
all_curves,55.0,P_44M_4,P,44M,b_same_polyol_other_iso,13,65.0,10.0,-0.08167236113392828,8.510023057281865
all_curves,55.0,P_44M_4,P,44M,b_same_polyol_other_iso,13,75.0,20.0,-0.12768249669999765,13.619220064902787
all_curves,55.0,P_44M_4,P,44M,c_other_polyol_same_iso,7,65.0,10.0,0.16797817024838357,15.462771124967901
all_curves,55.0,P_44M_4,P,44M,c_other_polyol_same_iso,7,75.0,20.0,0.3583669846916926,30.118342704133493
all_curves,55.0,P_44M_4,P,44M,d_all_other,37,65.0,10.0,0.025148492163698855,2.4834903098559495
all_curves,55.0,P_44M_4,P,44M,d_all_other,37,75.0,20.0,0.02850023883439201,2.8097937977529237
all_curves,55.0,P_44M_4,P,44M,ref_own_curve,1,65.0,10.0,0.014021557792254669,1.39237135940031
all_curves,55.0,P_44M_4,P,44M,ref_own_curve,1,75.0,20.0,0.10230185320835794,9.724298956274447
all_curves,55.0,P_44M_6,P,44M,a_same_polyol_same_iso,3,65.0,10.0,0.016298654317414618,1.6166549932780432
all_curves,55.0,P_44M_6,P,44M,a_same_polyol_same_iso,3,75.0,20.0,0.03216214066261369,3.1650439489631843
all_curves,55.0,P_44M_6,P,44M,b_same_polyol_other_iso,13,65.0,10.0,-0.014310145275664987,1.4413025562745942
all_curves,55.0,P_44M_6,P,44M,b_same_polyol_other_iso,13,75.0,20.0,-0.04104049849496505,4.1894299842127305
all_curves,55.0,P_44M_6,P,44M,c_other_polyol_same_iso,7,65.0,10.0,0.23534038610664731,20.96982039111572
all_curves,55.0,P_44M_6,P,44M,c_other_polyol_same_iso,7,75.0,20.0,0.4450089828967251,35.9181480400117
all_curves,55.0,P_44M_6,P,44M,d_all_other,37,65.0,10.0,0.09412655480179366,8.983243112449413
all_curves,55.0,P_44M_6,P,44M,d_all_other,37,75.0,20.0,0.1191296684320367,11.230731242009048
all_curves,55.0,P_44M_6,P,44M,ref_own_curve,1,65.0,10.0,0.023636335721480384,2.3359185438270025
all_curves,55.0,P_44M_6,P,44M,ref_own_curve,1,75.0,20.0,0.046850505711882096,4.576996113156131
all_curves,55.0,P_44M_8,P,44M,a_same_polyol_same_iso,3,65.0,10.0,0.027112904820300487,2.6748649447997996
all_curves,55.0,P_44M_8,P,44M,a_same_polyol_same_iso,3,75.0,20.0,0.0677057931056615,6.546462011266916
all_curves,55.0,P_44M_8,P,44M,b_same_polyol_other_iso,13,65.0,10.0,-0.013930949469872056,1.4028437319843476
all_curves,55.0,P_44M_8,P,44M,b_same_polyol_other_iso,13,75.0,20.0,-0.02951916010596478,2.995916940966424
all_curves,55.0,P_44M_8,P,44M,c_other_polyol_same_iso,7,65.0,10.0,0.2357195819124402,20.999782622619186
all_curves,55.0,P_44M_8,P,44M,c_other_polyol_same_iso,7,75.0,20.0,0.45653032128572524,36.65221987590919
all_curves,55.0,P_44M_8,P,44M,d_all_other,37,65.0,10.0,0.09538080524212944,9.097329358535188
all_curves,55.0,P_44M_8,P,44M,d_all_other,37,75.0,20.0,0.1326752998951985,12.425059812886417
all_curves,55.0,P_44M_8,P,44M,ref_own_curve,1,65.0,10.0,-0.007289632564003501,0.7316266613608047
all_curves,55.0,P_44M_8,P,44M,ref_own_curve,1,75.0,20.0,-0.013695098061255462,1.3789305485422798
all_curves,55.0,P_I_5,P,I,a_same_polyol_same_iso,1,65.0,10.0,0.0006055770737208865,0.06053937489324088
all_curves,55.0,P_I_5,P,I,a_same_polyol_same_iso,1,75.0,20.0,-0.006674679502065073,0.6697004819097339
all_curves,55.0,P_I_5,P,I,b_same_polyol_other_iso,15,65.0,10.0,0.004189979228995222,0.4181213513021671
all_curves,55.0,P_I_5,P,I,b_same_polyol_other_iso,15,75.0,20.0,-0.007911703828197614,0.7943084059370685
all_curves,55.0,P_I_5,P,I,c_other_polyol_same_iso,2,65.0,10.0,0.21095655271028513,19.019074986593335
all_curves,55.0,P_I_5,P,I,c_other_polyol_same_iso,2,75.0,20.0,0.35445054739780946,29.84411893575952
all_curves,55.0,P_I_5,P,I,d_all_other,37,65.0,10.0,0.10572564058676004,10.032855245104509
all_curves,55.0,P_I_5,P,I,d_all_other,37,75.0,20.0,0.13706779419856568,12.808888638677876
all_curves,55.0,P_I_5,P,I,ref_own_curve,1,65.0,10.0,0.00742619951193757,0.739869342302577
all_curves,55.0,P_I_5,P,I,ref_own_curve,1,75.0,20.0,0.01848070425082149,1.8310983165921355
all_curves,55.0,P_I_9,P,I,a_same_polyol_same_iso,1,65.0,10.0,0.006480378012630489,0.6459425647217699
all_curves,55.0,P_I_9,P,I,a_same_polyol_same_iso,1,75.0,20.0,0.02156311598205432,2.1332294053582728
all_curves,55.0,P_I_9,P,I,b_same_polyol_other_iso,15,65.0,10.0,0.0032441577296883073,0.32389011359435954
all_curves,55.0,P_I_9,P,I,b_same_polyol_other_iso,15,75.0,20.0,-0.004829292096964755,0.48409719222372494
all_curves,55.0,P_I_9,P,I,c_other_polyol_same_iso,2,65.0,10.0,0.21001073121097813,18.94244525336991
all_curves,55.0,P_I_9,P,I,c_other_polyol_same_iso,2,75.0,20.0,0.3575329591290423,30.060035304037168
all_curves,55.0,P_I_9,P,I,d_all_other,37,65.0,10.0,0.10497219343038032,9.965044212914572
all_curves,55.0,P_I_9,P,I,d_all_other,37,75.0,20.0,0.14085283363335993,13.1382866480558
all_curves,55.0,P_I_9,P,I,ref_own_curve,1,65.0,10.0,-0.0003402444255861392,0.03403023152860735
all_curves,55.0,P_I_9,P,I,ref_own_curve,1,75.0,20.0,-0.0035922677708322137,0.35987276976470445
all_curves,55.0,P_MLQ_10,P,MLQ,a_same_polyol_same_iso,3,65.0,10.0,0.029489978354314605,2.9059391984807905
all_curves,55.0,P_MLQ_10,P,MLQ,a_same_polyol_same_iso,3,75.0,20.0,0.05273500436100927,5.13686376484493
all_curves,55.0,P_MLQ_10,P,MLQ,b_same_polyol_other_iso,13,65.0,10.0,0.015769444224553897,1.5645757549172599
all_curves,55.0,P_MLQ_10,P,MLQ,b_same_polyol_other_iso,13,75.0,20.0,0.050700350052671636,4.943653584693501
all_curves,55.0,P_MLQ_10,P,MLQ,c_other_polyol_same_iso,8,65.0,10.0,0.15393317263242817,14.267068784179845
all_curves,55.0,P_MLQ_10,P,MLQ,c_other_polyol_same_iso,8,75.0,20.0,0.23648646791771621,21.06034355910428
all_curves,55.0,P_MLQ_10,P,MLQ,d_all_other,37,65.0,10.0,0.12034129927183496,11.338221693139676
all_curves,55.0,P_MLQ_10,P,MLQ,d_all_other,37,75.0,20.0,0.1961346260636771,17.809842214444924
all_curves,55.0,P_MLQ_10,P,MLQ,ref_own_curve,1,65.0,10.0,0.029106784521481632,2.8687262237410827
all_curves,55.0,P_MLQ_10,P,MLQ,ref_own_curve,1,75.0,20.0,0.08219325317235687,7.8906062830106425
all_curves,55.0,P_MLQ_4,P,MLQ,a_same_polyol_same_iso,3,65.0,10.0,-0.02728606614334783,2.766173994935975
all_curves,55.0,P_MLQ_4,P,MLQ,a_same_polyol_same_iso,3,75.0,20.0,-0.07257495225599842,7.52733972368111
all_curves,55.0,P_MLQ_4,P,MLQ,b_same_polyol_other_iso,13,65.0,10.0,-0.028957544645964894,2.938089081725363
all_curves,55.0,P_MLQ_4,P,MLQ,b_same_polyol_other_iso,13,75.0,20.0,-0.05362979871175577,5.509393271326733
all_curves,55.0,P_MLQ_4,P,MLQ,c_other_polyol_same_iso,8,65.0,10.0,0.1092061837619096,10.345445469318621
all_curves,55.0,P_MLQ_4,P,MLQ,c_other_polyol_same_iso,8,75.0,20.0,0.13215631915328885,12.379598309653465
all_curves,55.0,P_MLQ_4,P,MLQ,d_all_other,37,65.0,10.0,0.07460760208823247,7.1892397630240845
all_curves,55.0,P_MLQ_4,P,MLQ,d_all_other,37,75.0,20.0,0.09002806768116578,8.609446629789575
all_curves,55.0,P_MLQ_4,P,MLQ,ref_own_curve,1,65.0,10.0,0.02052696253239361,2.0317718596836953
all_curves,55.0,P_MLQ_4,P,MLQ,ref_own_curve,1,75.0,20.0,0.040802527965667634,3.9981311925700385
all_curves,55.0,P_MLQ_6,P,MLQ,a_same_polyol_same_iso,3,65.0,10.0,0.013693053053950077,1.3599729649372032
all_curves,55.0,P_MLQ_6,P,MLQ,a_same_polyol_same_iso,3,75.0,20.0,0.03374639483386832,3.3183336750050243
all_curves,55.0,P_MLQ_6,P,MLQ,b_same_polyol_other_iso,13,65.0,10.0,-0.006872307437194358,0.6895975929937868
all_curves,55.0,P_MLQ_6,P,MLQ,b_same_polyol_other_iso,13,75.0,20.0,-0.00208840916078179,0.20905914060691394
all_curves,55.0,P_MLQ_6,P,MLQ,c_other_polyol_same_iso,8,65.0,10.0,0.13129142097067992,12.303782801850707
all_curves,55.0,P_MLQ_6,P,MLQ,c_other_polyol_same_iso,8,75.0,20.0,0.18369770870426305,16.78126712062308
all_curves,55.0,P_MLQ_6,P,MLQ,d_all_other,37,65.0,10.0,0.09828339252915153,9.360799736831764
all_curves,55.0,P_MLQ_6,P,MLQ,d_all_other,37,75.0,20.0,0.14617141720616345,13.599041561910333
all_curves,55.0,P_MLQ_6,P,MLQ,ref_own_curve,1,65.0,10.0,-0.014069446224415527,1.4168886693093747
all_curves,55.0,P_MLQ_6,P,MLQ,ref_own_curve,1,75.0,20.0,-0.07199595510002421,7.465099719922976
all_curves,55.0,P_MLQ_8,P,MLQ,a_same_polyol_same_iso,3,65.0,10.0,0.008883694003719578,0.8844350585305552
all_curves,55.0,P_MLQ_8,P,MLQ,a_same_polyol_same_iso,3,75.0,20.0,0.024948463797925424,2.463982290773158
all_curves,55.0,P_MLQ_8,P,MLQ,b_same_polyol_other_iso,13,65.0,10.0,-0.009657875558971796,0.9704663341351462
all_curves,55.0,P_MLQ_8,P,MLQ,b_same_polyol_other_iso,13,75.0,20.0,0.006275902511962306,0.625625016934688
all_curves,55.0,P_MLQ_8,P,MLQ,c_other_polyol_same_iso,8,65.0,10.0,0.1285058528489026,12.059158464122532
all_curves,55.0,P_MLQ_8,P,MLQ,c_other_polyol_same_iso,8,75.0,20.0,0.19206202037700687,17.474431576419796
all_curves,55.0,P_MLQ_8,P,MLQ,d_all_other,37,65.0,10.0,0.09532128434246023,9.091918588770929
all_curves,55.0,P_MLQ_8,P,MLQ,d_all_other,37,75.0,20.0,0.1531052409479548,14.196058382198926
all_curves,55.0,P_MLQ_8,P,MLQ,ref_own_curve,1,65.0,10.0,-0.010783641560832558,1.0841994587570036
all_curves,55.0,P_MLQ_8,P,MLQ,ref_own_curve,1,75.0,20.0,-0.01214491530121764,1.2218964254170144
all_curves,55.0,P_TD80_10,P,TD80,a_same_polyol_same_iso,2,65.0,10.0,0.001982690886128319,0.19807266529235668
all_curves,55.0,P_TD80_10,P,TD80,a_same_polyol_same_iso,2,75.0,20.0,-0.015216188853451329,1.53325444689758
all_curves,55.0,P_TD80_10,P,TD80,b_same_polyol_other_iso,14,65.0,10.0,0.012617342008496749,1.2538077069989322
all_curves,55.0,P_TD80_10,P,TD80,b_same_polyol_other_iso,14,75.0,20.0,0.01282693381466371,1.2745019310480787
all_curves,55.0,P_TD80_10,P,TD80,c_other_polyol_same_iso,2,65.0,10.0,0.1406513367939879,13.120782523899319
all_curves,55.0,P_TD80_10,P,TD80,c_other_polyol_same_iso,2,75.0,20.0,-0.3291349659526764,38.97654139434194
all_curves,55.0,P_TD80_10,P,TD80,d_all_other,37,65.0,10.0,0.11280159448233089,10.667211628441901
all_curves,55.0,P_TD80_10,P,TD80,d_all_other,37,75.0,20.0,0.15340062596963389,14.22139983842629
all_curves,55.0,P_TD80_10,P,TD80,ref_own_curve,1,65.0,10.0,0.007138330532110951,0.7112913165864861
all_curves,55.0,P_TD80_10,P,TD80,ref_own_curve,1,75.0,20.0,0.010316931381470051,1.0263894394593212
all_curves,55.0,P_TD80_4,P,TD80,a_same_polyol_same_iso,2,65.0,10.0,-0.022157823793026443,2.2405131593773655
all_curves,55.0,P_TD80_4,P,TD80,a_same_polyol_same_iso,2,75.0,20.0,-0.04509870159342322,4.613110962062673
all_curves,55.0,P_TD80_4,P,TD80,b_same_polyol_other_iso,14,65.0,10.0,-0.018104919488939997,1.8269807133149703
all_curves,55.0,P_TD80_4,P,TD80,b_same_polyol_other_iso,14,75.0,20.0,-0.043781974235679866,4.475454664675358
all_curves,55.0,P_TD80_4,P,TD80,c_other_polyol_same_iso,2,65.0,10.0,0.10992907529655116,10.410232567986993
all_curves,55.0,P_TD80_4,P,TD80,c_other_polyol_same_iso,2,75.0,20.0,-0.38574387400302,47.07079360346338
all_curves,55.0,P_TD80_4,P,TD80,d_all_other,37,65.0,10.0,0.08245149981761579,7.914390153750292
all_curves,55.0,P_TD80_4,P,TD80,d_all_other,37,75.0,20.0,0.09828345141449601,9.360805074152138
all_curves,55.0,P_TD80_4,P,TD80,ref_own_curve,1,65.0,10.0,-0.03674742460189018,3.7430958206982967
all_curves,55.0,P_TD80_4,P,TD80,ref_own_curve,1,75.0,20.0,-0.09974476728961945,10.488887830121255
all_curves,55.0,P_TD80_7,P,TD80,a_same_polyol_same_iso,2,65.0,10.0,-0.009747393581163943,0.9795054151554883
all_curves,55.0,P_TD80_7,P,TD80,a_same_polyol_same_iso,2,75.0,20.0,-0.0501409560821698,5.14192898752097
all_curves,55.0,P_TD80_7,P,TD80,b_same_polyol_other_iso,14,65.0,10.0,0.0023133647135009094,0.2310690947548089
all_curves,55.0,P_TD80_7,P,TD80,b_same_polyol_other_iso,14,75.0,20.0,-0.02090455833861185,2.1124589159338556
all_curves,55.0,P_TD80_7,P,TD80,c_other_polyol_same_iso,2,65.0,10.0,0.13034735949899207,12.220953089963157
all_curves,55.0,P_TD80_7,P,TD80,c_other_polyol_same_iso,2,75.0,20.0,-0.36286645810595203,43.74438874440392
all_curves,55.0,P_TD80_7,P,TD80,d_all_other,37,65.0,10.0,0.1024186520209594,9.734842435218225
all_curves,55.0,P_TD80_7,P,TD80,d_all_other,37,75.0,20.0,0.11960034559675582,11.272503078446313
all_curves,55.0,P_TD80_7,P,TD80,ref_own_curve,1,65.0,10.0,-0.00031343241828868385,0.03134815433614303
all_curves,55.0,P_TD80_7,P,TD80,ref_own_curve,1,75.0,20.0,-0.021028010620909907,2.125065710190845
all_curves,55.0,P_TDS_4,P,TDS,a_same_polyol_same_iso,1,65.0,10.0,-0.029375806345085076,2.981153147165649
all_curves,55.0,P_TDS_4,P,TDS,a_same_polyol_same_iso,1,75.0,20.0,-0.0708249374183817,7.3393298417392225
all_curves,55.0,P_TDS_4,P,TDS,b_same_polyol_other_iso,15,65.0,10.0,-0.020508716124021165,2.0720464930584446
all_curves,55.0,P_TDS_4,P,TDS,b_same_polyol_other_iso,15,75.0,20.0,-0.04709098984135429,4.821738187389364
all_curves,55.0,P_TDS_4,P,TDS,d_all_other,37,65.0,10.0,0.08107317705656114,7.7873789506252304
all_curves,55.0,P_TDS_4,P,TDS,d_all_other,37,75.0,20.0,0.0964409211940288,9.193645667504285
all_curves,55.0,P_TDS_4,P,TDS,ref_own_curve,1,65.0,10.0,-0.006145772287859286,0.6164696294047826
all_curves,55.0,P_TDS_4,P,TDS,ref_own_curve,1,75.0,20.0,-0.018491700043297365,1.86637302696317
all_curves,55.0,P_TDS_7,P,TDS,a_same_polyol_same_iso,1,65.0,10.0,0.013305078573617568,1.3216957268926581
all_curves,55.0,P_TDS_7,P,TDS,a_same_polyol_same_iso,1,75.0,20.0,0.04593825707214905,4.489906890188142
all_curves,55.0,P_TDS_7,P,TDS,b_same_polyol_other_iso,15,65.0,10.0,-0.0010578652625442553,0.10584249993590808
all_curves,55.0,P_TDS_7,P,TDS,b_same_polyol_other_iso,15,75.0,20.0,0.01733896727409215,1.7189512425272033
all_curves,55.0,P_TDS_7,P,TDS,d_all_other,37,65.0,10.0,0.10117315489946183,9.622347399720764
all_curves,55.0,P_TDS_7,P,TDS,d_all_other,37,75.0,20.0,0.16234134972978856,14.984904379422431
all_curves,55.0,P_TDS_7,P,TDS,ref_own_curve,1,65.0,10.0,-0.009924955483608444,0.9974371201916252
all_curves,55.0,P_TDS_7,P,TDS,ref_own_curve,1,75.0,20.0,-0.006394980302935213,0.6415471847191793
all_curves,55.0,P_W_5,P,W,a_same_polyol_same_iso,1,65.0,10.0,-0.0072824412569467145,0.7309022719078099
all_curves,55.0,P_W_5,P,W,a_same_polyol_same_iso,1,75.0,20.0,-0.02634534597524507,2.669545239895528
all_curves,55.0,P_W_5,P,W,b_same_polyol_other_iso,15,65.0,10.0,0.05989674594406508,5.8138220387486035
all_curves,55.0,P_W_5,P,W,b_same_polyol_other_iso,15,75.0,20.0,0.1079860471472226,10.235987901648677
all_curves,55.0,P_W_5,P,W,c_other_polyol_same_iso,2,65.0,10.0,0.26150072491093224,23.01046826813935
all_curves,55.0,P_W_5,P,W,c_other_polyol_same_iso,2,75.0,20.0,0.5007843480972787,39.39448849356037
all_curves,55.0,P_W_5,P,W,d_all_other,37,65.0,10.0,0.15511680175841858,14.368484747339377
all_curves,55.0,P_W_5,P,W,d_all_other,37,75.0,20.0,0.23929727393540767,21.28191607590086
all_curves,55.0,P_W_5,P,W,ref_own_curve,1,65.0,10.0,-0.012808891925568056,1.289127716048619
all_curves,55.0,P_W_5,P,W,ref_own_curve,1,75.0,20.0,-0.03457051913277598,3.51750254473049
all_curves,55.0,P_W_9,P,W,a_same_polyol_same_iso,1,65.0,10.0,-0.02293918825324104,2.3204314813564157
all_curves,55.0,P_W_9,P,W,a_same_polyol_same_iso,1,75.0,20.0,-0.05497026103342273,5.6509194716667785
all_curves,55.0,P_W_9,P,W,b_same_polyol_other_iso,15,65.0,10.0,0.049766449616392205,4.854838955749881
all_curves,55.0,P_W_9,P,W,b_same_polyol_other_iso,15,75.0,20.0,0.08758630524657596,8.386019943258399
all_curves,55.0,P_W_9,P,W,c_other_polyol_same_iso,2,65.0,10.0,0.2513704285832593,22.226577679339545
all_curves,55.0,P_W_9,P,W,c_other_polyol_same_iso,2,75.0,20.0,0.4803846061966318,38.14545503607716
all_curves,55.0,P_W_9,P,W,d_all_other,37,65.0,10.0,0.1448328467763239,13.483310353929218
all_curves,55.0,P_W_9,P,W,d_all_other,37,75.0,20.0,0.2186646091621195,19.6408809915552
all_curves,55.0,P_W_9,P,W,ref_own_curve,1,65.0,10.0,-0.017412737584619697,1.7565223077234646
all_curves,55.0,P_W_9,P,W,ref_own_curve,1,75.0,20.0,-0.04674508787589182,4.785486412268742
all_curves,57.5,C_44M_10,C,44M,a_same_polyol_same_iso,2,67.5,10.0,0.028539381189728763,2.813597976886593
all_curves,57.5,C_44M_10,C,44M,a_same_polyol_same_iso,2,77.5,20.0,0.045021164597151886,4.402275125436797
all_curves,57.5,C_44M_10,C,44M,b_same_polyol_other_iso,4,67.5,10.0,-0.051430846363508254,5.277638045964688
all_curves,57.5,C_44M_10,C,44M,b_same_polyol_other_iso,4,77.5,20.0,-0.1611722069848447,17.488727518927895
all_curves,57.5,C_44M_10,C,44M,c_other_polyol_same_iso,8,67.5,10.0,-0.038740405241284304,3.9500599714078217
all_curves,57.5,C_44M_10,C,44M,c_other_polyol_same_iso,8,77.5,20.0,-0.058089140202275846,5.980946312971979
all_curves,57.5,C_44M_10,C,44M,d_all_other,38,67.5,10.0,-0.12095104101337073,12.856965738797484
all_curves,57.5,C_44M_10,C,44M,d_all_other,38,77.5,20.0,-0.28818761612150867,33.40075619712873
all_curves,57.5,C_44M_10,C,44M,ref_own_curve,1,67.5,10.0,-0.02580320830791516,2.6138992973770083
all_curves,57.5,C_44M_10,C,44M,ref_own_curve,1,77.5,20.0,-0.058133167046888534,5.985612422343488
all_curves,57.5,C_44M_6,C,44M,a_same_polyol_same_iso,2,67.5,10.0,-0.07210621362719793,7.4769493167882155
all_curves,57.5,C_44M_6,C,44M,a_same_polyol_same_iso,2,77.5,20.0,-0.15745614263891738,17.052942052448547
all_curves,57.5,C_44M_6,C,44M,b_same_polyol_other_iso,4,67.5,10.0,-0.10979033991622833,11.604405603770521
all_curves,57.5,C_44M_6,C,44M,b_same_polyol_other_iso,4,77.5,20.0,-0.2758548931224696,31.76566491123294
all_curves,57.5,C_44M_6,C,44M,c_other_polyol_same_iso,8,67.5,10.0,-0.09709989879400416,10.197045364183543
all_curves,57.5,C_44M_6,C,44M,c_other_polyol_same_iso,8,77.5,20.0,-0.17277182633990096,18.859486809921204
all_curves,57.5,C_44M_6,C,44M,d_all_other,38,67.5,10.0,-0.18156151903615747,19.90883011972878
all_curves,57.5,C_44M_6,C,44M,d_all_other,38,77.5,20.0,-0.4075310598226096,50.31021308946231
all_curves,57.5,C_44M_6,C,44M,ref_own_curve,1,67.5,10.0,0.00040950066777600824,0.04094168338212978
all_curves,57.5,C_44M_6,C,44M,ref_own_curve,1,77.5,20.0,0.002773389012370231,0.27695467219394015
all_curves,57.5,C_44M_8,C,44M,a_same_polyol_same_iso,2,67.5,10.0,0.0036263550109350007,0.36197877264357364
all_curves,57.5,C_44M_8,C,44M,a_same_polyol_same_iso,2,77.5,20.0,-0.00965318968002693,0.9699931998614235
all_curves,57.5,C_44M_8,C,44M,b_same_polyol_other_iso,4,67.5,10.0,-0.0642873843088636,6.639882101707317
all_curves,57.5,C_44M_8,C,44M,b_same_polyol_other_iso,4,77.5,20.0,-0.20048685071642502,22.19975437421688
all_curves,57.5,C_44M_8,C,44M,c_other_polyol_same_iso,8,67.5,10.0,-0.05159694318663943,5.2951257794791635
all_curves,57.5,C_44M_8,C,44M,c_other_polyol_same_iso,8,77.5,20.0,-0.0974037839338564,10.23053769737878
all_curves,57.5,C_44M_8,C,44M,d_all_other,38,67.5,10.0,-0.13442346245332626,14.387710610449858
all_curves,57.5,C_44M_8,C,44M,d_all_other,38,77.5,20.0,-0.32824228784080356,38.85253543471314
all_curves,57.5,C_44M_8,C,44M,ref_own_curve,1,67.5,10.0,-0.0145467697863908,1.4653088949914268
all_curves,57.5,C_44M_8,C,44M,ref_own_curve,1,77.5,20.0,-0.06672838968726502,6.900508593391599
all_curves,57.5,C_MLQ_10,C,MLQ,a_same_polyol_same_iso,3,67.5,10.0,-0.04786609645457118,4.903017705944148
all_curves,57.5,C_MLQ_10,C,MLQ,a_same_polyol_same_iso,3,77.5,20.0,-0.1901467027563435,20.942701091952415
all_curves,57.5,C_MLQ_10,C,MLQ,b_same_polyol_other_iso,3,67.5,10.0,0.02596543793988837,2.563123478136887
all_curves,57.5,C_MLQ_10,C,MLQ,b_same_polyol_other_iso,3,77.5,20.0,0.02219865511755814,2.1954078076396524
all_curves,57.5,C_MLQ_10,C,MLQ,c_other_polyol_same_iso,8,67.5,10.0,-0.09862930499559552,10.365710354524893
all_curves,57.5,C_MLQ_10,C,MLQ,c_other_polyol_same_iso,8,77.5,20.0,-0.23650501947639846,26.68139143467195
all_curves,57.5,C_MLQ_10,C,MLQ,d_all_other,38,67.5,10.0,-0.10568113820340641,11.146741550053576
all_curves,57.5,C_MLQ_10,C,MLQ,d_all_other,38,77.5,20.0,-0.27710734060069364,31.930797874563304
all_curves,57.5,C_MLQ_10,C,MLQ,ref_own_curve,1,67.5,10.0,3.591690729742858e-05,0.0035916262293035884
all_curves,57.5,C_MLQ_10,C,MLQ,ref_own_curve,1,77.5,20.0,-0.027999648729689186,2.839532317661679
all_curves,57.5,C_MLQ_4,C,MLQ,a_same_polyol_same_iso,3,67.5,10.0,-0.4281729098732896,53.44513798241772
all_curves,57.5,C_MLQ_4,C,MLQ,a_same_polyol_same_iso,3,77.5,20.0,-0.5249046292886037,69.02976358037365
all_curves,57.5,C_MLQ_4,C,MLQ,b_same_polyol_other_iso,3,67.5,10.0,-0.42091039906774874,52.33477789124707
all_curves,57.5,C_MLQ_4,C,MLQ,b_same_polyol_other_iso,3,77.5,20.0,-0.4995953991346198,64.80543315784033
all_curves,57.5,C_MLQ_4,C,MLQ,c_other_polyol_same_iso,8,67.5,10.0,-0.5455051420032326,72.54797745793731
all_curves,57.5,C_MLQ_4,C,MLQ,c_other_polyol_same_iso,8,77.5,20.0,-0.7582990737285762,113.46422617219218
all_curves,57.5,C_MLQ_4,C,MLQ,d_all_other,38,67.5,10.0,-0.5470453487826381,72.81394179004688
all_curves,57.5,C_MLQ_4,C,MLQ,d_all_other,38,77.5,20.0,-0.78343686111422,118.89825812626826
all_curves,57.5,C_MLQ_4,C,MLQ,ref_own_curve,1,67.5,10.0,-0.6465469908671029,90.89378556612719
all_curves,57.5,C_MLQ_4,C,MLQ,ref_own_curve,1,77.5,20.0,-1.1109020861416319,203.70968820822122
all_curves,57.5,C_MLQ_6,C,MLQ,a_same_polyol_same_iso,3,67.5,10.0,-0.11749703736343875,12.467829792575206
all_curves,57.5,C_MLQ_6,C,MLQ,a_same_polyol_same_iso,3,77.5,20.0,-0.30480006857149355,35.63537981435167
all_curves,57.5,C_MLQ_6,C,MLQ,b_same_polyol_other_iso,3,67.5,10.0,-0.031234521210528943,3.172743748370841
all_curves,57.5,C_MLQ_6,C,MLQ,b_same_polyol_other_iso,3,77.5,20.0,-0.07886651093974573,8.205986927400694
all_curves,57.5,C_MLQ_6,C,MLQ,c_other_polyol_same_iso,8,67.5,10.0,-0.15582926414601328,16.86266595850226
all_curves,57.5,C_MLQ_6,C,MLQ,c_other_polyol_same_iso,8,77.5,20.0,-0.3375701855337021,40.15379726306724
all_curves,57.5,C_MLQ_6,C,MLQ,d_all_other,38,67.5,10.0,-0.16382458232311592,17.800765360126636
all_curves,57.5,C_MLQ_6,C,MLQ,d_all_other,38,77.5,20.0,-0.37911168541010376,46.098619747449064
all_curves,57.5,C_MLQ_6,C,MLQ,ref_own_curve,1,67.5,10.0,-0.01987109696781264,2.0069841456049082
all_curves,57.5,C_MLQ_6,C,MLQ,ref_own_curve,1,77.5,20.0,-0.08830021551356593,9.23160030180773
all_curves,57.5,C_MLQ_8,C,MLQ,a_same_polyol_same_iso,3,67.5,10.0,-0.09022110335267808,9.441623605500391
all_curves,57.5,C_MLQ_8,C,MLQ,a_same_polyol_same_iso,3,77.5,20.0,-0.26164172248303275,29.90610346819865
all_curves,57.5,C_MLQ_8,C,MLQ,b_same_polyol_other_iso,3,67.5,10.0,-0.010153540489586721,1.0205262587744393
all_curves,57.5,C_MLQ_8,C,MLQ,b_same_polyol_other_iso,3,77.5,20.0,-0.03799549067363239,3.8726548910921235
all_curves,57.5,C_MLQ_8,C,MLQ,c_other_polyol_same_iso,8,67.5,10.0,-0.13474828342507106,14.424872172866676
all_curves,57.5,C_MLQ_8,C,MLQ,c_other_polyol_same_iso,8,77.5,20.0,-0.296699165267589,34.541049235568316
all_curves,57.5,C_MLQ_8,C,MLQ,d_all_other,38,67.5,10.0,-0.14229143755848428,15.291260161371495
all_curves,57.5,C_MLQ_8,C,MLQ,d_all_other,38,77.5,20.0,-0.3381821360072077,40.239590693653874
all_curves,57.5,C_MLQ_8,C,MLQ,ref_own_curve,1,67.5,10.0,-0.01737497611630756,1.7526799045786374
all_curves,57.5,C_MLQ_8,C,MLQ,ref_own_curve,1,77.5,20.0,-0.05429117271445083,5.5791975218903636
all_curves,57.5,D_44M_10,D,44M,a_same_polyol_same_iso,3,67.5,10.0,0.20691483172694372,18.69111035841212
all_curves,57.5,D_44M_10,D,44M,a_same_polyol_same_iso,3,77.5,20.0,0.41803960552135594,34.16638458381249
all_curves,57.5,D_44M_10,D,44M,b_same_polyol_other_iso,10,67.5,10.0,-0.031186837311543814,3.1678241869727923
all_curves,57.5,D_44M_10,D,44M,b_same_polyol_other_iso,10,77.5,20.0,-0.23949796805447787,27.061110281074296
all_curves,57.5,D_44M_10,D,44M,c_other_polyol_same_iso,7,67.5,10.0,-0.008776427732884673,0.8815053490792167
all_curves,57.5,D_44M_10,D,44M,c_other_polyol_same_iso,7,77.5,20.0,-0.02131050550035974,2.153919593662732
all_curves,57.5,D_44M_10,D,44M,d_all_other,38,67.5,10.0,-0.04255712794334654,4.347566628971328
all_curves,57.5,D_44M_10,D,44M,d_all_other,38,77.5,20.0,-0.14622881847560631,15.746100621501233
all_curves,57.5,D_44M_10,D,44M,ref_own_curve,1,67.5,10.0,0.01308047594257572,1.2995298309600796
all_curves,57.5,D_44M_10,D,44M,ref_own_curve,1,77.5,20.0,-0.0001748933769443184,0.017490867168260434
all_curves,57.5,D_44M_4,D,44M,a_same_polyol_same_iso,3,67.5,10.0,0.061146794233584156,5.931485751422043
all_curves,57.5,D_44M_4,D,44M,a_same_polyol_same_iso,3,77.5,20.0,0.16968255806953758,15.606732630328453
all_curves,57.5,D_44M_4,D,44M,b_same_polyol_other_iso,10,67.5,10.0,-0.16196470870718915,17.581874442516245
all_curves,57.5,D_44M_4,D,44M,b_same_polyol_other_iso,10,77.5,20.0,-0.48539022745515004,62.480893020336396
all_curves,57.5,D_44M_4,D,44M,c_other_polyol_same_iso,7,67.5,10.0,-0.1395542991285299,14.976123505619881
all_curves,57.5,D_44M_4,D,44M,c_other_polyol_same_iso,7,77.5,20.0,-0.267202764901032,30.630529234232867
all_curves,57.5,D_44M_4,D,44M,d_all_other,38,67.5,10.0,-0.17441678185224774,19.055166275828203
all_curves,57.5,D_44M_4,D,44M,d_all_other,38,77.5,20.0,-0.3919823559224911,47.9911599496961
all_curves,57.5,D_44M_4,D,44M,ref_own_curve,1,67.5,10.0,-0.07272689715993108,7.543679196303923
all_curves,57.5,D_44M_4,D,44M,ref_own_curve,1,77.5,20.0,-0.23867278862419106,26.956305313879504
all_curves,57.5,D_44M_6,D,44M,a_same_polyol_same_iso,3,67.5,10.0,0.21957081102601572,19.713669589419005
all_curves,57.5,D_44M_6,D,44M,a_same_polyol_same_iso,3,77.5,20.0,0.4081302309153938,33.510771634689824
all_curves,57.5,D_44M_6,D,44M,b_same_polyol_other_iso,10,67.5,10.0,0.15707245280815174,14.535786464822337
all_curves,57.5,D_44M_6,D,44M,b_same_polyol_other_iso,10,77.5,20.0,0.1652743175296174,15.233885611923862
all_curves,57.5,D_44M_6,D,44M,c_other_polyol_same_iso,7,67.5,10.0,0.179482862386811,16.429772723727176
all_curves,57.5,D_44M_6,D,44M,c_other_polyol_same_iso,7,77.5,20.0,0.3834617800837359,31.850187564774274
all_curves,57.5,D_44M_6,D,44M,d_all_other,38,67.5,10.0,0.1314792292585958,12.32025133174778
all_curves,57.5,D_44M_6,D,44M,d_all_other,38,77.5,20.0,0.2249365662198275,20.143312673175153
all_curves,57.5,D_44M_6,D,44M,ref_own_curve,1,67.5,10.0,0.7281496985241396,51.71985075496182
all_curves,57.5,D_44M_6,D,44M,ref_own_curve,1,77.5,20.0,1.648642372777319,80.76891821265116
all_curves,57.5,D_44M_8,D,44M,a_same_polyol_same_iso,3,67.5,10.0,0.16173023622366678,14.932934628173394
all_curves,57.5,D_44M_8,D,44M,a_same_polyol_same_iso,3,77.5,20.0,0.3588104705225023,30.14932735784243
all_curves,57.5,D_44M_8,D,44M,b_same_polyol_other_iso,10,67.5,10.0,-0.07313055394878076,7.587098695207575
all_curves,57.5,D_44M_8,D,44M,b_same_polyol_other_iso,10,77.5,20.0,-0.2976590523962095,34.67025545877523
all_curves,57.5,D_44M_8,D,44M,c_other_polyol_same_iso,7,67.5,10.0,-0.05072014437012151,5.202843600175438
all_curves,57.5,D_44M_8,D,44M,c_other_polyol_same_iso,7,77.5,20.0,-0.07947158984209146,8.271479899407579
all_curves,57.5,D_44M_8,D,44M,d_all_other,38,67.5,10.0,-0.08473687679994457,8.843063766456858
all_curves,57.5,D_44M_8,D,44M,d_all_other,38,77.5,20.0,-0.20440878214836322,22.67995447228319
all_curves,57.5,D_44M_8,D,44M,ref_own_curve,1,67.5,10.0,-0.019140604096518743,1.932495980713442
all_curves,57.5,D_44M_8,D,44M,ref_own_curve,1,77.5,20.0,-0.055131825747248064,5.667990311222122
all_curves,57.5,D_I_5,D,I,a_same_polyol_same_iso,1,67.5,10.0,-0.08611911480997936,8.993614811041626
all_curves,57.5,D_I_5,D,I,a_same_polyol_same_iso,1,77.5,20.0,-0.16630120232775336,18.092874664744883
all_curves,57.5,D_I_5,D,I,b_same_polyol_other_iso,12,67.5,10.0,-0.084879439202739,8.858581801272795
all_curves,57.5,D_I_5,D,I,b_same_polyol_other_iso,12,77.5,20.0,-0.26653614155574423,30.543476892623367
all_curves,57.5,D_I_5,D,I,c_other_polyol_same_iso,2,67.5,10.0,-0.21705843013007975,24.24166945860282
all_curves,57.5,D_I_5,D,I,c_other_polyol_same_iso,2,77.5,20.0,-0.3823414269436748,46.571243342835636
all_curves,57.5,D_I_5,D,I,d_all_other,38,67.5,10.0,-0.15054700879312755,16.246995012812967
all_curves,57.5,D_I_5,D,I,d_all_other,38,77.5,20.0,-0.32108616814845214,37.862436928510476
all_curves,57.5,D_I_5,D,I,ref_own_curve,1,67.5,10.0,-0.039834746516334674,4.063879079693553
all_curves,57.5,D_I_5,D,I,ref_own_curve,1,77.5,20.0,-0.14349864478863494,15.430524647845893
all_curves,57.5,D_I_9,D,I,a_same_polyol_same_iso,1,67.5,10.0,0.024980588272595305,2.4671155337762976
all_curves,57.5,D_I_9,D,I,a_same_polyol_same_iso,1,77.5,20.0,-0.029161796299803505,2.95911650403308
all_curves,57.5,D_I_9,D,I,b_same_polyol_other_iso,12,67.5,10.0,-0.02006410441380918,2.0266741531865744
all_curves,57.5,D_I_9,D,I,b_same_polyol_other_iso,12,77.5,20.0,-0.1521992930669127,16.439226861644354
all_curves,57.5,D_I_9,D,I,c_other_polyol_same_iso,2,67.5,10.0,-0.15224309534114971,16.444327276295358
all_curves,57.5,D_I_9,D,I,c_other_polyol_same_iso,2,77.5,20.0,-0.26800457845484327,30.73531256584836
all_curves,57.5,D_I_9,D,I,d_all_other,38,67.5,10.0,-0.08379814121742196,8.740936852172423
all_curves,57.5,D_I_9,D,I,d_all_other,38,77.5,20.0,-0.20434239075268268,22.671809849253183
all_curves,57.5,D_I_9,D,I,ref_own_curve,1,67.5,10.0,-0.021303780021049434,2.1532325619003494
all_curves,57.5,D_I_9,D,I,ref_own_curve,1,77.5,20.0,-0.051964353838921784,5.33381943811986
all_curves,57.5,D_MLQ_10,D,MLQ,a_same_polyol_same_iso,3,67.5,10.0,0.042717392885613714,4.181785910293133
all_curves,57.5,D_MLQ_10,D,MLQ,a_same_polyol_same_iso,3,77.5,20.0,0.1269672533084214,11.923748581667294
all_curves,57.5,D_MLQ_10,D,MLQ,b_same_polyol_other_iso,10,67.5,10.0,0.014830219472352413,1.4720793373099605
all_curves,57.5,D_MLQ_10,D,MLQ,b_same_polyol_other_iso,10,77.5,20.0,-0.022753210778510218,2.301403955296612
all_curves,57.5,D_MLQ_10,D,MLQ,c_other_polyol_same_iso,8,67.5,10.0,-0.051499709263613414,5.284888019060976
all_curves,57.5,D_MLQ_10,D,MLQ,c_other_polyol_same_iso,8,77.5,20.0,-0.04649152226276675,4.758919784493979
all_curves,57.5,D_MLQ_10,D,MLQ,d_all_other,38,67.5,10.0,-0.05027495069262394,5.156018383268518
all_curves,57.5,D_MLQ_10,D,MLQ,d_all_other,38,77.5,20.0,-0.06043906115801569,6.230286009170092
all_curves,57.5,D_MLQ_10,D,MLQ,ref_own_curve,1,67.5,10.0,-0.001842397204681212,0.18440954612053306
all_curves,57.5,D_MLQ_10,D,MLQ,ref_own_curve,1,77.5,20.0,0.06033147921056325,5.854759004577505
all_curves,57.5,D_MLQ_4,D,MLQ,a_same_polyol_same_iso,3,67.5,10.0,-0.06353898373640376,6.560102610127666
all_curves,57.5,D_MLQ_4,D,MLQ,a_same_polyol_same_iso,3,77.5,20.0,-0.11338974072962471,12.006838416092682
all_curves,57.5,D_MLQ_4,D,MLQ,b_same_polyol_other_iso,10,67.5,10.0,-0.07074692657580073,7.330956536784727
all_curves,57.5,D_MLQ_4,D,MLQ,b_same_polyol_other_iso,10,77.5,20.0,-0.23273748367102498,26.20501270701343
all_curves,57.5,D_MLQ_4,D,MLQ,c_other_polyol_same_iso,8,67.5,10.0,-0.13707685531176672,14.69162917423896
all_curves,57.5,D_MLQ_4,D,MLQ,c_other_polyol_same_iso,8,77.5,20.0,-0.2564757951552814,29.23674838668277
all_curves,57.5,D_MLQ_4,D,MLQ,d_all_other,38,67.5,10.0,-0.13745282262308534,14.734757584618574
all_curves,57.5,D_MLQ_4,D,MLQ,d_all_other,38,77.5,20.0,-0.27269509326109653,31.349968885505575
all_curves,57.5,D_MLQ_4,D,MLQ,ref_own_curve,1,67.5,10.0,-0.025381851531242727,2.570671343362522
all_curves,57.5,D_MLQ_4,D,MLQ,ref_own_curve,1,77.5,20.0,-0.05853463024535399,6.028170287434605
all_curves,57.5,D_MLQ_6,D,MLQ,a_same_polyol_same_iso,3,67.5,10.0,-0.03979020583277504,4.059244106608677
all_curves,57.5,D_MLQ_6,D,MLQ,a_same_polyol_same_iso,3,77.5,20.0,-0.09880025961879224,10.3845794957899
all_curves,57.5,D_MLQ_6,D,MLQ,b_same_polyol_other_iso,10,67.5,10.0,-0.047839198851430176,4.900196104152932
all_curves,57.5,D_MLQ_6,D,MLQ,b_same_polyol_other_iso,10,77.5,20.0,-0.2143537890226277,23.906094341817667
all_curves,57.5,D_MLQ_6,D,MLQ,c_other_polyol_same_iso,8,67.5,10.0,-0.11416912758739595,12.094169101708307
all_curves,57.5,D_MLQ_6,D,MLQ,c_other_polyol_same_iso,8,77.5,20.0,-0.23809210050688434,26.882604696573903
all_curves,57.5,D_MLQ_6,D,MLQ,d_all_other,38,67.5,10.0,-0.11450020181407083,12.131286736065427
all_curves,57.5,D_MLQ_6,D,MLQ,d_all_other,38,77.5,20.0,-0.2546782982677622,29.004654390313856
all_curves,57.5,D_MLQ_6,D,MLQ,ref_own_curve,1,67.5,10.0,-0.00499727434466446,0.5009781545394512
all_curves,57.5,D_MLQ_6,D,MLQ,ref_own_curve,1,77.5,20.0,-0.028768294984315546,2.918609926465725
all_curves,57.5,D_MLQ_8,D,MLQ,a_same_polyol_same_iso,3,67.5,10.0,0.008213900771817051,0.8180258862322161
all_curves,57.5,D_MLQ_8,D,MLQ,a_same_polyol_same_iso,3,77.5,20.0,0.02752007728248318,2.7144849930288117
all_curves,57.5,D_MLQ_8,D,MLQ,b_same_polyol_other_iso,10,67.5,10.0,-0.015630893519605227,1.5753694933360576
all_curves,57.5,D_MLQ_8,D,MLQ,b_same_polyol_other_iso,10,77.5,20.0,-0.12010426853518108,12.761442015375613
all_curves,57.5,D_MLQ_8,D,MLQ,c_other_polyol_same_iso,8,67.5,10.0,-0.08196082225557089,8.541328495226228
all_curves,57.5,D_MLQ_8,D,MLQ,c_other_polyol_same_iso,8,77.5,20.0,-0.14384258001943762,15.470232099986758
all_curves,57.5,D_MLQ_8,D,MLQ,d_all_other,38,67.5,10.0,-0.08103353867155849,8.440726553598793
all_curves,57.5,D_MLQ_8,D,MLQ,d_all_other,38,77.5,20.0,-0.1578834292471024,17.10296789396117
all_curves,57.5,D_MLQ_8,D,MLQ,ref_own_curve,1,67.5,10.0,-0.020176372831124945,2.038129169423984
all_curves,57.5,D_MLQ_8,D,MLQ,ref_own_curve,1,77.5,20.0,-0.030731223738315383,3.1208302323074975
all_curves,57.5,D_TD80_10,D,TD80,a_same_polyol_same_iso,1,67.5,10.0,-0.7991326936465007,122.36115395118179
all_curves,57.5,D_TD80_10,D,TD80,a_same_polyol_same_iso,1,77.5,20.0,-2.965221010723412,1839.899015257432
all_curves,57.5,D_TD80_10,D,TD80,b_same_polyol_other_iso,12,67.5,10.0,0.08326605146362948,7.989368097975167
all_curves,57.5,D_TD80_10,D,TD80,b_same_polyol_other_iso,12,77.5,20.0,0.1482915411492568,13.78202825682194
all_curves,57.5,D_TD80_10,D,TD80,c_other_polyol_same_iso,3,67.5,10.0,-0.12592961348113108,13.420233291948408
all_curves,57.5,D_TD80_10,D,TD80,c_other_polyol_same_iso,3,77.5,20.0,-0.23817324437862059,26.8929008601046
all_curves,57.5,D_TD80_10,D,TD80,d_all_other,38,67.5,10.0,-0.052728678649920264,5.414359465203233
all_curves,57.5,D_TD80_10,D,TD80,d_all_other,38,77.5,20.0,-0.15541360959978406,16.814101553819135
all_curves,57.5,D_TD80_10,D,TD80,ref_own_curve,1,67.5,10.0,0.021911615497113672,2.167329985088049
all_curves,57.5,D_TD80_10,D,TD80,ref_own_curve,1,77.5,20.0,0.040841519606289234,4.001874389960402
all_curves,57.5,D_TD80_7,D,TD80,a_same_polyol_same_iso,1,67.5,10.0,-0.010248976282518196,1.0301676928619359
all_curves,57.5,D_TD80_7,D,TD80,a_same_polyol_same_iso,1,77.5,20.0,-0.009834750213109533,0.9883270299517561
all_curves,57.5,D_TD80_7,D,TD80,b_same_polyol_other_iso,12,67.5,10.0,0.0511054596839976,4.982154027168433
all_curves,57.5,D_TD80_7,D,TD80,b_same_polyol_other_iso,12,77.5,20.0,0.09761527132985805,9.300221531110644
all_curves,57.5,D_TD80_7,D,TD80,c_other_polyol_same_iso,3,67.5,10.0,-0.158090205260763,17.127184482468646
all_curves,57.5,D_TD80_7,D,TD80,c_other_polyol_same_iso,3,77.5,20.0,-0.28884951419801935,33.48908312954927
all_curves,57.5,D_TD80_7,D,TD80,d_all_other,38,67.5,10.0,-0.0612930732468403,6.321046707471729
all_curves,57.5,D_TD80_7,D,TD80,d_all_other,38,77.5,20.0,-0.12122747889558572,12.888167991943217
all_curves,57.5,D_TD80_7,D,TD80,ref_own_curve,1,67.5,10.0,-0.8312932854261326,129.62865746832804
all_curves,57.5,D_TD80_7,D,TD80,ref_own_curve,1,77.5,20.0,-3.0158972805428106,1940.739388534589
all_curves,57.5,D_W_5,D,W,a_same_polyol_same_iso,1,67.5,10.0,-0.05389750567130158,5.537642651312023
all_curves,57.5,D_W_5,D,W,a_same_polyol_same_iso,1,77.5,20.0,-0.09949777647706415,10.461601459817865
all_curves,57.5,D_W_5,D,W,b_same_polyol_other_iso,12,67.5,10.0,-0.07741405348549946,8.04893641729587
all_curves,57.5,D_W_5,D,W,b_same_polyol_other_iso,12,77.5,20.0,-0.27157052346318733,31.20233970275908
all_curves,57.5,D_W_5,D,W,c_other_polyol_same_iso,2,67.5,10.0,-0.25684056329877025,29.283898434357198
all_curves,57.5,D_W_5,D,W,c_other_polyol_same_iso,2,77.5,20.0,-0.4786701971734566,61.39267701650084
all_curves,57.5,D_W_5,D,W,d_all_other,38,67.5,10.0,-0.13280061384021957,14.202227219369226
all_curves,57.5,D_W_5,D,W,d_all_other,38,77.5,20.0,-0.29712419451229044,34.59824527023892
all_curves,57.5,D_W_5,D,W,ref_own_curve,1,67.5,10.0,-0.002504688860544224,0.25078282141758174
all_curves,57.5,D_W_5,D,W,ref_own_curve,1,77.5,20.0,-0.00744696193132155,0.7474759511990332
all_curves,57.5,D_W_9,D,W,a_same_polyol_same_iso,1,67.5,10.0,0.05454926358454515,5.308814056366855
all_curves,57.5,D_W_9,D,W,a_same_polyol_same_iso,1,77.5,20.0,0.09405832993162042,8.977033294197556
all_curves,57.5,D_W_9,D,W,b_same_polyol_other_iso,12,67.5,10.0,-0.020360101040410028,2.0568781744829034
all_curves,57.5,D_W_9,D,W,b_same_polyol_other_iso,12,77.5,20.0,-0.17006523160024548,18.53821731744826
all_curves,57.5,D_W_9,D,W,c_other_polyol_same_iso,2,67.5,10.0,-0.19978661085368077,22.114215187455937
all_curves,57.5,D_W_9,D,W,c_other_polyol_same_iso,2,77.5,20.0,-0.3771649053105145,45.81447453581039
all_curves,57.5,D_W_9,D,W,d_all_other,38,67.5,10.0,-0.07309125805424849,7.582871046989369
all_curves,57.5,D_W_9,D,W,d_all_other,38,77.5,20.0,-0.18988016334942845,20.9104693918326
all_curves,57.5,D_W_9,D,W,ref_own_curve,1,67.5,10.0,0.003156446773787902,0.3151470432898673
all_curves,57.5,D_W_9,D,W,ref_own_curve,1,77.5,20.0,0.002007515385877706,0.20055016746096233
all_curves,57.5,P_44M_10,P,44M,a_same_polyol_same_iso,3,67.5,10.0,0.03670773905046132,3.604217858766855
all_curves,57.5,P_44M_10,P,44M,a_same_polyol_same_iso,3,77.5,20.0,0.0955194155999769,9.109928537033598
all_curves,57.5,P_44M_10,P,44M,b_same_polyol_other_iso,14,67.5,10.0,-0.002874048501065818,0.28781825379845294
all_curves,57.5,P_44M_10,P,44M,b_same_polyol_other_iso,14,77.5,20.0,0.005758442105382865,0.5741894056539328
all_curves,57.5,P_44M_10,P,44M,c_other_polyol_same_iso,7,67.5,10.0,0.2336984317670967,20.83994985318251
all_curves,57.5,P_44M_10,P,44M,c_other_polyol_same_iso,7,77.5,20.0,0.46085626682994474,36.925667037870994
all_curves,57.5,P_44M_10,P,44M,d_all_other,38,67.5,10.0,0.0664172218115128,6.425962845668348
all_curves,57.5,P_44M_10,P,44M,d_all_other,38,77.5,20.0,0.07711973848757447,7.422100440711812
all_curves,57.5,P_44M_10,P,44M,ref_own_curve,1,67.5,10.0,-0.01282790904700426,1.2910539620063308
all_curves,57.5,P_44M_10,P,44M,ref_own_curve,1,77.5,20.0,-0.017949504959386534,1.8111565506958063
all_curves,57.5,P_44M_4,P,44M,a_same_polyol_same_iso,3,67.5,10.0,-0.06543815564154487,6.7626708582904955
all_curves,57.5,P_44M_4,P,44M,a_same_polyol_same_iso,3,77.5,20.0,-0.09357577759807034,9.80938111000788
all_curves,57.5,P_44M_4,P,44M,b_same_polyol_other_iso,14,67.5,10.0,-0.06430670048996046,6.641941996876731
all_curves,57.5,P_44M_4,P,44M,b_same_polyol_other_iso,14,77.5,20.0,-0.0872596706389861,9.117999033830094
all_curves,57.5,P_44M_4,P,44M,c_other_polyol_same_iso,7,67.5,10.0,0.17226577977820234,15.824457813379292
all_curves,57.5,P_44M_4,P,44M,c_other_polyol_same_iso,7,77.5,20.0,0.36783815408557596,30.77707929079282
all_curves,57.5,P_44M_4,P,44M,d_all_other,38,67.5,10.0,0.0016872790270370253,0.16858563720306294
all_curves,57.5,P_44M_4,P,44M,d_all_other,38,77.5,20.0,-0.02368403768843086,2.3966731877247334
all_curves,57.5,P_44M_4,P,44M,ref_own_curve,1,67.5,10.0,0.04787916707344042,4.675103601915885
all_curves,57.5,P_44M_4,P,44M,ref_own_curve,1,77.5,20.0,0.1772636236572891,16.244104493859087
all_curves,57.5,P_44M_6,P,44M,a_same_polyol_same_iso,3,67.5,10.0,0.01453023946908849,1.4425184977392809
all_curves,57.5,P_44M_6,P,44M,a_same_polyol_same_iso,3,77.5,20.0,0.05534403949809247,5.384042431369902
all_curves,57.5,P_44M_6,P,44M,b_same_polyol_other_iso,14,67.5,10.0,-0.019134626440877045,1.9318866651749116
all_curves,57.5,P_44M_6,P,44M,b_same_polyol_other_iso,14,77.5,20.0,-0.02341905522119636,2.369543459236785
all_curves,57.5,P_44M_6,P,44M,c_other_polyol_same_iso,7,67.5,10.0,0.21743785382728553,19.54223952150492
all_curves,57.5,P_44M_6,P,44M,c_other_polyol_same_iso,7,77.5,20.0,0.4316787695033655,35.058204396512984
all_curves,57.5,P_44M_6,P,44M,d_all_other,38,67.5,10.0,0.04968935835996291,4.847503813007759
all_curves,57.5,P_44M_6,P,44M,d_all_other,38,77.5,20.0,0.047081516450068084,4.5990373057498495
all_curves,57.5,P_44M_6,P,44M,ref_own_curve,1,67.5,10.0,-0.011337722062164102,1.1402237622235725
all_curves,57.5,P_44M_6,P,44M,ref_own_curve,1,77.5,20.0,-0.014133365960139144,1.4233714172165877
all_curves,57.5,P_44M_8,P,44M,a_same_polyol_same_iso,3,67.5,10.0,0.033442660234153765,3.288963647663111
all_curves,57.5,P_44M_8,P,44M,a_same_polyol_same_iso,3,77.5,20.0,0.0730301288995325,7.042717740230185
all_curves,57.5,P_44M_8,P,44M,b_same_polyol_other_iso,14,67.5,10.0,-0.003233643564559241,0.32388774298749734
all_curves,57.5,P_44M_8,P,44M,b_same_polyol_other_iso,14,77.5,20.0,-0.010336883264622981,1.039049340379051
all_curves,57.5,P_44M_8,P,44M,c_other_polyol_same_iso,7,67.5,10.0,0.23333883670360328,20.811479171272282
all_curves,57.5,P_44M_8,P,44M,c_other_polyol_same_iso,7,77.5,20.0,0.44476094145993883,35.90225111391293
all_curves,57.5,P_44M_8,P,44M,d_all_other,38,67.5,10.0,0.0658241756088983,6.370452659845139
all_curves,57.5,P_44M_8,P,44M,d_all_other,38,77.5,20.0,0.060511031607640764,5.871661490785307
all_curves,57.5,P_44M_8,P,44M,ref_own_curve,1,67.5,10.0,-0.004471052852076052,0.44810629218359516
all_curves,57.5,P_44M_8,P,44M,ref_own_curve,1,77.5,20.0,-0.014862946338132593,1.4973949186361215
all_curves,57.5,P_I_5,P,I,a_same_polyol_same_iso,1,67.5,10.0,-0.002767819530087867,0.27716534789736186
all_curves,57.5,P_I_5,P,I,a_same_polyol_same_iso,1,77.5,20.0,-0.012947762707847504,1.3031947931813452
all_curves,57.5,P_I_5,P,I,b_same_polyol_other_iso,16,67.5,10.0,0.00815487086802158,0.8121710110373758
all_curves,57.5,P_I_5,P,I,b_same_polyol_other_iso,16,77.5,20.0,0.005911607375794464,0.5894168206341726
all_curves,57.5,P_I_5,P,I,c_other_polyol_same_iso,2,67.5,10.0,0.16447047785542918,15.165719852651574
all_curves,57.5,P_I_5,P,I,c_other_polyol_same_iso,2,77.5,20.0,0.2510505066068679,22.201692271877878
all_curves,57.5,P_I_5,P,I,d_all_other,38,67.5,10.0,0.07060725723040306,6.817221110216745
all_curves,57.5,P_I_5,P,I,d_all_other,38,77.5,20.0,0.06279963079209722,6.08683721012527
all_curves,57.5,P_I_5,P,I,ref_own_curve,1,67.5,10.0,0.0020090693902372614,0.20070525612057902
all_curves,57.5,P_I_5,P,I,ref_own_curve,1,77.5,20.0,0.004866827905210341,0.48550040875530087
all_curves,57.5,P_I_9,P,I,a_same_polyol_same_iso,1,67.5,10.0,0.002363081627147212,0.2360291747762522
all_curves,57.5,P_I_9,P,I,a_same_polyol_same_iso,1,77.5,20.0,0.008034969922476876,0.8002775835527208
all_curves,57.5,P_I_9,P,I,b_same_polyol_other_iso,16,67.5,10.0,0.008508883104931475,0.8472785016447005
all_curves,57.5,P_I_9,P,I,b_same_polyol_other_iso,16,77.5,20.0,0.009079749393060998,0.9038652944414787
all_curves,57.5,P_I_9,P,I,c_other_polyol_same_iso,2,67.5,10.0,0.16482449009233907,15.195746910646598
all_curves,57.5,P_I_9,P,I,c_other_polyol_same_iso,2,77.5,20.0,0.2542186486241344,22.447778335831046
all_curves,57.5,P_I_9,P,I,d_all_other,38,67.5,10.0,0.07109898915948171,6.863030793872002
all_curves,57.5,P_I_9,P,I,d_all_other,38,77.5,20.0,0.06647140453217903,6.431032804231777
all_curves,57.5,P_I_9,P,I,ref_own_curve,1,67.5,10.0,-0.002413807293177958,0.24167228714116412
all_curves,57.5,P_I_9,P,I,ref_own_curve,1,77.5,20.0,-0.00977962069058097,0.9827597451639226
all_curves,57.5,P_MLQ_10,P,MLQ,a_same_polyol_same_iso,3,67.5,10.0,0.0020592321891593213,0.2057113425146773
all_curves,57.5,P_MLQ_10,P,MLQ,a_same_polyol_same_iso,3,77.5,20.0,0.04935311429841498,4.815503971646598
all_curves,57.5,P_MLQ_10,P,MLQ,b_same_polyol_other_iso,14,67.5,10.0,0.02099711925297304,2.077821454435636
all_curves,57.5,P_MLQ_10,P,MLQ,b_same_polyol_other_iso,14,77.5,20.0,0.12523765411492568,11.771280151620477
all_curves,57.5,P_MLQ_10,P,MLQ,c_other_polyol_same_iso,8,67.5,10.0,0.15213863422291887,14.113079617741475
all_curves,57.5,P_MLQ_10,P,MLQ,c_other_polyol_same_iso,8,77.5,20.0,0.310048935319685,26.658893435881982
all_curves,57.5,P_MLQ_10,P,MLQ,d_all_other,38,67.5,10.0,0.07982379049903204,7.672097741050673
all_curves,57.5,P_MLQ_10,P,MLQ,d_all_other,38,77.5,20.0,0.1667960625967767,15.362779931335336
all_curves,57.5,P_MLQ_10,P,MLQ,ref_own_curve,1,67.5,10.0,0.01911337429158294,1.8931871966635077
all_curves,57.5,P_MLQ_10,P,MLQ,ref_own_curve,1,77.5,20.0,0.11735674928962274,11.073210912026122
all_curves,57.5,P_MLQ_4,P,MLQ,a_same_polyol_same_iso,3,67.5,10.0,-0.04068275174766267,4.1521632209617145
all_curves,57.5,P_MLQ_4,P,MLQ,a_same_polyol_same_iso,3,77.5,20.0,-0.09715726200346841,10.203366801686348
all_curves,57.5,P_MLQ_4,P,MLQ,b_same_polyol_other_iso,14,67.5,10.0,-0.014810660466249903,1.4920881775839794
all_curves,57.5,P_MLQ_4,P,MLQ,b_same_polyol_other_iso,14,77.5,20.0,-0.012691413704560617,1.2772291484421046
all_curves,57.5,P_MLQ_4,P,MLQ,c_other_polyol_same_iso,8,67.5,10.0,0.11633085450369629,10.981934570815717
all_curves,57.5,P_MLQ_4,P,MLQ,c_other_polyol_same_iso,8,77.5,20.0,0.1721198675001987,15.812174672157886
all_curves,57.5,P_MLQ_4,P,MLQ,d_all_other,38,67.5,10.0,0.043485694730147184,4.255374948001562
all_curves,57.5,P_MLQ_4,P,MLQ,d_all_other,38,77.5,20.0,0.0282516404207529,2.785629463186616
all_curves,57.5,P_MLQ_4,P,MLQ,ref_own_curve,1,67.5,10.0,0.0041082072251570345,0.40997800859490385
all_curves,57.5,P_MLQ_4,P,MLQ,ref_own_curve,1,77.5,20.0,0.005171606917324212,0.515825718138065
all_curves,57.5,P_MLQ_6,P,MLQ,a_same_polyol_same_iso,3,67.5,10.0,0.0049703716735973735,0.495803981607542
all_curves,57.5,P_MLQ_6,P,MLQ,a_same_polyol_same_iso,3,77.5,20.0,0.007842692356547554,0.7812018685283655
all_curves,57.5,P_MLQ_6,P,MLQ,b_same_polyol_other_iso,14,67.5,10.0,0.009107426831968413,0.9066079837002703
all_curves,57.5,P_MLQ_6,P,MLQ,b_same_polyol_other_iso,14,77.5,20.0,0.03353172787665537,3.29757708807979
all_curves,57.5,P_MLQ_6,P,MLQ,c_other_polyol_same_iso,8,67.5,10.0,0.14024894180191438,13.085815727111537
all_curves,57.5,P_MLQ_6,P,MLQ,c_other_polyol_same_iso,8,77.5,20.0,0.21834300908141469,19.61503333631549
all_curves,57.5,P_MLQ_6,P,MLQ,d_all_other,38,67.5,10.0,0.06919414191685558,6.685450016461197
all_curves,57.5,P_MLQ_6,P,MLQ,d_all_other,38,77.5,20.0,0.07931477926460828,7.625089838789859
all_curves,57.5,P_MLQ_6,P,MLQ,ref_own_curve,1,67.5,10.0,-0.03717881384575916,3.787859130872088
all_curves,57.5,P_MLQ_6,P,MLQ,ref_own_curve,1,77.5,20.0,-0.12493568983788039,13.307558244928972
all_curves,57.5,P_MLQ_8,P,MLQ,a_same_polyol_same_iso,3,67.5,10.0,-0.008631164081542408,0.8668519975847438
all_curves,57.5,P_MLQ_8,P,MLQ,a_same_polyol_same_iso,3,77.5,20.0,0.005662007960157034,0.5646009002736523
all_curves,57.5,P_MLQ_8,P,MLQ,b_same_polyol_other_iso,14,67.5,10.0,0.0011192085676998698,0.1118582487384131
all_curves,57.5,P_MLQ_8,P,MLQ,b_same_polyol_other_iso,14,77.5,20.0,0.0551571085994888,5.3663541322060295
all_curves,57.5,P_MLQ_8,P,MLQ,c_other_polyol_same_iso,8,67.5,10.0,0.13226072353764562,12.3887457862224
all_curves,57.5,P_MLQ_8,P,MLQ,c_other_polyol_same_iso,8,77.5,20.0,0.23996838980424817,21.334727307976927
all_curves,57.5,P_MLQ_8,P,MLQ,d_all_other,38,67.5,10.0,0.060708879432347596,5.890282735655485
all_curves,57.5,P_MLQ_8,P,MLQ,d_all_other,38,77.5,20.0,0.09890242311842623,9.416890811545374
all_curves,57.5,P_MLQ_8,P,MLQ,ref_own_curve,1,67.5,10.0,-0.028327079637396446,2.8732106724428874
all_curves,57.5,P_MLQ_8,P,MLQ,ref_own_curve,1,77.5,20.0,-0.031892113757328366,3.240611687972575
all_curves,57.5,P_TD80_10,P,TD80,a_same_polyol_same_iso,2,67.5,10.0,0.006889304864943949,0.6865628007746674
all_curves,57.5,P_TD80_10,P,TD80,a_same_polyol_same_iso,2,77.5,20.0,-0.0063687867269210385,0.6389110572277659
all_curves,57.5,P_TD80_10,P,TD80,b_same_polyol_other_iso,15,67.5,10.0,0.02051110511860153,2.030218324634106
all_curves,57.5,P_TD80_10,P,TD80,b_same_polyol_other_iso,15,77.5,20.0,0.02788829185124253,2.7503003427122064
all_curves,57.5,P_TD80_10,P,TD80,c_other_polyol_same_iso,2,67.5,10.0,-0.2584995004167579,29.49855028996533
all_curves,57.5,P_TD80_10,P,TD80,c_other_polyol_same_iso,2,77.5,20.0,-1.2340424891687238,243.50878117256846
all_curves,57.5,P_TD80_10,P,TD80,d_all_other,38,67.5,10.0,0.08141878728026501,7.819243068614782
all_curves,57.5,P_TD80_10,P,TD80,d_all_other,38,77.5,20.0,0.08020967580298666,7.707718848404419
all_curves,57.5,P_TD80_10,P,TD80,ref_own_curve,1,67.5,10.0,-0.0012343341994469972,0.12350963034363759
all_curves,57.5,P_TD80_10,P,TD80,ref_own_curve,1,77.5,20.0,-0.01734039051243691,1.7491607875544248
all_curves,57.5,P_TD80_4,P,TD80,a_same_polyol_same_iso,2,67.5,10.0,-0.023124026707933343,2.33934597980436
all_curves,57.5,P_TD80_4,P,TD80,a_same_polyol_same_iso,2,77.5,20.0,-0.059676223930421046,6.149280493244096
all_curves,57.5,P_TD80_4,P,TD80,b_same_polyol_other_iso,15,67.5,10.0,-0.00815957596479322,0.8192956032053762
all_curves,57.5,P_TD80_4,P,TD80,b_same_polyol_other_iso,15,77.5,20.0,-0.029519218220611987,2.995922926537974
all_curves,57.5,P_TD80_4,P,TD80,c_other_polyol_same_iso,2,67.5,10.0,-0.2871701815001526,33.26509867229232
all_curves,57.5,P_TD80_4,P,TD80,c_other_polyol_same_iso,2,77.5,20.0,-1.2914499992405786,263.8057914309202
all_curves,57.5,P_TD80_4,P,TD80,d_all_other,38,67.5,10.0,0.05269508541843271,5.133076853172675
all_curves,57.5,P_TD80_4,P,TD80,d_all_other,38,77.5,20.0,0.023073502004411495,2.280934433832899
all_curves,57.5,P_TD80_4,P,TD80,ref_own_curve,1,67.5,10.0,-0.027219714303876374,2.7593554964684275
all_curves,57.5,P_TD80_4,P,TD80,ref_own_curve,1,77.5,20.0,-0.08294804632099995,8.648536017025975
all_curves,57.5,P_TD80_7,P,TD80,a_same_polyol_same_iso,2,67.5,10.0,-0.015965892679874583,1.6094028570762304
all_curves,57.5,P_TD80_7,P,TD80,a_same_polyol_same_iso,2,77.5,20.0,-0.04275919321096867,4.368653778366422
all_curves,57.5,P_TD80_7,P,TD80,b_same_polyol_other_iso,15,67.5,10.0,0.004436896148693303,0.44270676663342984
all_curves,57.5,P_TD80_7,P,TD80,b_same_polyol_other_iso,15,77.5,20.0,0.0065695620210700564,0.6548029627098058
all_curves,57.5,P_TD80_7,P,TD80,c_other_polyol_same_iso,2,67.5,10.0,-0.27457370938666614,31.596956980416746
all_curves,57.5,P_TD80_7,P,TD80,c_other_polyol_same_iso,2,77.5,20.0,-1.2553612189988965,250.91057010859222
all_curves,57.5,P_TD80_7,P,TD80,d_all_other,38,67.5,10.0,0.0649809509695689,6.291468622595486
all_curves,57.5,P_TD80_7,P,TD80,d_all_other,38,77.5,20.0,0.05808309705498007,5.64284638368475
all_curves,57.5,P_TD80_7,P,TD80,ref_own_curve,1,67.5,10.0,-0.003746566019536657,0.375359317116122
all_curves,57.5,P_TD80_7,P,TD80,ref_own_curve,1,77.5,20.0,-0.00851576703486439,0.855212932326308
all_curves,57.5,P_TDS_10,P,TDS,a_same_polyol_same_iso,2,67.5,10.0,0.08381928881691411,8.040257738119788
all_curves,57.5,P_TDS_10,P,TDS,a_same_polyol_same_iso,2,77.5,20.0,0.1598788708256329,14.77529853084919
all_curves,57.5,P_TDS_10,P,TDS,b_same_polyol_other_iso,15,67.5,10.0,0.07312743838944996,7.05176292585266
all_curves,57.5,P_TDS_10,P,TDS,b_same_polyol_other_iso,15,77.5,20.0,0.13674619264634025,12.78084333245853
all_curves,57.5,P_TDS_10,P,TDS,d_all_other,38,67.5,10.0,0.1499006226166658,13.920648441817182
all_curves,57.5,P_TDS_10,P,TDS,d_all_other,38,77.5,20.0,0.23085527448314364,20.614565129725978
all_curves,57.5,P_TDS_10,P,TDS,ref_own_curve,1,67.5,10.0,0.2641268475865947,23.21238697551629
all_curves,57.5,P_TDS_10,P,TDS,ref_own_curve,1,77.5,20.0,0.6205445837674837,46.23484384588372
all_curves,57.5,P_TDS_4,P,TDS,a_same_polyol_same_iso,2,67.5,10.0,0.05892931052783923,5.722658904357708
all_curves,57.5,P_TDS_4,P,TDS,a_same_polyol_same_iso,2,77.5,20.0,0.15997382851367042,14.78339088724258
all_curves,57.5,P_TDS_4,P,TDS,b_same_polyol_other_iso,15,67.5,10.0,-0.02465989046679462,2.4966460372080617
all_curves,57.5,P_TDS_4,P,TDS,b_same_polyol_other_iso,15,77.5,20.0,-0.05110646487162662,5.2434934669077125
all_curves,57.5,P_TDS_4,P,TDS,d_all_other,38,67.5,10.0,0.04774885804328388,4.662681097751823
all_curves,57.5,P_TDS_4,P,TDS,d_all_other,38,77.5,20.0,0.0296677150104373,2.9231948386517086
all_curves,57.5,P_TDS_4,P,TDS,ref_own_curve,1,67.5,10.0,-0.0031863027492718965,0.3191384407677549
all_curves,57.5,P_TDS_4,P,TDS,ref_own_curve,1,77.5,20.0,-0.004485425074276295,0.4495499650611888
all_curves,57.5,P_TDS_7,P,TDS,a_same_polyol_same_iso,2,67.5,10.0,0.0836718901030919,8.02670199136169
all_curves,57.5,P_TDS_7,P,TDS,a_same_polyol_same_iso,2,77.5,20.0,0.2279800916352519,20.385989047462648
all_curves,57.5,P_TDS_7,P,TDS,b_same_polyol_other_iso,15,67.5,10.0,-0.00017149983307201966,0.017151454000912524
all_curves,57.5,P_TDS_7,P,TDS,b_same_polyol_other_iso,15,77.5,20.0,0.023257474486408018,2.298910399271298
all_curves,57.5,P_TDS_7,P,TDS,d_all_other,38,67.5,10.0,0.07281414039908896,7.022637867796884
all_curves,57.5,P_TDS_7,P,TDS,d_all_other,38,77.5,20.0,0.1052871799141637,9.993399541048541
all_curves,57.5,P_TDS_7,P,TDS,ref_own_curve,1,67.5,10.0,-0.0002613866956636679,0.02614208601426515
all_curves,57.5,P_TDS_7,P,TDS,ref_own_curve,1,77.5,20.0,0.02290179104764979,2.2641535589018593
all_curves,57.5,P_W_5,P,W,a_same_polyol_same_iso,1,67.5,10.0,-0.006080801280915038,0.6099326884159034
all_curves,57.5,P_W_5,P,W,a_same_polyol_same_iso,1,77.5,20.0,-0.01787304425026015,1.8033722950676079
all_curves,57.5,P_W_5,P,W,b_same_polyol_other_iso,16,67.5,10.0,0.06408439150337891,6.207415678125079
all_curves,57.5,P_W_5,P,W,b_same_polyol_other_iso,16,77.5,20.0,0.12388439638023052,11.651803130695315
all_curves,57.5,P_W_5,P,W,c_other_polyol_same_iso,2,67.5,10.0,0.2456238051246462,21.778356460381463
all_curves,57.5,P_W_5,P,W,c_other_polyol_same_iso,2,77.5,20.0,0.4678838354352841,37.367372364890585
all_curves,57.5,P_W_5,P,W,d_all_other,38,67.5,10.0,0.12148341430881404,11.439425838959759
all_curves,57.5,P_W_5,P,W,d_all_other,38,77.5,20.0,0.17048755841206553,15.674641902307245
all_curves,57.5,P_W_5,P,W,ref_own_curve,1,67.5,10.0,-0.012589069203973013,1.266864511394859
all_curves,57.5,P_W_5,P,W,ref_own_curve,1,77.5,20.0,-0.029106104013045475,2.953382635060003
all_curves,57.5,P_W_9,P,W,a_same_polyol_same_iso,1,67.5,10.0,-0.02380400973172292,2.4089586627754107
all_curves,57.5,P_W_9,P,W,a_same_polyol_same_iso,1,77.5,20.0,-0.05010406461027139,5.138050218549572
all_curves,57.5,P_W_9,P,W,b_same_polyol_other_iso,16,67.5,10.0,0.052869450975628784,5.149616935034448
all_curves,57.5,P_W_9,P,W,b_same_polyol_other_iso,16,77.5,20.0,0.10288643578300449,9.777057135759962
all_curves,57.5,P_W_9,P,W,c_other_polyol_same_iso,2,67.5,10.0,0.23440886459689625,20.896167779720567
all_curves,57.5,P_W_9,P,W,c_other_polyol_same_iso,2,77.5,20.0,0.4468858748380583,36.038309950805335
all_curves,57.5,P_W_9,P,W,d_all_other,38,67.5,10.0,0.11009830210812577,10.425392275928525
all_curves,57.5,P_W_9,P,W,d_all_other,38,77.5,20.0,0.14920031459441396,13.860345268437255
all_curves,57.5,P_W_9,P,W,ref_own_curve,1,67.5,10.0,-0.017295741808665,1.744617920832691
all_curves,57.5,P_W_9,P,W,ref_own_curve,1,77.5,20.0,-0.03887100484748607,3.9636366948428066
primary_regime_screened,47.5,C_44M_10,C,44M,a_same_polyol_same_iso,2,57.5,10.0,0.03998459456287451,3.919575935236963
primary_regime_screened,47.5,C_44M_10,C,44M,a_same_polyol_same_iso,2,67.5,20.0,0.018937336587297127,1.8759151783441876
primary_regime_screened,47.5,C_44M_10,C,44M,b_same_polyol_other_iso,3,57.5,10.0,0.006616163979012324,0.6594325355294871
primary_regime_screened,47.5,C_44M_10,C,44M,b_same_polyol_other_iso,3,67.5,20.0,-0.07925899062397068,8.248463914113115
primary_regime_screened,47.5,C_44M_10,C,44M,c_other_polyol_same_iso,7,57.5,10.0,-0.09142499328716713,9.573458616071377
primary_regime_screened,47.5,C_44M_10,C,44M,c_other_polyol_same_iso,7,67.5,20.0,-0.21245870556084956,23.671504305673604
primary_regime_screened,47.5,C_44M_10,C,44M,d_all_other,32,57.5,10.0,-0.0820028194764193,8.545887025092345
primary_regime_screened,47.5,C_44M_10,C,44M,d_all_other,32,67.5,20.0,-0.1896537600668151,20.883097963267524
primary_regime_screened,47.5,C_44M_10,C,44M,ref_own_curve,1,57.5,10.0,-0.022298441827541815,2.2548910302559606
primary_regime_screened,47.5,C_44M_10,C,44M,ref_own_curve,1,67.5,20.0,-0.10193957251755181,10.731655735438604
primary_regime_screened,47.5,C_44M_6,C,44M,a_same_polyol_same_iso,2,57.5,10.0,-0.07158940499374822,7.421418652083911
primary_regime_screened,47.5,C_44M_6,C,44M,a_same_polyol_same_iso,2,67.5,20.0,-0.18456996343434717,20.27011234424904
primary_regime_screened,47.5,C_44M_6,C,44M,b_same_polyol_other_iso,3,57.5,10.0,-0.06992941351739379,7.24324793459325
primary_regime_screened,47.5,C_44M_6,C,44M,b_same_polyol_other_iso,3,67.5,20.0,-0.21416406167309665,23.88258819689725
primary_regime_screened,47.5,C_44M_6,C,44M,c_other_polyol_same_iso,7,57.5,10.0,-0.1679705707835728,18.290179826252956
primary_regime_screened,47.5,C_44M_6,C,44M,c_other_polyol_same_iso,7,67.5,20.0,-0.3473637766099755,41.533149622764256
primary_regime_screened,47.5,C_44M_6,C,44M,d_all_other,32,57.5,10.0,-0.16073767335158617,17.43768580576584
primary_regime_screened,47.5,C_44M_6,C,44M,d_all_other,32,67.5,20.0,-0.32884647042671666,38.93645306686592
primary_regime_screened,47.5,C_44M_6,C,44M,ref_own_curve,1,57.5,10.0,-0.02878717520350982,2.9205530707237437
primary_regime_screened,47.5,C_44M_6,C,44M,ref_own_curve,1,67.5,20.0,-0.09964018562162558,10.477333322142583
primary_regime_screened,47.5,C_44M_8,C,44M,a_same_polyol_same_iso,2,57.5,10.0,-0.03319482433780907,3.3751919656971454
primary_regime_screened,47.5,C_44M_8,C,44M,a_same_polyol_same_iso,2,67.5,20.0,-0.09211868606082918,9.649495302499327
primary_regime_screened,47.5,C_44M_8,C,44M,b_same_polyol_other_iso,3,57.5,10.0,-0.03930864059149286,4.009144855609974
primary_regime_screened,47.5,C_44M_8,C,44M,b_same_polyol_other_iso,3,67.5,20.0,-0.138040333139831,14.802185266632458
primary_regime_screened,47.5,C_44M_8,C,44M,c_other_polyol_same_iso,7,57.5,10.0,-0.13734979785767232,14.722937672016018
primary_regime_screened,47.5,C_44M_8,C,44M,c_other_polyol_same_iso,7,67.5,20.0,-0.27124004807670987,31.158987722614818
primary_regime_screened,47.5,C_44M_8,C,44M,d_all_other,32,57.5,10.0,-0.12963103744255822,13.840827579856258
primary_regime_screened,47.5,C_44M_8,C,44M,d_all_other,32,67.5,20.0,-0.25170227009093527,28.621303618192773
primary_regime_screened,47.5,C_44M_8,C,44M,ref_own_curve,1,57.5,10.0,-0.013714017737691542,1.3808486232503132
primary_regime_screened,47.5,C_44M_8,C,44M,ref_own_curve,1,67.5,20.0,-0.056171554768887244,5.777913522680958
primary_regime_screened,47.5,C_MLQ_10,C,MLQ,a_same_polyol_same_iso,2,57.5,10.0,0.0019613573942325324,0.19594351897339576
primary_regime_screened,47.5,C_MLQ_10,C,MLQ,a_same_polyol_same_iso,2,67.5,20.0,-0.07578602166755921,7.873172424422023
primary_regime_screened,47.5,C_MLQ_10,C,MLQ,b_same_polyol_other_iso,3,57.5,10.0,0.0056033799034755916,0.5587710251636374
primary_regime_screened,47.5,C_MLQ_10,C,MLQ,b_same_polyol_other_iso,3,67.5,20.0,-0.019434915727532864,1.9625003149545608
primary_regime_screened,47.5,C_MLQ_10,C,MLQ,c_other_polyol_same_iso,8,57.5,10.0,-0.046006028199709004,4.708072294962157
primary_regime_screened,47.5,C_MLQ_10,C,MLQ,c_other_polyol_same_iso,8,67.5,20.0,-0.05881465937748498,6.057865421498894
primary_regime_screened,47.5,C_MLQ_10,C,MLQ,d_all_other,32,57.5,10.0,-0.09596626619060133,10.07219318238286
primary_regime_screened,47.5,C_MLQ_10,C,MLQ,d_all_other,32,67.5,20.0,-0.18834542014109434,20.72504519577602
primary_regime_screened,47.5,C_MLQ_10,C,MLQ,ref_own_curve,1,57.5,10.0,-0.02493483043919653,2.5248303365585203
primary_regime_screened,47.5,C_MLQ_10,C,MLQ,ref_own_curve,1,67.5,20.0,-0.08044477637639691,8.37689953385918
primary_regime_screened,47.5,C_MLQ_6,C,MLQ,a_same_polyol_same_iso,2,57.5,10.0,-0.08982551741808509,9.398338600577064
primary_regime_screened,47.5,C_MLQ_6,C,MLQ,a_same_polyol_same_iso,2,67.5,20.0,-0.19073226567678025,21.013541391911623
primary_regime_screened,47.5,C_MLQ_6,C,MLQ,b_same_polyol_other_iso,3,57.5,10.0,-0.07197706255223002,7.463069449568859
primary_regime_screened,47.5,C_MLQ_6,C,MLQ,b_same_polyol_other_iso,3,67.5,20.0,-0.15421531733365645,16.674207952802124
primary_regime_screened,47.5,C_MLQ_6,C,MLQ,c_other_polyol_same_iso,8,57.5,10.0,-0.12358647065541462,13.15478459956867
primary_regime_screened,47.5,C_MLQ_6,C,MLQ,c_other_polyol_same_iso,8,67.5,20.0,-0.19359506098360812,21.36047475292606
primary_regime_screened,47.5,C_MLQ_6,C,MLQ,d_all_other,32,57.5,10.0,-0.17443461066859367,19.05728890744472
primary_regime_screened,47.5,C_MLQ_6,C,MLQ,d_all_other,32,67.5,20.0,-0.32188618689740744,37.97277359264506
primary_regime_screened,47.5,C_MLQ_6,C,MLQ,ref_own_curve,1,57.5,10.0,-0.0741024081816768,7.691708496985177
primary_regime_screened,47.5,C_MLQ_6,C,MLQ,ref_own_curve,1,67.5,20.0,-0.2548934931763229,29.032418522362075
primary_regime_screened,47.5,C_MLQ_8,C,MLQ,a_same_polyol_same_iso,2,57.5,10.0,-0.03326933421141742,3.382894725147002
primary_regime_screened,47.5,C_MLQ_8,C,MLQ,a_same_polyol_same_iso,2,67.5,20.0,-0.15893884853159745,17.226625868574956
primary_regime_screened,47.5,C_MLQ_8,C,MLQ,b_same_polyol_other_iso,3,57.5,10.0,-0.016937556225362638,1.7081809914957977
primary_regime_screened,47.5,C_MLQ_8,C,MLQ,b_same_polyol_other_iso,3,67.5,20.0,-0.0780948302858464,8.122518670214431
primary_regime_screened,47.5,C_MLQ_8,C,MLQ,c_other_polyol_same_iso,8,57.5,10.0,-0.06854696432854768,7.095092026080496
primary_regime_screened,47.5,C_MLQ_8,C,MLQ,c_other_polyol_same_iso,8,67.5,20.0,-0.11747457393579896,12.465303407994591
primary_regime_screened,47.5,C_MLQ_8,C,MLQ,d_all_other,32,57.5,10.0,-0.11930031203673819,12.670823152986138
primary_regime_screened,47.5,C_MLQ_8,C,MLQ,d_all_other,32,67.5,20.0,-0.24853614171850813,28.214716053369663
primary_regime_screened,47.5,C_MLQ_8,C,MLQ,ref_own_curve,1,57.5,10.0,-0.022096255614421967,2.2342185909771
primary_regime_screened,47.5,C_MLQ_8,C,MLQ,ref_own_curve,1,67.5,20.0,-0.09011886632329391,9.43043519095686
primary_regime_screened,47.5,D_44M_10,D,44M,a_same_polyol_same_iso,2,57.5,10.0,0.10975196183856928,10.39436360921572
primary_regime_screened,47.5,D_44M_10,D,44M,a_same_polyol_same_iso,2,67.5,20.0,0.20507865645377438,18.541675833759186
primary_regime_screened,47.5,D_44M_10,D,44M,b_same_polyol_other_iso,7,57.5,10.0,0.04401033038247537,4.305592817628398
primary_regime_screened,47.5,D_44M_10,D,44M,b_same_polyol_other_iso,7,67.5,20.0,0.0529899201540846,5.161042794512732
primary_regime_screened,47.5,D_44M_10,D,44M,c_other_polyol_same_iso,7,57.5,10.0,-0.06266590434690289,6.467107782636516
primary_regime_screened,47.5,D_44M_10,D,44M,c_other_polyol_same_iso,7,67.5,20.0,-0.09902239416790759,10.409102448182134
primary_regime_screened,47.5,D_44M_10,D,44M,d_all_other,32,57.5,10.0,-0.050211754189205315,5.149373100574797
primary_regime_screened,47.5,D_44M_10,D,44M,d_all_other,32,67.5,20.0,-0.07645860563911322,7.945750595876763
primary_regime_screened,47.5,D_44M_10,D,44M,ref_own_curve,1,57.5,10.0,-0.06903126328363896,7.146970628606638
primary_regime_screened,47.5,D_44M_10,D,44M,ref_own_curve,1,67.5,20.0,-0.20049025191311137,22.20017000032334
primary_regime_screened,47.5,D_44M_4,D,44M,a_same_polyol_same_iso,2,57.5,10.0,-0.15841759580246428,17.165537092642648
primary_regime_screened,47.5,D_44M_4,D,44M,a_same_polyol_same_iso,2,67.5,20.0,-0.3363911008278859,39.988641449732945
primary_regime_screened,47.5,D_44M_4,D,44M,b_same_polyol_other_iso,7,57.5,10.0,-0.09792411288608838,10.287908762181447
primary_regime_screened,47.5,D_44M_4,D,44M,b_same_polyol_other_iso,7,67.5,20.0,-0.2197223945101241,24.573086085605244
primary_regime_screened,47.5,D_44M_4,D,44M,c_other_polyol_same_iso,7,57.5,10.0,-0.2046003476154663,22.703457966222874
primary_regime_screened,47.5,D_44M_4,D,44M,c_other_polyol_same_iso,7,67.5,20.0,-0.37173470883211657,45.02481922182097
primary_regime_screened,47.5,D_44M_4,D,44M,d_all_other,32,57.5,10.0,-0.20003589210604833,22.14465976642348
primary_regime_screened,47.5,D_44M_4,D,44M,d_all_other,32,67.5,20.0,-0.3659682604669121,44.19094763946843
primary_regime_screened,47.5,D_44M_4,D,44M,ref_own_curve,1,57.5,10.0,0.041504522192714166,4.065500301129286
primary_regime_screened,47.5,D_44M_4,D,44M,ref_own_curve,1,67.5,20.0,0.06431231865751341,6.22879111883426
primary_regime_screened,47.5,D_44M_8,D,44M,a_same_polyol_same_iso,2,57.5,10.0,0.03169423198386734,3.1197234305157964
primary_regime_screened,47.5,D_44M_8,D,44M,a_same_polyol_same_iso,2,67.5,20.0,0.0008138549621552471,0.08135238720314061
primary_regime_screened,47.5,D_44M_8,D,44M,b_same_polyol_other_iso,7,57.5,10.0,0.018500711277504855,1.8330623647801445
primary_regime_screened,47.5,D_44M_8,D,44M,b_same_polyol_other_iso,7,67.5,20.0,-0.014463415588122919,1.456851687993233
primary_regime_screened,47.5,D_44M_8,D,44M,c_other_polyol_same_iso,7,57.5,10.0,-0.08817552345187307,9.217980837501274
primary_regime_screened,47.5,D_44M_8,D,44M,c_other_polyol_same_iso,7,67.5,20.0,-0.16647572991011494,18.113486927306106
primary_regime_screened,47.5,D_44M_8,D,44M,d_all_other,32,57.5,10.0,-0.07900563021603446,8.221041513159403
primary_regime_screened,47.5,D_44M_8,D,44M,d_all_other,32,67.5,20.0,-0.15246265799065917,16.46989690827784
primary_regime_screened,47.5,D_44M_8,D,44M,ref_own_curve,1,57.5,10.0,0.010555339110856377,1.0499827007025553
primary_regime_screened,47.5,D_44M_8,D,44M,ref_own_curve,1,67.5,20.0,0.005679343843513651,0.5663246858122482
primary_regime_screened,47.5,D_I_5,D,I,b_same_polyol_other_iso,9,57.5,10.0,-0.07219891977278436,7.486913552364564
primary_regime_screened,47.5,D_I_5,D,I,b_same_polyol_other_iso,9,67.5,20.0,-0.11233722341711916,11.889011297958925
primary_regime_screened,47.5,D_I_5,D,I,c_other_polyol_same_iso,2,57.5,10.0,-0.30335752488694023,35.43986090998397
primary_regime_screened,47.5,D_I_5,D,I,c_other_polyol_same_iso,2,67.5,20.0,-0.5088303669157566,66.3344553919176
primary_regime_screened,47.5,D_I_5,D,I,d_all_other,32,57.5,10.0,-0.18442538857044966,20.252725566001764
primary_regime_screened,47.5,D_I_5,D,I,d_all_other,32,67.5,20.0,-0.30655034917772483,35.87298766871028
primary_regime_screened,47.5,D_I_5,D,I,ref_own_curve,1,57.5,10.0,-0.24708639501338858,28.028971864768724
primary_regime_screened,47.5,D_I_5,D,I,ref_own_curve,1,67.5,20.0,-0.8304615430404023,129.4377449869407
primary_regime_screened,47.5,D_MLQ_10,D,MLQ,a_same_polyol_same_iso,3,57.5,10.0,0.11318231391944156,10.701215883895014
primary_regime_screened,47.5,D_MLQ_10,D,MLQ,a_same_polyol_same_iso,3,67.5,20.0,0.24586910432763537,21.797541814026054
primary_regime_screened,47.5,D_MLQ_10,D,MLQ,b_same_polyol_other_iso,6,57.5,10.0,0.01776590279758805,1.760901957765705
primary_regime_screened,47.5,D_MLQ_10,D,MLQ,b_same_polyol_other_iso,6,67.5,20.0,-0.04288711210108498,4.382005354661888
primary_regime_screened,47.5,D_MLQ_10,D,MLQ,c_other_polyol_same_iso,7,57.5,10.0,-0.03822153657721228,3.896137533201758
primary_regime_screened,47.5,D_MLQ_10,D,MLQ,c_other_polyol_same_iso,7,67.5,20.0,-0.05640242562196973,5.802337379083021
primary_regime_screened,47.5,D_MLQ_10,D,MLQ,d_all_other,32,57.5,10.0,-0.052677626564186175,5.408977979655409
primary_regime_screened,47.5,D_MLQ_10,D,MLQ,d_all_other,32,67.5,20.0,-0.09147060421179976,9.57845647681171
primary_regime_screened,47.5,D_MLQ_10,D,MLQ,ref_own_curve,1,57.5,10.0,0.013500858792744985,1.341013095885299
primary_regime_screened,47.5,D_MLQ_10,D,MLQ,ref_own_curve,1,67.5,20.0,0.022232800515739892,2.1987473273691243
primary_regime_screened,47.5,D_MLQ_4,D,MLQ,a_same_polyol_same_iso,3,57.5,10.0,-0.041875466919631954,4.27646119753482
primary_regime_screened,47.5,D_MLQ_4,D,MLQ,a_same_polyol_same_iso,3,67.5,20.0,-0.059690454829521844,6.150791103693065
primary_regime_screened,47.5,D_MLQ_4,D,MLQ,b_same_polyol_other_iso,6,57.5,10.0,-0.08761627532445537,9.156917962478312
primary_regime_screened,47.5,D_MLQ_4,D,MLQ,b_same_polyol_other_iso,6,67.5,20.0,-0.23384643627128243,26.345045714653605
primary_regime_screened,47.5,D_MLQ_4,D,MLQ,c_other_polyol_same_iso,7,57.5,10.0,-0.14360371469925592,15.442653559934266
primary_regime_screened,47.5,D_MLQ_4,D,MLQ,c_other_polyol_same_iso,7,67.5,20.0,-0.24736174979216718,28.064230108033904
primary_regime_screened,47.5,D_MLQ_4,D,MLQ,d_all_other,32,57.5,10.0,-0.1627168924409541,17.670350886957145
primary_regime_screened,47.5,D_MLQ_4,D,MLQ,d_all_other,32,67.5,20.0,-0.29317370041203183,34.06756461196636
primary_regime_screened,47.5,D_MLQ_4,D,MLQ,ref_own_curve,1,57.5,10.0,0.05714548882180459,5.554334851508715
primary_regime_screened,47.5,D_MLQ_4,D,MLQ,ref_own_curve,1,67.5,20.0,0.1750741813064658,16.060524893966246
primary_regime_screened,47.5,D_MLQ_6,D,MLQ,a_same_polyol_same_iso,3,57.5,10.0,0.0022350912428019676,0.22325952862799703
primary_regime_screened,47.5,D_MLQ_6,D,MLQ,a_same_polyol_same_iso,3,67.5,20.0,0.044575754716639215,4.35968547000058
primary_regime_screened,47.5,D_MLQ_6,D,MLQ,b_same_polyol_other_iso,6,57.5,10.0,-0.06620596468313211,6.844675680272683
primary_regime_screened,47.5,D_MLQ_6,D,MLQ,b_same_polyol_other_iso,6,67.5,20.0,-0.18952839790558795,20.867944746690853
primary_regime_screened,47.5,D_MLQ_6,D,MLQ,c_other_polyol_same_iso,7,57.5,10.0,-0.12219340405793266,12.99726219387306
primary_regime_screened,47.5,D_MLQ_6,D,MLQ,c_other_polyol_same_iso,7,67.5,20.0,-0.2030437114264727,22.512601908300187
primary_regime_screened,47.5,D_MLQ_6,D,MLQ,d_all_other,32,57.5,10.0,-0.1391784335945272,14.932916064163585
primary_regime_screened,47.5,D_MLQ_6,D,MLQ,d_all_other,32,67.5,20.0,-0.24323552099817003,27.536896492044168
primary_regime_screened,47.5,D_MLQ_6,D,MLQ,ref_own_curve,1,57.5,10.0,0.010455056899805637,1.0400592766211352
primary_regime_screened,47.5,D_MLQ_6,D,MLQ,ref_own_curve,1,67.5,20.0,0.03954770613078562,3.877590338569946
primary_regime_screened,47.5,D_MLQ_8,D,MLQ,a_same_polyol_same_iso,3,57.5,10.0,0.05511898717245467,5.362746493816381
primary_regime_screened,47.5,D_MLQ_8,D,MLQ,a_same_polyol_same_iso,3,67.5,20.0,0.12599115678405148,11.837735687163809
primary_regime_screened,47.5,D_MLQ_8,D,MLQ,b_same_polyol_other_iso,6,57.5,10.0,-0.017266926735677535,1.7416861844805218
primary_regime_screened,47.5,D_MLQ_8,D,MLQ,b_same_polyol_other_iso,6,67.5,20.0,-0.1083810546263081,11.447233932537989
primary_regime_screened,47.5,D_MLQ_8,D,MLQ,c_other_polyol_same_iso,7,57.5,10.0,-0.07325436611047786,7.600420111127382
primary_regime_screened,47.5,D_MLQ_8,D,MLQ,c_other_polyol_same_iso,7,67.5,20.0,-0.12189636814719285,12.963702933585664
primary_regime_screened,47.5,D_MLQ_8,D,MLQ,d_all_other,32,57.5,10.0,-0.08986956521124112,9.403157462096683
primary_regime_screened,47.5,D_MLQ_8,D,MLQ,d_all_other,32,67.5,20.0,-0.16206304720750253,17.593437836267036
primary_regime_screened,47.5,D_MLQ_8,D,MLQ,ref_own_curve,1,57.5,10.0,0.0475595209006634,4.644628493245425
primary_regime_screened,47.5,D_MLQ_8,D,MLQ,ref_own_curve,1,67.5,20.0,0.11989087304566315,11.298277107562111
primary_regime_screened,47.5,D_TD80_10,D,TD80,b_same_polyol_other_iso,9,57.5,10.0,0.051125054419646765,4.9840158585011185
primary_regime_screened,47.5,D_TD80_10,D,TD80,b_same_polyol_other_iso,9,67.5,20.0,0.054977710266419406,5.349375490960635
primary_regime_screened,47.5,D_TD80_10,D,TD80,c_other_polyol_same_iso,3,57.5,10.0,-0.13103285639898854,14.000523716357598
primary_regime_screened,47.5,D_TD80_10,D,TD80,c_other_polyol_same_iso,3,67.5,20.0,-0.18091629751768742,19.831487316584624
primary_regime_screened,47.5,D_TD80_10,D,TD80,d_all_other,32,57.5,10.0,-0.053390968958493934,5.484197497834883
primary_regime_screened,47.5,D_TD80_10,D,TD80,d_all_other,32,67.5,20.0,-0.09342335338666893,9.792644777231276
primary_regime_screened,47.5,D_TD80_10,D,TD80,ref_own_curve,1,57.5,10.0,-0.016486658462359527,1.662331337737577
primary_regime_screened,47.5,D_TD80_10,D,TD80,ref_own_curve,1,67.5,20.0,-0.025761397426190498,2.6096090094611646
primary_regime_screened,47.5,D_W_5,D,W,b_same_polyol_other_iso,9,57.5,10.0,-0.03521758127083352,3.5845064767694024
primary_regime_screened,47.5,D_W_5,D,W,b_same_polyol_other_iso,9,67.5,20.0,-0.12116878247951779,12.881542055526877
primary_regime_screened,47.5,D_W_5,D,W,c_other_polyol_same_iso,2,57.5,10.0,-0.2778086004199527,32.02334808911614
primary_regime_screened,47.5,D_W_5,D,W,c_other_polyol_same_iso,2,67.5,20.0,-0.49092562115257365,63.3827825855531
primary_regime_screened,47.5,D_W_5,D,W,d_all_other,32,57.5,10.0,-0.13198706658384696,14.109356093390431
primary_regime_screened,47.5,D_W_5,D,W,d_all_other,32,67.5,20.0,-0.2538115691122993,28.89289073656855
primary_regime_screened,47.5,D_W_5,D,W,ref_own_curve,1,57.5,10.0,0.004948626753291219,0.4936402472699639
primary_regime_screened,47.5,D_W_5,D,W,ref_own_curve,1,67.5,20.0,0.017337703153938788,1.7188270033942485
primary_regime_screened,47.5,P_44M_10,P,44M,a_same_polyol_same_iso,3,57.5,10.0,0.03462535791870425,3.4032759546523463
primary_regime_screened,47.5,P_44M_10,P,44M,a_same_polyol_same_iso,3,67.5,20.0,0.07547859027597453,7.2700416450353
primary_regime_screened,47.5,P_44M_10,P,44M,b_same_polyol_other_iso,13,57.5,10.0,0.02793037613945104,2.754392940983128
primary_regime_screened,47.5,P_44M_10,P,44M,b_same_polyol_other_iso,13,67.5,20.0,0.07088866994709883,6.843440239802104
primary_regime_screened,47.5,P_44M_10,P,44M,c_other_polyol_same_iso,6,57.5,10.0,0.21607858184276008,19.43280118036331
primary_regime_screened,47.5,P_44M_10,P,44M,c_other_polyol_same_iso,6,67.5,20.0,0.3498653304639282,29.52170038728113
primary_regime_screened,47.5,P_44M_10,P,44M,d_all_other,32,57.5,10.0,0.120200634095187,11.325749191229443
primary_regime_screened,47.5,P_44M_10,P,44M,d_all_other,32,67.5,20.0,0.20071121060416486,18.185132989923435
primary_regime_screened,47.5,P_44M_10,P,44M,ref_own_curve,1,57.5,10.0,-0.021713863744575956,2.1951325305399934
primary_regime_screened,47.5,P_44M_10,P,44M,ref_own_curve,1,67.5,20.0,-0.08702748661604531,9.092666518855594
primary_regime_screened,47.5,P_44M_4,P,44M,a_same_polyol_same_iso,3,57.5,10.0,-0.04600605948480041,4.708075570763822
primary_regime_screened,47.5,P_44M_4,P,44M,a_same_polyol_same_iso,3,67.5,20.0,-0.08328226774941339,8.684854754840751
primary_regime_screened,47.5,P_44M_4,P,44M,b_same_polyol_other_iso,13,57.5,10.0,-0.04009706337655938,4.091180370354415
primary_regime_screened,47.5,P_44M_4,P,44M,b_same_polyol_other_iso,13,67.5,20.0,-0.05857142155780615,6.032071274737161
primary_regime_screened,47.5,P_44M_4,P,44M,c_other_polyol_same_iso,6,57.5,10.0,0.14805114232674965,13.761299066399271
primary_regime_screened,47.5,P_44M_4,P,44M,c_other_polyol_same_iso,6,67.5,20.0,0.2204052389590232,19.780634803444215
primary_regime_screened,47.5,P_44M_4,P,44M,d_all_other,32,57.5,10.0,0.05099157165222046,4.971332015469774
primary_regime_screened,47.5,P_44M_4,P,44M,d_all_other,32,67.5,20.0,0.06850417223795358,6.6210435896864706
primary_regime_screened,47.5,P_44M_4,P,44M,ref_own_curve,1,57.5,10.0,-0.05192936959809469,5.330134478871526
primary_regime_screened,47.5,P_44M_4,P,44M,ref_own_curve,1,67.5,20.0,-0.12858527855946678,13.721839750289892
primary_regime_screened,47.5,P_44M_6,P,44M,a_same_polyol_same_iso,3,57.5,10.0,-0.01782707746706902,1.798692829076018
primary_regime_screened,47.5,P_44M_6,P,44M,a_same_polyol_same_iso,3,67.5,20.0,-0.059709161176628056,6.152776815809701
primary_regime_screened,47.5,P_44M_6,P,44M,b_same_polyol_other_iso,13,57.5,10.0,0.008952008255139088,0.8912058328807296
primary_regime_screened,47.5,P_44M_6,P,44M,b_same_polyol_other_iso,13,67.5,20.0,0.035649724122975734,3.502175710775673
primary_regime_screened,47.5,P_44M_6,P,44M,c_other_polyol_same_iso,6,57.5,10.0,0.19710021395844812,17.889165732794257
primary_regime_screened,47.5,P_44M_6,P,44M,c_other_polyol_same_iso,6,67.5,20.0,0.3146263846398051,26.993841445642865
primary_regime_screened,47.5,P_44M_6,P,44M,d_all_other,32,57.5,10.0,0.09808407238260886,9.34273171755249
primary_regime_screened,47.5,P_44M_6,P,44M,d_all_other,32,67.5,20.0,0.15610206425235906,14.452812718201946
primary_regime_screened,47.5,P_44M_6,P,44M,ref_own_curve,1,57.5,10.0,0.05972997087552456,5.798112822547154
primary_regime_screened,47.5,P_44M_6,P,44M,ref_own_curve,1,67.5,20.0,0.17757998444536005,16.270597384090223
primary_regime_screened,47.5,P_44M_8,P,44M,a_same_polyol_same_iso,3,57.5,10.0,0.016792095722030442,1.6651894337929314
primary_regime_screened,47.5,P_44M_8,P,44M,a_same_polyol_same_iso,3,67.5,20.0,0.0342904045471224,3.3709151368696415
primary_regime_screened,47.5,P_44M_8,P,44M,b_same_polyol_other_iso,13,57.5,10.0,0.020358290217080577,2.0152459381226073
primary_regime_screened,47.5,P_44M_8,P,44M,b_same_polyol_other_iso,13,67.5,20.0,0.06295698896123492,6.101614050821026
primary_regime_screened,47.5,P_44M_8,P,44M,c_other_polyol_same_iso,6,57.5,10.0,0.2085064959203896,18.82042386752221
primary_regime_screened,47.5,P_44M_8,P,44M,c_other_polyol_same_iso,6,67.5,20.0,0.3419336494780643,28.960466175303413
primary_regime_screened,47.5,P_44M_8,P,44M,d_all_other,32,57.5,10.0,0.11166656289709598,10.565758526697437
primary_regime_screened,47.5,P_44M_8,P,44M,d_all_other,32,67.5,20.0,0.18966173229863265,17.276108517352366
primary_regime_screened,47.5,P_44M_8,P,44M,ref_own_curve,1,57.5,10.0,0.0014975791559870277,0.14964583438942314
primary_regime_screened,47.5,P_44M_8,P,44M,ref_own_curve,1,67.5,20.0,0.004810346627129203,0.4798795438954611
primary_regime_screened,47.5,P_I_5,P,I,a_same_polyol_same_iso,1,57.5,10.0,-0.004437086448727867,0.44469448923337906
primary_regime_screened,47.5,P_I_5,P,I,a_same_polyol_same_iso,1,67.5,20.0,-0.026924803968427002,2.7290551686279323
primary_regime_screened,47.5,P_I_5,P,I,b_same_polyol_other_iso,15,57.5,10.0,0.0374266097391196,3.673489059557433
primary_regime_screened,47.5,P_I_5,P,I,b_same_polyol_other_iso,15,67.5,20.0,0.08206254954058706,7.878566463924817
primary_regime_screened,47.5,P_I_5,P,I,c_other_polyol_same_iso,1,57.5,10.0,0.06272972669544086,6.080272065853737
primary_regime_screened,47.5,P_I_5,P,I,c_other_polyol_same_iso,1,67.5,20.0,-0.3039663662714196,35.52234741046361
primary_regime_screened,47.5,P_I_5,P,I,d_all_other,32,57.5,10.0,0.1268087158447182,11.90978408923659
primary_regime_screened,47.5,P_I_5,P,I,d_all_other,32,67.5,20.0,0.20850042790542472,18.819931267144845
primary_regime_screened,47.5,P_I_5,P,I,ref_own_curve,1,57.5,10.0,0.01735428009250728,1.7204561908579452
primary_regime_screened,47.5,P_I_5,P,I,ref_own_curve,1,67.5,20.0,0.06225442367488421,6.03562112495384
primary_regime_screened,47.5,P_I_9,P,I,a_same_polyol_same_iso,1,57.5,10.0,0.012782294268154248,1.2700947712192836
primary_regime_screened,47.5,P_I_9,P,I,a_same_polyol_same_iso,1,67.5,20.0,0.058036450087441044,5.638444805943606
primary_regime_screened,47.5,P_I_9,P,I,b_same_polyol_other_iso,15,57.5,10.0,0.03285462391476668,3.2320773218287497
primary_regime_screened,47.5,P_I_9,P,I,b_same_polyol_other_iso,15,67.5,20.0,0.07784457595314392,7.489180056949688
primary_regime_screened,47.5,P_I_9,P,I,c_other_polyol_same_iso,1,57.5,10.0,0.05815774087108777,5.6498892988494305
primary_regime_screened,47.5,P_I_9,P,I,c_other_polyol_same_iso,1,67.5,20.0,-0.3081843398588628,36.095184348594096
primary_regime_screened,47.5,P_I_9,P,I,d_all_other,32,57.5,10.0,0.1229177102247786,11.566356858712536
primary_regime_screened,47.5,P_I_9,P,I,d_all_other,32,67.5,20.0,0.20706930518183492,18.70366945346005
primary_regime_screened,47.5,P_I_9,P,I,ref_own_curve,1,57.5,10.0,-0.009009072273081009,0.9049776107463621
primary_regime_screened,47.5,P_I_9,P,I,ref_own_curve,1,67.5,20.0,-0.031142777555870096,3.163278737982146
primary_regime_screened,47.5,P_MLQ_10,P,MLQ,a_same_polyol_same_iso,3,57.5,10.0,0.06800679712424185,6.574587668571782
primary_regime_screened,47.5,P_MLQ_10,P,MLQ,a_same_polyol_same_iso,3,67.5,20.0,0.16144930892393863,14.90903361013565
primary_regime_screened,47.5,P_MLQ_10,P,MLQ,b_same_polyol_other_iso,13,57.5,10.0,0.007851727912777884,0.7820983615078256
primary_regime_screened,47.5,P_MLQ_10,P,MLQ,b_same_polyol_other_iso,13,67.5,20.0,0.04020288335761846,3.9405469262550987
primary_regime_screened,47.5,P_MLQ_10,P,MLQ,c_other_polyol_same_iso,7,57.5,10.0,0.2284293024291647,20.421744489062803
primary_regime_screened,47.5,P_MLQ_10,P,MLQ,c_other_polyol_same_iso,7,67.5,20.0,0.40684352060805085,33.42516419504855
primary_regime_screened,47.5,P_MLQ_10,P,MLQ,d_all_other,32,57.5,10.0,0.1131401790177059,10.697453209131758
primary_regime_screened,47.5,P_MLQ_10,P,MLQ,d_all_other,32,67.5,20.0,0.20121994042597197,18.226744067343212
primary_regime_screened,47.5,P_MLQ_10,P,MLQ,ref_own_curve,1,57.5,10.0,0.0700417641145612,6.764511988321391
primary_regime_screened,47.5,P_MLQ_10,P,MLQ,ref_own_curve,1,67.5,20.0,0.22108815862182107,19.835399483207365
primary_regime_screened,47.5,P_MLQ_4,P,MLQ,a_same_polyol_same_iso,3,57.5,10.0,0.023600688360339017,2.3324370149915055
primary_regime_screened,47.5,P_MLQ_4,P,MLQ,a_same_polyol_same_iso,3,67.5,20.0,0.09565652613532638,9.122389669094073
primary_regime_screened,47.5,P_MLQ_4,P,MLQ,b_same_polyol_other_iso,13,57.5,10.0,-0.035995224882935606,3.6650896349720004
primary_regime_screened,47.5,P_MLQ_4,P,MLQ,b_same_polyol_other_iso,13,67.5,20.0,-0.03945184915731792,4.024040922674179
primary_regime_screened,47.5,P_MLQ_4,P,MLQ,c_other_polyol_same_iso,7,57.5,10.0,0.18458234963345133,16.854853264347106
primary_regime_screened,47.5,P_MLQ_4,P,MLQ,c_other_polyol_same_iso,7,67.5,20.0,0.32718878809311436,27.905237614897064
primary_regime_screened,47.5,P_MLQ_4,P,MLQ,d_all_other,32,57.5,10.0,0.06924080534997445,6.689804292129857
primary_regime_screened,47.5,P_MLQ_4,P,MLQ,d_all_other,32,67.5,20.0,0.12286476569787785,11.56167465736694
primary_regime_screened,47.5,P_MLQ_4,P,MLQ,ref_own_curve,1,57.5,10.0,0.02787227922341806,2.748743106997868
primary_regime_screened,47.5,P_MLQ_4,P,MLQ,ref_own_curve,1,67.5,20.0,0.09984757692792234,9.502465335356835
primary_regime_screened,47.5,P_MLQ_6,P,MLQ,a_same_polyol_same_iso,3,57.5,10.0,0.049040494696433345,4.785742780659934
primary_regime_screened,47.5,P_MLQ_6,P,MLQ,a_same_polyol_same_iso,3,67.5,20.0,0.194900408453081,17.70833904867588
primary_regime_screened,47.5,P_MLQ_6,P,MLQ,b_same_polyol_other_iso,13,57.5,10.0,-0.026842370145173877,2.7205871688807943
primary_regime_screened,47.5,P_MLQ_6,P,MLQ,b_same_polyol_other_iso,13,67.5,20.0,-0.0063809071213380975,0.6401308479156399
primary_regime_screened,47.5,P_MLQ_6,P,MLQ,c_other_polyol_same_iso,7,57.5,10.0,0.19373520437121283,17.61239658401105
primary_regime_screened,47.5,P_MLQ_6,P,MLQ,c_other_polyol_same_iso,7,67.5,20.0,0.3602597301290942,30.250485796071075
primary_regime_screened,47.5,P_MLQ_6,P,MLQ,d_all_other,32,57.5,10.0,0.07992056180008023,7.681031999978419
primary_regime_screened,47.5,P_MLQ_6,P,MLQ,d_all_other,32,67.5,20.0,0.1621394208852751,14.967735646024655
primary_regime_screened,47.5,P_MLQ_6,P,MLQ,ref_own_curve,1,57.5,10.0,-0.01183572083382689,1.1906040130331657
primary_regime_screened,47.5,P_MLQ_6,P,MLQ,ref_own_curve,1,67.5,20.0,-0.06560030188145571,6.779983427479075
primary_regime_screened,47.5,P_MLQ_8,P,MLQ,a_same_polyol_same_iso,3,57.5,10.0,0.052076020837354076,5.074329918939635
primary_regime_screened,47.5,P_MLQ_8,P,MLQ,a_same_polyol_same_iso,3,67.5,20.0,0.10451630458687566,9.923988923432644
primary_regime_screened,47.5,P_MLQ_8,P,MLQ,b_same_polyol_other_iso,13,57.5,10.0,0.005054624297522237,0.5041871180580453
primary_regime_screened,47.5,P_MLQ_8,P,MLQ,b_same_polyol_other_iso,13,67.5,20.0,0.017527869057089696,1.7375149544580148
primary_regime_screened,47.5,P_MLQ_8,P,MLQ,c_other_polyol_same_iso,7,57.5,10.0,0.22563219881390917,20.198844270701123
primary_regime_screened,47.5,P_MLQ_8,P,MLQ,c_other_polyol_same_iso,7,67.5,20.0,0.3841685063075221,31.898333809257647
primary_regime_screened,47.5,P_MLQ_8,P,MLQ,d_all_other,32,57.5,10.0,0.1091117935894852,10.336982561056436
primary_regime_screened,47.5,P_MLQ_8,P,MLQ,d_all_other,32,67.5,20.0,0.17533323955951907,16.082267291354086
primary_regime_screened,47.5,P_MLQ_8,P,MLQ,ref_own_curve,1,57.5,10.0,0.1066456785141916,10.11559036494158
primary_regime_screened,47.5,P_MLQ_8,P,MLQ,ref_own_curve,1,67.5,20.0,0.3011871144308581,26.006069352960736
primary_regime_screened,47.5,P_TD80_10,P,TD80,a_same_polyol_same_iso,2,57.5,10.0,0.036535647472034694,3.5876275289774258
primary_regime_screened,47.5,P_TD80_10,P,TD80,a_same_polyol_same_iso,2,67.5,20.0,0.087168818206207,8.347764308807937
primary_regime_screened,47.5,P_TD80_10,P,TD80,b_same_polyol_other_iso,14,57.5,10.0,0.03128947916171548,3.0805029283944267
primary_regime_screened,47.5,P_TD80_10,P,TD80,b_same_polyol_other_iso,14,67.5,20.0,0.07619268110853396,7.336235621131612
primary_regime_screened,47.5,P_TD80_10,P,TD80,c_other_polyol_same_iso,1,57.5,10.0,0.15913016375931113,14.711466301795426
primary_regime_screened,47.5,P_TD80_10,P,TD80,c_other_polyol_same_iso,1,67.5,20.0,0.2799664634534184,24.419091174260384
primary_regime_screened,47.5,P_TD80_10,P,TD80,d_all_other,32,57.5,10.0,0.1253024020517795,11.77699259426548
primary_regime_screened,47.5,P_TD80_10,P,TD80,d_all_other,32,67.5,20.0,0.214800426548563,19.329757950056504
primary_regime_screened,47.5,P_TD80_10,P,TD80,ref_own_curve,1,57.5,10.0,0.0606806025239659,5.887621566177928
primary_regime_screened,47.5,P_TD80_10,P,TD80,ref_own_curve,1,67.5,20.0,0.2000970536733151,18.134870389320255
primary_regime_screened,47.5,P_TD80_4,P,TD80,a_same_polyol_same_iso,2,57.5,10.0,0.026785319298169075,2.6429774169551625
primary_regime_screened,47.5,P_TD80_4,P,TD80,a_same_polyol_same_iso,2,67.5,20.0,0.09199495869742746,8.78902522452823
primary_regime_screened,47.5,P_TD80_4,P,TD80,b_same_polyol_other_iso,14,57.5,10.0,0.012535820258053443,1.2457574164211642
primary_regime_screened,47.5,P_TD80_4,P,TD80,b_same_polyol_other_iso,14,67.5,20.0,0.028768341121477414,2.8358472216707216
primary_regime_screened,47.5,P_TD80_4,P,TD80,c_other_polyol_same_iso,1,57.5,10.0,0.14037650485564912,13.096902058752056
primary_regime_screened,47.5,P_TD80_4,P,TD80,c_other_polyol_same_iso,1,67.5,20.0,0.23254212346636183,20.74836348927937
primary_regime_screened,47.5,P_TD80_4,P,TD80,d_all_other,32,57.5,10.0,0.10711145131872968,10.157446330059722
primary_regime_screened,47.5,P_TD80_4,P,TD80,d_all_other,32,67.5,20.0,0.17064174159139833,15.687642451858341
primary_regime_screened,47.5,P_TD80_4,P,TD80,ref_own_curve,1,57.5,10.0,0.02392028216071118,2.3636459752582226
primary_regime_screened,47.5,P_TD80_4,P,TD80,ref_own_curve,1,67.5,20.0,0.048171752729703865,4.702990219475675
primary_regime_screened,47.5,P_TD80_7,P,TD80,a_same_polyol_same_iso,2,57.5,10.0,0.04583169218844152,4.479728325893873
primary_regime_screened,47.5,P_TD80_7,P,TD80,a_same_polyol_same_iso,2,67.5,20.0,0.1259267846194111,11.832060308704156
primary_regime_screened,47.5,P_TD80_7,P,TD80,b_same_polyol_other_iso,14,57.5,10.0,0.02544389955598292,2.5122931531922807
primary_regime_screened,47.5,P_TD80_7,P,TD80,b_same_polyol_other_iso,14,67.5,20.0,0.0542728925328933,5.2826405370905265
primary_regime_screened,47.5,P_TD80_7,P,TD80,c_other_polyol_same_iso,1,57.5,10.0,0.1532845841535787,14.211445356327953
primary_regime_screened,47.5,P_TD80_7,P,TD80,c_other_polyol_same_iso,1,67.5,20.0,0.25804667487777777,22.744082783954887
primary_regime_screened,47.5,P_TD80_7,P,TD80,d_all_other,32,57.5,10.0,0.12040317396617983,11.343707443856161
primary_regime_screened,47.5,P_TD80_7,P,TD80,d_all_other,32,67.5,20.0,0.19667299765972276,17.854079151847397
primary_regime_screened,47.5,P_TD80_7,P,TD80,ref_own_curve,1,57.5,10.0,0.024551774273958604,2.4252830990639804
primary_regime_screened,47.5,P_TD80_7,P,TD80,ref_own_curve,1,67.5,20.0,0.05682175511999693,5.5237546570578075
primary_regime_screened,47.5,P_TDS_10,P,TDS,a_same_polyol_same_iso,2,57.5,10.0,-0.05782349798858716,5.9527970387678675
primary_regime_screened,47.5,P_TDS_10,P,TDS,a_same_polyol_same_iso,2,67.5,20.0,0.027950503058615073,2.7563501757588424
primary_regime_screened,47.5,P_TDS_10,P,TDS,b_same_polyol_other_iso,15,57.5,10.0,-0.04613515114885253,4.72159338297861
primary_regime_screened,47.5,P_TDS_10,P,TDS,b_same_polyol_other_iso,15,67.5,20.0,0.07397831414454042,7.1308166900223044
primary_regime_screened,47.5,P_TDS_10,P,TDS,d_all_other,33,57.5,10.0,0.042198349882501096,4.13203922748214
primary_regime_screened,47.5,P_TDS_10,P,TDS,d_all_other,33,67.5,20.0,0.19814566348236246,17.974963608898246
primary_regime_screened,47.5,P_TDS_4,P,TDS,a_same_polyol_same_iso,1,57.5,10.0,-0.036701838026823586,3.73836663606751
primary_regime_screened,47.5,P_TDS_4,P,TDS,a_same_polyol_same_iso,1,67.5,20.0,-0.10659464355124226,11.248321082513204
primary_regime_screened,47.5,P_TDS_4,P,TDS,b_same_polyol_other_iso,15,57.5,10.0,0.005537707290937943,0.5522402454185686
primary_regime_screened,47.5,P_TDS_4,P,TDS,b_same_polyol_other_iso,15,67.5,20.0,0.027863843728086368,2.7479227410142535
primary_regime_screened,47.5,P_TDS_4,P,TDS,d_all_other,32,57.5,10.0,0.09604216611582572,9.157428952261423
primary_regime_screened,47.5,P_TDS_4,P,TDS,d_all_other,32,67.5,20.0,0.15458633319810877,14.323047870374278
primary_regime_screened,47.5,P_TDS_4,P,TDS,ref_own_curve,1,57.5,10.0,0.024400558929219107,2.410527188978049
primary_regime_screened,47.5,P_TDS_4,P,TDS,ref_own_curve,1,67.5,20.0,0.07026670883553043,6.78548246046968
primary_regime_screened,47.5,P_TDS_7,P,TDS,a_same_polyol_same_iso,1,57.5,10.0,0.04008299551912664,3.9290298756960276
primary_regime_screened,47.5,P_TDS_7,P,TDS,a_same_polyol_same_iso,1,67.5,20.0,0.11043753605916068,10.455773870493623
primary_regime_screened,47.5,P_TDS_7,P,TDS,b_same_polyol_other_iso,15,57.5,10.0,0.021220143880845588,2.0996580767234367
primary_regime_screened,47.5,P_TDS_7,P,TDS,b_same_polyol_other_iso,15,67.5,20.0,0.06803467095171656,6.577191756103751
primary_regime_screened,47.5,P_TDS_7,P,TDS,d_all_other,32,57.5,10.0,0.11363405261060888,10.741546489621086
primary_regime_screened,47.5,P_TDS_7,P,TDS,d_all_other,32,67.5,20.0,0.20028407768382372,18.150179702531652
primary_regime_screened,47.5,P_TDS_7,P,TDS,ref_own_curve,1,57.5,10.0,-0.021019401436916052,2.1241865004944063
primary_regime_screened,47.5,P_TDS_7,P,TDS,ref_own_curve,1,67.5,20.0,-0.06642381632761213,6.86795450414653
primary_regime_screened,47.5,P_W_5,P,W,a_same_polyol_same_iso,1,57.5,10.0,0.03647488668448476,3.5817692593217925
primary_regime_screened,47.5,P_W_5,P,W,a_same_polyol_same_iso,1,67.5,20.0,0.08871196500097389,8.4890880928313
primary_regime_screened,47.5,P_W_5,P,W,b_same_polyol_other_iso,15,57.5,10.0,0.09267083340267142,8.850651587023878
primary_regime_screened,47.5,P_W_5,P,W,b_same_polyol_other_iso,15,67.5,20.0,0.18994335994695888,17.299402572092124
primary_regime_screened,47.5,P_W_5,P,W,c_other_polyol_same_iso,1,57.5,10.0,0.30713056098240027,26.444544008816468
primary_regime_screened,47.5,P_W_5,P,W,c_other_polyol_same_iso,1,67.5,20.0,0.5670252654393733,43.27897685698686
primary_regime_screened,47.5,P_W_5,P,W,d_all_other,32,57.5,10.0,0.17940920452177667,16.42361689249566
primary_regime_screened,47.5,P_W_5,P,W,d_all_other,32,67.5,20.0,0.31269516030358224,26.8527139449794
primary_regime_screened,47.5,P_W_5,P,W,ref_own_curve,1,57.5,10.0,0.012271780933836282,1.2196789702296726
primary_regime_screened,47.5,P_W_5,P,W,ref_own_curve,1,67.5,20.0,0.028811917264774667,2.84008116846534
primary_regime_screened,47.5,P_W_9,P,W,a_same_polyol_same_iso,1,57.5,10.0,0.00496765184134601,0.49553334651802444
primary_regime_screened,47.5,P_W_9,P,W,a_same_polyol_same_iso,1,67.5,20.0,0.01029284764453442,1.0240057563551284
primary_regime_screened,47.5,P_W_9,P,W,b_same_polyol_other_iso,15,57.5,10.0,0.08536670431018123,8.18244762626198
primary_regime_screened,47.5,P_W_9,P,W,b_same_polyol_other_iso,15,67.5,20.0,0.1714242903267187,15.75359517165509
primary_regime_screened,47.5,P_W_9,P,W,c_other_polyol_same_iso,1,57.5,10.0,0.29982643188991,25.90531857402489
primary_regime_screened,47.5,P_W_9,P,W,c_other_polyol_same_iso,1,67.5,20.0,0.5485061958191332,42.218769554237184
primary_regime_screened,47.5,P_W_9,P,W,d_all_other,32,57.5,10.0,0.17134872837457854,15.747229108332414
primary_regime_screened,47.5,P_W_9,P,W,d_all_other,32,67.5,20.0,0.29230421419158525,25.34586070612962
primary_regime_screened,47.5,P_W_9,P,W,ref_own_curve,1,57.5,10.0,0.029170757591994556,2.8749398108141406
primary_regime_screened,47.5,P_W_9,P,W,ref_own_curve,1,67.5,20.0,0.0701928953807337,6.778601720950422
primary_regime_screened,50.0,C_44M_10,C,44M,a_same_polyol_same_iso,2,60.0,10.0,0.037690673478400605,3.6989220401165
primary_regime_screened,50.0,C_44M_10,C,44M,a_same_polyol_same_iso,2,70.0,20.0,0.028754564015565975,2.8345085716257583
primary_regime_screened,50.0,C_44M_10,C,44M,b_same_polyol_other_iso,3,60.0,10.0,0.018083461432220727,1.792093678745256
primary_regime_screened,50.0,C_44M_10,C,44M,b_same_polyol_other_iso,3,70.0,20.0,-0.022478367657678744,2.2732909816737683
primary_regime_screened,50.0,C_44M_10,C,44M,c_other_polyol_same_iso,7,60.0,10.0,-0.09196559341212884,9.632710055716537
primary_regime_screened,50.0,C_44M_10,C,44M,c_other_polyol_same_iso,7,70.0,20.0,-0.20570954457314894,22.83963577854188
primary_regime_screened,50.0,C_44M_10,C,44M,d_all_other,32,60.0,10.0,-0.09200420375972662,9.636943094478898
primary_regime_screened,50.0,C_44M_10,C,44M,d_all_other,32,70.0,20.0,-0.21054284820784042,23.434794168624066
primary_regime_screened,50.0,C_44M_10,C,44M,ref_own_curve,1,60.0,10.0,-0.03270260739144293,3.3243214650660815
primary_regime_screened,50.0,C_44M_10,C,44M,ref_own_curve,1,70.0,20.0,-0.1157683665553666,12.273577885539728
primary_regime_screened,50.0,C_44M_6,C,44M,a_same_polyol_same_iso,2,60.0,10.0,-0.07715165494566412,8.020588253570251
primary_regime_screened,50.0,C_44M_6,C,44M,a_same_polyol_same_iso,2,70.0,20.0,-0.17893304381593866,19.594066586369465
primary_regime_screened,50.0,C_44M_6,C,44M,b_same_polyol_other_iso,3,60.0,10.0,-0.060854139937672524,6.274389099144546
primary_regime_screened,50.0,C_44M_6,C,44M,b_same_polyol_other_iso,3,70.0,20.0,-0.15878215316261413,17.208258438263023
primary_regime_screened,50.0,C_44M_6,C,44M,c_other_polyol_same_iso,7,60.0,10.0,-0.17090319478202254,18.637589608539592
primary_regime_screened,50.0,C_44M_6,C,44M,c_other_polyol_same_iso,7,70.0,20.0,-0.34201333007808454,40.777906319386645
primary_regime_screened,50.0,C_44M_6,C,44M,d_all_other,32,60.0,10.0,-0.17318585057050573,18.90870770611649
primary_regime_screened,50.0,C_44M_6,C,44M,d_all_other,32,70.0,20.0,-0.35130812260818844,42.092507760908795
primary_regime_screened,50.0,C_44M_6,C,44M,ref_own_curve,1,60.0,10.0,-0.03983075465298613,4.063463671737875
primary_regime_screened,50.0,C_44M_6,C,44M,ref_own_curve,1,70.0,20.0,-0.10930450740714548,11.550197724412598
primary_regime_screened,50.0,C_44M_8,C,44M,a_same_polyol_same_iso,2,60.0,10.0,-0.03212309683140191,3.264461276149054
primary_regime_screened,50.0,C_44M_8,C,44M,a_same_polyol_same_iso,2,70.0,20.0,-0.09593356582113399,10.06859383984795
primary_regime_screened,50.0,C_44M_8,C,44M,b_same_polyol_other_iso,3,60.0,10.0,-0.017241755061906172,1.7391252081791024
primary_regime_screened,50.0,C_44M_8,C,44M,b_same_polyol_other_iso,3,70.0,20.0,-0.07402738925000296,7.683629883091883
primary_regime_screened,50.0,C_44M_8,C,44M,c_other_polyol_same_iso,7,60.0,10.0,-0.12729080990625574,13.574725631397962
primary_regime_screened,50.0,C_44M_8,C,44M,c_other_polyol_same_iso,7,70.0,20.0,-0.2572585661654734,29.33795077075006
primary_regime_screened,50.0,C_44M_8,C,44M,d_all_other,32,60.0,10.0,-0.1294849548673338,13.824198633226962
primary_regime_screened,50.0,C_44M_8,C,44M,d_all_other,32,70.0,20.0,-0.26666306406543994,30.560046849863014
primary_regime_screened,50.0,C_44M_8,C,44M,ref_own_curve,1,60.0,10.0,0.00094928374577119,0.09488333184952354
primary_regime_screened,50.0,C_44M_8,C,44M,ref_own_curve,1,70.0,20.0,-0.0210391716589724,2.1262055382971914
primary_regime_screened,50.0,C_MLQ_10,C,MLQ,a_same_polyol_same_iso,2,60.0,10.0,0.021388963089681745,2.1161841399940013
primary_regime_screened,50.0,C_MLQ_10,C,MLQ,a_same_polyol_same_iso,2,70.0,20.0,-0.016329831082205537,1.6463891507719153
primary_regime_screened,50.0,C_MLQ_10,C,MLQ,b_same_polyol_other_iso,3,60.0,10.0,0.007302547314600005,0.7275948501704169
primary_regime_screened,50.0,C_MLQ_10,C,MLQ,b_same_polyol_other_iso,3,70.0,20.0,-0.022647126853874155,2.290551996488622
primary_regime_screened,50.0,C_MLQ_10,C,MLQ,c_other_polyol_same_iso,8,60.0,10.0,-0.07432513157797782,7.715696631315297
primary_regime_screened,50.0,C_MLQ_10,C,MLQ,c_other_polyol_same_iso,8,70.0,20.0,-0.16299964467561678,17.703627145870556
primary_regime_screened,50.0,C_MLQ_10,C,MLQ,d_all_other,32,60.0,10.0,-0.09987564256360537,10.503349039875175
primary_regime_screened,50.0,C_MLQ_10,C,MLQ,d_all_other,32,70.0,20.0,-0.21609954652409202,24.122593257810614
primary_regime_screened,50.0,C_MLQ_10,C,MLQ,ref_own_curve,1,60.0,10.0,-0.009298639504248474,0.9342006165323632
primary_regime_screened,50.0,C_MLQ_10,C,MLQ,ref_own_curve,1,70.0,20.0,-0.04445758284598922,4.546063030537018
primary_regime_screened,50.0,C_MLQ_6,C,MLQ,a_same_polyol_same_iso,2,60.0,10.0,-0.07047101440395487,7.301346704504779
primary_regime_screened,50.0,C_MLQ_6,C,MLQ,a_same_polyol_same_iso,2,70.0,20.0,-0.1496318118213873,16.140654783553654
primary_regime_screened,50.0,C_MLQ_6,C,MLQ,b_same_polyol_other_iso,3,60.0,10.0,-0.06170931868145679,6.36531156965165
primary_regime_screened,50.0,C_MLQ_6,C,MLQ,b_same_polyol_other_iso,3,70.0,20.0,-0.13889477468221756,14.90031894165498
primary_regime_screened,50.0,C_MLQ_6,C,MLQ,c_other_polyol_same_iso,8,60.0,10.0,-0.14333699757403462,15.411867133064987
primary_regime_screened,50.0,C_MLQ_6,C,MLQ,c_other_polyol_same_iso,8,70.0,20.0,-0.2792472925039604,32.21342573373169
primary_regime_screened,50.0,C_MLQ_6,C,MLQ,d_all_other,32,60.0,10.0,-0.17031551552826096,18.567889241146336
primary_regime_screened,50.0,C_MLQ_6,C,MLQ,d_all_other,32,70.0,20.0,-0.3334130901593637,39.57237391424519
primary_regime_screened,50.0,C_MLQ_6,C,MLQ,ref_own_curve,1,60.0,10.0,-0.03261428250513765,3.315195759139512
primary_regime_screened,50.0,C_MLQ_6,C,MLQ,ref_own_curve,1,70.0,20.0,-0.12659656485263282,13.49590430373604
primary_regime_screened,50.0,C_MLQ_8,C,MLQ,a_same_polyol_same_iso,2,60.0,10.0,-0.014650589296565819,1.4758435205010296
primary_regime_screened,50.0,C_MLQ_8,C,MLQ,a_same_polyol_same_iso,2,70.0,20.0,-0.07857755067730299,8.174724214078735
primary_regime_screened,50.0,C_MLQ_8,C,MLQ,b_same_polyol_other_iso,3,60.0,10.0,-0.020897513975307813,2.1117396012089436
primary_regime_screened,50.0,C_MLQ_8,C,MLQ,b_same_polyol_other_iso,3,70.0,20.0,-0.07382142759605648,7.661453468402119
primary_regime_screened,50.0,C_MLQ_8,C,MLQ,c_other_polyol_same_iso,8,60.0,10.0,-0.10252519286788564,10.796521437947336
primary_regime_screened,50.0,C_MLQ_8,C,MLQ,c_other_polyol_same_iso,8,70.0,20.0,-0.21417394541779888,23.88381262682301
primary_regime_screened,50.0,C_MLQ_8,C,MLQ,d_all_other,32,60.0,10.0,-0.12856567204703495,13.719610083483122
primary_regime_screened,50.0,C_MLQ_8,C,MLQ,d_all_other,32,70.0,20.0,-0.26796593594458384,30.730260722799834
primary_regime_screened,50.0,C_MLQ_8,C,MLQ,ref_own_curve,1,60.0,10.0,-0.021819718601457705,2.20595095424927
primary_regime_screened,50.0,C_MLQ_8,C,MLQ,ref_own_curve,1,70.0,20.0,-0.07348504588228666,7.6252442145843276
primary_regime_screened,50.0,D_44M_10,D,44M,a_same_polyol_same_iso,2,60.0,10.0,0.08367097210712282,8.026617560206102
primary_regime_screened,50.0,D_44M_10,D,44M,a_same_polyol_same_iso,2,70.0,20.0,0.11229657594504938,10.622085520525806
primary_regime_screened,50.0,D_44M_10,D,44M,b_same_polyol_other_iso,7,60.0,10.0,0.0449340184900755,4.3939437928522915
primary_regime_screened,50.0,D_44M_10,D,44M,b_same_polyol_other_iso,7,70.0,20.0,0.04160096660158713,4.074752201089085
primary_regime_screened,50.0,D_44M_10,D,44M,c_other_polyol_same_iso,7,60.0,10.0,-0.047073198688829754,4.819873304446642
primary_regime_screened,50.0,D_44M_10,D,44M,c_other_polyol_same_iso,7,70.0,20.0,-0.0850615674956954,8.878409834518033
primary_regime_screened,50.0,D_44M_10,D,44M,d_all_other,32,60.0,10.0,-0.04814171362400954,4.931934763585532
primary_regime_screened,50.0,D_44M_10,D,44M,d_all_other,32,70.0,20.0,-0.09990468760444934,10.506558660772992
primary_regime_screened,50.0,D_44M_10,D,44M,ref_own_curve,1,60.0,10.0,-0.005261131180417933,0.5274995233938007
primary_regime_screened,50.0,D_44M_10,D,44M,ref_own_curve,1,70.0,20.0,-0.02790941434436786,2.8302530743359666
primary_regime_screened,50.0,D_44M_4,D,44M,a_same_polyol_same_iso,2,60.0,10.0,-0.12577496180832393,13.402694019413506
primary_regime_screened,50.0,D_44M_4,D,44M,a_same_polyol_same_iso,2,70.0,20.0,-0.28212426135397894,32.59434732816358
primary_regime_screened,50.0,D_44M_4,D,44M,b_same_polyol_other_iso,7,60.0,10.0,-0.08125553325063173,8.464802479308076
primary_regime_screened,50.0,D_44M_4,D,44M,b_same_polyol_other_iso,7,70.0,20.0,-0.20931869614232568,23.28378365915774
primary_regime_screened,50.0,D_44M_4,D,44M,c_other_polyol_same_iso,7,60.0,10.0,-0.17326275042953654,18.917852120574217
primary_regime_screened,50.0,D_44M_4,D,44M,c_other_polyol_same_iso,7,70.0,20.0,-0.33598123023960813,39.93127597992225
primary_regime_screened,50.0,D_44M_4,D,44M,d_all_other,32,60.0,10.0,-0.1795347892506367,19.666053426658852
primary_regime_screened,50.0,D_44M_4,D,44M,d_all_other,32,70.0,20.0,-0.3597931737580544,43.30329950787771
primary_regime_screened,50.0,D_44M_4,D,44M,ref_own_curve,1,60.0,10.0,0.03506208142836176,3.445452804517542
primary_regime_screened,50.0,D_44M_4,D,44M,ref_own_curve,1,70.0,20.0,0.008173272021971822,0.8139961647560732
primary_regime_screened,50.0,D_44M_8,D,44M,a_same_polyol_same_iso,2,60.0,10.0,0.03984229307380183,3.9059025749751237
primary_regime_screened,50.0,D_44M_8,D,44M,a_same_polyol_same_iso,2,70.0,20.0,0.05790655817847046,5.62618720734181
primary_regime_screened,50.0,D_44M_8,D,44M,b_same_polyol_other_iso,7,60.0,10.0,0.00678106056955774,0.675812105902456
primary_regime_screened,50.0,D_44M_8,D,44M,b_same_polyol_other_iso,7,70.0,20.0,-0.016084235430682048,1.6214283048664915
primary_regime_screened,50.0,D_44M_8,D,44M,c_other_polyol_same_iso,7,60.0,10.0,-0.08522615660934729,8.896331510304428
primary_regime_screened,50.0,D_44M_8,D,44M,c_other_polyol_same_iso,7,70.0,20.0,-0.1427467695279645,15.343767911246022
primary_regime_screened,50.0,D_44M_8,D,44M,d_all_other,32,60.0,10.0,-0.08664940411407662,9.051428286769928
primary_regime_screened,50.0,D_44M_8,D,44M,d_all_other,32,70.0,20.0,-0.15738394062011096,17.044490898823977
primary_regime_screened,50.0,D_44M_8,D,44M,ref_own_curve,1,60.0,10.0,-0.03206264687533933,3.258219132672635
primary_regime_screened,50.0,D_44M_8,D,44M,ref_own_curve,1,70.0,20.0,-0.09218498490805027,9.656765178625797
primary_regime_screened,50.0,D_I_5,D,I,b_same_polyol_other_iso,9,60.0,10.0,-0.08665898581698661,9.052473190163651
primary_regime_screened,50.0,D_I_5,D,I,b_same_polyol_other_iso,9,70.0,20.0,-0.12430960347605513,13.23664013076871
primary_regime_screened,50.0,D_I_5,D,I,c_other_polyol_same_iso,2,60.0,10.0,-0.2932790193668091,34.081685211311154
primary_regime_screened,50.0,D_I_5,D,I,c_other_polyol_same_iso,2,70.0,20.0,-0.46867429450508147,59.78744774934148
primary_regime_screened,50.0,D_I_5,D,I,d_all_other,32,60.0,10.0,-0.19401236710615244,21.411129790668927
primary_regime_screened,50.0,D_I_5,D,I,d_all_other,32,70.0,20.0,-0.31254820889700197,36.69038365116788
primary_regime_screened,50.0,D_I_5,D,I,ref_own_curve,1,60.0,10.0,-0.22434147450058717,25.149830122868842
primary_regime_screened,50.0,D_I_5,D,I,ref_own_curve,1,70.0,20.0,-0.6411519049483068,89.86667037034675
primary_regime_screened,50.0,D_MLQ_10,D,MLQ,a_same_polyol_same_iso,3,60.0,10.0,0.09187984871453059,8.778525326471868
primary_regime_screened,50.0,D_MLQ_10,D,MLQ,a_same_polyol_same_iso,3,70.0,20.0,0.22308001461411936,19.99491690251286
primary_regime_screened,50.0,D_MLQ_10,D,MLQ,b_same_polyol_other_iso,6,60.0,10.0,0.01664055399114972,1.6502864772125032
primary_regime_screened,50.0,D_MLQ_10,D,MLQ,b_same_polyol_other_iso,6,70.0,20.0,0.016824281719993617,1.6683543868716646
primary_regime_screened,50.0,D_MLQ_10,D,MLQ,c_other_polyol_same_iso,7,60.0,10.0,-0.057345572603086925,5.902171605951658
primary_regime_screened,50.0,D_MLQ_10,D,MLQ,c_other_polyol_same_iso,7,70.0,20.0,-0.07294412295117231,7.56704299462825
primary_regime_screened,50.0,D_MLQ_10,D,MLQ,d_all_other,32,60.0,10.0,-0.063466901548762,6.552421801644262
primary_regime_screened,50.0,D_MLQ_10,D,MLQ,d_all_other,32,70.0,20.0,-0.08295460514419539,8.649248625901091
primary_regime_screened,50.0,D_MLQ_10,D,MLQ,ref_own_curve,1,60.0,10.0,-0.06582427981656425,6.803902466246548
primary_regime_screened,50.0,D_MLQ_10,D,MLQ,ref_own_curve,1,70.0,20.0,-0.15707052489831652,17.007813063232256
primary_regime_screened,50.0,D_MLQ_4,D,MLQ,a_same_polyol_same_iso,3,60.0,10.0,-0.06259307650752355,6.459354295550022
primary_regime_screened,50.0,D_MLQ_4,D,MLQ,a_same_polyol_same_iso,3,70.0,20.0,-0.14510583348179384,15.61619244353041
primary_regime_screened,50.0,D_MLQ_4,D,MLQ,b_same_polyol_other_iso,6,60.0,10.0,-0.06278517050092214,6.4798064623575975
primary_regime_screened,50.0,D_MLQ_4,D,MLQ,b_same_polyol_other_iso,6,70.0,20.0,-0.16954636714113258,18.47672800312506
primary_regime_screened,50.0,D_MLQ_4,D,MLQ,c_other_polyol_same_iso,7,60.0,10.0,-0.13677129709515867,14.65658955816253
primary_regime_screened,50.0,D_MLQ_4,D,MLQ,c_other_polyol_same_iso,7,70.0,20.0,-0.25931477181229834,29.60416980221412
primary_regime_screened,50.0,D_MLQ_4,D,MLQ,d_all_other,32,60.0,10.0,-0.14992830110926958,16.175094348813413
primary_regime_screened,50.0,D_MLQ_4,D,MLQ,d_all_other,32,70.0,20.0,-0.28637042893358267,33.158562174692086
primary_regime_screened,50.0,D_MLQ_4,D,MLQ,ref_own_curve,1,60.0,10.0,0.07989159788131461,7.6783580421647795
primary_regime_screened,50.0,D_MLQ_4,D,MLQ,ref_own_curve,1,70.0,20.0,0.20200442394493234,18.290868683273327
primary_regime_screened,50.0,D_MLQ_6,D,MLQ,a_same_polyol_same_iso,3,60.0,10.0,-0.026841992809735205,2.720548408770287
primary_regime_screened,50.0,D_MLQ_6,D,MLQ,a_same_polyol_same_iso,3,70.0,20.0,-0.07469327414764937,7.755358664860639
primary_regime_screened,50.0,D_MLQ_6,D,MLQ,b_same_polyol_other_iso,6,60.0,10.0,-0.04227766751995188,4.318409688116269
primary_regime_screened,50.0,D_MLQ_6,D,MLQ,b_same_polyol_other_iso,6,70.0,20.0,-0.13428041717327277,14.371349158593038
primary_regime_screened,50.0,D_MLQ_6,D,MLQ,c_other_polyol_same_iso,7,60.0,10.0,-0.11626379411418841,12.329215091116213
primary_regime_screened,50.0,D_MLQ_6,D,MLQ,c_other_polyol_same_iso,7,70.0,20.0,-0.22404882184443875,25.113210051408814
primary_regime_screened,50.0,D_MLQ_6,D,MLQ,d_all_other,32,60.0,10.0,-0.12799171243609808,13.654358348045376
primary_regime_screened,50.0,D_MLQ_6,D,MLQ,d_all_other,32,70.0,20.0,-0.24780948433763483,28.121581726084226
primary_regime_screened,50.0,D_MLQ_6,D,MLQ,ref_own_curve,1,60.0,10.0,0.054668358711837284,5.320090643703625
primary_regime_screened,50.0,D_MLQ_6,D,MLQ,ref_own_curve,1,70.0,20.0,0.1318305458139566,12.351049268795467
primary_regime_screened,50.0,D_MLQ_8,D,MLQ,a_same_polyol_same_iso,3,60.0,10.0,0.04271012158669407,4.181089184883495
primary_regime_screened,50.0,D_MLQ_8,D,MLQ,a_same_polyol_same_iso,3,70.0,20.0,0.09900128918894524,9.425845964918524
primary_regime_screened,50.0,D_MLQ_8,D,MLQ,b_same_polyol_other_iso,6,60.0,10.0,-0.009675865348742985,0.972282787936358
primary_regime_screened,50.0,D_MLQ_8,D,MLQ,b_same_polyol_other_iso,6,70.0,20.0,-0.055587693296050955,5.716171900329282
primary_regime_screened,50.0,D_MLQ_8,D,MLQ,c_other_polyol_same_iso,7,60.0,10.0,-0.08366199194297974,8.726132860317074
primary_regime_screened,50.0,D_MLQ_8,D,MLQ,c_other_polyol_same_iso,7,70.0,20.0,-0.14535609796721682,15.645130691395673
primary_regime_screened,50.0,D_MLQ_8,D,MLQ,d_all_other,32,60.0,10.0,-0.09192581849377479,9.628349510345883
primary_regime_screened,50.0,D_MLQ_8,D,MLQ,d_all_other,32,70.0,20.0,-0.1602103380110962,17.375773089551487
primary_regime_screened,50.0,D_MLQ_8,D,MLQ,ref_own_curve,1,60.0,10.0,-0.023580775792627184,2.3861000590374313
primary_regime_screened,50.0,D_MLQ_8,D,MLQ,ref_own_curve,1,70.0,20.0,-0.07448224868697462,7.732621939756533
primary_regime_screened,50.0,D_TD80_10,D,TD80,b_same_polyol_other_iso,9,60.0,10.0,0.053006519848545486,5.1626170791589745
primary_regime_screened,50.0,D_TD80_10,D,TD80,b_same_polyol_other_iso,9,70.0,20.0,0.04235508097314816,4.147063540112919
primary_regime_screened,50.0,D_TD80_10,D,TD80,c_other_polyol_same_iso,3,60.0,10.0,-0.14446737293431022,15.542399625413164
primary_regime_screened,50.0,D_TD80_10,D,TD80,c_other_polyol_same_iso,3,70.0,20.0,-0.2698752898403306,30.980109504370397
primary_regime_screened,50.0,D_TD80_10,D,TD80,d_all_other,32,60.0,10.0,-0.04701298087590544,4.8135614709695576
primary_regime_screened,50.0,D_TD80_10,D,TD80,d_all_other,32,70.0,20.0,-0.1090991133325866,11.527288327591851
primary_regime_screened,50.0,D_TD80_10,D,TD80,ref_own_curve,1,60.0,10.0,0.017360630326155757,1.7210802869424187
primary_regime_screened,50.0,D_TD80_10,D,TD80,ref_own_curve,1,70.0,20.0,0.03729589066897801,3.660896524593016
primary_regime_screened,50.0,D_W_5,D,W,b_same_polyol_other_iso,9,60.0,10.0,-0.04066977859534049,4.150812047848071
primary_regime_screened,50.0,D_W_5,D,W,b_same_polyol_other_iso,9,70.0,20.0,-0.12285827366746593,13.072415620312402
primary_regime_screened,50.0,D_W_5,D,W,c_other_polyol_same_iso,2,60.0,10.0,-0.2830058008567189,32.711286018638035
primary_regime_screened,50.0,D_W_5,D,W,c_other_polyol_same_iso,2,70.0,20.0,-0.5216883192229627,68.48698479072411
primary_regime_screened,50.0,D_W_5,D,W,d_all_other,32,60.0,10.0,-0.13405842081214203,14.345961953300076
primary_regime_screened,50.0,D_W_5,D,W,d_all_other,32,70.0,20.0,-0.2617723095670992,29.923068635144734
primary_regime_screened,50.0,D_W_5,D,W,ref_own_curve,1,60.0,10.0,0.015939754597387168,1.5813389012110748
primary_regime_screened,50.0,D_W_5,D,W,ref_own_curve,1,70.0,20.0,0.04655430515673009,4.548727580059656
primary_regime_screened,50.0,P_44M_10,P,44M,a_same_polyol_same_iso,3,60.0,10.0,0.0379858671950003,3.727345317839141
primary_regime_screened,50.0,P_44M_10,P,44M,a_same_polyol_same_iso,3,70.0,20.0,0.0774557147654607,7.453199194305993
primary_regime_screened,50.0,P_44M_10,P,44M,b_same_polyol_other_iso,13,60.0,10.0,0.006948212342359983,0.6924129325236458
primary_regime_screened,50.0,P_44M_10,P,44M,b_same_polyol_other_iso,13,70.0,20.0,0.002170826481383281,0.21684719416510484
primary_regime_screened,50.0,P_44M_10,P,44M,c_other_polyol_same_iso,6,60.0,10.0,0.20716090427242173,18.711115782362473
primary_regime_screened,50.0,P_44M_10,P,44M,c_other_polyol_same_iso,6,70.0,20.0,0.3401945548437768,28.836814213139565
primary_regime_screened,50.0,P_44M_10,P,44M,d_all_other,32,60.0,10.0,0.1081141142442712,10.247482982011052
primary_regime_screened,50.0,P_44M_10,P,44M,d_all_other,32,70.0,20.0,0.17115216149379225,15.730666176152011
primary_regime_screened,50.0,P_44M_10,P,44M,ref_own_curve,1,60.0,10.0,-0.010835901547556759,1.0894822557169919
primary_regime_screened,50.0,P_44M_10,P,44M,ref_own_curve,1,70.0,20.0,-0.050783066020166856,5.2094633449446714
primary_regime_screened,50.0,P_44M_4,P,44M,a_same_polyol_same_iso,3,60.0,10.0,-0.058906777956898804,6.067635771405652
primary_regime_screened,50.0,P_44M_4,P,44M,a_same_polyol_same_iso,3,70.0,20.0,-0.08746382963396293,9.140278729069431
primary_regime_screened,50.0,P_44M_4,P,44M,b_same_polyol_other_iso,13,60.0,10.0,-0.07573291446011465,7.86744373359511
primary_regime_screened,50.0,P_44M_4,P,44M,b_same_polyol_other_iso,13,70.0,20.0,-0.13002436268275597,13.88561285772113
primary_regime_screened,50.0,P_44M_4,P,44M,c_other_polyol_same_iso,6,60.0,10.0,0.12447977746994665,11.704388320754576
primary_regime_screened,50.0,P_44M_4,P,44M,c_other_polyol_same_iso,6,70.0,20.0,0.20799936567963728,18.779244808843547
primary_regime_screened,50.0,P_44M_4,P,44M,d_all_other,32,60.0,10.0,0.024100657596537456,2.3812555869494876
primary_regime_screened,50.0,P_44M_4,P,44M,d_all_other,32,70.0,20.0,0.035889064026344286,3.5252687270659506
primary_regime_screened,50.0,P_44M_4,P,44M,ref_own_curve,1,60.0,10.0,-0.05088247330175477,5.219922451540181
primary_regime_screened,50.0,P_44M_4,P,44M,ref_own_curve,1,70.0,20.0,-0.08480518947843807,8.850499381648689
primary_regime_screened,50.0,P_44M_6,P,44M,a_same_polyol_same_iso,3,60.0,10.0,-0.005196705327421558,0.5210231621122035
primary_regime_screened,50.0,P_44M_6,P,44M,a_same_polyol_same_iso,3,70.0,20.0,-0.018294150717008906,1.846251381174468
primary_regime_screened,50.0,P_44M_6,P,44M,b_same_polyol_other_iso,13,60.0,10.0,-0.0142671468670863,1.436940835474724
primary_regime_screened,50.0,P_44M_6,P,44M,b_same_polyol_other_iso,13,70.0,20.0,-0.034662503283323653,3.5270249522174515
primary_regime_screened,50.0,P_44M_6,P,44M,c_other_polyol_same_iso,6,60.0,10.0,0.18594554506297545,16.96811912906952
primary_regime_screened,50.0,P_44M_6,P,44M,c_other_polyol_same_iso,6,70.0,20.0,0.3033612250790698,26.166765596478747
primary_regime_screened,50.0,P_44M_6,P,44M,d_all_other,32,60.0,10.0,0.0848393287867335,8.134012525896575
primary_regime_screened,50.0,P_44M_6,P,44M,d_all_other,32,70.0,20.0,0.12879540650554488,12.084618370175114
primary_regime_screened,50.0,P_44M_6,P,44M,ref_own_curve,1,60.0,10.0,0.033850379181926016,3.3283865323679933
primary_regime_screened,50.0,P_44M_6,P,44M,ref_own_curve,1,70.0,20.0,0.08913321136842489,8.527628613957146
primary_regime_screened,50.0,P_44M_8,P,44M,a_same_polyol_same_iso,3,60.0,10.0,0.017010628132676953,1.686676429108479
primary_regime_screened,50.0,P_44M_8,P,44M,a_same_polyol_same_iso,3,70.0,20.0,0.03061426308704429,3.015039227438201
primary_regime_screened,50.0,P_44M_8,P,44M,b_same_polyol_other_iso,13,60.0,10.0,-0.0013839896398031293,0.13849477954395106
primary_regime_screened,50.0,P_44M_8,P,44M,b_same_polyol_other_iso,13,70.0,20.0,-0.008072735364446859,0.8105407751914588
primary_regime_screened,50.0,P_44M_8,P,44M,c_other_polyol_same_iso,6,60.0,10.0,0.19882870229025862,18.03097076226536
primary_regime_screened,50.0,P_44M_8,P,44M,c_other_polyol_same_iso,6,70.0,20.0,0.32995099299794667,28.104103340786462
primary_regime_screened,50.0,P_44M_8,P,44M,d_all_other,32,60.0,10.0,0.09859662753584342,9.38918666121142
primary_regime_screened,50.0,P_44M_8,P,44M,d_all_other,32,70.0,20.0,0.15747754747615778,14.570400550566628
primary_regime_screened,50.0,P_44M_8,P,44M,ref_own_curve,1,60.0,10.0,0.018761007710750843,1.8586115431850125
primary_regime_screened,50.0,P_44M_8,P,44M,ref_own_curve,1,70.0,20.0,0.048767041631736674,4.759702589997785
primary_regime_screened,50.0,P_I_5,P,I,a_same_polyol_same_iso,1,60.0,10.0,-0.0010716577569124253,0.10722321872656553
primary_regime_screened,50.0,P_I_5,P,I,a_same_polyol_same_iso,1,70.0,20.0,-0.0185349047896608,1.8707742328485704
primary_regime_screened,50.0,P_I_5,P,I,b_same_polyol_other_iso,15,60.0,10.0,0.016811717683224647,1.6671189366995236
primary_regime_screened,50.0,P_I_5,P,I,b_same_polyol_other_iso,15,70.0,20.0,0.01638131459151332,1.624787051439337
primary_regime_screened,50.0,P_I_5,P,I,c_other_polyol_same_iso,1,60.0,10.0,0.0798362757493365,7.673250470824386
primary_regime_screened,50.0,P_I_5,P,I,c_other_polyol_same_iso,1,70.0,20.0,-0.1493903698044472,16.112616934507585
primary_regime_screened,50.0,P_I_5,P,I,d_all_other,32,60.0,10.0,0.11194560677583976,10.590711122734149
primary_regime_screened,50.0,P_I_5,P,I,d_all_other,32,70.0,20.0,0.17252270887586807,15.846082181395188
primary_regime_screened,50.0,P_I_5,P,I,ref_own_curve,1,60.0,10.0,0.02286911952314108,2.260960327635897
primary_regime_screened,50.0,P_I_5,P,I,ref_own_curve,1,70.0,20.0,0.06470938606721699,6.266017218724851
primary_regime_screened,50.0,P_I_9,P,I,a_same_polyol_same_iso,1,60.0,10.0,0.019011083578168997,1.8831512675086606
primary_regime_screened,50.0,P_I_9,P,I,a_same_polyol_same_iso,1,70.0,20.0,0.06304392264038021,6.109776628170812
primary_regime_screened,50.0,P_I_9,P,I,b_same_polyol_other_iso,15,60.0,10.0,0.012953681738252565,1.28701438995275
primary_regime_screened,50.0,P_I_9,P,I,b_same_polyol_other_iso,15,70.0,20.0,0.014715851164676552,1.4608102213623706
primary_regime_screened,50.0,P_I_9,P,I,c_other_polyol_same_iso,1,60.0,10.0,0.07597823980436441,7.316362551921664
primary_regime_screened,50.0,P_I_9,P,I,c_other_polyol_same_iso,1,70.0,20.0,-0.15105583323128396,16.30615937559808
primary_regime_screened,50.0,P_I_9,P,I,d_all_other,32,60.0,10.0,0.10883572012086912,10.312225563607646
primary_regime_screened,50.0,P_I_9,P,I,d_all_other,32,70.0,20.0,0.1734586295383082,15.924806726196303
primary_regime_screened,50.0,P_I_9,P,I,ref_own_curve,1,60.0,10.0,-0.004929693701884508,0.49418646333176713
primary_regime_screened,50.0,P_I_9,P,I,ref_own_curve,1,70.0,20.0,-0.020200368216497615,2.0405776430320266
primary_regime_screened,50.0,P_MLQ_10,P,MLQ,a_same_polyol_same_iso,3,60.0,10.0,0.04118080893359721,4.034440004526324
primary_regime_screened,50.0,P_MLQ_10,P,MLQ,a_same_polyol_same_iso,3,70.0,20.0,0.08535965964570438,8.18180080013409
primary_regime_screened,50.0,P_MLQ_10,P,MLQ,b_same_polyol_other_iso,13,60.0,10.0,-0.002872847653770161,0.28769782351542467
primary_regime_screened,50.0,P_MLQ_10,P,MLQ,b_same_polyol_other_iso,13,70.0,20.0,0.009709216008829902,0.9662233747664695
primary_regime_screened,50.0,P_MLQ_10,P,MLQ,c_other_polyol_same_iso,7,60.0,10.0,0.20994878444643894,18.937423844583495
primary_regime_screened,50.0,P_MLQ_10,P,MLQ,c_other_polyol_same_iso,7,70.0,20.0,0.373674309761616,31.179898431436605
primary_regime_screened,50.0,P_MLQ_10,P,MLQ,d_all_other,32,60.0,10.0,0.10079768842626491,9.588407249947679
primary_regime_screened,50.0,P_MLQ_10,P,MLQ,d_all_other,32,70.0,20.0,0.17896869423584538,16.386792525915226
primary_regime_screened,50.0,P_MLQ_10,P,MLQ,ref_own_curve,1,60.0,10.0,-0.01603591022181028,1.6165175467754724
primary_regime_screened,50.0,P_MLQ_10,P,MLQ,ref_own_curve,1,70.0,20.0,-0.03604968094363695,3.670734981096033
primary_regime_screened,50.0,P_MLQ_4,P,MLQ,a_same_polyol_same_iso,3,60.0,10.0,-0.022176631799596613,2.2424361177040546
primary_regime_screened,50.0,P_MLQ_4,P,MLQ,a_same_polyol_same_iso,3,70.0,20.0,-0.05956699829348633,6.13768690364219
primary_regime_screened,50.0,P_MLQ_4,P,MLQ,b_same_polyol_other_iso,13,60.0,10.0,-0.03720032635378301,3.7900918920404787
primary_regime_screened,50.0,P_MLQ_4,P,MLQ,b_same_polyol_other_iso,13,70.0,20.0,-0.06515566988199417,6.7325161834550675
primary_regime_screened,50.0,P_MLQ_4,P,MLQ,c_other_polyol_same_iso,7,60.0,10.0,0.17562130574642643,16.106437671127665
primary_regime_screened,50.0,P_MLQ_4,P,MLQ,c_other_polyol_same_iso,7,70.0,20.0,0.2988094238707921,25.82992535758613
primary_regime_screened,50.0,P_MLQ_4,P,MLQ,d_all_other,32,60.0,10.0,0.06374865078564218,6.175920401718967
primary_regime_screened,50.0,P_MLQ_4,P,MLQ,d_all_other,32,70.0,20.0,0.09753551721548837,9.292987562139771
primary_regime_screened,50.0,P_MLQ_4,P,MLQ,ref_own_curve,1,60.0,10.0,0.03672649717772236,3.606026046156531
primary_regime_screened,50.0,P_MLQ_4,P,MLQ,ref_own_curve,1,70.0,20.0,0.09927074931064261,9.450248799544406
primary_regime_screened,50.0,P_MLQ_6,P,MLQ,a_same_polyol_same_iso,3,60.0,10.0,0.005950446379901386,0.5932777537046645
primary_regime_screened,50.0,P_MLQ_6,P,MLQ,a_same_polyol_same_iso,3,70.0,20.0,0.037978880501437384,3.7266726879526617
primary_regime_screened,50.0,P_MLQ_6,P,MLQ,b_same_polyol_other_iso,13,60.0,10.0,-0.021762302892313734,2.2000828955574856
primary_regime_screened,50.0,P_MLQ_6,P,MLQ,b_same_polyol_other_iso,13,70.0,20.0,-0.014848263794196681,1.4959046896160513
primary_regime_screened,50.0,P_MLQ_6,P,MLQ,c_other_polyol_same_iso,7,60.0,10.0,0.19105932920789526,17.391642418693166
primary_regime_screened,50.0,P_MLQ_6,P,MLQ,c_other_polyol_same_iso,7,70.0,20.0,0.3491168299585894,29.468927596639194
primary_regime_screened,50.0,P_MLQ_6,P,MLQ,d_all_other,32,60.0,10.0,0.08037627312692663,7.723093214764885
primary_regime_screened,50.0,P_MLQ_6,P,MLQ,d_all_other,32,70.0,20.0,0.1522715301195794,14.124492878632514
primary_regime_screened,50.0,P_MLQ_6,P,MLQ,ref_own_curve,1,60.0,10.0,0.014097356485106571,1.3998454054914526
primary_regime_screened,50.0,P_MLQ_6,P,MLQ,ref_own_curve,1,70.0,20.0,0.007862737277066767,0.7831906815180568
primary_regime_screened,50.0,P_MLQ_8,P,MLQ,a_same_polyol_same_iso,3,60.0,10.0,0.02478388044171642,2.447928164542564
primary_regime_screened,50.0,P_MLQ_8,P,MLQ,a_same_polyol_same_iso,3,70.0,20.0,0.042911348101839275,4.2003685505669885
primary_regime_screened,50.0,P_MLQ_8,P,MLQ,b_same_polyol_other_iso,13,60.0,10.0,-0.0074239263385800225,0.7451552001033259
primary_regime_screened,50.0,P_MLQ_8,P,MLQ,b_same_polyol_other_iso,13,70.0,20.0,-0.004214826335310451,0.42237212082198466
primary_regime_screened,50.0,P_MLQ_8,P,MLQ,c_other_polyol_same_iso,7,60.0,10.0,0.20539770576162908,18.56766091022268
primary_regime_screened,50.0,P_MLQ_8,P,MLQ,c_other_polyol_same_iso,7,70.0,20.0,0.35975026741747557,30.214941966071446
primary_regime_screened,50.0,P_MLQ_8,P,MLQ,d_all_other,32,60.0,10.0,0.09513606132204255,9.07507875983772
primary_regime_screened,50.0,P_MLQ_8,P,MLQ,d_all_other,32,70.0,20.0,0.1623705016542315,14.987382696942431
primary_regime_screened,50.0,P_MLQ_8,P,MLQ,ref_own_curve,1,60.0,10.0,0.014950560514600086,1.4839355765626017
primary_regime_screened,50.0,P_MLQ_8,P,MLQ,ref_own_curve,1,70.0,20.0,0.035599084311421,3.497288955407084
primary_regime_screened,50.0,P_TD80_10,P,TD80,a_same_polyol_same_iso,2,60.0,10.0,-0.00024117059686395992,0.024119968083037464
primary_regime_screened,50.0,P_TD80_10,P,TD80,a_same_polyol_same_iso,2,70.0,20.0,-0.08016604047543532,8.346695210834339
primary_regime_screened,50.0,P_TD80_10,P,TD80,b_same_polyol_other_iso,14,60.0,10.0,0.035109904605974906,3.450070239366345
primary_regime_screened,50.0,P_TD80_10,P,TD80,b_same_polyol_other_iso,14,70.0,20.0,0.02307215745456978,2.2808030455904307
primary_regime_screened,50.0,P_TD80_10,P,TD80,c_other_polyol_same_iso,1,60.0,10.0,0.18931843447092062,17.247704709902745
primary_regime_screened,50.0,P_TD80_10,P,TD80,c_other_polyol_same_iso,1,70.0,20.0,0.31430341263441697,26.970258692129285
primary_regime_screened,50.0,P_TD80_10,P,TD80,d_all_other,32,60.0,10.0,0.12826872325779107,12.038302615655443
primary_regime_screened,50.0,P_TD80_10,P,TD80,d_all_other,32,70.0,20.0,0.1720513659862332,15.806407481137065
primary_regime_screened,50.0,P_TD80_10,P,TD80,ref_own_curve,1,60.0,10.0,0.08295363482509951,7.96061795486963
primary_regime_screened,50.0,P_TD80_10,P,TD80,ref_own_curve,1,70.0,20.0,0.18172877732621648,16.61725373364935
primary_regime_screened,50.0,P_TD80_4,P,TD80,a_same_polyol_same_iso,2,60.0,10.0,-0.014283910649004694,1.4386413164825658
primary_regime_screened,50.0,P_TD80_4,P,TD80,a_same_polyol_same_iso,2,70.0,20.0,-0.03665954425578166,3.7339792421211118
primary_regime_screened,50.0,P_TD80_4,P,TD80,b_same_polyol_other_iso,14,60.0,10.0,-0.001236806639296928,0.12375718000478826
primary_regime_screened,50.0,P_TD80_4,P,TD80,b_same_polyol_other_iso,14,70.0,20.0,-0.014066352192651177,1.4165748827198235
primary_regime_screened,50.0,P_TD80_4,P,TD80,c_other_polyol_same_iso,1,60.0,10.0,0.15297172322564867,14.18460127050252
primary_regime_screened,50.0,P_TD80_4,P,TD80,c_other_polyol_same_iso,1,70.0,20.0,0.277164902987196,24.20704980342029
primary_regime_screened,50.0,P_TD80_4,P,TD80,d_all_other,32,60.0,10.0,0.09331601021209024,8.909440066292584
primary_regime_screened,50.0,P_TD80_4,P,TD80,d_all_other,32,70.0,20.0,0.13995316920569245,13.060105091117286
primary_regime_screened,50.0,P_TD80_4,P,TD80,ref_own_curve,1,60.0,10.0,0.0019989811935678947,0.19969845612934906
primary_regime_screened,50.0,P_TD80_4,P,TD80,ref_own_curve,1,70.0,20.0,-0.016699744054746946,1.6839964240110603
primary_regime_screened,50.0,P_TD80_7,P,TD80,a_same_polyol_same_iso,2,60.0,10.0,0.018808522040308917,1.8632745546786265
primary_regime_screened,50.0,P_TD80_7,P,TD80,a_same_polyol_same_iso,2,70.0,20.0,0.08231689785668539,7.901994415864917
primary_regime_screened,50.0,P_TD80_7,P,TD80,b_same_polyol_other_iso,14,60.0,10.0,-0.006731236985684452,0.6753942678572923
primary_regime_screened,50.0,P_TD80_7,P,TD80,b_same_polyol_other_iso,14,70.0,20.0,0.004305283851914171,0.42960294031644897
primary_regime_screened,50.0,P_TD80_7,P,TD80,c_other_polyol_same_iso,1,60.0,10.0,0.14747729287926115,13.711796833460324
primary_regime_screened,50.0,P_TD80_7,P,TD80,c_other_polyol_same_iso,1,70.0,20.0,0.29553653903176136,25.58677756446165
primary_regime_screened,50.0,P_TD80_7,P,TD80,d_all_other,32,60.0,10.0,0.09023325880543398,8.628197236388289
primary_regime_screened,50.0,P_TD80_7,P,TD80,d_all_other,32,70.0,20.0,0.1646126056295017,15.177776303255422
primary_regime_screened,50.0,P_TD80_7,P,TD80,ref_own_curve,1,60.0,10.0,-0.08066917522422623,8.40122191410088
primary_regime_screened,50.0,P_TD80_7,P,TD80,ref_own_curve,1,70.0,20.0,-0.19953772014599772,22.08382587598527
primary_regime_screened,50.0,P_TDS_4,P,TDS,a_same_polyol_same_iso,1,60.0,10.0,-0.023471571574076533,2.374919675473671
primary_regime_screened,50.0,P_TDS_4,P,TDS,a_same_polyol_same_iso,1,70.0,20.0,-0.06103494169952717,6.293605433054863
primary_regime_screened,50.0,P_TDS_4,P,TDS,b_same_polyol_other_iso,15,60.0,10.0,-0.013818199016342847,1.3914111598903707
primary_regime_screened,50.0,P_TDS_4,P,TDS,b_same_polyol_other_iso,15,70.0,20.0,-0.03130190115655651,3.1796957564864585
primary_regime_screened,50.0,P_TDS_4,P,TDS,d_all_other,32,60.0,10.0,0.08196675086828531,7.869740930171069
primary_regime_screened,50.0,P_TDS_4,P,TDS,d_all_other,32,70.0,20.0,0.12431091939684491,11.689477635043678
primary_regime_screened,50.0,P_TDS_4,P,TDS,ref_own_curve,1,60.0,10.0,-0.002599111192955972,0.26024918106852923
primary_regime_screened,50.0,P_TDS_4,P,TDS,ref_own_curve,1,70.0,20.0,-0.011635642887142028,1.1703600300132473
primary_regime_screened,50.0,P_TDS_7,P,TDS,a_same_polyol_same_iso,1,60.0,10.0,0.010020074962669212,0.9970041264789373
primary_regime_screened,50.0,P_TDS_7,P,TDS,a_same_polyol_same_iso,1,70.0,20.0,0.030495035084565636,3.0034752149314605
primary_regime_screened,50.0,P_TDS_7,P,TDS,b_same_polyol_other_iso,15,60.0,10.0,-0.0011990128607177741,0.11997319640138382
primary_regime_screened,50.0,P_TDS_7,P,TDS,b_same_polyol_other_iso,15,70.0,20.0,0.010828776815151098,1.0770356674536785
primary_regime_screened,50.0,P_TDS_7,P,TDS,d_all_other,32,60.0,10.0,0.09523820141082029,9.084365365089884
primary_regime_screened,50.0,P_TDS_7,P,TDS,d_all_other,32,70.0,20.0,0.1679853254564388,15.46337600426489
primary_regime_screened,50.0,P_TDS_7,P,TDS,ref_own_curve,1,60.0,10.0,-0.010852385418451238,1.0911486154252763
primary_regime_screened,50.0,P_TDS_7,P,TDS,ref_own_curve,1,70.0,20.0,-0.018904263727819504,1.9084080636166532
primary_regime_screened,50.0,P_W_5,P,W,a_same_polyol_same_iso,1,60.0,10.0,0.0015172866401205742,0.15161361426981185
primary_regime_screened,50.0,P_W_5,P,W,a_same_polyol_same_iso,1,70.0,20.0,-0.019556523391749292,1.9749004904184342
primary_regime_screened,50.0,P_W_5,P,W,b_same_polyol_other_iso,15,60.0,10.0,0.07474318203781397,7.201822188236072
primary_regime_screened,50.0,P_W_5,P,W,b_same_polyol_other_iso,15,70.0,20.0,0.1323518940450873,12.396732984622675
primary_regime_screened,50.0,P_W_5,P,W,c_other_polyol_same_iso,1,60.0,10.0,0.30527786767272796,26.308141991075207
primary_regime_screened,50.0,P_W_5,P,W,c_other_polyol_same_iso,1,70.0,20.0,0.5677974895751117,43.32276129218703
primary_regime_screened,50.0,P_W_5,P,W,d_all_other,32,60.0,10.0,0.16447127132181033,15.16578716577414
primary_regime_screened,50.0,P_W_5,P,W,d_all_other,32,70.0,20.0,0.27663122596979794,24.166590052560284
primary_regime_screened,50.0,P_W_5,P,W,ref_own_curve,1,60.0,10.0,0.01114733779712232,1.1085436452383317
primary_regime_screened,50.0,P_W_5,P,W,ref_own_curve,1,70.0,20.0,0.01866625378258535,1.8493118205274452
primary_regime_screened,50.0,P_W_9,P,W,a_same_polyol_same_iso,1,60.0,10.0,-0.007880453150259759,0.7911585646846994
primary_regime_screened,50.0,P_W_9,P,W,a_same_polyol_same_iso,1,70.0,20.0,0.005234020444771503,0.5220346826164741
primary_regime_screened,50.0,P_W_9,P,W,b_same_polyol_other_iso,15,60.0,10.0,0.05571539109043189,5.419171694816073
primary_regime_screened,50.0,P_W_9,P,W,b_same_polyol_other_iso,15,70.0,20.0,0.11891966070727344,11.212087052204867
primary_regime_screened,50.0,P_W_9,P,W,c_other_polyol_same_iso,1,60.0,10.0,0.28625007672534586,24.892523385857363
primary_regime_screened,50.0,P_W_9,P,W,c_other_polyol_same_iso,1,70.0,20.0,0.5543652562372976,42.55632343452016
primary_regime_screened,50.0,P_W_9,P,W,d_all_other,32,60.0,10.0,0.14574441947308492,13.562140670783695
primary_regime_screened,50.0,P_W_9,P,W,d_all_other,32,70.0,20.0,0.26439345441868256,23.232856349009676
primary_regime_screened,50.0,P_W_9,P,W,ref_own_curve,1,60.0,10.0,-0.017510504307261532,1.7664711957440848
primary_regime_screened,50.0,P_W_9,P,W,ref_own_curve,1,70.0,20.0,-0.03298875672956314,3.3538918818408514
primary_regime_screened,52.5,C_44M_10,C,44M,a_same_polyol_same_iso,2,62.5,10.0,0.03204277910848852,3.1534848882752904
primary_regime_screened,52.5,C_44M_10,C,44M,a_same_polyol_same_iso,2,72.5,20.0,0.022925920281607226,2.266511821555015
primary_regime_screened,52.5,C_44M_10,C,44M,b_same_polyol_other_iso,3,62.5,10.0,0.013111333767467759,1.302575465794243
primary_regime_screened,52.5,C_44M_10,C,44M,b_same_polyol_other_iso,3,72.5,20.0,-0.023684264000665367,2.396696361347271
primary_regime_screened,52.5,C_44M_10,C,44M,c_other_polyol_same_iso,7,62.5,10.0,-0.10686992730995648,11.278950154140999
primary_regime_screened,52.5,C_44M_10,C,44M,c_other_polyol_same_iso,7,72.5,20.0,-0.24198663219379424,27.37771650960912
primary_regime_screened,52.5,C_44M_10,C,44M,d_all_other,33,62.5,10.0,-0.0881730915637462,9.217715231913397
primary_regime_screened,52.5,C_44M_10,C,44M,d_all_other,33,72.5,20.0,-0.19633175962018856,21.6930566793963
primary_regime_screened,52.5,C_44M_10,C,44M,ref_own_curve,1,62.5,10.0,-0.022803569804826118,2.306555884112521
primary_regime_screened,52.5,C_44M_10,C,44M,ref_own_curve,1,72.5,20.0,-0.07872949184269395,8.191161656472119
primary_regime_screened,52.5,C_44M_6,C,44M,a_same_polyol_same_iso,2,62.5,10.0,-0.07671830609210906,7.973787796684782
primary_regime_screened,52.5,C_44M_6,C,44M,a_same_polyol_same_iso,2,72.5,20.0,-0.17321682501948255,18.912390894858316
primary_regime_screened,52.5,C_44M_6,C,44M,b_same_polyol_other_iso,3,62.5,10.0,-0.06404215115146661,6.613733673076975
primary_regime_screened,52.5,C_44M_6,C,44M,b_same_polyol_other_iso,3,72.5,20.0,-0.15998314732590746,17.349109436220235
primary_regime_screened,52.5,C_44M_6,C,44M,c_other_polyol_same_iso,7,62.5,10.0,-0.18402341222889085,20.20439652953167
primary_regime_screened,52.5,C_44M_6,C,44M,c_other_polyol_same_iso,7,72.5,20.0,-0.37828551551903633,45.977967313254105
primary_regime_screened,52.5,C_44M_6,C,44M,d_all_other,33,62.5,10.0,-0.16717964037916122,18.196657516179727
primary_regime_screened,52.5,C_44M_6,C,44M,d_all_other,33,72.5,20.0,-0.33607304814140004,39.94412476594306
primary_regime_screened,52.5,C_44M_6,C,44M,ref_own_curve,1,62.5,10.0,-0.03674185416043496,3.742517927466206
primary_regime_screened,52.5,C_44M_6,C,44M,ref_own_curve,1,72.5,20.0,-0.09534065121624513,10.00335190637963
primary_regime_screened,52.5,C_44M_8,C,44M,a_same_polyol_same_iso,2,62.5,10.0,-0.020986082623053903,2.1207839004191866
primary_regime_screened,52.5,C_44M_8,C,44M,a_same_polyol_same_iso,2,72.5,20.0,-0.06802713947970496,7.03943580305338
primary_regime_screened,52.5,C_44M_8,C,44M,b_same_polyol_other_iso,3,62.5,10.0,-0.0166787793324219,1.6818646696070274
primary_regime_screened,52.5,C_44M_8,C,44M,b_same_polyol_other_iso,3,72.5,20.0,-0.07282577361351672,7.554313259628977
primary_regime_screened,52.5,C_44M_8,C,44M,c_other_polyol_same_iso,7,62.5,10.0,-0.13666004040984614,14.643833955645235
primary_regime_screened,52.5,C_44M_8,C,44M,c_other_polyol_same_iso,7,72.5,20.0,-0.2911281418066456,33.79360185044212
primary_regime_screened,52.5,C_44M_8,C,44M,d_all_other,33,62.5,10.0,-0.11931867276290253,12.672891890108462
primary_regime_screened,52.5,C_44M_8,C,44M,d_all_other,33,72.5,20.0,-0.24785132660157672,28.12694273528106
primary_regime_screened,52.5,C_44M_8,C,44M,ref_own_curve,1,62.5,10.0,-0.006116185641415139,0.6134927695292667
primary_regime_screened,52.5,C_44M_8,C,44M,ref_own_curve,1,72.5,20.0,-0.04424790115864141,4.524143933732115
primary_regime_screened,52.5,C_MLQ_10,C,MLQ,a_same_polyol_same_iso,2,62.5,10.0,0.023029975189367224,2.276680941569888
primary_regime_screened,52.5,C_MLQ_10,C,MLQ,a_same_polyol_same_iso,2,72.5,20.0,-0.00715858879139053,0.7184272738493153
primary_regime_screened,52.5,C_MLQ_10,C,MLQ,b_same_polyol_other_iso,3,62.5,10.0,0.010554445104716592,1.049894238740015
primary_regime_screened,52.5,C_MLQ_10,C,MLQ,b_same_polyol_other_iso,3,72.5,20.0,-0.014147770649168834,1.4248323998646706
primary_regime_screened,52.5,C_MLQ_10,C,MLQ,c_other_polyol_same_iso,8,62.5,10.0,-0.08596914556664936,8.97727034671472
primary_regime_screened,52.5,C_MLQ_10,C,MLQ,c_other_polyol_same_iso,8,72.5,20.0,-0.19977551113518421,22.112859761565367
primary_regime_screened,52.5,C_MLQ_10,C,MLQ,d_all_other,33,62.5,10.0,-0.09165836600616162,9.599033056110473
primary_regime_screened,52.5,C_MLQ_10,C,MLQ,d_all_other,33,72.5,20.0,-0.19995287302098497,22.134519849433435
primary_regime_screened,52.5,C_MLQ_10,C,MLQ,ref_own_curve,1,62.5,10.0,-0.016344602174310108,1.6478905900370797
primary_regime_screened,52.5,C_MLQ_10,C,MLQ,ref_own_curve,1,72.5,20.0,-0.06630127508717787,6.8548595747897485
primary_regime_screened,52.5,C_MLQ_6,C,MLQ,a_same_polyol_same_iso,2,62.5,10.0,-0.067363540410466,6.968428096012527
primary_regime_screened,52.5,C_MLQ_6,C,MLQ,a_same_polyol_same_iso,2,72.5,20.0,-0.1515831665791274,16.36750766607448
primary_regime_screened,52.5,C_MLQ_6,C,MLQ,b_same_polyol_other_iso,3,62.5,10.0,-0.05178117026684026,5.314525780008752
primary_regime_screened,52.5,C_MLQ_6,C,MLQ,b_same_polyol_other_iso,3,72.5,20.0,-0.12091987913383528,12.853448958421424
primary_regime_screened,52.5,C_MLQ_6,C,MLQ,c_other_polyol_same_iso,8,62.5,10.0,-0.14830476093820621,15.98663244539345
primary_regime_screened,52.5,C_MLQ_6,C,MLQ,c_other_polyol_same_iso,8,72.5,20.0,-0.3065476196198511,35.87261679603312
primary_regime_screened,52.5,C_MLQ_6,C,MLQ,d_all_other,33,62.5,10.0,-0.15558975174048761,16.834679251977885
primary_regime_screened,52.5,C_MLQ_6,C,MLQ,d_all_other,33,72.5,20.0,-0.3086993780482321,36.165296619621586
primary_regime_screened,52.5,C_MLQ_6,C,MLQ,ref_own_curve,1,62.5,10.0,-0.022564417089318667,2.282091918887077
primary_regime_screened,52.5,C_MLQ_6,C,MLQ,ref_own_curve,1,72.5,20.0,-0.09776844496571169,10.27074180898836
primary_regime_screened,52.5,C_MLQ_8,C,MLQ,a_same_polyol_same_iso,2,62.5,10.0,-0.020931158247196713,2.1151751341318126
primary_regime_screened,52.5,C_MLQ_8,C,MLQ,a_same_polyol_same_iso,2,72.5,20.0,-0.08140352079852464,8.480855107224903
primary_regime_screened,52.5,C_MLQ_8,C,MLQ,b_same_polyol_other_iso,3,62.5,10.0,-0.022090011196437942,2.2335801997771405
primary_regime_screened,52.5,C_MLQ_8,C,MLQ,b_same_polyol_other_iso,3,72.5,20.0,-0.06690248566356427,6.919121161941686
primary_regime_screened,52.5,C_MLQ_8,C,MLQ,c_other_polyol_same_iso,8,62.5,10.0,-0.1186136018678039,12.593477513043016
primary_regime_screened,52.5,C_MLQ_8,C,MLQ,c_other_polyol_same_iso,8,72.5,20.0,-0.25253022614957965,28.727840503638063
primary_regime_screened,52.5,C_MLQ_8,C,MLQ,d_all_other,33,62.5,10.0,-0.12496649020237482,13.311048212768755
primary_regime_screened,52.5,C_MLQ_8,C,MLQ,d_all_other,33,72.5,20.0,-0.2539445634500015,28.910033901153227
primary_regime_screened,52.5,C_MLQ_8,C,MLQ,ref_own_curve,1,62.5,10.0,-0.026355704204656938,2.6706087201066113
primary_regime_screened,52.5,C_MLQ_8,C,MLQ,ref_own_curve,1,72.5,20.0,-0.07607555611612327,7.904409945865837
primary_regime_screened,52.5,D_44M_10,D,44M,a_same_polyol_same_iso,2,62.5,10.0,0.06094061579046128,5.912088852064847
primary_regime_screened,52.5,D_44M_10,D,44M,a_same_polyol_same_iso,2,72.5,20.0,0.051837884333015616,5.051721959911219
primary_regime_screened,52.5,D_44M_10,D,44M,b_same_polyol_other_iso,8,62.5,10.0,0.0590899594377855,5.737803239944284
primary_regime_screened,52.5,D_44M_10,D,44M,b_same_polyol_other_iso,8,72.5,20.0,0.08288657027333532,7.954445167982841
primary_regime_screened,52.5,D_44M_10,D,44M,c_other_polyol_same_iso,7,62.5,10.0,-0.04306545857794153,4.40062317772634
primary_regime_screened,52.5,D_44M_10,D,44M,c_other_polyol_same_iso,7,72.5,20.0,-0.08803603454338793,9.202747203053521
primary_regime_screened,52.5,D_44M_10,D,44M,d_all_other,33,62.5,10.0,-0.034907327153838486,3.5523739420614278
primary_regime_screened,52.5,D_44M_10,D,44M,d_all_other,33,72.5,20.0,-0.07616532474209767,7.91409681126505
primary_regime_screened,52.5,D_44M_10,D,44M,ref_own_curve,1,62.5,10.0,-0.00473117112565169,0.4742380787065149
primary_regime_screened,52.5,D_44M_10,D,44M,ref_own_curve,1,72.5,20.0,-0.03422477284422695,3.4817179389795734
primary_regime_screened,52.5,D_44M_4,D,44M,a_same_polyol_same_iso,2,62.5,10.0,-0.1173500516423025,12.451299842371599
primary_regime_screened,52.5,D_44M_4,D,44M,a_same_polyol_same_iso,2,72.5,20.0,-0.27646106406257687,31.845561641297564
primary_regime_screened,52.5,D_44M_4,D,44M,b_same_polyol_other_iso,8,62.5,10.0,-0.06124850138717264,6.316307886307985
primary_regime_screened,52.5,D_44M_4,D,44M,b_same_polyol_other_iso,8,72.5,20.0,-0.1649266403676144,17.930660203921825
primary_regime_screened,52.5,D_44M_4,D,44M,c_other_polyol_same_iso,7,62.5,10.0,-0.16340391940289933,17.75122136755739
primary_regime_screened,52.5,D_44M_4,D,44M,c_other_polyol_same_iso,7,72.5,20.0,-0.33584924518433734,39.912808361479556
primary_regime_screened,52.5,D_44M_4,D,44M,d_all_other,33,62.5,10.0,-0.15855040896123818,17.181099251130195
primary_regime_screened,52.5,D_44M_4,D,44M,d_all_other,33,72.5,20.0,-0.3282464340635509,38.85311114944761
primary_regime_screened,52.5,D_44M_4,D,44M,ref_own_curve,1,62.5,10.0,-0.009165218734997538,0.9207347961724082
primary_regime_screened,52.5,D_44M_4,D,44M,ref_own_curve,1,72.5,20.0,-0.12106650797588836,12.869997742198743
primary_regime_screened,52.5,D_44M_8,D,44M,a_same_polyol_same_iso,2,62.5,10.0,0.015552385402463509,1.5432071586413834
primary_regime_screened,52.5,D_44M_8,D,44M,a_same_polyol_same_iso,2,72.5,20.0,-0.016098380698048365,1.6228657773067034
primary_regime_screened,52.5,D_44M_8,D,44M,b_same_polyol_other_iso,8,62.5,10.0,0.021421309358097718,2.1193502649689484
primary_regime_screened,52.5,D_44M_8,D,44M,b_same_polyol_other_iso,8,72.5,20.0,0.02052722466487844,2.0317975403354063
primary_regime_screened,52.5,D_44M_8,D,44M,c_other_polyol_same_iso,7,62.5,10.0,-0.08073410865762964,8.408261006158622
primary_regime_screened,52.5,D_44M_8,D,44M,c_other_polyol_same_iso,7,72.5,20.0,-0.15039538015184484,16.229369975170002
primary_regime_screened,52.5,D_44M_8,D,44M,d_all_other,33,62.5,10.0,-0.07299981768825048,7.573034079640515
primary_regime_screened,52.5,D_44M_8,D,44M,d_all_other,33,72.5,20.0,-0.13873359184762935,14.88180047502244
primary_regime_screened,52.5,D_44M_8,D,44M,ref_own_curve,1,62.5,10.0,-0.026960660588722707,2.732738751392471
primary_regime_screened,52.5,D_44M_8,D,44M,ref_own_curve,1,72.5,20.0,-0.08543027960747551,8.91856202477992
primary_regime_screened,52.5,D_I_5,D,I,a_same_polyol_same_iso,1,62.5,10.0,-0.09375002187246562,9.828516433003006
primary_regime_screened,52.5,D_I_5,D,I,a_same_polyol_same_iso,1,72.5,20.0,-0.18020809594591602,19.746652512535835
primary_regime_screened,52.5,D_I_5,D,I,b_same_polyol_other_iso,9,62.5,10.0,-0.0537219827056723,5.519119996911512
primary_regime_screened,52.5,D_I_5,D,I,b_same_polyol_other_iso,9,72.5,20.0,-0.10887604900320902,11.50241334227786
primary_regime_screened,52.5,D_I_5,D,I,c_other_polyol_same_iso,2,62.5,10.0,-0.2353629850868575,26.5367995093295
primary_regime_screened,52.5,D_I_5,D,I,c_other_polyol_same_iso,2,72.5,20.0,-0.4014624238636575,49.40079737279082
primary_regime_screened,52.5,D_I_5,D,I,d_all_other,33,62.5,10.0,-0.14638422284968455,15.764089469556946
primary_regime_screened,52.5,D_I_5,D,I,d_all_other,33,72.5,20.0,-0.26461385883605937,30.292776458579585
primary_regime_screened,52.5,D_I_5,D,I,ref_own_curve,1,62.5,10.0,0.04764174170527036,4.652468366309553
primary_regime_screened,52.5,D_I_5,D,I,ref_own_curve,1,72.5,20.0,0.07422439700539818,7.1536673926382965
primary_regime_screened,52.5,D_I_9,D,I,a_same_polyol_same_iso,1,62.5,10.0,0.12686856022675663,11.915055636033598
primary_regime_screened,52.5,D_I_9,D,I,b_same_polyol_other_iso,9,62.5,10.0,0.025504835815814197,2.5182335084336995
primary_regime_screened,52.5,D_I_9,D,I,c_other_polyol_same_iso,2,62.5,10.0,-0.156136166565371,16.89853689757495
primary_regime_screened,52.5,D_I_9,D,I,d_all_other,33,62.5,10.0,-0.06533615099279699,6.751781124961365
primary_regime_screened,52.5,D_I_9,D,I,ref_own_curve,1,62.5,10.0,-0.01452320335097923,1.46291774751836
primary_regime_screened,52.5,D_MLQ_10,D,MLQ,a_same_polyol_same_iso,3,62.5,10.0,0.07935981315040819,7.629249746275733
primary_regime_screened,52.5,D_MLQ_10,D,MLQ,a_same_polyol_same_iso,3,72.5,20.0,0.15868661957279434,14.673628677788288
primary_regime_screened,52.5,D_MLQ_10,D,MLQ,b_same_polyol_other_iso,7,62.5,10.0,0.04304966376519015,4.213618223799892
primary_regime_screened,52.5,D_MLQ_10,D,MLQ,b_same_polyol_other_iso,7,72.5,20.0,0.07493400441322609,7.219528467529164
primary_regime_screened,52.5,D_MLQ_10,D,MLQ,c_other_polyol_same_iso,7,62.5,10.0,-0.04718063764435543,4.831135647149141
primary_regime_screened,52.5,D_MLQ_10,D,MLQ,c_other_polyol_same_iso,7,72.5,20.0,-0.07652577272370678,7.953001240738164
primary_regime_screened,52.5,D_MLQ_10,D,MLQ,d_all_other,33,62.5,10.0,-0.040935046343321235,4.178443563923363
primary_regime_screened,52.5,D_MLQ_10,D,MLQ,d_all_other,33,72.5,20.0,-0.05480066002214118,5.633002488293756
primary_regime_screened,52.5,D_MLQ_10,D,MLQ,ref_own_curve,1,62.5,10.0,-0.027933380925835305,2.8327175935065223
primary_regime_screened,52.5,D_MLQ_10,D,MLQ,ref_own_curve,1,72.5,20.0,-0.07045818401585804,7.299969995415124
primary_regime_screened,52.5,D_MLQ_4,D,MLQ,a_same_polyol_same_iso,3,62.5,10.0,-0.05856924143555098,6.031840112110796
primary_regime_screened,52.5,D_MLQ_4,D,MLQ,a_same_polyol_same_iso,3,72.5,20.0,-0.1416015631116947,15.211751095837672
primary_regime_screened,52.5,D_MLQ_4,D,MLQ,b_same_polyol_other_iso,7,62.5,10.0,-0.037963762430366366,3.869359246511834
primary_regime_screened,52.5,D_MLQ_4,D,MLQ,b_same_polyol_other_iso,7,72.5,20.0,-0.09982610587019458,10.497875204931882
primary_regime_screened,52.5,D_MLQ_4,D,MLQ,c_other_polyol_same_iso,7,62.5,10.0,-0.12819406383991216,13.677358794014477
primary_regime_screened,52.5,D_MLQ_4,D,MLQ,c_other_polyol_same_iso,7,72.5,20.0,-0.2512858830071272,28.567758517181456
primary_regime_screened,52.5,D_MLQ_4,D,MLQ,d_all_other,33,62.5,10.0,-0.12703840604733685,13.54606254986131
primary_regime_screened,52.5,D_MLQ_4,D,MLQ,d_all_other,33,72.5,20.0,-0.24072180098200358,27.216707044444828
primary_regime_screened,52.5,D_MLQ_4,D,MLQ,ref_own_curve,1,62.5,10.0,0.061800078049820684,5.99291912050028
primary_regime_screened,52.5,D_MLQ_4,D,MLQ,ref_own_curve,1,72.5,20.0,0.1313659229039399,12.310316096197003
primary_regime_screened,52.5,D_MLQ_6,D,MLQ,a_same_polyol_same_iso,3,62.5,10.0,-0.028008994981714608,2.840493486340551
primary_regime_screened,52.5,D_MLQ_6,D,MLQ,a_same_polyol_same_iso,3,72.5,20.0,-0.07096381481109382,7.354237883174113
primary_regime_screened,52.5,D_MLQ_6,D,MLQ,b_same_polyol_other_iso,7,62.5,10.0,-0.027613661735542472,2.799845255540572
primary_regime_screened,52.5,D_MLQ_6,D,MLQ,b_same_polyol_other_iso,7,72.5,20.0,-0.07661752533125443,7.962906664511878
primary_regime_screened,52.5,D_MLQ_6,D,MLQ,c_other_polyol_same_iso,7,62.5,10.0,-0.11784396314508827,12.50685455129247
primary_regime_screened,52.5,D_MLQ_6,D,MLQ,c_other_polyol_same_iso,7,72.5,20.0,-0.22807730246818747,25.618242768132752
primary_regime_screened,52.5,D_MLQ_6,D,MLQ,d_all_other,33,62.5,10.0,-0.11486730581549742,12.172458136741941
primary_regime_screened,52.5,D_MLQ_6,D,MLQ,d_all_other,33,72.5,20.0,-0.21325065652152375,23.769484865094583
primary_regime_screened,52.5,D_MLQ_6,D,MLQ,ref_own_curve,1,62.5,10.0,0.011519741467607814,1.145364330059874
primary_regime_screened,52.5,D_MLQ_6,D,MLQ,ref_own_curve,1,72.5,20.0,0.012287000157900518,1.2211823186286348
primary_regime_screened,52.5,D_MLQ_8,D,MLQ,a_same_polyol_same_iso,3,62.5,10.0,0.03253576661126156,3.2012172432185326
primary_regime_screened,52.5,D_MLQ_8,D,MLQ,a_same_polyol_same_iso,3,72.5,20.0,0.06732990345704915,6.5113271907167665
primary_regime_screened,52.5,D_MLQ_8,D,MLQ,b_same_polyol_other_iso,7,62.5,10.0,0.009897700280496302,0.984887924981716
primary_regime_screened,52.5,D_MLQ_8,D,MLQ,b_same_polyol_other_iso,7,72.5,20.0,0.009095114845662056,0.9053879397041482
primary_regime_screened,52.5,D_MLQ_8,D,MLQ,c_other_polyol_same_iso,7,62.5,10.0,-0.08033260112904905,8.364743010190448
primary_regime_screened,52.5,D_MLQ_8,D,MLQ,c_other_polyol_same_iso,7,72.5,20.0,-0.14236466229127087,15.29970264218487
primary_regime_screened,52.5,D_MLQ_8,D,MLQ,d_all_other,33,62.5,10.0,-0.07528758781921896,7.819418181537794
primary_regime_screened,52.5,D_MLQ_8,D,MLQ,d_all_other,33,72.5,20.0,-0.12283451348324292,13.069729030803781
primary_regime_screened,52.5,D_MLQ_8,D,MLQ,ref_own_curve,1,62.5,10.0,-0.020069095247173152,2.0271833525866167
primary_regime_screened,52.5,D_MLQ_8,D,MLQ,ref_own_curve,1,72.5,20.0,-0.059743593938884176,6.156432012065519
primary_regime_screened,52.5,D_TD80_10,D,TD80,b_same_polyol_other_iso,10,62.5,10.0,0.050670000197349796,4.940768594553079
primary_regime_screened,52.5,D_TD80_10,D,TD80,b_same_polyol_other_iso,10,72.5,20.0,0.07350246791373954,7.08661472335113
primary_regime_screened,52.5,D_TD80_10,D,TD80,c_other_polyol_same_iso,3,62.5,10.0,-0.13567520420654794,14.530984135895931
primary_regime_screened,52.5,D_TD80_10,D,TD80,c_other_polyol_same_iso,3,72.5,20.0,-0.23102075194519192,25.988538425039483
primary_regime_screened,52.5,D_TD80_10,D,TD80,d_all_other,33,62.5,10.0,-0.03943079453860404,4.021850759212085
primary_regime_screened,52.5,D_TD80_10,D,TD80,d_all_other,33,72.5,20.0,-0.06687492992903661,6.916174967615479
primary_regime_screened,52.5,D_TD80_10,D,TD80,ref_own_curve,1,62.5,10.0,0.03075014311964125,3.028216651774693
primary_regime_screened,52.5,D_TD80_10,D,TD80,ref_own_curve,1,72.5,20.0,0.09206475922803545,8.795391576774863
primary_regime_screened,52.5,D_W_5,D,W,b_same_polyol_other_iso,10,62.5,10.0,-0.033442583386623204,3.4008072780112197
primary_regime_screened,52.5,D_W_5,D,W,b_same_polyol_other_iso,10,72.5,20.0,-0.09990913043508698,10.507049623788102
primary_regime_screened,52.5,D_W_5,D,W,c_other_polyol_same_iso,2,62.5,10.0,-0.27215831953739267,31.279482592885806
primary_regime_screened,52.5,D_W_5,D,W,c_other_polyol_same_iso,2,72.5,20.0,-0.5114302770966199,66.76747269505069
primary_regime_screened,52.5,D_W_5,D,W,d_all_other,33,62.5,10.0,-0.12052879560719143,12.80932246274403
primary_regime_screened,52.5,D_W_5,D,W,d_all_other,33,72.5,20.0,-0.2368977838171884,26.73115714032668
primary_regime_screened,52.5,D_W_5,D,W,ref_own_curve,1,62.5,10.0,0.007588348477588935,0.7559629650017435
primary_regime_screened,52.5,D_W_5,D,W,ref_own_curve,1,72.5,20.0,0.011414975622302093,1.1350071980641525
primary_regime_screened,52.5,D_W_9,D,W,a_same_polyol_same_iso,1,62.5,10.0,0.07655802714022442,7.370083776207864
primary_regime_screened,52.5,D_W_9,D,W,b_same_polyol_other_iso,10,62.5,10.0,0.03552709527601239,3.490341568259818
primary_regime_screened,52.5,D_W_9,D,W,c_other_polyol_same_iso,2,62.5,10.0,-0.20318864087475752,22.530358878825588
primary_regime_screened,52.5,D_W_9,D,W,d_all_other,34,62.5,10.0,-0.04790170830071361,4.9067535625905485
primary_regime_screened,52.5,P_44M_10,P,44M,a_same_polyol_same_iso,3,62.5,10.0,0.02073783363765802,2.0524283502274
primary_regime_screened,52.5,P_44M_10,P,44M,a_same_polyol_same_iso,3,72.5,20.0,0.04828880043340668,4.714143862873321
primary_regime_screened,52.5,P_44M_10,P,44M,b_same_polyol_other_iso,13,62.5,10.0,-0.00637094996141796,0.6391287630273718
primary_regime_screened,52.5,P_44M_10,P,44M,b_same_polyol_other_iso,13,72.5,20.0,-0.013314785905955445,1.3403822396232041
primary_regime_screened,52.5,P_44M_10,P,44M,c_other_polyol_same_iso,6,62.5,10.0,0.1824862421977123,16.680389320321744
primary_regime_screened,52.5,P_44M_10,P,44M,c_other_polyol_same_iso,6,72.5,20.0,0.30815625845106653,26.519950974855107
primary_regime_screened,52.5,P_44M_10,P,44M,d_all_other,33,62.5,10.0,0.09995091858104704,9.511817016975346
primary_regime_screened,52.5,P_44M_10,P,44M,d_all_other,33,72.5,20.0,0.17608128529135292,16.145018119961073
primary_regime_screened,52.5,P_44M_10,P,44M,ref_own_curve,1,62.5,10.0,-0.041879773075080284,4.276910229153138
primary_regime_screened,52.5,P_44M_10,P,44M,ref_own_curve,1,72.5,20.0,-0.10998960304209288,11.626646462309285
primary_regime_screened,52.5,P_44M_4,P,44M,a_same_polyol_same_iso,3,62.5,10.0,-0.08749049504469442,9.143189038231213
primary_regime_screened,52.5,P_44M_4,P,44M,a_same_polyol_same_iso,3,72.5,20.0,-0.1465919040984316,15.788133996930362
primary_regime_screened,52.5,P_44M_4,P,44M,b_same_polyol_other_iso,13,62.5,10.0,-0.08569988259016359,8.947930752742336
primary_regime_screened,52.5,P_44M_4,P,44M,b_same_polyol_other_iso,13,72.5,20.0,-0.13691174195840938,14.672693618043594
primary_regime_screened,52.5,P_44M_4,P,44M,c_other_polyol_same_iso,6,62.5,10.0,0.1031573095689664,9.801492856226758
primary_regime_screened,52.5,P_44M_4,P,44M,c_other_polyol_same_iso,6,72.5,20.0,0.18455930239861207,16.85293697654206
primary_regime_screened,52.5,P_44M_4,P,44M,d_all_other,33,62.5,10.0,0.01800154398596243,1.7840484083375407
primary_regime_screened,52.5,P_44M_4,P,44M,d_all_other,33,72.5,20.0,0.04602603443646558,4.498290146491494
primary_regime_screened,52.5,P_44M_4,P,44M,ref_own_curve,1,62.5,10.0,-0.03451051754300405,3.5112915163462386
primary_regime_screened,52.5,P_44M_4,P,44M,ref_own_curve,1,72.5,20.0,-0.019735313656388254,1.9931342398235175
primary_regime_screened,52.5,P_44M_6,P,44M,a_same_polyol_same_iso,3,62.5,10.0,-0.015450183911816406,1.557015506574734
primary_regime_screened,52.5,P_44M_6,P,44M,a_same_polyol_same_iso,3,72.5,20.0,-0.02527160779180959,2.5593641922802233
primary_regime_screened,52.5,P_44M_6,P,44M,b_same_polyol_other_iso,13,62.5,10.0,-0.023423664492317142,2.3700153093045406
primary_regime_screened,52.5,P_44M_6,P,44M,b_same_polyol_other_iso,13,72.5,20.0,-0.03907759864317639,3.98511715594996
primary_regime_screened,52.5,P_44M_6,P,44M,c_other_polyol_same_iso,6,62.5,10.0,0.1654335276668133,15.247380162362031
primary_regime_screened,52.5,P_44M_6,P,44M,c_other_polyol_same_iso,6,72.5,20.0,0.2823934457138456,24.60230228422071
primary_regime_screened,52.5,P_44M_6,P,44M,d_all_other,33,62.5,10.0,0.08116026520117847,7.795409227026711
primary_regime_screened,52.5,P_44M_6,P,44M,d_all_other,33,72.5,20.0,0.1459794948380454,13.582457694002528
primary_regime_screened,52.5,P_44M_6,P,44M,ref_own_curve,1,62.5,10.0,-0.0015265785502538431,0.15277443644490624
primary_regime_screened,52.5,P_44M_6,P,44M,ref_own_curve,1,72.5,20.0,0.007640370684670494,0.7611257245577503
primary_regime_screened,52.5,P_44M_8,P,44M,a_same_polyol_same_iso,3,62.5,10.0,0.0018624954968184948,0.18607621283779685
primary_regime_screened,52.5,P_44M_8,P,44M,a_same_polyol_same_iso,3,72.5,20.0,-0.0004731614004256923,0.04732733589385714
primary_regime_screened,52.5,P_44M_8,P,44M,b_same_polyol_other_iso,13,62.5,10.0,-0.010663380461700789,1.072043692772778
primary_regime_screened,52.5,P_44M_8,P,44M,b_same_polyol_other_iso,13,72.5,20.0,-0.02287968823166603,2.314343594592204
primary_regime_screened,52.5,P_44M_8,P,44M,c_other_polyol_same_iso,6,62.5,10.0,0.17819381169742965,16.32197700249714
primary_regime_screened,52.5,P_44M_8,P,44M,c_other_polyol_same_iso,6,72.5,20.0,0.2985913561253559,25.813749492976967
primary_regime_screened,52.5,P_44M_8,P,44M,d_all_other,33,62.5,10.0,0.09432080115216013,9.000921068302222
primary_regime_screened,52.5,P_44M_8,P,44M,d_all_other,33,72.5,20.0,0.16291915271243865,15.034012166563096
primary_regime_screened,52.5,P_44M_8,P,44M,ref_own_curve,1,62.5,10.0,-0.0024234806536898024,0.24264196566552518
primary_regime_screened,52.5,P_44M_8,P,44M,ref_own_curve,1,72.5,20.0,-0.0019633268434311457,0.19652554315212753
primary_regime_screened,52.5,P_I_5,P,I,a_same_polyol_same_iso,1,62.5,10.0,0.002833169830401161,0.2829160192312953
primary_regime_screened,52.5,P_I_5,P,I,a_same_polyol_same_iso,1,72.5,20.0,-0.00408971225054261,0.40980865359361285
primary_regime_screened,52.5,P_I_5,P,I,b_same_polyol_other_iso,15,62.5,10.0,0.005965929104316259,0.5948168286756221
primary_regime_screened,52.5,P_I_5,P,I,b_same_polyol_other_iso,15,72.5,20.0,-0.008750726466135339,0.8789125999187772
primary_regime_screened,52.5,P_I_5,P,I,c_other_polyol_same_iso,2,62.5,10.0,0.15832746831632438,14.642978100550696
primary_regime_screened,52.5,P_I_5,P,I,c_other_polyol_same_iso,2,72.5,20.0,0.18138589099369248,16.588658027328034
primary_regime_screened,52.5,P_I_5,P,I,d_all_other,33,62.5,10.0,0.10864298746527279,10.294938134793474
primary_regime_screened,52.5,P_I_5,P,I,d_all_other,33,72.5,20.0,0.17443607165262617,16.006945211524616
primary_regime_screened,52.5,P_I_5,P,I,ref_own_curve,1,62.5,10.0,0.02065664265797995,2.044475568085349
primary_regime_screened,52.5,P_I_5,P,I,ref_own_curve,1,72.5,20.0,0.054484435806766374,5.302675238226075
primary_regime_screened,52.5,P_I_9,P,I,a_same_polyol_same_iso,1,62.5,10.0,0.01849953301941426,1.8329466987235044
primary_regime_screened,52.5,P_I_9,P,I,a_same_polyol_same_iso,1,72.5,20.0,0.05473128769557081,5.326048566714413
primary_regime_screened,52.5,P_I_9,P,I,b_same_polyol_other_iso,15,62.5,10.0,0.003808819465750346,0.38015751132844555
primary_regime_screened,52.5,P_I_9,P,I,b_same_polyol_other_iso,15,72.5,20.0,-0.008503874577330886,0.8540135231214534
primary_regime_screened,52.5,P_I_9,P,I,c_other_polyol_same_iso,2,62.5,10.0,0.1561703586777586,14.458654914704908
primary_regime_screened,52.5,P_I_9,P,I,c_other_polyol_same_iso,2,72.5,20.0,0.1816327428824969,16.609245733480076
primary_regime_screened,52.5,P_I_9,P,I,d_all_other,33,62.5,10.0,0.10704781511844752,10.151728909404985
primary_regime_screened,52.5,P_I_9,P,I,d_all_other,33,72.5,20.0,0.1765212658540238,16.181904566816534
primary_regime_screened,52.5,P_I_9,P,I,ref_own_curve,1,62.5,10.0,0.0006760601918353037,0.06758317146348256
primary_regime_screened,52.5,P_I_9,P,I,ref_own_curve,1,72.5,20.0,-0.003842860361738143,0.3850253617000349
primary_regime_screened,52.5,P_MLQ_10,P,MLQ,a_same_polyol_same_iso,3,62.5,10.0,0.022521266230426495,2.22695556686799
primary_regime_screened,52.5,P_MLQ_10,P,MLQ,a_same_polyol_same_iso,3,72.5,20.0,0.0681466087241794,6.587648711880707
primary_regime_screened,52.5,P_MLQ_10,P,MLQ,b_same_polyol_other_iso,13,62.5,10.0,-0.00912649288947398,0.9168266310605553
primary_regime_screened,52.5,P_MLQ_10,P,MLQ,b_same_polyol_other_iso,13,72.5,20.0,0.023125482356809002,2.2860137732829124
primary_regime_screened,52.5,P_MLQ_10,P,MLQ,c_other_polyol_same_iso,7,62.5,10.0,0.19044185841712935,17.340618419520162
primary_regime_screened,52.5,P_MLQ_10,P,MLQ,c_other_polyol_same_iso,7,72.5,20.0,0.3652368143287028,30.59677253717928
primary_regime_screened,52.5,P_MLQ_10,P,MLQ,d_all_other,33,62.5,10.0,0.09835811952071355,9.367572678521089
primary_regime_screened,52.5,P_MLQ_10,P,MLQ,d_all_other,33,72.5,20.0,0.21027003772894706,18.963461280732137
primary_regime_screened,52.5,P_MLQ_10,P,MLQ,ref_own_curve,1,62.5,10.0,-0.03337672830200089,3.393998033312066
primary_regime_screened,52.5,P_MLQ_10,P,MLQ,ref_own_curve,1,72.5,20.0,-0.04800656958147212,4.917754795920967
primary_regime_screened,52.5,P_MLQ_4,P,MLQ,a_same_polyol_same_iso,3,62.5,10.0,-0.034602415646458606,3.5208044448260702
primary_regime_screened,52.5,P_MLQ_4,P,MLQ,a_same_polyol_same_iso,3,72.5,20.0,-0.09679670839398069,10.163639742306001
primary_regime_screened,52.5,P_MLQ_4,P,MLQ,b_same_polyol_other_iso,13,62.5,10.0,-0.03560105630013233,3.6242361656104163
primary_regime_screened,52.5,P_MLQ_4,P,MLQ,b_same_polyol_other_iso,13,72.5,20.0,-0.07020741890276394,7.273066279701867
primary_regime_screened,52.5,P_MLQ_4,P,MLQ,c_other_polyol_same_iso,7,62.5,10.0,0.16396729500647123,15.123021956354085
primary_regime_screened,52.5,P_MLQ_4,P,MLQ,c_other_polyol_same_iso,7,72.5,20.0,0.27190391306912987,23.80725311553461
primary_regime_screened,52.5,P_MLQ_4,P,MLQ,d_all_other,33,62.5,10.0,0.069123482750304,6.678856255180131
primary_regime_screened,52.5,P_MLQ_4,P,MLQ,d_all_other,33,72.5,20.0,0.11050609777381193,10.46191296571833
primary_regime_screened,52.5,P_MLQ_4,P,MLQ,ref_own_curve,1,62.5,10.0,0.03209606368601792,3.158645176435105
primary_regime_screened,52.5,P_MLQ_4,P,MLQ,ref_own_curve,1,72.5,20.0,0.0734917767347083,7.085621364404659
primary_regime_screened,52.5,P_MLQ_6,P,MLQ,a_same_polyol_same_iso,3,62.5,10.0,0.003227307038578875,0.3222104881042885
primary_regime_screened,52.5,P_MLQ_6,P,MLQ,a_same_polyol_same_iso,3,72.5,20.0,0.005725550432259752,0.5709190706087621
primary_regime_screened,52.5,P_MLQ_6,P,MLQ,b_same_polyol_other_iso,13,62.5,10.0,-0.011916347841052888,1.1987630375085703
primary_regime_screened,52.5,P_MLQ_6,P,MLQ,b_same_polyol_other_iso,13,72.5,20.0,-0.013788406360985661,1.3883904855186842
primary_regime_screened,52.5,P_MLQ_6,P,MLQ,c_other_polyol_same_iso,7,62.5,10.0,0.18765200346555044,17.109688754170946
primary_regime_screened,52.5,P_MLQ_6,P,MLQ,c_other_polyol_same_iso,7,72.5,20.0,0.32832292561090815,27.986956640688526
primary_regime_screened,52.5,P_MLQ_6,P,MLQ,d_all_other,33,62.5,10.0,0.09414425780092195,8.984854367755185
primary_regime_screened,52.5,P_MLQ_6,P,MLQ,d_all_other,33,72.5,20.0,0.17126185589237197,15.739909543062474
primary_regime_screened,52.5,P_MLQ_6,P,MLQ,ref_own_curve,1,62.5,10.0,0.013345729467222345,1.3257070066091592
primary_regime_screened,52.5,P_MLQ_6,P,MLQ,ref_own_curve,1,72.5,20.0,-0.00839894957690368,0.8434319708538508
primary_regime_screened,52.5,P_MLQ_8,P,MLQ,a_same_polyol_same_iso,3,62.5,10.0,0.007252874609016802,0.7226635987435867
primary_regime_screened,52.5,P_MLQ_8,P,MLQ,a_same_polyol_same_iso,3,72.5,20.0,0.02404329683538231,2.3756559408685
primary_regime_screened,52.5,P_MLQ_8,P,MLQ,b_same_polyol_other_iso,13,62.5,10.0,-0.015650112684942985,1.5773217059164821
primary_regime_screened,52.5,P_MLQ_8,P,MLQ,b_same_polyol_other_iso,13,72.5,20.0,-0.0019422366590239326,0.19441240223480455
primary_regime_screened,52.5,P_MLQ_8,P,MLQ,c_other_polyol_same_iso,7,62.5,10.0,0.18391823862166035,16.79961731745281
primary_regime_screened,52.5,P_MLQ_8,P,MLQ,c_other_polyol_same_iso,7,72.5,20.0,0.3401690953128698,28.83500240874784
primary_regime_screened,52.5,P_MLQ_8,P,MLQ,d_all_other,33,62.5,10.0,0.09105365703250767,8.703127760742731
primary_regime_screened,52.5,P_MLQ_8,P,MLQ,d_all_other,33,72.5,20.0,0.18351381635706265,16.765962425337808
primary_regime_screened,52.5,P_MLQ_8,P,MLQ,ref_own_curve,1,62.5,10.0,-0.0136660326196556,1.3759839679790047
primary_regime_screened,52.5,P_MLQ_8,P,MLQ,ref_own_curve,1,72.5,20.0,-0.015967509978435213,1.6095671899501056
primary_regime_screened,52.5,P_TD80_10,P,TD80,a_same_polyol_same_iso,2,62.5,10.0,0.007303686716891994,0.7277079613119363
primary_regime_screened,52.5,P_TD80_10,P,TD80,a_same_polyol_same_iso,2,72.5,20.0,0.02115187912138572,2.09297470531423
primary_regime_screened,52.5,P_TD80_10,P,TD80,b_same_polyol_other_iso,14,62.5,10.0,0.007418764152397506,0.7391313047993596
primary_regime_screened,52.5,P_TD80_10,P,TD80,b_same_polyol_other_iso,14,72.5,20.0,0.021896271218352165,2.1658288018100995
primary_regime_screened,52.5,P_TD80_10,P,TD80,c_other_polyol_same_iso,1,62.5,10.0,0.17539707074924557,16.08762368911759
primary_regime_screened,52.5,P_TD80_10,P,TD80,c_other_polyol_same_iso,1,72.5,20.0,0.353929837293817,29.807578546985685
primary_regime_screened,52.5,P_TD80_10,P,TD80,d_all_other,33,62.5,10.0,0.10998878455671207,10.415581747018996
primary_regime_screened,52.5,P_TD80_10,P,TD80,d_all_other,33,72.5,20.0,0.2036935959164223,18.42877295290462
primary_regime_screened,52.5,P_TD80_10,P,TD80,ref_own_curve,1,62.5,10.0,0.012307796835388268,1.2232365684817157
primary_regime_screened,52.5,P_TD80_10,P,TD80,ref_own_curve,1,72.5,20.0,0.050229220119006185,4.8988591433398465
primary_regime_screened,52.5,P_TD80_4,P,TD80,a_same_polyol_same_iso,2,62.5,10.0,-0.0112862070060471,1.1350136521214849
primary_regime_screened,52.5,P_TD80_4,P,TD80,a_same_polyol_same_iso,2,72.5,20.0,-0.025499303378891724,2.5827191657320463
primary_regime_screened,52.5,P_TD80_4,P,TD80,b_same_polyol_other_iso,14,62.5,10.0,-0.013201490641264746,1.3289015045622488
primary_regime_screened,52.5,P_TD80_4,P,TD80,b_same_polyol_other_iso,14,72.5,20.0,-0.04243513921607878,4.334838178504292
primary_regime_screened,52.5,P_TD80_4,P,TD80,c_other_polyol_same_iso,1,62.5,10.0,0.15477681595558335,14.33936629822904
primary_regime_screened,52.5,P_TD80_4,P,TD80,c_other_polyol_same_iso,1,72.5,20.0,0.2895984268593861,25.143588952965768
primary_regime_screened,52.5,P_TD80_4,P,TD80,d_all_other,33,62.5,10.0,0.08953155216994735,8.56405853544845
primary_regime_screened,52.5,P_TD80_4,P,TD80,d_all_other,33,72.5,20.0,0.14055046600782917,13.11201850692244
primary_regime_screened,52.5,P_TD80_4,P,TD80,ref_own_curve,1,62.5,10.0,-0.012373180099719328,1.24500445848344
primary_regime_screened,52.5,P_TD80_4,P,TD80,ref_own_curve,1,72.5,20.0,-0.04946264618372842,5.070634359007209
primary_regime_screened,52.5,P_TD80_7,P,TD80,a_same_polyol_same_iso,2,62.5,10.0,0.005512726489315778,0.5497559296304
primary_regime_screened,52.5,P_TD80_7,P,TD80,a_same_polyol_same_iso,2,72.5,20.0,-0.019698761873733678,1.989406277080781
primary_regime_screened,52.5,P_TD80_7,P,TD80,b_same_polyol_other_iso,14,62.5,10.0,0.002654054877048173,0.26505359872003104
primary_regime_screened,52.5,P_TD80_7,P,TD80,b_same_polyol_other_iso,14,72.5,20.0,-0.030351482840233868,3.08167846985737
primary_regime_screened,52.5,P_TD80_7,P,TD80,c_other_polyol_same_iso,1,62.5,10.0,0.17063236147389615,15.68685158832846
primary_regime_screened,52.5,P_TD80_7,P,TD80,c_other_polyol_same_iso,1,72.5,20.0,0.30168208323523094,26.042684977800374
primary_regime_screened,52.5,P_TD80_7,P,TD80,d_all_other,33,62.5,10.0,0.10541675176027376,10.005061106910476
primary_regime_screened,52.5,P_TD80_7,P,TD80,d_all_other,33,72.5,20.0,0.15217281904922098,14.116015597013106
primary_regime_screened,52.5,P_TD80_7,P,TD80,ref_own_curve,1,62.5,10.0,0.0015955894644946733,0.15943171883918172
primary_regime_screened,52.5,P_TD80_7,P,TD80,ref_own_curve,1,72.5,20.0,-0.024812760066507844,2.512315856148676
primary_regime_screened,52.5,P_TDS_4,P,TDS,a_same_polyol_same_iso,1,62.5,10.0,-0.02878843690831756,2.9206829261622884
primary_regime_screened,52.5,P_TDS_4,P,TDS,a_same_polyol_same_iso,1,72.5,20.0,-0.07234066149440432,7.5021500123386184
primary_regime_screened,52.5,P_TDS_4,P,TDS,b_same_polyol_other_iso,15,62.5,10.0,-0.021548059012965526,2.1781894986751156
primary_regime_screened,52.5,P_TDS_4,P,TDS,b_same_polyol_other_iso,15,72.5,20.0,-0.05152754571755458,5.287818817788352
primary_regime_screened,52.5,P_TDS_4,P,TDS,d_all_other,33,62.5,10.0,0.08098835506389501,7.779556960625158
primary_regime_screened,52.5,P_TDS_4,P,TDS,d_all_other,33,72.5,20.0,0.12940026281677253,12.137778464877785
primary_regime_screened,52.5,P_TDS_4,P,TDS,ref_own_curve,1,62.5,10.0,-0.004877851210409956,0.488976729370761
primary_regime_screened,52.5,P_TDS_4,P,TDS,ref_own_curve,1,72.5,20.0,-0.016554172081539087,1.6691951613585991
primary_regime_screened,52.5,P_TDS_7,P,TDS,a_same_polyol_same_iso,1,62.5,10.0,0.013259347251209697,1.3171829343580839
primary_regime_screened,52.5,P_TDS_7,P,TDS,a_same_polyol_same_iso,1,72.5,20.0,0.03473994221778809,3.4143437884587784
primary_regime_screened,52.5,P_TDS_7,P,TDS,b_same_polyol_other_iso,15,62.5,10.0,-0.0034108605513457624,0.3416684155480912
primary_regime_screened,52.5,P_TDS_7,P,TDS,b_same_polyol_other_iso,15,72.5,20.0,-0.00023343141822740332,0.023345866546099006
primary_regime_screened,52.5,P_TDS_7,P,TDS,d_all_other,33,62.5,10.0,0.09984317431044132,9.50206690845167
primary_regime_screened,52.5,P_TDS_7,P,TDS,d_all_other,33,72.5,20.0,0.18236396333401697,16.67020047007648
primary_regime_screened,52.5,P_TDS_7,P,TDS,ref_own_curve,1,62.5,10.0,-0.010651238446697686,1.0708164819522874
primary_regime_screened,52.5,P_TDS_7,P,TDS,ref_own_curve,1,72.5,20.0,-0.021046547195077148,2.1269587765911444
primary_regime_screened,52.5,P_W_5,P,W,a_same_polyol_same_iso,1,62.5,10.0,-0.0013148828937741275,0.13157477312981147
primary_regime_screened,52.5,P_W_5,P,W,a_same_polyol_same_iso,1,72.5,20.0,-0.020874993599368508,2.1094400323389824
primary_regime_screened,52.5,P_W_5,P,W,b_same_polyol_other_iso,15,62.5,10.0,0.06267095420515556,6.074752007343926
primary_regime_screened,52.5,P_W_5,P,W,b_same_polyol_other_iso,15,72.5,20.0,0.10475770751533808,9.94573091189531
primary_regime_screened,52.5,P_W_5,P,W,c_other_polyol_same_iso,1,62.5,10.0,0.27926167364109344,24.365803743700432
primary_regime_screened,52.5,P_W_5,P,W,c_other_polyol_same_iso,1,72.5,20.0,0.5081516496108208,39.83934685523562
primary_regime_screened,52.5,P_W_5,P,W,d_all_other,33,62.5,10.0,0.1593024260340331,14.726157033252246
primary_regime_screened,52.5,P_W_5,P,W,d_all_other,33,72.5,20.0,0.2746282714174053,24.014546962013295
primary_regime_screened,52.5,P_W_5,P,W,ref_own_curve,1,62.5,10.0,0.0003448941459965327,0.03448346768476116
primary_regime_screened,52.5,P_W_5,P,W,ref_own_curve,1,72.5,20.0,-0.008512212616835657,0.8548544513762657
primary_regime_screened,52.5,P_W_9,P,W,a_same_polyol_same_iso,1,62.5,10.0,-0.011139864309104464,1.1202143643785558
primary_regime_screened,52.5,P_W_9,P,W,a_same_polyol_same_iso,1,72.5,20.0,-0.030362837840808954,3.0828489690211733
primary_regime_screened,52.5,P_W_9,P,W,b_same_polyol_other_iso,15,62.5,10.0,0.051186195750054564,4.98982508458782
primary_regime_screened,52.5,P_W_9,P,W,b_same_polyol_other_iso,15,72.5,20.0,0.0829070822913649,7.956333188699475
primary_regime_screened,52.5,P_W_9,P,W,c_other_polyol_same_iso,1,62.5,10.0,0.26777691518599245,23.49215605521209
primary_regime_screened,52.5,P_W_9,P,W,c_other_polyol_same_iso,1,72.5,20.0,0.48630102438684775,38.51033194451466
primary_regime_screened,52.5,P_W_9,P,W,d_all_other,33,62.5,10.0,0.1478809782734043,13.746623090866844
primary_regime_screened,52.5,P_W_9,P,W,d_all_other,33,72.5,20.0,0.25319028186141423,22.36798518741767
primary_regime_screened,52.5,P_W_9,P,W,ref_own_curve,1,62.5,10.0,-0.012799641348875124,1.288190737538324
primary_regime_screened,52.5,P_W_9,P,W,ref_own_curve,1,72.5,20.0,-0.04272561882334169,4.365149723551938
primary_regime_screened,55.0,C_44M_10,C,44M,a_same_polyol_same_iso,2,65.0,10.0,0.02705259764072787,2.6689953634159265
primary_regime_screened,55.0,C_44M_10,C,44M,a_same_polyol_same_iso,2,75.0,20.0,0.03310206469912558,3.2560186903593586
primary_regime_screened,55.0,C_44M_10,C,44M,b_same_polyol_other_iso,3,65.0,10.0,0.005927371410750171,0.5909839201904408
primary_regime_screened,55.0,C_44M_10,C,44M,b_same_polyol_other_iso,3,75.0,20.0,-0.017389679163136718,1.7541759899947464
primary_regime_screened,55.0,C_44M_10,C,44M,c_other_polyol_same_iso,7,65.0,10.0,-0.10951397138513475,11.573565919885596
primary_regime_screened,55.0,C_44M_10,C,44M,c_other_polyol_same_iso,7,75.0,20.0,-0.228137665402935,25.62582568278526
primary_regime_screened,55.0,C_44M_10,C,44M,d_all_other,34,65.0,10.0,-0.09850139580949957,10.351594469135495
primary_regime_screened,55.0,C_44M_10,C,44M,d_all_other,34,75.0,20.0,-0.20559479274999215,22.82554051512443
primary_regime_screened,55.0,C_44M_10,C,44M,ref_own_curve,1,65.0,10.0,-0.025894006782536394,2.623216905914066
primary_regime_screened,55.0,C_44M_10,C,44M,ref_own_curve,1,75.0,20.0,-0.0651731506762343,6.73438196891686
primary_regime_screened,55.0,C_44M_6,C,44M,a_same_polyol_same_iso,2,65.0,10.0,-0.07452219208601196,7.736925232807515
primary_regime_screened,55.0,C_44M_6,C,44M,a_same_polyol_same_iso,2,75.0,20.0,-0.16689130984380807,18.162582723278835
primary_regime_screened,55.0,C_44M_6,C,44M,b_same_polyol_other_iso,3,65.0,10.0,-0.059091219533769834,6.087200857654527
primary_regime_screened,55.0,C_44M_6,C,44M,b_same_polyol_other_iso,3,75.0,20.0,-0.14400311627266715,15.488770746430239
primary_regime_screened,55.0,C_44M_6,C,44M,c_other_polyol_same_iso,7,65.0,10.0,-0.17453256232965408,19.068951337822444
primary_regime_screened,55.0,C_44M_6,C,44M,c_other_polyol_same_iso,7,75.0,20.0,-0.3547511025124659,42.58257256721116
primary_regime_screened,55.0,C_44M_6,C,44M,d_all_other,34,65.0,10.0,-0.16574606828795124,18.027335483358783
primary_regime_screened,55.0,C_44M_6,C,44M,d_all_other,34,75.0,20.0,-0.3367206301202854,40.034779409180906
primary_regime_screened,55.0,C_44M_6,C,44M,ref_own_curve,1,65.0,10.0,-0.017800200162617408,1.7959567913848986
primary_regime_screened,55.0,C_44M_6,C,44M,ref_own_curve,1,75.0,20.0,-0.045026712918960765,4.605580273938502
primary_regime_screened,55.0,C_44M_8,C,44M,a_same_polyol_same_iso,2,65.0,10.0,-0.009206927398172748,0.9249441528901272
primary_regime_screened,55.0,C_44M_8,C,44M,a_same_polyol_same_iso,2,75.0,20.0,-0.03778434450757029,3.850724893552103
primary_regime_screened,55.0,C_44M_8,C,44M,b_same_polyol_other_iso,3,65.0,10.0,-0.01394174798711001,1.4039387382525763
primary_regime_screened,55.0,C_44M_8,C,44M,b_same_polyol_other_iso,3,75.0,20.0,-0.06338081042788701,6.543248979074369
primary_regime_screened,55.0,C_44M_8,C,44M,c_other_polyol_same_iso,7,65.0,10.0,-0.1293830907829947,13.812604625974046
primary_regime_screened,55.0,C_44M_8,C,44M,c_other_polyol_same_iso,7,75.0,20.0,-0.27412879666768486,31.53842084317851
primary_regime_screened,55.0,C_44M_8,C,44M,d_all_other,34,65.0,10.0,-0.11936513946105576,12.67812754900692
primary_regime_screened,55.0,C_44M_8,C,44M,d_all_other,34,75.0,20.0,-0.25312597667841885,28.804553031189972
primary_regime_screened,55.0,C_44M_8,C,44M,ref_own_curve,1,65.0,10.0,-0.012982314898308811,1.30669510093348
primary_regime_screened,55.0,C_44M_8,C,44M,ref_own_curve,1,75.0,20.0,-0.06137372605707281,6.329622144487447
primary_regime_screened,55.0,C_MLQ_10,C,MLQ,a_same_polyol_same_iso,2,65.0,10.0,0.026645593744331286,2.6293732026486922
primary_regime_screened,55.0,C_MLQ_10,C,MLQ,a_same_polyol_same_iso,2,75.0,20.0,0.0005127756889682367,0.05126442419832043
primary_regime_screened,55.0,C_MLQ_10,C,MLQ,b_same_polyol_other_iso,3,65.0,10.0,0.018359581931252755,1.8192071513825074
primary_regime_screened,55.0,C_MLQ_10,C,MLQ,b_same_polyol_other_iso,3,75.0,20.0,0.0007551559223386572,0.07548708638641827
primary_regime_screened,55.0,C_MLQ_10,C,MLQ,c_other_polyol_same_iso,8,65.0,10.0,-0.08774224756611715,9.170669570269178
primary_regime_screened,55.0,C_MLQ_10,C,MLQ,c_other_polyol_same_iso,8,75.0,20.0,-0.2111999162296221,23.51592587625382
primary_regime_screened,55.0,C_MLQ_10,C,MLQ,d_all_other,34,65.0,10.0,-0.08979732042464872,9.395253939830875
primary_regime_screened,55.0,C_MLQ_10,C,MLQ,d_all_other,34,75.0,20.0,-0.20557910544109625,22.82361372804316
primary_regime_screened,55.0,C_MLQ_10,C,MLQ,ref_own_curve,1,65.0,10.0,-0.008641515961600899,0.8678961645430366
primary_regime_screened,55.0,C_MLQ_10,C,MLQ,ref_own_curve,1,75.0,20.0,-0.05196009982241767,5.333371347266623
primary_regime_screened,55.0,C_MLQ_6,C,MLQ,a_same_polyol_same_iso,2,65.0,10.0,-0.057393164990162227,5.907211863032823
primary_regime_screened,55.0,C_MLQ_6,C,MLQ,a_same_polyol_same_iso,2,75.0,20.0,-0.1334050469988357,14.271275697781203
primary_regime_screened,55.0,C_MLQ_6,C,MLQ,b_same_polyol_other_iso,3,65.0,10.0,-0.04029074010646383,4.111342362171736
primary_regime_screened,55.0,C_MLQ_6,C,MLQ,b_same_polyol_other_iso,3,75.0,20.0,-0.09870342080837657,10.373890501986372
primary_regime_screened,55.0,C_MLQ_6,C,MLQ,c_other_polyol_same_iso,8,65.0,10.0,-0.1463925696038335,15.765055727983581
primary_regime_screened,55.0,C_MLQ_6,C,MLQ,c_other_polyol_same_iso,8,75.0,20.0,-0.31065849296033754,36.43232156360878
primary_regime_screened,55.0,C_MLQ_6,C,MLQ,d_all_other,34,65.0,10.0,-0.14998652077489938,16.18185822085419
primary_regime_screened,55.0,C_MLQ_6,C,MLQ,d_all_other,34,75.0,20.0,-0.3071755722110292,35.95796515237652
primary_regime_screened,55.0,C_MLQ_6,C,MLQ,ref_own_curve,1,65.0,10.0,-0.016514964605764515,1.6652090469955416
primary_regime_screened,55.0,C_MLQ_6,C,MLQ,ref_own_curve,1,75.0,20.0,-0.08250018463895614,8.59988739567365
primary_regime_screened,55.0,C_MLQ_8,C,MLQ,a_same_polyol_same_iso,2,65.0,10.0,-0.02065616135588888,2.087097639203425
primary_regime_screened,55.0,C_MLQ_8,C,MLQ,a_same_polyol_same_iso,2,75.0,20.0,-0.0707955990314848,7.336180725146299
primary_regime_screened,55.0,C_MLQ_8,C,MLQ,b_same_polyol_other_iso,3,65.0,10.0,-0.019043500159817928,1.9225984146300672
primary_regime_screened,55.0,C_MLQ_8,C,MLQ,b_same_polyol_other_iso,3,75.0,20.0,-0.05253958924383406,5.394428610995077
primary_regime_screened,55.0,C_MLQ_8,C,MLQ,c_other_polyol_same_iso,8,65.0,10.0,-0.1251453296571876,13.331314511008241
primary_regime_screened,55.0,C_MLQ_8,C,MLQ,c_other_polyol_same_iso,8,75.0,20.0,-0.264494661395795,30.277246818705837
primary_regime_screened,55.0,C_MLQ_8,C,MLQ,d_all_other,34,65.0,10.0,-0.1278023764008056,13.632841519461833
primary_regime_screened,55.0,C_MLQ_8,C,MLQ,d_all_other,34,75.0,20.0,-0.259983696246596,29.690894200982566
primary_regime_screened,55.0,C_MLQ_8,C,MLQ,ref_own_curve,1,65.0,10.0,-0.026247252034369062,2.659474473543654
primary_regime_screened,55.0,C_MLQ_8,C,MLQ,ref_own_curve,1,75.0,20.0,-0.06922758588001665,7.168008065068955
primary_regime_screened,55.0,D_44M_10,D,44M,a_same_polyol_same_iso,2,65.0,10.0,0.03595898798272118,3.532014386122618
primary_regime_screened,55.0,D_44M_10,D,44M,a_same_polyol_same_iso,2,75.0,20.0,0.026367694200808797,2.6023101896839043
primary_regime_screened,55.0,D_44M_10,D,44M,b_same_polyol_other_iso,9,65.0,10.0,0.055348073969350764,5.384424155961259
primary_regime_screened,55.0,D_44M_10,D,44M,b_same_polyol_other_iso,9,75.0,20.0,0.11081860908045484,10.489890258453869
primary_regime_screened,55.0,D_44M_10,D,44M,c_other_polyol_same_iso,7,65.0,10.0,-0.03165874414947906,3.216521278002927
primary_regime_screened,55.0,D_44M_10,D,44M,c_other_polyol_same_iso,7,75.0,20.0,-0.03258907464306904,3.3125914367600617
primary_regime_screened,55.0,D_44M_10,D,44M,d_all_other,34,65.0,10.0,-0.03995084953684386,4.075961911793686
primary_regime_screened,55.0,D_44M_10,D,44M,d_all_other,34,75.0,20.0,-0.06401089561586938,6.610401455804393
primary_regime_screened,55.0,D_44M_10,D,44M,ref_own_curve,1,65.0,10.0,-0.01825951320905045,1.8427237419263827
primary_regime_screened,55.0,D_44M_10,D,44M,ref_own_curve,1,75.0,20.0,-0.03908662542880946,3.9860558115480713
primary_regime_screened,55.0,D_44M_4,D,44M,a_same_polyol_same_iso,2,65.0,10.0,-0.12008832276698911,12.759643961895954
primary_regime_screened,55.0,D_44M_4,D,44M,a_same_polyol_same_iso,2,75.0,20.0,-0.27783990158522354,32.02748063843075
primary_regime_screened,55.0,D_44M_4,D,44M,b_same_polyol_other_iso,9,65.0,10.0,-0.05888513152419428,6.065339810315571
primary_regime_screened,55.0,D_44M_4,D,44M,b_same_polyol_other_iso,9,75.0,20.0,-0.14773681843514908,15.920777409748313
primary_regime_screened,55.0,D_44M_4,D,44M,c_other_polyol_same_iso,7,65.0,10.0,-0.14589194964302354,15.707115934440536
primary_regime_screened,55.0,D_44M_4,D,44M,c_other_polyol_same_iso,7,75.0,20.0,-0.2911445021586734,33.795790778773224
primary_regime_screened,55.0,D_44M_4,D,44M,d_all_other,34,65.0,10.0,-0.1567137421026641,16.96607413488291
primary_regime_screened,55.0,D_44M_4,D,44M,d_all_other,34,75.0,20.0,-0.3254174021350358,38.46084639101682
primary_regime_screened,55.0,D_44M_4,D,44M,ref_own_curve,1,65.0,10.0,-0.04886450819026367,5.00780641236377
primary_regime_screened,55.0,D_44M_4,D,44M,ref_own_curve,1,75.0,20.0,-0.20633771640355913,22.916824418722285
primary_regime_screened,55.0,D_44M_8,D,44M,a_same_polyol_same_iso,2,65.0,10.0,-0.004176145677989185,0.4184877925832596
primary_regime_screened,55.0,D_44M_8,D,44M,a_same_polyol_same_iso,2,75.0,20.0,-0.06425032291134514,6.635929951881975
primary_regime_screened,55.0,D_44M_8,D,44M,b_same_polyol_other_iso,9,65.0,10.0,0.027617336244241564,2.7239464211007256
primary_regime_screened,55.0,D_44M_8,D,44M,b_same_polyol_other_iso,9,75.0,20.0,0.04000274332747844,3.921319660413084
primary_regime_screened,55.0,D_44M_8,D,44M,c_other_polyol_same_iso,7,65.0,10.0,-0.059389481874588146,6.118847393763556
primary_regime_screened,55.0,D_44M_8,D,44M,c_other_polyol_same_iso,7,75.0,20.0,-0.10340494039604542,10.894037292187523
primary_regime_screened,55.0,D_44M_8,D,44M,d_all_other,34,65.0,10.0,-0.0684347433396646,7.083074383277296
primary_regime_screened,55.0,D_44M_8,D,44M,d_all_other,34,75.0,20.0,-0.13605029485423925,14.573951694777163
primary_regime_screened,55.0,D_44M_8,D,44M,ref_own_curve,1,65.0,10.0,-0.021181459062950436,2.1407378448189296
primary_regime_screened,55.0,D_44M_8,D,44M,ref_own_curve,1,75.0,20.0,-0.07029818846341229,7.282803850728314
primary_regime_screened,55.0,D_I_5,D,I,a_same_polyol_same_iso,1,65.0,10.0,-0.07094128650058451,7.351819400810854
primary_regime_screened,55.0,D_I_5,D,I,a_same_polyol_same_iso,1,75.0,20.0,-0.1505835643608624,16.25124456538506
primary_regime_screened,55.0,D_I_5,D,I,b_same_polyol_other_iso,10,65.0,10.0,-0.04257813716903436,4.349758913577631
primary_regime_screened,55.0,D_I_5,D,I,b_same_polyol_other_iso,10,75.0,20.0,-0.10458853555316217,11.02536864392381
primary_regime_screened,55.0,D_I_5,D,I,c_other_polyol_same_iso,2,65.0,10.0,-0.2102250582111267,23.39557405800035
primary_regime_screened,55.0,D_I_5,D,I,c_other_polyol_same_iso,2,75.0,20.0,-0.3785032047478567,46.00974860348007
primary_regime_screened,55.0,D_I_5,D,I,d_all_other,34,65.0,10.0,-0.12516122567050503,13.333116041411527
primary_regime_screened,55.0,D_I_5,D,I,d_all_other,34,75.0,20.0,-0.24498882444022874,27.760703515131862
primary_regime_screened,55.0,D_I_5,D,I,ref_own_curve,1,65.0,10.0,0.07219260305274111,6.9648310021648205
primary_regime_screened,55.0,D_I_5,D,I,ref_own_curve,1,75.0,20.0,0.11381984158589553,10.75812818583858
primary_regime_screened,55.0,D_I_9,D,I,a_same_polyol_same_iso,1,65.0,10.0,0.13101467907793546,12.279510226252418
primary_regime_screened,55.0,D_I_9,D,I,a_same_polyol_same_iso,1,75.0,20.0,0.23678058928033507,21.08355798432479
primary_regime_screened,55.0,D_I_9,D,I,b_same_polyol_other_iso,10,65.0,10.0,0.016243938856159712,1.6112717559043848
primary_regime_screened,55.0,D_I_9,D,I,b_same_polyol_other_iso,10,75.0,20.0,0.018372212141277433,1.8204471875855994
primary_regime_screened,55.0,D_I_9,D,I,c_other_polyol_same_iso,2,65.0,10.0,-0.1514029821859325,16.346541946222544
primary_regime_screened,55.0,D_I_9,D,I,c_other_polyol_same_iso,2,75.0,20.0,-0.25554245705341727,29.116183078102814
primary_regime_screened,55.0,D_I_9,D,I,d_all_other,34,65.0,10.0,-0.06221672349817353,6.419295535777661
primary_regime_screened,55.0,D_I_9,D,I,d_all_other,34,75.0,20.0,-0.11455621633207642,12.137567891961611
primary_regime_screened,55.0,D_I_9,D,I,ref_own_curve,1,65.0,10.0,-0.01211921047539033,1.2192945676397828
primary_regime_screened,55.0,D_I_9,D,I,ref_own_curve,1,75.0,20.0,-0.02762281666642287,2.800786385326385
primary_regime_screened,55.0,D_MLQ_10,D,MLQ,a_same_polyol_same_iso,3,65.0,10.0,0.07170739352472605,6.919678498399906
primary_regime_screened,55.0,D_MLQ_10,D,MLQ,a_same_polyol_same_iso,3,75.0,20.0,0.13211904896138643,12.376332619611828
primary_regime_screened,55.0,D_MLQ_10,D,MLQ,b_same_polyol_other_iso,8,65.0,10.0,0.06319896566431621,6.124332523896204
primary_regime_screened,55.0,D_MLQ_10,D,MLQ,b_same_polyol_other_iso,8,75.0,20.0,0.12911868884292538,12.113035266652254
primary_regime_screened,55.0,D_MLQ_10,D,MLQ,c_other_polyol_same_iso,7,65.0,10.0,-0.02571407269239112,2.6047531519315226
primary_regime_screened,55.0,D_MLQ_10,D,MLQ,c_other_polyol_same_iso,7,75.0,20.0,-0.03071501444826888,3.119158730407391
primary_regime_screened,55.0,D_MLQ_10,D,MLQ,d_all_other,34,65.0,10.0,-0.024639622654573312,2.494568675484725
primary_regime_screened,55.0,D_MLQ_10,D,MLQ,d_all_other,34,75.0,20.0,-0.025724719757464445,2.605845597230821
primary_regime_screened,55.0,D_MLQ_10,D,MLQ,ref_own_curve,1,65.0,10.0,0.008786060551780106,0.8747575913698135
primary_regime_screened,55.0,D_MLQ_10,D,MLQ,ref_own_curve,1,75.0,20.0,0.021742098947585914,2.1507443227036207
primary_regime_screened,55.0,D_MLQ_4,D,MLQ,a_same_polyol_same_iso,3,65.0,10.0,-0.055359016500412306,5.691999828793199
primary_regime_screened,55.0,D_MLQ_4,D,MLQ,a_same_polyol_same_iso,3,75.0,20.0,-0.12004939698767769,12.755254790306378
primary_regime_screened,55.0,D_MLQ_4,D,MLQ,b_same_polyol_other_iso,8,65.0,10.0,-0.029489073291638412,2.992818168553376
primary_regime_screened,55.0,D_MLQ_4,D,MLQ,b_same_polyol_other_iso,8,75.0,20.0,-0.058736762456240044,6.049604162076264
primary_regime_screened,55.0,D_MLQ_4,D,MLQ,c_other_polyol_same_iso,7,65.0,10.0,-0.1184021116483458,12.569667611643617
primary_regime_screened,55.0,D_MLQ_4,D,MLQ,c_other_polyol_same_iso,7,75.0,20.0,-0.21857046574743455,24.429669383457142
primary_regime_screened,55.0,D_MLQ_4,D,MLQ,d_all_other,34,65.0,10.0,-0.12046480727125308,12.80210421286567
primary_regime_screened,55.0,D_MLQ_4,D,MLQ,d_all_other,34,75.0,20.0,-0.2195204832559292,24.547935916691287
primary_regime_screened,55.0,D_MLQ_4,D,MLQ,ref_own_curve,1,65.0,10.0,0.019233134803377183,1.904935815251008
primary_regime_screened,55.0,D_MLQ_4,D,MLQ,ref_own_curve,1,75.0,20.0,0.026825631598121014,2.6469020233464717
primary_regime_screened,55.0,D_MLQ_6,D,MLQ,a_same_polyol_same_iso,3,65.0,10.0,-0.02954276728705585,2.9983484129292766
primary_regime_screened,55.0,D_MLQ_6,D,MLQ,a_same_polyol_same_iso,3,75.0,20.0,-0.0807005157627918,8.404619320014824
primary_regime_screened,55.0,D_MLQ_6,D,MLQ,b_same_polyol_other_iso,8,65.0,10.0,-0.014621991981779603,1.4729416253540795
primary_regime_screened,55.0,D_MLQ_6,D,MLQ,b_same_polyol_other_iso,8,75.0,20.0,-0.04121371453514877,4.207478827833078
primary_regime_screened,55.0,D_MLQ_6,D,MLQ,c_other_polyol_same_iso,7,65.0,10.0,-0.10353503033848677,10.908464429508337
primary_regime_screened,55.0,D_MLQ_6,D,MLQ,c_other_polyol_same_iso,7,75.0,20.0,-0.20104741782634306,22.26827474069674
primary_regime_screened,55.0,D_MLQ_6,D,MLQ,d_all_other,34,65.0,10.0,-0.10459770439279814,11.026386622391266
primary_regime_screened,55.0,D_MLQ_6,D,MLQ,d_all_other,34,75.0,20.0,-0.1999839483546264,22.138315279358714
primary_regime_screened,55.0,D_MLQ_6,D,MLQ,ref_own_curve,1,65.0,10.0,0.0012527124027454928,0.12519280861054108
primary_regime_screened,55.0,D_MLQ_6,D,MLQ,ref_own_curve,1,75.0,20.0,-0.02112882039216779,2.13536143365083
primary_regime_screened,55.0,D_MLQ_8,D,MLQ,a_same_polyol_same_iso,3,65.0,10.0,0.025497255470174895,2.5174945601494256
primary_regime_screened,55.0,D_MLQ_8,D,MLQ,a_same_polyol_same_iso,3,75.0,20.0,0.04305468242722843,4.2140989420716135
primary_regime_screened,55.0,D_MLQ_8,D,MLQ,b_same_polyol_other_iso,8,65.0,10.0,0.022102586347834352,2.1860113894504547
primary_regime_screened,55.0,D_MLQ_8,D,MLQ,b_same_polyol_other_iso,8,75.0,20.0,0.043631116326546926,4.2692972718955
primary_regime_screened,55.0,D_MLQ_8,D,MLQ,c_other_polyol_same_iso,7,65.0,10.0,-0.06681045200887303,6.909281457263717
primary_regime_screened,55.0,D_MLQ_8,D,MLQ,c_other_polyol_same_iso,7,75.0,20.0,-0.11620258696464736,12.322339950456332
primary_regime_screened,55.0,D_MLQ_8,D,MLQ,d_all_other,34,65.0,10.0,-0.06619876049760376,6.843905954178994
primary_regime_screened,55.0,D_MLQ_8,D,MLQ,d_all_other,34,75.0,20.0,-0.11155368536522459,11.801376337164832
primary_regime_screened,55.0,D_MLQ_8,D,MLQ,ref_own_curve,1,65.0,10.0,-0.016969042550489366,1.7113834587672425
primary_regime_screened,55.0,D_MLQ_8,D,MLQ,ref_own_curve,1,75.0,20.0,-0.053015091515443924,5.4445558180705556
primary_regime_screened,55.0,D_TD80_10,D,TD80,b_same_polyol_other_iso,11,65.0,10.0,0.04985914407030101,4.863657975751505
primary_regime_screened,55.0,D_TD80_10,D,TD80,b_same_polyol_other_iso,11,75.0,20.0,0.06448139024932148,6.244643826226565
primary_regime_screened,55.0,D_TD80_10,D,TD80,c_other_polyol_same_iso,3,65.0,10.0,-0.13393422932051868,14.331762039496482
primary_regime_screened,55.0,D_TD80_10,D,TD80,c_other_polyol_same_iso,3,75.0,20.0,-0.25195080174930795,28.65327405675155
primary_regime_screened,55.0,D_TD80_10,D,TD80,d_all_other,34,65.0,10.0,-0.037914512071085316,3.864243769221231
primary_regime_screened,55.0,D_TD80_10,D,TD80,d_all_other,34,75.0,20.0,-0.084041589400563,8.767412858319172
primary_regime_screened,55.0,D_TD80_10,D,TD80,ref_own_curve,1,65.0,10.0,0.03159447807899482,3.110058762586693
primary_regime_screened,55.0,D_TD80_10,D,TD80,ref_own_curve,1,75.0,20.0,0.07054504792161842,6.81142409363905
primary_regime_screened,55.0,D_W_5,D,W,a_same_polyol_same_iso,1,65.0,10.0,-0.028913533385188872,2.9335587463366197
primary_regime_screened,55.0,D_W_5,D,W,a_same_polyol_same_iso,1,75.0,20.0,-0.03465958204534658,3.5267225255822385
primary_regime_screened,55.0,D_W_5,D,W,b_same_polyol_other_iso,10,65.0,10.0,-0.03598744626503558,3.6642832669863767
primary_regime_screened,55.0,D_W_5,D,W,b_same_polyol_other_iso,10,75.0,20.0,-0.09680594643458074,10.164657443183364
primary_regime_screened,55.0,D_W_5,D,W,c_other_polyol_same_iso,2,65.0,10.0,-0.26705723770414025,30.61152032267528
primary_regime_screened,55.0,D_W_5,D,W,c_other_polyol_same_iso,2,75.0,20.0,-0.5022452158680708,65.24271645682065
primary_regime_screened,55.0,D_W_5,D,W,d_all_other,34,65.0,10.0,-0.11807670476308707,12.533042626065926
primary_regime_screened,55.0,D_W_5,D,W,d_all_other,34,75.0,20.0,-0.23032925500084334,25.90144785059901
primary_regime_screened,55.0,D_W_5,D,W,ref_own_curve,1,65.0,10.0,-0.0006447174666679434,0.06449253416449995
primary_regime_screened,55.0,D_W_5,D,W,ref_own_curve,1,75.0,20.0,-0.007030996073134066,0.7055771557431115
primary_regime_screened,55.0,D_W_9,D,W,a_same_polyol_same_iso,1,65.0,10.0,0.06269594912941645,6.077099632464209
primary_regime_screened,55.0,D_W_9,D,W,a_same_polyol_same_iso,1,75.0,20.0,0.163715059906977,15.10161030308075
primary_regime_screened,55.0,D_W_9,D,W,b_same_polyol_other_iso,10,65.0,10.0,0.0273532203310487,2.6982508742258937
primary_regime_screened,55.0,D_W_9,D,W,b_same_polyol_other_iso,10,75.0,20.0,0.07394010954553039,7.127268592337163
primary_regime_screened,55.0,D_W_9,D,W,c_other_polyol_same_iso,2,65.0,10.0,-0.20371657110805552,22.59506343801827
primary_regime_screened,55.0,D_W_9,D,W,c_other_polyol_same_iso,2,75.0,20.0,-0.3314991598879599,39.305497595558414
primary_regime_screened,55.0,D_W_9,D,W,d_all_other,34,65.0,10.0,-0.0512275321280074,5.256235779236511
primary_regime_screened,55.0,D_W_9,D,W,d_all_other,34,75.0,20.0,-0.05176659111181497,5.3129903944033305
primary_regime_screened,55.0,D_W_9,D,W,ref_own_curve,1,65.0,10.0,0.03442713321089558,3.384126199338561
primary_regime_screened,55.0,D_W_9,D,W,ref_own_curve,1,75.0,20.0,0.13608647393476447,12.72328423847905
primary_regime_screened,55.0,P_44M_10,P,44M,a_same_polyol_same_iso,3,65.0,10.0,0.04551964697011596,4.449917030870677
primary_regime_screened,55.0,P_44M_10,P,44M,a_same_polyol_same_iso,3,75.0,20.0,0.09589959741706056,9.144476721845287
primary_regime_screened,55.0,P_44M_10,P,44M,b_same_polyol_other_iso,13,65.0,10.0,-0.0012409253062855008,0.12416955726747916
primary_regime_screened,55.0,P_44M_10,P,44M,b_same_polyol_other_iso,13,75.0,20.0,-0.015333541302915907,1.5451703221739344
primary_regime_screened,55.0,P_44M_10,P,44M,c_other_polyol_same_iso,6,65.0,10.0,0.17860706901340062,16.356550413337313
primary_regime_screened,55.0,P_44M_10,P,44M,c_other_polyol_same_iso,6,75.0,20.0,0.2939586779849032,25.469271159398875
primary_regime_screened,55.0,P_44M_10,P,44M,d_all_other,34,65.0,10.0,0.10043785759166057,9.55586851720193
primary_regime_screened,55.0,P_44M_10,P,44M,d_all_other,34,75.0,20.0,0.16536334432525346,15.241431731557942
primary_regime_screened,55.0,P_44M_10,P,44M,ref_own_curve,1,65.0,10.0,-0.01174976235911035,1.1819061968874198
primary_regime_screened,55.0,P_44M_10,P,44M,ref_own_curve,1,75.0,20.0,-0.041534035783274824,4.24086404422691
primary_regime_screened,55.0,P_44M_4,P,44M,a_same_polyol_same_iso,3,65.0,10.0,-0.07031270751719632,7.284361506835343
primary_regime_screened,55.0,P_44M_4,P,44M,a_same_polyol_same_iso,3,75.0,20.0,-0.10184430610959261,10.721107230816365
primary_regime_screened,55.0,P_44M_4,P,44M,b_same_polyol_other_iso,13,65.0,10.0,-0.08167236113392828,8.510023057281865
primary_regime_screened,55.0,P_44M_4,P,44M,b_same_polyol_other_iso,13,75.0,20.0,-0.12768249669999765,13.619220064902787
primary_regime_screened,55.0,P_44M_4,P,44M,c_other_polyol_same_iso,6,65.0,10.0,0.09817563318575795,9.351031989852137
primary_regime_screened,55.0,P_44M_4,P,44M,c_other_polyol_same_iso,6,75.0,20.0,0.1816097225878215,16.60732603164769
primary_regime_screened,55.0,P_44M_4,P,44M,d_all_other,34,65.0,10.0,0.01676351677940291,1.6623790887253167
primary_regime_screened,55.0,P_44M_4,P,44M,d_all_other,34,75.0,20.0,0.045162096218517966,4.415746918479163
primary_regime_screened,55.0,P_44M_4,P,44M,ref_own_curve,1,65.0,10.0,0.014021557792254669,1.39237135940031
primary_regime_screened,55.0,P_44M_4,P,44M,ref_own_curve,1,75.0,20.0,0.10230185320835794,9.724298956274447
primary_regime_screened,55.0,P_44M_6,P,44M,a_same_polyol_same_iso,3,65.0,10.0,0.016298654317414618,1.6166549932780432
primary_regime_screened,55.0,P_44M_6,P,44M,a_same_polyol_same_iso,3,75.0,20.0,0.03216214066261369,3.1650439489631843
primary_regime_screened,55.0,P_44M_6,P,44M,b_same_polyol_other_iso,13,65.0,10.0,-0.014310145275664987,1.4413025562745942
primary_regime_screened,55.0,P_44M_6,P,44M,b_same_polyol_other_iso,13,75.0,20.0,-0.04104049849496505,4.1894299842127305
primary_regime_screened,55.0,P_44M_6,P,44M,c_other_polyol_same_iso,6,65.0,10.0,0.16553784904402113,15.25622121122225
primary_regime_screened,55.0,P_44M_6,P,44M,c_other_polyol_same_iso,6,75.0,20.0,0.2682517207928541,23.52847378587261
primary_regime_screened,55.0,P_44M_6,P,44M,d_all_other,34,65.0,10.0,0.08588965745302135,8.230451350900376
primary_regime_screened,55.0,P_44M_6,P,44M,d_all_other,34,75.0,20.0,0.13615805283070137,12.729531185856791
primary_regime_screened,55.0,P_44M_6,P,44M,ref_own_curve,1,65.0,10.0,0.023636335721480384,2.3359185438270025
primary_regime_screened,55.0,P_44M_6,P,44M,ref_own_curve,1,75.0,20.0,0.046850505711882096,4.576996113156131
primary_regime_screened,55.0,P_44M_8,P,44M,a_same_polyol_same_iso,3,65.0,10.0,0.027112904820300487,2.6748649447997996
primary_regime_screened,55.0,P_44M_8,P,44M,a_same_polyol_same_iso,3,75.0,20.0,0.0677057931056615,6.546462011266916
primary_regime_screened,55.0,P_44M_8,P,44M,b_same_polyol_other_iso,13,65.0,10.0,-0.013930949469872056,1.4028437319843476
primary_regime_screened,55.0,P_44M_8,P,44M,b_same_polyol_other_iso,13,75.0,20.0,-0.02951916010596478,2.995916940966424
primary_regime_screened,55.0,P_44M_8,P,44M,c_other_polyol_same_iso,6,65.0,10.0,0.16591704484981407,15.288349604844969
primary_regime_screened,55.0,P_44M_8,P,44M,c_other_polyol_same_iso,6,75.0,20.0,0.2797730591818543,24.404472089993686
primary_regime_screened,55.0,P_44M_8,P,44M,d_all_other,34,65.0,10.0,0.08722401117244094,8.352822727961842
primary_regime_screened,55.0,P_44M_8,P,44M,d_all_other,34,75.0,20.0,0.14988994690025664,13.919729478165973
primary_regime_screened,55.0,P_44M_8,P,44M,ref_own_curve,1,65.0,10.0,-0.007289632564003501,0.7316266613608047
primary_regime_screened,55.0,P_44M_8,P,44M,ref_own_curve,1,75.0,20.0,-0.013695098061255462,1.3789305485422798
primary_regime_screened,55.0,P_I_5,P,I,a_same_polyol_same_iso,1,65.0,10.0,0.0006055770737208865,0.06053937489324088
primary_regime_screened,55.0,P_I_5,P,I,a_same_polyol_same_iso,1,75.0,20.0,-0.006674679502065073,0.6697004819097339
primary_regime_screened,55.0,P_I_5,P,I,b_same_polyol_other_iso,15,65.0,10.0,0.004189979228995222,0.4181213513021671
primary_regime_screened,55.0,P_I_5,P,I,b_same_polyol_other_iso,15,75.0,20.0,-0.007911703828197614,0.7943084059370685
primary_regime_screened,55.0,P_I_5,P,I,c_other_polyol_same_iso,2,65.0,10.0,0.21095655271028513,19.019074986593335
primary_regime_screened,55.0,P_I_5,P,I,c_other_polyol_same_iso,2,75.0,20.0,0.35445054739780946,29.84411893575952
primary_regime_screened,55.0,P_I_5,P,I,d_all_other,34,65.0,10.0,0.0975573812365278,9.294970760487711
primary_regime_screened,55.0,P_I_5,P,I,d_all_other,34,75.0,20.0,0.1542139415782299,14.291136549999075
primary_regime_screened,55.0,P_I_5,P,I,ref_own_curve,1,65.0,10.0,0.00742619951193757,0.739869342302577
primary_regime_screened,55.0,P_I_5,P,I,ref_own_curve,1,75.0,20.0,0.01848070425082149,1.8310983165921355
primary_regime_screened,55.0,P_I_9,P,I,a_same_polyol_same_iso,1,65.0,10.0,0.006480378012630489,0.6459425647217699
primary_regime_screened,55.0,P_I_9,P,I,a_same_polyol_same_iso,1,75.0,20.0,0.02156311598205432,2.1332294053582728
primary_regime_screened,55.0,P_I_9,P,I,b_same_polyol_other_iso,15,65.0,10.0,0.0032441577296883073,0.32389011359435954
primary_regime_screened,55.0,P_I_9,P,I,b_same_polyol_other_iso,15,75.0,20.0,-0.004829292096964755,0.48409719222372494
primary_regime_screened,55.0,P_I_9,P,I,c_other_polyol_same_iso,2,65.0,10.0,0.21001073121097813,18.94244525336991
primary_regime_screened,55.0,P_I_9,P,I,c_other_polyol_same_iso,2,75.0,20.0,0.3575329591290423,30.060035304037168
primary_regime_screened,55.0,P_I_9,P,I,d_all_other,34,65.0,10.0,0.09682171148422357,9.228217262840431
primary_regime_screened,55.0,P_I_9,P,I,d_all_other,34,75.0,20.0,0.15806324908656083,14.620422154243357
primary_regime_screened,55.0,P_I_9,P,I,ref_own_curve,1,65.0,10.0,-0.0003402444255861392,0.03403023152860735
primary_regime_screened,55.0,P_I_9,P,I,ref_own_curve,1,75.0,20.0,-0.0035922677708322137,0.35987276976470445
primary_regime_screened,55.0,P_MLQ_10,P,MLQ,a_same_polyol_same_iso,3,65.0,10.0,0.029489978354314605,2.9059391984807905
primary_regime_screened,55.0,P_MLQ_10,P,MLQ,a_same_polyol_same_iso,3,75.0,20.0,0.05273500436100927,5.13686376484493
primary_regime_screened,55.0,P_MLQ_10,P,MLQ,b_same_polyol_other_iso,13,65.0,10.0,0.015769444224553897,1.5645757549172599
primary_regime_screened,55.0,P_MLQ_10,P,MLQ,b_same_polyol_other_iso,13,75.0,20.0,0.050700350052671636,4.943653584693501
primary_regime_screened,55.0,P_MLQ_10,P,MLQ,c_other_polyol_same_iso,7,65.0,10.0,0.19905000264868233,18.04910853079395
primary_regime_screened,55.0,P_MLQ_10,P,MLQ,c_other_polyol_same_iso,7,75.0,20.0,0.3618151639684633,30.35889221937751
primary_regime_screened,55.0,P_MLQ_10,P,MLQ,d_all_other,34,65.0,10.0,0.11215583745940122,10.60950572298151
primary_regime_screened,55.0,P_MLQ_10,P,MLQ,d_all_other,34,75.0,20.0,0.2132682112026637,19.206059024734838
primary_regime_screened,55.0,P_MLQ_10,P,MLQ,ref_own_curve,1,65.0,10.0,0.029106784521481632,2.8687262237410827
primary_regime_screened,55.0,P_MLQ_10,P,MLQ,ref_own_curve,1,75.0,20.0,0.08219325317235687,7.8906062830106425
primary_regime_screened,55.0,P_MLQ_4,P,MLQ,a_same_polyol_same_iso,3,65.0,10.0,-0.02728606614334783,2.766173994935975
primary_regime_screened,55.0,P_MLQ_4,P,MLQ,a_same_polyol_same_iso,3,75.0,20.0,-0.07257495225599842,7.52733972368111
primary_regime_screened,55.0,P_MLQ_4,P,MLQ,b_same_polyol_other_iso,13,65.0,10.0,-0.028957544645964894,2.938089081725363
primary_regime_screened,55.0,P_MLQ_4,P,MLQ,b_same_polyol_other_iso,13,75.0,20.0,-0.05362979871175577,5.509393271326733
primary_regime_screened,55.0,P_MLQ_4,P,MLQ,c_other_polyol_same_iso,7,65.0,10.0,0.1543230137781637,14.300484494479694
primary_regime_screened,55.0,P_MLQ_4,P,MLQ,c_other_polyol_same_iso,7,75.0,20.0,0.257485015204036,22.700679062777784
primary_regime_screened,55.0,P_MLQ_4,P,MLQ,d_all_other,34,65.0,10.0,0.06633034405619576,6.417832990217744
primary_regime_screened,55.0,P_MLQ_4,P,MLQ,d_all_other,34,75.0,20.0,0.10699737693088518,10.147197011166162
primary_regime_screened,55.0,P_MLQ_4,P,MLQ,ref_own_curve,1,65.0,10.0,0.02052696253239361,2.0317718596836953
primary_regime_screened,55.0,P_MLQ_4,P,MLQ,ref_own_curve,1,75.0,20.0,0.040802527965667634,3.9981311925700385
primary_regime_screened,55.0,P_MLQ_6,P,MLQ,a_same_polyol_same_iso,3,65.0,10.0,0.013693053053950077,1.3599729649372032
primary_regime_screened,55.0,P_MLQ_6,P,MLQ,a_same_polyol_same_iso,3,75.0,20.0,0.03374639483386832,3.3183336750050243
primary_regime_screened,55.0,P_MLQ_6,P,MLQ,b_same_polyol_other_iso,13,65.0,10.0,-0.006872307437194358,0.6895975929937868
primary_regime_screened,55.0,P_MLQ_6,P,MLQ,b_same_polyol_other_iso,13,75.0,20.0,-0.00208840916078179,0.20905914060691394
primary_regime_screened,55.0,P_MLQ_6,P,MLQ,c_other_polyol_same_iso,7,65.0,10.0,0.17640825098693402,16.17243134060382
primary_regime_screened,55.0,P_MLQ_6,P,MLQ,c_other_polyol_same_iso,7,75.0,20.0,0.3090264047550102,26.58386155811651
primary_regime_screened,55.0,P_MLQ_6,P,MLQ,d_all_other,34,65.0,10.0,0.0901523342094368,8.620802710968652
primary_regime_screened,55.0,P_MLQ_6,P,MLQ,d_all_other,34,75.0,20.0,0.16356279711436583,15.088682452987006
primary_regime_screened,55.0,P_MLQ_6,P,MLQ,ref_own_curve,1,65.0,10.0,-0.014069446224415527,1.4168886693093747
primary_regime_screened,55.0,P_MLQ_6,P,MLQ,ref_own_curve,1,75.0,20.0,-0.07199595510002421,7.465099719922976
primary_regime_screened,55.0,P_MLQ_8,P,MLQ,a_same_polyol_same_iso,3,65.0,10.0,0.008883694003719578,0.8844350585305552
primary_regime_screened,55.0,P_MLQ_8,P,MLQ,a_same_polyol_same_iso,3,75.0,20.0,0.024948463797925424,2.463982290773158
primary_regime_screened,55.0,P_MLQ_8,P,MLQ,b_same_polyol_other_iso,13,65.0,10.0,-0.009657875558971796,0.9704663341351462
primary_regime_screened,55.0,P_MLQ_8,P,MLQ,b_same_polyol_other_iso,13,75.0,20.0,0.006275902511962306,0.625625016934688
primary_regime_screened,55.0,P_MLQ_8,P,MLQ,c_other_polyol_same_iso,7,65.0,10.0,0.1736226828651567,15.938598410041557
primary_regime_screened,55.0,P_MLQ_8,P,MLQ,c_other_polyol_same_iso,7,75.0,20.0,0.31739071642775396,27.19537600791626
primary_regime_screened,55.0,P_MLQ_8,P,MLQ,d_all_other,34,65.0,10.0,0.0871734016451009,8.348184390267006
primary_regime_screened,55.0,P_MLQ_8,P,MLQ,d_all_other,34,75.0,20.0,0.17036651714140177,15.664434436064045
primary_regime_screened,55.0,P_MLQ_8,P,MLQ,ref_own_curve,1,65.0,10.0,-0.010783641560832558,1.0841994587570036
primary_regime_screened,55.0,P_MLQ_8,P,MLQ,ref_own_curve,1,75.0,20.0,-0.01214491530121764,1.2218964254170144
primary_regime_screened,55.0,P_TD80_10,P,TD80,a_same_polyol_same_iso,2,65.0,10.0,0.001982690886128319,0.19807266529235668
primary_regime_screened,55.0,P_TD80_10,P,TD80,a_same_polyol_same_iso,2,75.0,20.0,-0.015216188853451329,1.53325444689758
primary_regime_screened,55.0,P_TD80_10,P,TD80,b_same_polyol_other_iso,14,65.0,10.0,0.012617342008496749,1.2538077069989322
primary_regime_screened,55.0,P_TD80_10,P,TD80,b_same_polyol_other_iso,14,75.0,20.0,0.01282693381466371,1.2745019310480787
primary_regime_screened,55.0,P_TD80_10,P,TD80,c_other_polyol_same_iso,1,65.0,10.0,0.16922994483430423,15.568526474898785
primary_regime_screened,55.0,P_TD80_10,P,TD80,c_other_polyol_same_iso,1,75.0,20.0,0.31579070089578626,27.078794237279237
primary_regime_screened,55.0,P_TD80_10,P,TD80,d_all_other,34,65.0,10.0,0.10465191420795726,9.936203268953175
primary_regime_screened,55.0,P_TD80_10,P,TD80,d_all_other,34,75.0,20.0,0.17060778373789126,15.684779336559535
primary_regime_screened,55.0,P_TD80_10,P,TD80,ref_own_curve,1,65.0,10.0,0.007138330532110951,0.7112913165864861
primary_regime_screened,55.0,P_TD80_10,P,TD80,ref_own_curve,1,75.0,20.0,0.010316931381470051,1.0263894394593212
primary_regime_screened,55.0,P_TD80_4,P,TD80,a_same_polyol_same_iso,2,65.0,10.0,-0.022157823793026443,2.2405131593773655
primary_regime_screened,55.0,P_TD80_4,P,TD80,a_same_polyol_same_iso,2,75.0,20.0,-0.04509870159342322,4.613110962062673
primary_regime_screened,55.0,P_TD80_4,P,TD80,b_same_polyol_other_iso,14,65.0,10.0,-0.018104919488939997,1.8269807133149703
primary_regime_screened,55.0,P_TD80_4,P,TD80,b_same_polyol_other_iso,14,75.0,20.0,-0.043781974235679866,4.475454664675358
primary_regime_screened,55.0,P_TD80_4,P,TD80,c_other_polyol_same_iso,1,65.0,10.0,0.1385076833368677,12.934343830424236
primary_regime_screened,55.0,P_TD80_4,P,TD80,c_other_polyol_same_iso,1,75.0,20.0,0.2591817928454426,22.83172761067565
primary_regime_screened,55.0,P_TD80_4,P,TD80,d_all_other,34,65.0,10.0,0.0743362976573203,7.164056376507763
primary_regime_screened,55.0,P_TD80_4,P,TD80,d_all_other,34,75.0,20.0,0.1156269305241785,10.919250560149084
primary_regime_screened,55.0,P_TD80_4,P,TD80,ref_own_curve,1,65.0,10.0,-0.03674742460189018,3.7430958206982967
primary_regime_screened,55.0,P_TD80_4,P,TD80,ref_own_curve,1,75.0,20.0,-0.09974476728961945,10.488887830121255
primary_regime_screened,55.0,P_TD80_7,P,TD80,a_same_polyol_same_iso,2,65.0,10.0,-0.009747393581163943,0.9795054151554883
primary_regime_screened,55.0,P_TD80_7,P,TD80,a_same_polyol_same_iso,2,75.0,20.0,-0.0501409560821698,5.14192898752097
primary_regime_screened,55.0,P_TD80_7,P,TD80,b_same_polyol_other_iso,14,65.0,10.0,0.0023133647135009094,0.2310690947548089
primary_regime_screened,55.0,P_TD80_7,P,TD80,b_same_polyol_other_iso,14,75.0,20.0,-0.02090455833861185,2.1124589159338556
primary_regime_screened,55.0,P_TD80_7,P,TD80,c_other_polyol_same_iso,1,65.0,10.0,0.15892596753930838,14.694048927384188
primary_regime_screened,55.0,P_TD80_7,P,TD80,c_other_polyol_same_iso,1,75.0,20.0,0.28205920874251067,24.577097374118793
primary_regime_screened,55.0,P_TD80_7,P,TD80,d_all_other,34,65.0,10.0,0.09426181716131138,8.995553421162203
primary_regime_screened,55.0,P_TD80_7,P,TD80,d_all_other,34,75.0,20.0,0.13680100446744872,12.7856238422556
primary_regime_screened,55.0,P_TD80_7,P,TD80,ref_own_curve,1,65.0,10.0,-0.00031343241828868385,0.03134815433614303
primary_regime_screened,55.0,P_TD80_7,P,TD80,ref_own_curve,1,75.0,20.0,-0.021028010620909907,2.125065710190845
primary_regime_screened,55.0,P_TDS_4,P,TDS,a_same_polyol_same_iso,1,65.0,10.0,-0.029375806345085076,2.981153147165649
primary_regime_screened,55.0,P_TDS_4,P,TDS,a_same_polyol_same_iso,1,75.0,20.0,-0.0708249374183817,7.3393298417392225
primary_regime_screened,55.0,P_TDS_4,P,TDS,b_same_polyol_other_iso,15,65.0,10.0,-0.020508716124021165,2.0720464930584446
primary_regime_screened,55.0,P_TDS_4,P,TDS,b_same_polyol_other_iso,15,75.0,20.0,-0.04709098984135429,4.821738187389364
primary_regime_screened,55.0,P_TDS_4,P,TDS,d_all_other,34,65.0,10.0,0.07287805759446275,7.028580530096453
primary_regime_screened,55.0,P_TDS_4,P,TDS,d_all_other,34,75.0,20.0,0.11357622037616433,10.736384324543186
primary_regime_screened,55.0,P_TDS_4,P,TDS,ref_own_curve,1,65.0,10.0,-0.006145772287859286,0.6164696294047826
primary_regime_screened,55.0,P_TDS_4,P,TDS,ref_own_curve,1,75.0,20.0,-0.018491700043297365,1.86637302696317
primary_regime_screened,55.0,P_TDS_7,P,TDS,a_same_polyol_same_iso,1,65.0,10.0,0.013305078573617568,1.3216957268926581
primary_regime_screened,55.0,P_TDS_7,P,TDS,a_same_polyol_same_iso,1,75.0,20.0,0.04593825707214905,4.489906890188142
primary_regime_screened,55.0,P_TDS_7,P,TDS,b_same_polyol_other_iso,15,65.0,10.0,-0.0010578652625442553,0.10584249993590808
primary_regime_screened,55.0,P_TDS_7,P,TDS,b_same_polyol_other_iso,15,75.0,20.0,0.01733896727409215,1.7189512425272033
primary_regime_screened,55.0,P_TDS_7,P,TDS,d_all_other,34,65.0,10.0,0.09303743685286914,8.88406112823463
primary_regime_screened,55.0,P_TDS_7,P,TDS,d_all_other,34,75.0,20.0,0.1796119987476525,16.440563981965425
primary_regime_screened,55.0,P_TDS_7,P,TDS,ref_own_curve,1,65.0,10.0,-0.009924955483608444,0.9974371201916252
primary_regime_screened,55.0,P_TDS_7,P,TDS,ref_own_curve,1,75.0,20.0,-0.006394980302935213,0.6415471847191793
primary_regime_screened,55.0,P_W_5,P,W,a_same_polyol_same_iso,1,65.0,10.0,-0.0072824412569467145,0.7309022719078099
primary_regime_screened,55.0,P_W_5,P,W,a_same_polyol_same_iso,1,75.0,20.0,-0.02634534597524507,2.669545239895528
primary_regime_screened,55.0,P_W_5,P,W,b_same_polyol_other_iso,15,65.0,10.0,0.05989674594406508,5.8138220387486035
primary_regime_screened,55.0,P_W_5,P,W,b_same_polyol_other_iso,15,75.0,20.0,0.1079860471472226,10.235987901648677
primary_regime_screened,55.0,P_W_5,P,W,c_other_polyol_same_iso,2,65.0,10.0,0.26150072491093224,23.01046826813935
primary_regime_screened,55.0,P_W_5,P,W,c_other_polyol_same_iso,2,75.0,20.0,0.5007843480972787,39.39448849356037
primary_regime_screened,55.0,P_W_5,P,W,d_all_other,34,65.0,10.0,0.14712169077113163,13.681107110165847
primary_regime_screened,55.0,P_W_5,P,W,d_all_other,34,75.0,20.0,0.25683417314151136,22.65035303793683
primary_regime_screened,55.0,P_W_5,P,W,ref_own_curve,1,65.0,10.0,-0.012808891925568056,1.289127716048619
primary_regime_screened,55.0,P_W_5,P,W,ref_own_curve,1,75.0,20.0,-0.03457051913277598,3.51750254473049
primary_regime_screened,55.0,P_W_9,P,W,a_same_polyol_same_iso,1,65.0,10.0,-0.02293918825324104,2.3204314813564157
primary_regime_screened,55.0,P_W_9,P,W,a_same_polyol_same_iso,1,75.0,20.0,-0.05497026103342273,5.6509194716667785
primary_regime_screened,55.0,P_W_9,P,W,b_same_polyol_other_iso,15,65.0,10.0,0.049766449616392205,4.854838955749881
primary_regime_screened,55.0,P_W_9,P,W,b_same_polyol_other_iso,15,75.0,20.0,0.08758630524657596,8.386019943258399
primary_regime_screened,55.0,P_W_9,P,W,c_other_polyol_same_iso,2,65.0,10.0,0.2513704285832593,22.226577679339545
primary_regime_screened,55.0,P_W_9,P,W,c_other_polyol_same_iso,2,75.0,20.0,0.4803846061966318,38.14545503607716
primary_regime_screened,55.0,P_W_9,P,W,d_all_other,34,65.0,10.0,0.13682374931683483,12.787607497546558
primary_regime_screened,55.0,P_W_9,P,W,d_all_other,34,75.0,20.0,0.23617989396200312,21.036139006313384
primary_regime_screened,55.0,P_W_9,P,W,ref_own_curve,1,65.0,10.0,-0.017412737584619697,1.7565223077234646
primary_regime_screened,55.0,P_W_9,P,W,ref_own_curve,1,75.0,20.0,-0.04674508787589182,4.785486412268742
primary_regime_screened,57.5,C_44M_10,C,44M,a_same_polyol_same_iso,2,67.5,10.0,0.028539381189728763,2.813597976886593
primary_regime_screened,57.5,C_44M_10,C,44M,a_same_polyol_same_iso,2,77.5,20.0,0.045021164597151886,4.402275125436797
primary_regime_screened,57.5,C_44M_10,C,44M,b_same_polyol_other_iso,3,67.5,10.0,0.0031626738849659386,0.31576779001926353
primary_regime_screened,57.5,C_44M_10,C,44M,b_same_polyol_other_iso,3,77.5,20.0,-0.01467284277153369,1.4781017357711321
primary_regime_screened,57.5,C_44M_10,C,44M,c_other_polyol_same_iso,7,67.5,10.0,-0.11034951284194472,11.666829216945505
primary_regime_screened,57.5,C_44M_10,C,44M,c_other_polyol_same_iso,7,77.5,20.0,-0.2241148175684391,25.12146726075542
primary_regime_screened,57.5,C_44M_10,C,44M,d_all_other,35,67.5,10.0,-0.11162790018453683,11.809673964008185
primary_regime_screened,57.5,C_44M_10,C,44M,d_all_other,35,77.5,20.0,-0.23279599598592915,26.212397470507128
primary_regime_screened,57.5,C_44M_10,C,44M,ref_own_curve,1,67.5,10.0,-0.02580320830791516,2.6138992973770083
primary_regime_screened,57.5,C_44M_10,C,44M,ref_own_curve,1,77.5,20.0,-0.058133167046888534,5.985612422343488
primary_regime_screened,57.5,C_44M_6,C,44M,a_same_polyol_same_iso,2,67.5,10.0,-0.07210621362719793,7.4769493167882155
primary_regime_screened,57.5,C_44M_6,C,44M,a_same_polyol_same_iso,2,77.5,20.0,-0.15745614263891738,17.052942052448547
primary_regime_screened,57.5,C_44M_6,C,44M,b_same_polyol_other_iso,3,67.5,10.0,-0.055196819667753694,5.67485831137111
primary_regime_screened,57.5,C_44M_6,C,44M,b_same_polyol_other_iso,3,77.5,20.0,-0.12935552890915858,13.809467780553252
primary_regime_screened,57.5,C_44M_6,C,44M,c_other_polyol_same_iso,7,67.5,10.0,-0.16870900639466502,18.37756176647669
primary_regime_screened,57.5,C_44M_6,C,44M,c_other_polyol_same_iso,7,77.5,20.0,-0.33879750370606354,40.325916166097045
primary_regime_screened,57.5,C_44M_6,C,44M,d_all_other,35,67.5,10.0,-0.17243364684789153,18.81929776498974
primary_regime_screened,57.5,C_44M_6,C,44M,d_all_other,35,77.5,20.0,-0.352542497637216,42.268011500733415
primary_regime_screened,57.5,C_44M_6,C,44M,ref_own_curve,1,67.5,10.0,0.00040950066777600824,0.04094168338212978
primary_regime_screened,57.5,C_44M_6,C,44M,ref_own_curve,1,77.5,20.0,0.002773389012370231,0.27695467219394015
primary_regime_screened,57.5,C_44M_8,C,44M,a_same_polyol_same_iso,2,67.5,10.0,0.0036263550109350007,0.36197877264357364
primary_regime_screened,57.5,C_44M_8,C,44M,a_same_polyol_same_iso,2,77.5,20.0,-0.00965318968002693,0.9699931998614235
primary_regime_screened,57.5,C_44M_8,C,44M,b_same_polyol_other_iso,3,67.5,10.0,-0.009693864060388968,0.9741001752937613
primary_regime_screened,57.5,C_44M_8,C,44M,b_same_polyol_other_iso,3,77.5,20.0,-0.05398748650311447,5.547139443443581
primary_regime_screened,57.5,C_44M_8,C,44M,c_other_polyol_same_iso,7,67.5,10.0,-0.12320605078729985,13.111746458135828
primary_regime_screened,57.5,C_44M_8,C,44M,c_other_polyol_same_iso,7,77.5,20.0,-0.26342946130001943,30.138549366301405
primary_regime_screened,57.5,C_44M_8,C,44M,d_all_other,35,67.5,10.0,-0.12515119968431732,13.331979770851612
primary_regime_screened,57.5,C_44M_8,C,44M,d_all_other,35,77.5,20.0,-0.27290723028329555,31.37783603249316
primary_regime_screened,57.5,C_44M_8,C,44M,ref_own_curve,1,67.5,10.0,-0.0145467697863908,1.4653088949914268
primary_regime_screened,57.5,C_44M_8,C,44M,ref_own_curve,1,77.5,20.0,-0.06672838968726502,6.900508593391599
primary_regime_screened,57.5,C_MLQ_10,C,MLQ,a_same_polyol_same_iso,2,67.5,10.0,0.02803643224788499,2.7647058847450965
primary_regime_screened,57.5,C_MLQ_10,C,MLQ,a_same_polyol_same_iso,2,77.5,20.0,0.009333961810235936,0.9290535606570052
primary_regime_screened,57.5,C_MLQ_10,C,MLQ,b_same_polyol_other_iso,3,67.5,10.0,0.02596543793988837,2.563123478136887
primary_regime_screened,57.5,C_MLQ_10,C,MLQ,b_same_polyol_other_iso,3,77.5,20.0,0.02219865511755814,2.1954078076396524
primary_regime_screened,57.5,C_MLQ_10,C,MLQ,c_other_polyol_same_iso,8,67.5,10.0,-0.09862930499559552,10.365710354524893
primary_regime_screened,57.5,C_MLQ_10,C,MLQ,c_other_polyol_same_iso,8,77.5,20.0,-0.23650501947639846,26.68139143467195
primary_regime_screened,57.5,C_MLQ_10,C,MLQ,d_all_other,35,67.5,10.0,-0.09638107935923301,10.117862048983858
primary_regime_screened,57.5,C_MLQ_10,C,MLQ,d_all_other,35,77.5,20.0,-0.22175632224826858,24.826716586440266
primary_regime_screened,57.5,C_MLQ_10,C,MLQ,ref_own_curve,1,67.5,10.0,3.591690729742858e-05,0.0035916262293035884
primary_regime_screened,57.5,C_MLQ_10,C,MLQ,ref_own_curve,1,77.5,20.0,-0.027999648729689186,2.839532317661679
primary_regime_screened,57.5,C_MLQ_6,C,MLQ,a_same_polyol_same_iso,2,67.5,10.0,-0.04780999954018572,4.897133135395788
primary_regime_screened,57.5,C_MLQ_6,C,MLQ,a_same_polyol_same_iso,2,77.5,20.0,-0.11211350388378039,11.863982340403352
primary_regime_screened,57.5,C_MLQ_6,C,MLQ,b_same_polyol_other_iso,3,67.5,10.0,-0.031234521210528943,3.172743748370841
primary_regime_screened,57.5,C_MLQ_6,C,MLQ,b_same_polyol_other_iso,3,77.5,20.0,-0.07886651093974573,8.205986927400694
primary_regime_screened,57.5,C_MLQ_6,C,MLQ,c_other_polyol_same_iso,8,67.5,10.0,-0.15582926414601328,16.86266595850226
primary_regime_screened,57.5,C_MLQ_6,C,MLQ,c_other_polyol_same_iso,8,77.5,20.0,-0.3375701855337021,40.15379726306724
primary_regime_screened,57.5,C_MLQ_6,C,MLQ,d_all_other,35,67.5,10.0,-0.15460153847201408,16.71927870129227
primary_regime_screened,57.5,C_MLQ_6,C,MLQ,d_all_other,35,77.5,20.0,-0.3238277958807432,38.2409230057228
primary_regime_screened,57.5,C_MLQ_6,C,MLQ,ref_own_curve,1,67.5,10.0,-0.01987109696781264,2.0069841456049082
primary_regime_screened,57.5,C_MLQ_6,C,MLQ,ref_own_curve,1,77.5,20.0,-0.08830021551356593,9.23160030180773
primary_regime_screened,57.5,C_MLQ_8,C,MLQ,a_same_polyol_same_iso,2,67.5,10.0,-0.01743658888452515,1.7589493619984469
primary_regime_screened,57.5,C_MLQ_8,C,MLQ,a_same_polyol_same_iso,2,77.5,20.0,-0.06781149488416749,7.016355815839765
primary_regime_screened,57.5,C_MLQ_8,C,MLQ,b_same_polyol_other_iso,3,67.5,10.0,-0.010153540489586721,1.0205262587744393
primary_regime_screened,57.5,C_MLQ_8,C,MLQ,b_same_polyol_other_iso,3,77.5,20.0,-0.03799549067363239,3.8726548910921235
primary_regime_screened,57.5,C_MLQ_8,C,MLQ,c_other_polyol_same_iso,8,67.5,10.0,-0.13474828342507106,14.424872172866676
primary_regime_screened,57.5,C_MLQ_8,C,MLQ,c_other_polyol_same_iso,8,77.5,20.0,-0.296699165267589,34.541049235568316
primary_regime_screened,57.5,C_MLQ_8,C,MLQ,d_all_other,35,67.5,10.0,-0.1330333491123934,14.228809198966125
primary_regime_screened,57.5,C_MLQ_8,C,MLQ,d_all_other,35,77.5,20.0,-0.2829053771652601,32.697959330566604
primary_regime_screened,57.5,C_MLQ_8,C,MLQ,ref_own_curve,1,67.5,10.0,-0.01737497611630756,1.7526799045786374
primary_regime_screened,57.5,C_MLQ_8,C,MLQ,ref_own_curve,1,77.5,20.0,-0.05429117271445083,5.5791975218903636
primary_regime_screened,57.5,D_44M_10,D,44M,a_same_polyol_same_iso,2,67.5,10.0,0.04042704338821407,3.9620772029912072
primary_regime_screened,57.5,D_44M_10,D,44M,a_same_polyol_same_iso,2,77.5,20.0,0.005124364685477473,0.5111257526940054
primary_regime_screened,57.5,D_44M_10,D,44M,b_same_polyol_other_iso,9,67.5,10.0,0.050798621218224094,4.952994423673808
primary_regime_screened,57.5,D_44M_10,D,44M,b_same_polyol_other_iso,9,77.5,20.0,0.058427864668444046,5.675372067126993
primary_regime_screened,57.5,D_44M_10,D,44M,c_other_polyol_same_iso,7,67.5,10.0,-0.008776427732884673,0.8815053490792167
primary_regime_screened,57.5,D_44M_10,D,44M,c_other_polyol_same_iso,7,77.5,20.0,-0.02131050550035974,2.153919593662732
primary_regime_screened,57.5,D_44M_10,D,44M,d_all_other,35,67.5,10.0,-0.033144656383780724,3.370005973905325
primary_regime_screened,57.5,D_44M_10,D,44M,d_all_other,35,77.5,20.0,-0.09064799489396928,9.488353282425003
primary_regime_screened,57.5,D_44M_10,D,44M,ref_own_curve,1,67.5,10.0,0.01308047594257572,1.2995298309600796
primary_regime_screened,57.5,D_44M_10,D,44M,ref_own_curve,1,77.5,20.0,-0.0001748933769443184,0.017490867168260434
primary_regime_screened,57.5,D_44M_4,D,44M,a_same_polyol_same_iso,2,67.5,10.0,-0.11283607715400024,11.944841473748951
primary_regime_screened,57.5,D_44M_4,D,44M,a_same_polyol_same_iso,2,77.5,20.0,-0.24446507679190788,27.693806667180603
primary_regime_screened,57.5,D_44M_4,D,44M,b_same_polyol_other_iso,9,67.5,10.0,-0.07997925017742125,8.326458989370824
primary_regime_screened,57.5,D_44M_4,D,44M,b_same_polyol_other_iso,9,77.5,20.0,-0.1874643947322281,20.618730203453666
primary_regime_screened,57.5,D_44M_4,D,44M,c_other_polyol_same_iso,7,67.5,10.0,-0.1395542991285299,14.976123505619881
primary_regime_screened,57.5,D_44M_4,D,44M,c_other_polyol_same_iso,7,77.5,20.0,-0.267202764901032,30.630529234232867
primary_regime_screened,57.5,D_44M_4,D,44M,d_all_other,35,67.5,10.0,-0.1650868254684501,17.949552451706122
primary_regime_screened,57.5,D_44M_4,D,44M,d_all_other,35,77.5,20.0,-0.3363564942452757,39.98379700507345
primary_regime_screened,57.5,D_44M_4,D,44M,ref_own_curve,1,67.5,10.0,-0.07272689715993108,7.543679196303923
primary_regime_screened,57.5,D_44M_4,D,44M,ref_own_curve,1,77.5,20.0,-0.23867278862419106,26.956305313879504
primary_regime_screened,57.5,D_44M_8,D,44M,a_same_polyol_same_iso,2,67.5,10.0,-0.006377991548095374,0.6398374246707442
primary_regime_screened,57.5,D_44M_8,D,44M,a_same_polyol_same_iso,2,77.5,20.0,-0.054638795641970606,5.615905651542201
primary_regime_screened,57.5,D_44M_8,D,44M,b_same_polyol_other_iso,9,67.5,10.0,0.008854904580987033,0.8815815375566664
primary_regime_screened,57.5,D_44M_8,D,44M,b_same_polyol_other_iso,9,77.5,20.0,0.00026678032671234586,0.026674474400531122
primary_regime_screened,57.5,D_44M_8,D,44M,c_other_polyol_same_iso,7,67.5,10.0,-0.05072014437012151,5.202843600175438
primary_regime_screened,57.5,D_44M_8,D,44M,c_other_polyol_same_iso,7,77.5,20.0,-0.07947158984209146,8.271479899407579
primary_regime_screened,57.5,D_44M_8,D,44M,d_all_other,35,67.5,10.0,-0.07534264312916572,7.825354376432086
primary_regime_screened,57.5,D_44M_8,D,44M,d_all_other,35,77.5,20.0,-0.14882306466370576,16.046764331042073
primary_regime_screened,57.5,D_44M_8,D,44M,ref_own_curve,1,67.5,10.0,-0.019140604096518743,1.932495980713442
primary_regime_screened,57.5,D_44M_8,D,44M,ref_own_curve,1,77.5,20.0,-0.055131825747248064,5.667990311222122
primary_regime_screened,57.5,D_I_5,D,I,a_same_polyol_same_iso,1,67.5,10.0,-0.08611911480997936,8.993614811041626
primary_regime_screened,57.5,D_I_5,D,I,a_same_polyol_same_iso,1,77.5,20.0,-0.16630120232775336,18.092874664744883
primary_regime_screened,57.5,D_I_5,D,I,b_same_polyol_other_iso,10,67.5,10.0,-0.06268632650854467,6.469282093323173
primary_regime_screened,57.5,D_I_5,D,I,b_same_polyol_other_iso,10,77.5,20.0,-0.1307789501963983,13.971581950689876
primary_regime_screened,57.5,D_I_5,D,I,c_other_polyol_same_iso,2,67.5,10.0,-0.21705843013007975,24.24166945860282
primary_regime_screened,57.5,D_I_5,D,I,c_other_polyol_same_iso,2,77.5,20.0,-0.3823414269436748,46.571243342835636
primary_regime_screened,57.5,D_I_5,D,I,d_all_other,35,67.5,10.0,-0.14123866617182324,15.169948689369212
primary_regime_screened,57.5,D_I_5,D,I,d_all_other,35,77.5,20.0,-0.2655184407732153,30.410690274019274
primary_regime_screened,57.5,D_I_5,D,I,ref_own_curve,1,67.5,10.0,-0.039834746516334674,4.063879079693553
primary_regime_screened,57.5,D_I_5,D,I,ref_own_curve,1,77.5,20.0,-0.14349864478863494,15.430524647845893
primary_regime_screened,57.5,D_I_9,D,I,a_same_polyol_same_iso,1,67.5,10.0,0.024980588272595305,2.4671155337762976
primary_regime_screened,57.5,D_I_9,D,I,a_same_polyol_same_iso,1,77.5,20.0,-0.029161796299803505,2.95911650403308
primary_regime_screened,57.5,D_I_9,D,I,b_same_polyol_other_iso,10,67.5,10.0,0.0021290082803850363,0.21267435497512596
primary_regime_screened,57.5,D_I_9,D,I,b_same_polyol_other_iso,10,77.5,20.0,-0.01644210170756681,1.6578016950823435
primary_regime_screened,57.5,D_I_9,D,I,c_other_polyol_same_iso,2,67.5,10.0,-0.15224309534114971,16.444327276295358
primary_regime_screened,57.5,D_I_9,D,I,c_other_polyol_same_iso,2,77.5,20.0,-0.26800457845484327,30.73531256584836
primary_regime_screened,57.5,D_I_9,D,I,d_all_other,35,67.5,10.0,-0.07433661648336282,7.7169337430036276
primary_regime_screened,57.5,D_I_9,D,I,d_all_other,35,77.5,20.0,-0.14862626515858102,16.0239286323512
primary_regime_screened,57.5,D_I_9,D,I,ref_own_curve,1,67.5,10.0,-0.021303780021049434,2.1532325619003494
primary_regime_screened,57.5,D_I_9,D,I,ref_own_curve,1,77.5,20.0,-0.051964353838921784,5.33381943811986
primary_regime_screened,57.5,D_MLQ_10,D,MLQ,a_same_polyol_same_iso,3,67.5,10.0,0.042717392885613714,4.181785910293133
primary_regime_screened,57.5,D_MLQ_10,D,MLQ,a_same_polyol_same_iso,3,77.5,20.0,0.1269672533084214,11.923748581667294
primary_regime_screened,57.5,D_MLQ_10,D,MLQ,b_same_polyol_other_iso,8,67.5,10.0,0.04094585901943015,4.011890255515328
primary_regime_screened,57.5,D_MLQ_10,D,MLQ,b_same_polyol_other_iso,8,77.5,20.0,0.13876445870929396,12.956697276682652
primary_regime_screened,57.5,D_MLQ_10,D,MLQ,c_other_polyol_same_iso,7,67.5,10.0,-0.0380336566994941,3.8766193731788032
primary_regime_screened,57.5,D_MLQ_10,D,MLQ,c_other_polyol_same_iso,7,77.5,20.0,0.0005515389476757823,0.055138687802910986
primary_regime_screened,57.5,D_MLQ_10,D,MLQ,d_all_other,35,67.5,10.0,-0.040843813723371314,4.168939525120492
primary_regime_screened,57.5,D_MLQ_10,D,MLQ,d_all_other,35,77.5,20.0,-0.004794541780475815,0.48060539871500596
primary_regime_screened,57.5,D_MLQ_10,D,MLQ,ref_own_curve,1,67.5,10.0,-0.001842397204681212,0.18440954612053306
primary_regime_screened,57.5,D_MLQ_10,D,MLQ,ref_own_curve,1,77.5,20.0,0.06033147921056325,5.854759004577505
primary_regime_screened,57.5,D_MLQ_4,D,MLQ,a_same_polyol_same_iso,3,67.5,10.0,-0.06353898373640376,6.560102610127666
primary_regime_screened,57.5,D_MLQ_4,D,MLQ,a_same_polyol_same_iso,3,77.5,20.0,-0.11338974072962471,12.006838416092682
primary_regime_screened,57.5,D_MLQ_4,D,MLQ,b_same_polyol_other_iso,8,67.5,10.0,-0.04463128702872332,4.564224696306794
primary_regime_screened,57.5,D_MLQ_4,D,MLQ,b_same_polyol_other_iso,8,77.5,20.0,-0.07121981418322054,7.381724018733961
primary_regime_screened,57.5,D_MLQ_4,D,MLQ,c_other_polyol_same_iso,7,67.5,10.0,-0.12361080274764769,13.157537925721119
primary_regime_screened,57.5,D_MLQ_4,D,MLQ,c_other_polyol_same_iso,7,77.5,20.0,-0.20943273394483897,23.297843472591637
primary_regime_screened,57.5,D_MLQ_4,D,MLQ,d_all_other,35,67.5,10.0,-0.12815558045049524,13.672984188123491
primary_regime_screened,57.5,D_MLQ_4,D,MLQ,d_all_other,35,77.5,20.0,-0.2172325503914021,24.263304334036494
primary_regime_screened,57.5,D_MLQ_4,D,MLQ,ref_own_curve,1,67.5,10.0,-0.025381851531242727,2.570671343362522
primary_regime_screened,57.5,D_MLQ_4,D,MLQ,ref_own_curve,1,77.5,20.0,-0.05853463024535399,6.028170287434605
primary_regime_screened,57.5,D_MLQ_6,D,MLQ,a_same_polyol_same_iso,3,67.5,10.0,-0.03979020583277504,4.059244106608677
primary_regime_screened,57.5,D_MLQ_6,D,MLQ,a_same_polyol_same_iso,3,77.5,20.0,-0.09880025961879224,10.3845794957899
primary_regime_screened,57.5,D_MLQ_6,D,MLQ,b_same_polyol_other_iso,8,67.5,10.0,-0.021723559304352547,2.196123374359705
primary_regime_screened,57.5,D_MLQ_6,D,MLQ,b_same_polyol_other_iso,8,77.5,20.0,-0.05283611953482348,5.425685885715106
primary_regime_screened,57.5,D_MLQ_6,D,MLQ,c_other_polyol_same_iso,7,67.5,10.0,-0.10070307502327669,10.59482093596233
primary_regime_screened,57.5,D_MLQ_6,D,MLQ,c_other_polyol_same_iso,7,77.5,20.0,-0.19104903929644168,21.051881361671285
primary_regime_screened,57.5,D_MLQ_6,D,MLQ,d_all_other,35,67.5,10.0,-0.10520125517139789,11.09341691053885
primary_regime_screened,57.5,D_MLQ_6,D,MLQ,d_all_other,35,77.5,20.0,-0.1992538724365247,22.049177579299123
primary_regime_screened,57.5,D_MLQ_6,D,MLQ,ref_own_curve,1,67.5,10.0,-0.00499727434466446,0.5009781545394512
primary_regime_screened,57.5,D_MLQ_6,D,MLQ,ref_own_curve,1,77.5,20.0,-0.028768294984315546,2.918609926465725
primary_regime_screened,57.5,D_MLQ_8,D,MLQ,a_same_polyol_same_iso,3,67.5,10.0,0.008213900771817051,0.8180258862322161
primary_regime_screened,57.5,D_MLQ_8,D,MLQ,a_same_polyol_same_iso,3,77.5,20.0,0.02752007728248318,2.7144849930288117
primary_regime_screened,57.5,D_MLQ_8,D,MLQ,b_same_polyol_other_iso,8,67.5,10.0,0.010484746027472625,1.0429972673217827
primary_regime_screened,57.5,D_MLQ_8,D,MLQ,b_same_polyol_other_iso,8,77.5,20.0,0.04141340095262308,4.056758232261179
primary_regime_screened,57.5,D_MLQ_8,D,MLQ,c_other_polyol_same_iso,7,67.5,10.0,-0.06849476969145163,7.089502382493405
primary_regime_screened,57.5,D_MLQ_8,D,MLQ,c_other_polyol_same_iso,7,77.5,20.0,-0.09679951880899507,10.16394934828823
primary_regime_screened,57.5,D_MLQ_8,D,MLQ,d_all_other,35,67.5,10.0,-0.07162571824281228,7.425319543640835
primary_regime_screened,57.5,D_MLQ_8,D,MLQ,d_all_other,35,77.5,20.0,-0.1022397193904181,10.76489648393871
primary_regime_screened,57.5,D_MLQ_8,D,MLQ,ref_own_curve,1,67.5,10.0,-0.020176372831124945,2.038129169423984
primary_regime_screened,57.5,D_MLQ_8,D,MLQ,ref_own_curve,1,77.5,20.0,-0.030731223738315383,3.1208302323074975
primary_regime_screened,57.5,D_TD80_10,D,TD80,b_same_polyol_other_iso,11,67.5,10.0,0.037805134763303425,3.709944154422598
primary_regime_screened,57.5,D_TD80_10,D,TD80,b_same_polyol_other_iso,11,77.5,20.0,0.036980690998498045,3.6305256847353222
primary_regime_screened,57.5,D_TD80_10,D,TD80,c_other_polyol_same_iso,3,67.5,10.0,-0.12592961348113108,13.420233291948408
primary_regime_screened,57.5,D_TD80_10,D,TD80,c_other_polyol_same_iso,3,77.5,20.0,-0.23817324437862059,26.8929008601046
primary_regime_screened,57.5,D_TD80_10,D,TD80,d_all_other,35,67.5,10.0,-0.04336150719120079,4.431535412977924
primary_regime_screened,57.5,D_TD80_10,D,TD80,d_all_other,35,77.5,20.0,-0.09995249553064312,10.51184187646216
primary_regime_screened,57.5,D_TD80_10,D,TD80,ref_own_curve,1,67.5,10.0,0.021911615497113672,2.167329985088049
primary_regime_screened,57.5,D_TD80_10,D,TD80,ref_own_curve,1,77.5,20.0,0.040841519606289234,4.001874389960402
primary_regime_screened,57.5,D_W_5,D,W,a_same_polyol_same_iso,1,67.5,10.0,-0.05389750567130158,5.537642651312023
primary_regime_screened,57.5,D_W_5,D,W,a_same_polyol_same_iso,1,77.5,20.0,-0.09949777647706415,10.461601459817865
primary_regime_screened,57.5,D_W_5,D,W,b_same_polyol_other_iso,10,67.5,10.0,-0.05003653066901337,5.130950071395287
primary_regime_screened,57.5,D_W_5,D,W,b_same_polyol_other_iso,10,77.5,20.0,-0.12430456139350943,13.236069183721352
primary_regime_screened,57.5,D_W_5,D,W,c_other_polyol_same_iso,2,67.5,10.0,-0.25684056329877025,29.283898434357198
primary_regime_screened,57.5,D_W_5,D,W,c_other_polyol_same_iso,2,77.5,20.0,-0.4786701971734566,61.39267701650084
primary_regime_screened,57.5,D_W_5,D,W,d_all_other,35,67.5,10.0,-0.12355334128437212,13.151035914820564
primary_regime_screened,57.5,D_W_5,D,W,d_all_other,35,77.5,20.0,-0.24185664266031948,27.361159815786717
primary_regime_screened,57.5,D_W_5,D,W,ref_own_curve,1,67.5,10.0,-0.002504688860544224,0.25078282141758174
primary_regime_screened,57.5,D_W_5,D,W,ref_own_curve,1,77.5,20.0,-0.00744696193132155,0.7474759511990332
primary_regime_screened,57.5,D_W_9,D,W,a_same_polyol_same_iso,1,67.5,10.0,0.05454926358454515,5.308814056366855
primary_regime_screened,57.5,D_W_9,D,W,a_same_polyol_same_iso,1,77.5,20.0,0.09405832993162042,8.977033294197556
primary_regime_screened,57.5,D_W_9,D,W,b_same_polyol_other_iso,10,67.5,10.0,0.007017421776075949,0.6992857165547961
primary_regime_screened,57.5,D_W_9,D,W,b_same_polyol_other_iso,10,77.5,20.0,-0.022799269530567406,2.3061159388096986
primary_regime_screened,57.5,D_W_9,D,W,c_other_polyol_same_iso,2,67.5,10.0,-0.19978661085368077,22.114215187455937
primary_regime_screened,57.5,D_W_9,D,W,c_other_polyol_same_iso,2,77.5,20.0,-0.3771649053105145,45.81447453581039
primary_regime_screened,57.5,D_W_9,D,W,d_all_other,35,67.5,10.0,-0.06280412194037294,6.48182442708411
primary_regime_screened,57.5,D_W_9,D,W,d_all_other,35,77.5,20.0,-0.13216843400355555,14.13005368974779
primary_regime_screened,57.5,D_W_9,D,W,ref_own_curve,1,67.5,10.0,0.003156446773787902,0.3151470432898673
primary_regime_screened,57.5,D_W_9,D,W,ref_own_curve,1,77.5,20.0,0.002007515385877706,0.20055016746096233
primary_regime_screened,57.5,P_44M_10,P,44M,a_same_polyol_same_iso,3,67.5,10.0,0.03670773905046132,3.604217858766855
primary_regime_screened,57.5,P_44M_10,P,44M,a_same_polyol_same_iso,3,77.5,20.0,0.0955194155999769,9.109928537033598
primary_regime_screened,57.5,P_44M_10,P,44M,b_same_polyol_other_iso,14,67.5,10.0,-0.002874048501065818,0.28781825379845294
primary_regime_screened,57.5,P_44M_10,P,44M,b_same_polyol_other_iso,14,77.5,20.0,0.005758442105382865,0.5741894056539328
primary_regime_screened,57.5,P_44M_10,P,44M,c_other_polyol_same_iso,6,67.5,10.0,0.16507864242631604,15.217297370834554
primary_regime_screened,57.5,P_44M_10,P,44M,c_other_polyol_same_iso,6,77.5,20.0,0.29414438426992484,25.48311069908729
primary_regime_screened,57.5,P_44M_10,P,44M,d_all_other,35,67.5,10.0,0.0761237778405397,7.329850564968165
primary_regime_screened,57.5,P_44M_10,P,44M,d_all_other,35,77.5,20.0,0.13321276491904246,12.472115633640561
primary_regime_screened,57.5,P_44M_10,P,44M,ref_own_curve,1,67.5,10.0,-0.01282790904700426,1.2910539620063308
primary_regime_screened,57.5,P_44M_10,P,44M,ref_own_curve,1,77.5,20.0,-0.017949504959386534,1.8111565506958063
primary_regime_screened,57.5,P_44M_4,P,44M,a_same_polyol_same_iso,3,67.5,10.0,-0.06543815564154487,6.7626708582904955
primary_regime_screened,57.5,P_44M_4,P,44M,a_same_polyol_same_iso,3,77.5,20.0,-0.09357577759807034,9.80938111000788
primary_regime_screened,57.5,P_44M_4,P,44M,b_same_polyol_other_iso,14,67.5,10.0,-0.06430670048996046,6.641941996876731
primary_regime_screened,57.5,P_44M_4,P,44M,b_same_polyol_other_iso,14,77.5,20.0,-0.0872596706389861,9.117999033830094
primary_regime_screened,57.5,P_44M_4,P,44M,c_other_polyol_same_iso,6,67.5,10.0,0.10364599043742162,9.84556037267806
primary_regime_screened,57.5,P_44M_4,P,44M,c_other_polyol_same_iso,6,77.5,20.0,0.20112627152555596,18.21908409763169
primary_regime_screened,57.5,P_44M_4,P,44M,d_all_other,35,67.5,10.0,0.01110323680638814,1.1041823378696596
primary_regime_screened,57.5,P_44M_4,P,44M,d_all_other,35,77.5,20.0,0.031722377366354415,3.122450124583195
primary_regime_screened,57.5,P_44M_4,P,44M,ref_own_curve,1,67.5,10.0,0.04787916707344042,4.675103601915885
primary_regime_screened,57.5,P_44M_4,P,44M,ref_own_curve,1,77.5,20.0,0.1772636236572891,16.244104493859087
primary_regime_screened,57.5,P_44M_6,P,44M,a_same_polyol_same_iso,3,67.5,10.0,0.01453023946908849,1.4425184977392809
primary_regime_screened,57.5,P_44M_6,P,44M,a_same_polyol_same_iso,3,77.5,20.0,0.05534403949809247,5.384042431369902
primary_regime_screened,57.5,P_44M_6,P,44M,b_same_polyol_other_iso,14,67.5,10.0,-0.019134626440877045,1.9318866651749116
primary_regime_screened,57.5,P_44M_6,P,44M,b_same_polyol_other_iso,14,77.5,20.0,-0.02341905522119636,2.369543459236785
primary_regime_screened,57.5,P_44M_6,P,44M,c_other_polyol_same_iso,6,67.5,10.0,0.1488180644865048,13.827412082164859
primary_regime_screened,57.5,P_44M_6,P,44M,c_other_polyol_same_iso,6,77.5,20.0,0.2649668869433456,23.276864506944165
primary_regime_screened,57.5,P_44M_6,P,44M,d_all_other,35,67.5,10.0,0.05935588690608595,5.7628668145909465
primary_regime_screened,57.5,P_44M_6,P,44M,d_all_other,35,77.5,20.0,0.10310159192527957,9.796467067933396
primary_regime_screened,57.5,P_44M_6,P,44M,ref_own_curve,1,67.5,10.0,-0.011337722062164102,1.1402237622235725
primary_regime_screened,57.5,P_44M_6,P,44M,ref_own_curve,1,77.5,20.0,-0.014133365960139144,1.4233714172165877
primary_regime_screened,57.5,P_44M_8,P,44M,a_same_polyol_same_iso,3,67.5,10.0,0.033442660234153765,3.288963647663111
primary_regime_screened,57.5,P_44M_8,P,44M,a_same_polyol_same_iso,3,77.5,20.0,0.0730301288995325,7.042717740230185
primary_regime_screened,57.5,P_44M_8,P,44M,b_same_polyol_other_iso,14,67.5,10.0,-0.003233643564559241,0.32388774298749734
primary_regime_screened,57.5,P_44M_8,P,44M,b_same_polyol_other_iso,14,77.5,20.0,-0.010336883264622981,1.039049340379051
primary_regime_screened,57.5,P_44M_8,P,44M,c_other_polyol_same_iso,6,67.5,10.0,0.1647190473628226,15.186804447275664
primary_regime_screened,57.5,P_44M_8,P,44M,c_other_polyol_same_iso,6,77.5,20.0,0.27804905889991893,24.274032972333316
primary_regime_screened,57.5,P_44M_8,P,44M,d_all_other,35,67.5,10.0,0.07551033727389189,7.272985496100608
primary_regime_screened,57.5,P_44M_8,P,44M,d_all_other,35,77.5,20.0,0.1165592443962187,11.002263075710752
primary_regime_screened,57.5,P_44M_8,P,44M,ref_own_curve,1,67.5,10.0,-0.004471052852076052,0.44810629218359516
primary_regime_screened,57.5,P_44M_8,P,44M,ref_own_curve,1,77.5,20.0,-0.014862946338132593,1.4973949186361215
primary_regime_screened,57.5,P_I_5,P,I,a_same_polyol_same_iso,1,67.5,10.0,-0.002767819530087867,0.27716534789736186
primary_regime_screened,57.5,P_I_5,P,I,a_same_polyol_same_iso,1,77.5,20.0,-0.012947762707847504,1.3031947931813452
primary_regime_screened,57.5,P_I_5,P,I,b_same_polyol_other_iso,16,67.5,10.0,0.00815487086802158,0.8121710110373758
primary_regime_screened,57.5,P_I_5,P,I,b_same_polyol_other_iso,16,77.5,20.0,0.005911607375794464,0.5894168206341726
primary_regime_screened,57.5,P_I_5,P,I,c_other_polyol_same_iso,2,67.5,10.0,0.16447047785542918,15.165719852651574
primary_regime_screened,57.5,P_I_5,P,I,c_other_polyol_same_iso,2,77.5,20.0,0.2510505066068679,22.201692271877878
primary_regime_screened,57.5,P_I_5,P,I,d_all_other,35,67.5,10.0,0.0802862848972894,7.714789005651947
primary_regime_screened,57.5,P_I_5,P,I,d_all_other,35,77.5,20.0,0.1187991926050213,11.201390296533125
primary_regime_screened,57.5,P_I_5,P,I,ref_own_curve,1,67.5,10.0,0.0020090693902372614,0.20070525612057902
primary_regime_screened,57.5,P_I_5,P,I,ref_own_curve,1,77.5,20.0,0.004866827905210341,0.48550040875530087
primary_regime_screened,57.5,P_I_9,P,I,a_same_polyol_same_iso,1,67.5,10.0,0.002363081627147212,0.2360291747762522
primary_regime_screened,57.5,P_I_9,P,I,a_same_polyol_same_iso,1,77.5,20.0,0.008034969922476876,0.8002775835527208
primary_regime_screened,57.5,P_I_9,P,I,b_same_polyol_other_iso,16,67.5,10.0,0.008508883104931475,0.8472785016447005
primary_regime_screened,57.5,P_I_9,P,I,b_same_polyol_other_iso,16,77.5,20.0,0.009079749393060998,0.9038652944414787
primary_regime_screened,57.5,P_I_9,P,I,c_other_polyol_same_iso,2,67.5,10.0,0.16482449009233907,15.195746910646598
primary_regime_screened,57.5,P_I_9,P,I,c_other_polyol_same_iso,2,77.5,20.0,0.2542186486241344,22.447778335831046
primary_regime_screened,57.5,P_I_9,P,I,d_all_other,35,67.5,10.0,0.08079100418624148,7.761355379263786
primary_regime_screened,57.5,P_I_9,P,I,d_all_other,35,77.5,20.0,0.12251755485467458,11.530962580378706
primary_regime_screened,57.5,P_I_9,P,I,ref_own_curve,1,67.5,10.0,-0.002413807293177958,0.24167228714116412
primary_regime_screened,57.5,P_I_9,P,I,ref_own_curve,1,77.5,20.0,-0.00977962069058097,0.9827597451639226
primary_regime_screened,57.5,P_MLQ_10,P,MLQ,a_same_polyol_same_iso,3,67.5,10.0,0.0020592321891593213,0.2057113425146773
primary_regime_screened,57.5,P_MLQ_10,P,MLQ,a_same_polyol_same_iso,3,77.5,20.0,0.04935311429841498,4.815503971646598
primary_regime_screened,57.5,P_MLQ_10,P,MLQ,b_same_polyol_other_iso,14,67.5,10.0,0.02099711925297304,2.077821454435636
primary_regime_screened,57.5,P_MLQ_10,P,MLQ,b_same_polyol_other_iso,14,77.5,20.0,0.12523765411492568,11.771280151620477
primary_regime_screened,57.5,P_MLQ_10,P,MLQ,c_other_polyol_same_iso,7,67.5,10.0,0.17650435446012339,16.180487074002826
primary_regime_screened,57.5,P_MLQ_10,P,MLQ,c_other_polyol_same_iso,7,77.5,20.0,0.3761631748310879,31.350969403716928
primary_regime_screened,57.5,P_MLQ_10,P,MLQ,d_all_other,35,67.5,10.0,0.08948695689932507,8.559980833971808
primary_regime_screened,57.5,P_MLQ_10,P,MLQ,d_all_other,35,77.5,20.0,0.22278209739646287,19.971078459993162
primary_regime_screened,57.5,P_MLQ_10,P,MLQ,ref_own_curve,1,67.5,10.0,0.01911337429158294,1.8931871966635077
primary_regime_screened,57.5,P_MLQ_10,P,MLQ,ref_own_curve,1,77.5,20.0,0.11735674928962274,11.073210912026122
primary_regime_screened,57.5,P_MLQ_4,P,MLQ,a_same_polyol_same_iso,3,67.5,10.0,-0.04068275174766267,4.1521632209617145
primary_regime_screened,57.5,P_MLQ_4,P,MLQ,a_same_polyol_same_iso,3,77.5,20.0,-0.09715726200346841,10.203366801686348
primary_regime_screened,57.5,P_MLQ_4,P,MLQ,b_same_polyol_other_iso,14,67.5,10.0,-0.014810660466249903,1.4920881775839794
primary_regime_screened,57.5,P_MLQ_4,P,MLQ,b_same_polyol_other_iso,14,77.5,20.0,-0.012691413704560617,1.2772291484421046
primary_regime_screened,57.5,P_MLQ_4,P,MLQ,c_other_polyol_same_iso,7,67.5,10.0,0.14069657474090036,13.124712672430705
primary_regime_screened,57.5,P_MLQ_4,P,MLQ,c_other_polyol_same_iso,7,77.5,20.0,0.23823410701160164,21.198181108530836
primary_regime_screened,57.5,P_MLQ_4,P,MLQ,d_all_other,35,67.5,10.0,0.05310515588048359,5.1719710009652315
primary_regime_screened,57.5,P_MLQ_4,P,MLQ,d_all_other,35,77.5,20.0,0.08419116505076873,8.074449022881245
primary_regime_screened,57.5,P_MLQ_4,P,MLQ,ref_own_curve,1,67.5,10.0,0.0041082072251570345,0.40997800859490385
primary_regime_screened,57.5,P_MLQ_4,P,MLQ,ref_own_curve,1,77.5,20.0,0.005171606917324212,0.515825718138065
primary_regime_screened,57.5,P_MLQ_6,P,MLQ,a_same_polyol_same_iso,3,67.5,10.0,0.0049703716735973735,0.495803981607542
primary_regime_screened,57.5,P_MLQ_6,P,MLQ,a_same_polyol_same_iso,3,77.5,20.0,0.007842692356547554,0.7812018685283655
primary_regime_screened,57.5,P_MLQ_6,P,MLQ,b_same_polyol_other_iso,14,67.5,10.0,0.009107426831968413,0.9066079837002703
primary_regime_screened,57.5,P_MLQ_6,P,MLQ,b_same_polyol_other_iso,14,77.5,20.0,0.03353172787665537,3.29757708807979
primary_regime_screened,57.5,P_MLQ_6,P,MLQ,c_other_polyol_same_iso,7,67.5,10.0,0.16461466203911868,15.177950732312617
primary_regime_screened,57.5,P_MLQ_6,P,MLQ,c_other_polyol_same_iso,7,77.5,20.0,0.2844572485928175,24.75774781019851
primary_regime_screened,57.5,P_MLQ_6,P,MLQ,d_all_other,35,67.5,10.0,0.07897430890896517,7.593633565614382
primary_regime_screened,57.5,P_MLQ_6,P,MLQ,d_all_other,35,77.5,20.0,0.13568860079453393,12.688552268509207
primary_regime_screened,57.5,P_MLQ_6,P,MLQ,ref_own_curve,1,67.5,10.0,-0.03717881384575916,3.787859130872088
primary_regime_screened,57.5,P_MLQ_6,P,MLQ,ref_own_curve,1,77.5,20.0,-0.12493568983788039,13.307558244928972
primary_regime_screened,57.5,P_MLQ_8,P,MLQ,a_same_polyol_same_iso,3,67.5,10.0,-0.008631164081542408,0.8668519975847438
primary_regime_screened,57.5,P_MLQ_8,P,MLQ,a_same_polyol_same_iso,3,77.5,20.0,0.005662007960157034,0.5646009002736523
primary_regime_screened,57.5,P_MLQ_8,P,MLQ,b_same_polyol_other_iso,14,67.5,10.0,0.0011192085676998698,0.1118582487384131
primary_regime_screened,57.5,P_MLQ_8,P,MLQ,b_same_polyol_other_iso,14,77.5,20.0,0.0551571085994888,5.3663541322060295
primary_regime_screened,57.5,P_MLQ_8,P,MLQ,c_other_polyol_same_iso,7,67.5,10.0,0.15662644377485013,14.497660151853657
primary_regime_screened,57.5,P_MLQ_8,P,MLQ,c_other_polyol_same_iso,7,77.5,20.0,0.30608262931565106,26.36742251525114
primary_regime_screened,57.5,P_MLQ_8,P,MLQ,d_all_other,35,67.5,10.0,0.07044112567007177,6.801739223784412
primary_regime_screened,57.5,P_MLQ_8,P,MLQ,d_all_other,35,77.5,20.0,0.15508601261406896,14.365848185666854
primary_regime_screened,57.5,P_MLQ_8,P,MLQ,ref_own_curve,1,67.5,10.0,-0.028327079637396446,2.8732106724428874
primary_regime_screened,57.5,P_MLQ_8,P,MLQ,ref_own_curve,1,77.5,20.0,-0.031892113757328366,3.240611687972575
primary_regime_screened,57.5,P_TD80_10,P,TD80,a_same_polyol_same_iso,2,67.5,10.0,0.006889304864943949,0.6865628007746674
primary_regime_screened,57.5,P_TD80_10,P,TD80,a_same_polyol_same_iso,2,77.5,20.0,-0.0063687867269210385,0.6389110572277659
primary_regime_screened,57.5,P_TD80_10,P,TD80,b_same_polyol_other_iso,15,67.5,10.0,0.02051110511860153,2.030218324634106
primary_regime_screened,57.5,P_TD80_10,P,TD80,b_same_polyol_other_iso,15,77.5,20.0,0.02788829185124253,2.7503003427122064
primary_regime_screened,57.5,P_TD80_10,P,TD80,c_other_polyol_same_iso,1,67.5,10.0,0.15202265415505195,14.103117869215689
primary_regime_screened,57.5,P_TD80_10,P,TD80,c_other_polyol_same_iso,1,77.5,20.0,0.2689887759961329,23.584816755681175
primary_regime_screened,57.5,P_TD80_10,P,TD80,d_all_other,35,67.5,10.0,0.09113191296601081,8.710272003162403
primary_regime_screened,57.5,P_TD80_10,P,TD80,d_all_other,35,77.5,20.0,0.1363050639094564,12.742359968610915
primary_regime_screened,57.5,P_TD80_10,P,TD80,ref_own_curve,1,67.5,10.0,-0.0012343341994469972,0.12350963034363759
primary_regime_screened,57.5,P_TD80_10,P,TD80,ref_own_curve,1,77.5,20.0,-0.01734039051243691,1.7491607875544248
primary_regime_screened,57.5,P_TD80_4,P,TD80,a_same_polyol_same_iso,2,67.5,10.0,-0.023124026707933343,2.33934597980436
primary_regime_screened,57.5,P_TD80_4,P,TD80,a_same_polyol_same_iso,2,77.5,20.0,-0.059676223930421046,6.149280493244096
primary_regime_screened,57.5,P_TD80_4,P,TD80,b_same_polyol_other_iso,15,67.5,10.0,-0.00815957596479322,0.8192956032053762
primary_regime_screened,57.5,P_TD80_4,P,TD80,b_same_polyol_other_iso,15,77.5,20.0,-0.029519218220611987,2.995922926537974
primary_regime_screened,57.5,P_TD80_4,P,TD80,c_other_polyol_same_iso,1,67.5,10.0,0.12335197307165724,11.604751966955025
primary_regime_screened,57.5,P_TD80_4,P,TD80,c_other_polyol_same_iso,1,77.5,20.0,0.21158126592427828,19.06964904174555
primary_regime_screened,57.5,P_TD80_4,P,TD80,d_all_other,35,67.5,10.0,0.06240542662024051,6.049808951693775
primary_regime_screened,57.5,P_TD80_4,P,TD80,d_all_other,35,77.5,20.0,0.07919764919971306,7.614269325876666
primary_regime_screened,57.5,P_TD80_4,P,TD80,ref_own_curve,1,67.5,10.0,-0.027219714303876374,2.7593554964684275
primary_regime_screened,57.5,P_TD80_4,P,TD80,ref_own_curve,1,77.5,20.0,-0.08294804632099995,8.648536017025975
primary_regime_screened,57.5,P_TD80_7,P,TD80,a_same_polyol_same_iso,2,67.5,10.0,-0.015965892679874583,1.6094028570762304
primary_regime_screened,57.5,P_TD80_7,P,TD80,a_same_polyol_same_iso,2,77.5,20.0,-0.04275919321096867,4.368653778366422
primary_regime_screened,57.5,P_TD80_7,P,TD80,b_same_polyol_other_iso,15,67.5,10.0,0.004436896148693303,0.44270676663342984
primary_regime_screened,57.5,P_TD80_7,P,TD80,b_same_polyol_other_iso,15,77.5,20.0,0.0065695620210700564,0.6548029627098058
primary_regime_screened,57.5,P_TD80_7,P,TD80,c_other_polyol_same_iso,1,67.5,10.0,0.13594844518514373,12.711236711098037
primary_regime_screened,57.5,P_TD80_7,P,TD80,c_other_polyol_same_iso,1,77.5,20.0,0.24767004616596036,21.938253148336663
primary_regime_screened,57.5,P_TD80_7,P,TD80,d_all_other,35,67.5,10.0,0.0746622710199436,7.194313489448674
primary_regime_screened,57.5,P_TD80_7,P,TD80,d_all_other,35,77.5,20.0,0.11410785991587971,10.783827779568464
primary_regime_screened,57.5,P_TD80_7,P,TD80,ref_own_curve,1,67.5,10.0,-0.003746566019536657,0.375359317116122
primary_regime_screened,57.5,P_TD80_7,P,TD80,ref_own_curve,1,77.5,20.0,-0.00851576703486439,0.855212932326308
primary_regime_screened,57.5,P_TDS_10,P,TDS,a_same_polyol_same_iso,2,67.5,10.0,0.08381928881691411,8.040257738119788
primary_regime_screened,57.5,P_TDS_10,P,TDS,a_same_polyol_same_iso,2,77.5,20.0,0.1598788708256329,14.77529853084919
primary_regime_screened,57.5,P_TDS_10,P,TDS,b_same_polyol_other_iso,15,67.5,10.0,0.07312743838944996,7.05176292585266
primary_regime_screened,57.5,P_TDS_10,P,TDS,b_same_polyol_other_iso,15,77.5,20.0,0.13674619264634025,12.78084333245853
primary_regime_screened,57.5,P_TDS_10,P,TDS,d_all_other,35,67.5,10.0,0.15709224665399907,14.53747811354834
primary_regime_screened,57.5,P_TDS_10,P,TDS,d_all_other,35,77.5,20.0,0.27997220629282654,24.419525222035762
primary_regime_screened,57.5,P_TDS_10,P,TDS,ref_own_curve,1,67.5,10.0,0.2641268475865947,23.21238697551629
primary_regime_screened,57.5,P_TDS_10,P,TDS,ref_own_curve,1,77.5,20.0,0.6205445837674837,46.23484384588372
primary_regime_screened,57.5,P_TDS_4,P,TDS,a_same_polyol_same_iso,2,67.5,10.0,0.05892931052783923,5.722658904357708
primary_regime_screened,57.5,P_TDS_4,P,TDS,a_same_polyol_same_iso,2,77.5,20.0,0.15997382851367042,14.78339088724258
primary_regime_screened,57.5,P_TDS_4,P,TDS,b_same_polyol_other_iso,15,67.5,10.0,-0.02465989046679462,2.4966460372080617
primary_regime_screened,57.5,P_TDS_4,P,TDS,b_same_polyol_other_iso,15,77.5,20.0,-0.05110646487162662,5.2434934669077125
primary_regime_screened,57.5,P_TDS_4,P,TDS,d_all_other,35,67.5,10.0,0.05739123311357708,5.57754148303621
primary_regime_screened,57.5,P_TDS_4,P,TDS,d_all_other,35,77.5,20.0,0.08562304071807825,8.205980791486981
primary_regime_screened,57.5,P_TDS_4,P,TDS,ref_own_curve,1,67.5,10.0,-0.0031863027492718965,0.3191384407677549
primary_regime_screened,57.5,P_TDS_4,P,TDS,ref_own_curve,1,77.5,20.0,-0.004485425074276295,0.4495499650611888
primary_regime_screened,57.5,P_TDS_7,P,TDS,a_same_polyol_same_iso,2,67.5,10.0,0.0836718901030919,8.02670199136169
primary_regime_screened,57.5,P_TDS_7,P,TDS,a_same_polyol_same_iso,2,77.5,20.0,0.2279800916352519,20.385989047462648
primary_regime_screened,57.5,P_TDS_7,P,TDS,b_same_polyol_other_iso,15,67.5,10.0,-0.00017149983307201966,0.017151454000912524
primary_regime_screened,57.5,P_TDS_7,P,TDS,b_same_polyol_other_iso,15,77.5,20.0,0.023257474486408018,2.298910399271298
primary_regime_screened,57.5,P_TDS_7,P,TDS,d_all_other,35,67.5,10.0,0.08250685045365841,7.919487009767242
primary_regime_screened,57.5,P_TDS_7,P,TDS,d_all_other,35,77.5,20.0,0.161351930312015,14.900747166486724
primary_regime_screened,57.5,P_TDS_7,P,TDS,ref_own_curve,1,67.5,10.0,-0.0002613866956636679,0.02614208601426515
primary_regime_screened,57.5,P_TDS_7,P,TDS,ref_own_curve,1,77.5,20.0,0.02290179104764979,2.2641535589018593
primary_regime_screened,57.5,P_W_5,P,W,a_same_polyol_same_iso,1,67.5,10.0,-0.006080801280915038,0.6099326884159034
primary_regime_screened,57.5,P_W_5,P,W,a_same_polyol_same_iso,1,77.5,20.0,-0.01787304425026015,1.8033722950676079
primary_regime_screened,57.5,P_W_5,P,W,b_same_polyol_other_iso,16,67.5,10.0,0.06408439150337891,6.207415678125079
primary_regime_screened,57.5,P_W_5,P,W,b_same_polyol_other_iso,16,77.5,20.0,0.12388439638023052,11.651803130695315
primary_regime_screened,57.5,P_W_5,P,W,c_other_polyol_same_iso,2,67.5,10.0,0.2456238051246462,21.778356460381463
primary_regime_screened,57.5,P_W_5,P,W,c_other_polyol_same_iso,2,77.5,20.0,0.4678838354352841,37.367372364890585
primary_regime_screened,57.5,P_W_5,P,W,d_all_other,35,67.5,10.0,0.13131106243918622,12.305505267422994
primary_regime_screened,57.5,P_W_5,P,W,d_all_other,35,77.5,20.0,0.2268078636158477,20.292608552163394
primary_regime_screened,57.5,P_W_5,P,W,ref_own_curve,1,67.5,10.0,-0.012589069203973013,1.266864511394859
primary_regime_screened,57.5,P_W_5,P,W,ref_own_curve,1,77.5,20.0,-0.029106104013045475,2.953382635060003
primary_regime_screened,57.5,P_W_9,P,W,a_same_polyol_same_iso,1,67.5,10.0,-0.02380400973172292,2.4089586627754107
primary_regime_screened,57.5,P_W_9,P,W,a_same_polyol_same_iso,1,77.5,20.0,-0.05010406461027139,5.138050218549572
primary_regime_screened,57.5,P_W_9,P,W,b_same_polyol_other_iso,16,67.5,10.0,0.052869450975628784,5.149616935034448
primary_regime_screened,57.5,P_W_9,P,W,b_same_polyol_other_iso,16,77.5,20.0,0.10288643578300449,9.777057135759962
primary_regime_screened,57.5,P_W_9,P,W,c_other_polyol_same_iso,2,67.5,10.0,0.23440886459689625,20.896167779720567
primary_regime_screened,57.5,P_W_9,P,W,c_other_polyol_same_iso,2,77.5,20.0,0.4468858748380583,36.038309950805335
primary_regime_screened,57.5,P_W_9,P,W,d_all_other,35,67.5,10.0,0.1199114884944642,11.300105714540122
primary_regime_screened,57.5,P_W_9,P,W,d_all_other,35,77.5,20.0,0.20549647889490907,18.575703840285655
primary_regime_screened,57.5,P_W_9,P,W,ref_own_curve,1,67.5,10.0,-0.017295741808665,1.744617920832691
primary_regime_screened,57.5,P_W_9,P,W,ref_own_curve,1,77.5,20.0,-0.03887100484748607,3.9636366948428066
