model,omega_prior,basis,task,fold,held_formulation,held_realization,anchor_temperature_c,target_temperature_c,observed_viscosity,posterior_mean_ln,predicted_viscosity_median,log_error_postmean_minus_obs,pit,fold_sigma_posterior_median,n_train_realizations,lo50,hi50,covered50,width_ratio50,lo80,hi80,covered80,width_ratio80,lo95,hi95,covered95,width_ratio95
heteroscedastic,half_normal_1.0 (main),quadratic_z,lofo_anchor,E1@80,E1,E1__R01__day1_1,80.0,90.0,2288.0,7.708827558889491,2227.2999018823407,-0.026605793610197992,0.7009,0.040562548111718624,5,2147.9297168729454,2310.684711647038,True,1.0757729610496933,2025.502907522529,2449.6213574636026,True,1.209389208164519,1760.3251441961793,2816.5362296312396,True,1.6000090886149105
heteroscedastic,half_normal_1.0 (main),quadratic_z,lofo_anchor,E1@80,E1,E1__R01__day1_1,80.0,100.0,1512.0,7.291066296367551,1466.8304798622794,-0.030122260371927112,0.7126,0.040562548111718624,5,1410.9645587258412,1523.665732378855,True,1.079875268982509,1329.7705511256224,1618.9742376004613,True,1.2174839006849971,1156.2961000477674,1872.9413626868095,True,1.619776597542305
heteroscedastic,half_normal_1.0 (main),quadratic_z,lofo_anchor,E1@80,E1,E1__R01__day1_1,80.0,110.0,1073.0,6.936434873124101,1028.6101865594376,-0.04177886950659726,0.766,0.040562548111718624,5,990.4019356310655,1068.6133560153653,False,1.078969373514466,935.652156544217,1134.2740035994536,True,1.2122817178008078,813.1879227233427,1310.3662090445666,True,1.6113940854608224
heteroscedastic,half_normal_1.0 (main),quadratic_z,lofo_anchor,E1@80,E1,E1__R01__day1_1,80.0,120.0,780.0,6.637043023572443,762.2723275171446,-0.022250896111194685,0.66755,0.040562548111718624,5,733.9648665564076,792.0920996847195,True,1.0791962064901435,692.1542567343348,841.5953484763937,True,1.2159072060715765,598.6772373411402,969.310482583582,True,1.619086917165094
heteroscedastic,half_normal_1.0 (main),quadratic_z,lofo_anchor,E1@80,E1,E1__R01__day1_1,80.0,130.0,599.0,6.386080682802979,592.8668316164067,-0.009180915312470006,0.57305,0.040562548111718624,5,570.4640221533939,618.1862722601974,True,1.0836551443273512,537.7005057794189,656.1942368197106,True,1.220371247128604,465.8672128634572,756.0665274314096,True,1.6229228126706738
heteroscedastic,half_normal_1.0 (main),quadratic_z,lofo_anchor,E1@90,E1,E1__R01__day1_1,90.0,80.0,3636.0,8.226834732835016,3733.7531749705186,0.02819527753764639,0.303,0.04140453773429021,5,3597.7533919414086,3875.3571747797805,True,1.0771603143951376,3388.6091938265936,4109.129873954927,True,1.2126302087124667,2912.2559215191914,4770.529524643139,True,1.6380873292737854
heteroscedastic,half_normal_1.0 (main),quadratic_z,lofo_anchor,E1@90,E1,E1__R01__day1_1,90.0,100.0,1512.0,7.318935563597333,1506.5902948576916,-0.002252993142144888,0.5344,0.04140453773429021,5,1453.8847897526261,1560.3839621406644,True,1.0732514523424919,1371.1877878264352,1657.491329452893,True,1.2087996583460663,1189.93398104976,1903.016220113152,True,1.5992620182460129
heteroscedastic,half_normal_1.0 (main),quadratic_z,lofo_anchor,E1@90,E1,E1__R01__day1_1,90.0,110.0,1073.0,6.964355210825908,1056.690718086485,-0.013858531804790353,0.63145,0.04140453773429021,5,1019.8170400641482,1094.9130747685963,True,1.0736367718465702,960.0369166071563,1163.6937462371557,True,1.2121343732798715,824.5914073819539,1340.634916790821,True,1.62581722873791
heteroscedastic,half_normal_1.0 (main),quadratic_z,lofo_anchor,E1@90,E1,E1__R01__day1_1,90.0,120.0,780.0,6.6650619025041555,783.6069319210221,0.005767982820517936,0.4604,0.04140453773429021,5,755.6236209194578,813.3745099237547,True,1.0764281150105184,710.9106299988595,863.3315956795193,True,1.214402428728495,611.2055756694538,992.105279988119,True,1.623194092922771
heteroscedastic,half_normal_1.0 (main),quadratic_z,lofo_anchor,E1@90,E1,E1__R01__day1_1,90.0,130.0,599.0,6.414238407834497,609.6950185262373,0.018976809719047694,0.38005,0.04140453773429021,5,585.0291157188288,635.8812459437084,True,1.0869223921657254,551.8825036972012,675.0709474879673,True,1.223214983199314,479.0675140817058,783.4166910736543,True,1.6352949595744062
heteroscedastic,half_normal_1.0 (main),quadratic_z,lofo_anchor,E1@100,E1,E1__R01__day1_1,100.0,80.0,3636.0,8.230057469718096,3750.9441220764134,0.03141801442072634,0.2809,0.03998294626409128,5,3614.0306425835734,3893.5670653333586,True,1.077347551915042,3410.5264976404483,4124.73556186132,True,1.2094131403802295,2953.232585577767,4749.221122240088,True,1.6081432750786733
heteroscedastic,half_normal_1.0 (main),quadratic_z,lofo_anchor,E1@100,E1,E1__R01__day1_1,100.0,90.0,2288.0,7.739522262031993,2296.1467227495955,0.004088909532304008,0.4636,0.03998294626409128,5,2218.1024709506355,2377.056113235177,True,1.0716619923408752,2092.678384065183,2527.099612367413,True,1.2075910142763242,1818.2849424977312,2936.998251567879,True,1.6152574235880766
heteroscedastic,half_normal_1.0 (main),quadratic_z,lofo_anchor,E1@100,E1,E1__R01__day1_1,100.0,110.0,1073.0,6.967233172442243,1060.7932234453208,-0.010980570188455552,0.60645,0.03998294626409128,5,1026.2123288725934,1098.9294646673254,True,1.0708597370630109,967.8235996817205,1167.310495119722,True,1.206119064986228,841.6598689091282,1364.4505577306938,True,1.6211424687494633
heteroscedastic,half_normal_1.0 (main),quadratic_z,lofo_anchor,E1@100,E1,E1__R01__day1_1,100.0,120.0,780.0,6.6683158730882965,786.425329548607,0.009021953404658944,0.4308,0.03998294626409128,5,759.2319626004353,815.8396695074377,True,1.074559172552636,717.0052910429918,866.1713630970113,True,1.2080404062807333,619.6467609280483,996.1272564122534,True,1.6075727643929716
heteroscedastic,half_normal_1.0 (main),quadratic_z,lofo_anchor,E1@100,E1,E1__R01__day1_1,100.0,130.0,599.0,6.41805442939019,612.5959711888205,0.02279283127474052,0.3499,0.03998294626409128,5,588.3020101815289,639.2974135389078,True,1.0866823544282018,554.6925634292741,678.2107266330511,True,1.2226785995473801,482.08995893750915,780.3862002232688,True,1.618756387175503
heteroscedastic,half_normal_1.0 (main),quadratic_z,lofo_anchor,E1@110,E1,E1__R01__day1_1,110.0,80.0,3636.0,8.242069843981463,3791.4383316218527,0.04343038868409366,0.2424,0.04127965211803447,5,3643.3522435346317,3941.5851821856845,False,1.0818567403632977,3439.5621775082946,4187.653907073082,True,1.2174962076442892,2961.9295667183283,4868.45798385368,True,1.6436778370957994
heteroscedastic,half_normal_1.0 (main),quadratic_z,lofo_anchor,E1@110,E1,E1__R01__day1_1,110.0,90.0,2288.0,7.75171518405484,2323.444447335582,0.01628183155515117,0.37405,0.04127965211803447,5,2238.8273350500767,2406.002714239772,True,1.0746709567872756,2105.589519827433,2558.601702695488,True,1.2151474342944024,1819.0791478936926,2969.5191215395544,True,1.6324298615472304
heteroscedastic,half_normal_1.0 (main),quadratic_z,lofo_anchor,E1@110,E1,E1__R01__day1_1,110.0,100.0,1512.0,7.333953863918685,1529.2907517929673,0.01276530717920732,0.39565,0.04127965211803447,5,1473.0769179975855,1583.8808730651099,True,1.0752193953443685,1387.790915068244,1683.3743821860662,True,1.2129884724769848,1195.7573090805645,1959.8884528944827,True,1.6390353109373588
heteroscedastic,half_normal_1.0 (main),quadratic_z,lofo_anchor,E1@110,E1,E1__R01__day1_1,110.0,120.0,780.0,6.680637383611034,795.3616668026431,0.021343463927396833,0.34305,0.04127965211803447,5,766.6498948852419,824.8693575723912,True,1.0759400908753325,723.0056607950544,875.8659882715298,True,1.2114234172224632,624.4405341712351,1026.9640023911659,True,1.6446145728738841
heteroscedastic,half_normal_1.0 (main),quadratic_z,lofo_anchor,E1@110,E1,E1__R01__day1_1,110.0,130.0,599.0,6.430312624817267,619.4617007902435,0.03505102670181781,0.2797,0.04127965211803447,5,595.536482846362,645.3726320198351,True,1.0836827811711578,561.0434947129834,685.5715494242901,True,1.2219579335377773,483.3006826944176,789.2686227133072,True,1.633079883754991
heteroscedastic,half_normal_1.0 (main),quadratic_z,lofo_anchor,E1@120,E1,E1__R01__day1_1,120.0,80.0,3636.0,8.223699818677185,3722.6359882298825,0.025060363379814987,0.33485,0.04216881850522689,5,3574.864851429471,3871.361316835103,True,1.082939209656296,3358.7684410849383,4112.401644541559,True,1.2243778386857729,2860.1016678381025,4806.209758183866,True,1.6804331860750916
heteroscedastic,half_normal_1.0 (main),quadratic_z,lofo_anchor,E1@120,E1,E1__R01__day1_1,120.0,90.0,2288.0,7.733356192729992,2278.682287642058,-0.0020771597696969124,0.5332,0.04216881850522689,5,2191.9921878236114,2367.893677020061,True,1.0802473157402532,2061.9957180089073,2520.773279995681,True,1.2224920051869825,1769.5881661547699,2971.5748586229515,True,1.6792465701666852
heteroscedastic,half_normal_1.0 (main),quadratic_z,lofo_anchor,E1@120,E1,E1__R01__day1_1,120.0,100.0,1512.0,7.315529166061805,1501.2474001340913,-0.00565939067767296,0.55805,0.04216881850522689,5,1443.606263426664,1559.9462581524697,True,1.0805898378756347,1354.8859693167701,1661.1707533834904,True,1.2260594551888162,1161.3405296011515,1946.5305019332532,True,1.6761065788358958
heteroscedastic,half_normal_1.0 (main),quadratic_z,lofo_anchor,E1@120,E1,E1__R01__day1_1,120.0,110.0,1073.0,6.961015149814342,1052.6168433921841,-0.017198592816356495,0.65535,0.04216881850522689,5,1013.6486750375011,1092.8568491176406,True,1.078141644171941,949.8105971743744,1163.8405362867124,True,1.2253395990201241,814.8898602297504,1362.39741770454,True,1.6718792123888069
heteroscedastic,half_normal_1.0 (main),quadratic_z,lofo_anchor,E1@120,E1,E1__R01__day1_1,120.0,130.0,599.0,6.4113399188536,606.8822824356687,0.016078320738150964,0.39465,0.04216881850522689,5,584.6398051729266,631.3791279646305,True,1.079945502133368,549.7579883280125,673.3863618767313,True,1.2248778120072648,468.4707090080799,792.4926929485697,True,1.691659003882143
heteroscedastic,half_normal_1.0 (main),quadratic_z,lofo_anchor,E1@130,E1,E1__R01__day1_1,130.0,80.0,3636.0,8.210286897973509,3671.78091544638,0.011647442676139264,0.42955,0.04128847630882594,5,3524.1840587918027,3819.80792345741,True,1.083884343080241,3317.364501419008,4064.673469788986,True,1.2252718891910477,2854.03714503992,4700.923176182034,True,1.6471135228046518
heteroscedastic,half_normal_1.0 (main),quadratic_z,lofo_anchor,E1@130,E1,E1__R01__day1_1,130.0,90.0,2288.0,7.720395782713179,2250.408914344485,-0.015037569786509941,0.60615,0.04128847630882594,5,2156.463185120668,2346.3073504294307,True,1.088034966986065,2027.5904968728812,2487.943380604417,True,1.2270443092140797,1758.6239875746826,2853.572124312548,True,1.6226164003641892
heteroscedastic,half_normal_1.0 (main),quadratic_z,lofo_anchor,E1@130,E1,E1__R01__day1_1,130.0,100.0,1512.0,7.302738277178083,1481.4398099674781,-0.018450279561395,0.6328,0.04128847630882594,5,1418.1463699708786,1544.64299732536,True,1.0891985693670527,1331.997767576359,1639.824084417604,True,1.2311012257936074,1152.0765598078317,1907.863770744637,True,1.6560216892728654
heteroscedastic,half_normal_1.0 (main),quadratic_z,lofo_anchor,E1@130,E1,E1__R01__day1_1,130.0,110.0,1073.0,6.948152679970903,1039.3280678169094,-0.030061062659795468,0.71045,0.04128847630882594,5,996.7747351134673,1081.856544706426,True,1.0853571088790421,940.348524269835,1149.9460760016127,True,1.2228934765378896,811.1706377269658,1325.1499427438887,True,1.6336266145643263
heteroscedastic,half_normal_1.0 (main),quadratic_z,lofo_anchor,E1@130,E1,E1__R01__day1_1,130.0,120.0,780.0,6.648757051346556,770.6042515087878,-0.010536868337081451,0.6001,0.04128847630882594,5,741.9641187154077,799.7609844326842,True,1.0778971169351725,697.8112012720075,852.0896309971125,True,1.2210890702870318,604.6783729873638,995.3949121194893,True,1.6461559675134776
heteroscedastic,half_normal_1.0 (main),quadratic_z,lofo_anchor,E2@80,E2,E2__R01__day1_0,80.0,90.0,5527.0,8.699773832377256,5920.435419717181,0.08237338054399324,0.02955,0.012486146244192729,2,5846.811407807945,5998.147207760675,False,1.0258834755214838,5750.1183507664655,6136.68755378297,False,1.0672280428741048,5482.798002819561,7037.884275229151,True,1.2836300501331397
heteroscedastic,half_normal_1.0 (main),quadratic_z,lofo_anchor,E2@80,E2,E2__R01__day1_0,80.0,100.0,3705.0,8.290030163827703,3930.836788438367,0.07259162609751613,0.0408,0.012486146244192729,2,3874.926288304286,3986.702442458131,False,1.0288460078559996,3806.8369510759185,4076.9952774336416,False,1.0709666134456766,3615.505367117633,4686.937685511237,True,1.296343722274094
heteroscedastic,half_normal_1.0 (main),quadratic_z,lofo_anchor,E2@80,E2,E2__R01__day1_0,80.0,110.0,2622.0,7.932968681215355,2750.7064852562035,0.061276016891709695,0.0551,0.012486146244192729,2,2710.1438587071725,2791.733931746054,False,1.030105439892701,2662.3422250836693,2856.311578566684,False,1.0728566566895505,2540.3939335343566,3261.7249979806425,True,1.2839445705346668
heteroscedastic,half_normal_1.0 (main),quadratic_z,lofo_anchor,E2@80,E2,E2__R01__day1_0,80.0,120.0,1955.0,7.622242171234198,2016.4459816168828,0.044096698814731994,0.10915,0.012486146244192729,2,1986.369964213976,2046.2101778549275,False,1.0301254120425802,1951.7026796798818,2091.950760171922,True,1.0718593472008981,1860.1334372671934,2378.2828715397636,True,1.278554980998464
heteroscedastic,half_normal_1.0 (main),quadratic_z,lofo_anchor,E2@80,E2,E2__R01__day1_0,80.0,130.0,1536.0,7.352358357398226,1539.0934325293183,0.015421443690608605,0.4635,0.012486146244192729,2,1515.4425659766173,1561.933005231439,True,1.030677796901436,1488.525055868574,1597.2194564303525,True,1.0730215458135866,1420.950403220335,1816.3363615779085,True,1.2782545804987289
heteroscedastic,half_normal_1.0 (main),quadratic_z,lofo_anchor,E2@80,E2,E2__R02__day1_0,80.0,90.0,11540.0,9.371295494692697,11741.936749506183,0.0177209546306063,0.19605,0.012486146244192729,2,11591.499135627173,11889.32781535654,False,1.02569371538958,11374.43299793982,12115.905524273976,True,1.0651876472847879,10710.437012865097,12925.219192151828,True,1.2067872839013378
heteroscedastic,half_normal_1.0 (main),quadratic_z,lofo_anchor,E2@80,E2,E2__R02__day1_0,80.0,100.0,7544.0,8.961551826143141,7796.591998597082,0.03304400182984857,0.1036,0.012486146244192729,2,7685.098067508101,7903.4156707622,False,1.0284079137749882,7536.950538867673,8057.711838707486,True,1.069094429790175,7083.981583424746,8610.317989678802,True,1.2154630680894785
heteroscedastic,half_normal_1.0 (main),quadratic_z,lofo_anchor,E2@80,E2,E2__R02__day1_0,80.0,110.0,5710.0,8.604490343530793,5455.521634809642,-0.04548395911926306,0.93155,0.012486146244192729,2,5373.68494921682,5533.028231307372,False,1.0296525165871095,5273.811318942371,5643.45912389153,False,1.070091207780124,4973.072166755212,6025.9658418067975,True,1.2117189615888018
heteroscedastic,half_normal_1.0 (main),quadratic_z,lofo_anchor,E2@80,E2,E2__R02__day1_0,80.0,120.0,4017.0,8.293763833549637,3998.4882442361672,-0.004526800809646403,0.5883,0.012486146244192729,2,3938.1002461269286,4056.0657624049677,True,1.0299549297644357,3863.5281037432696,4135.855433885706,True,1.070486695794599,3649.2114932048544,4402.545393892098,True,1.2064374460318392
heteroscedastic,half_normal_1.0 (main),quadratic_z,lofo_anchor,E2@80,E2,E2__R02__day1_0,80.0,130.0,3302.0,8.023880019713665,3053.0339723824027,-0.0784036047664074,0.96675,0.012486146244192729,2,3005.7779075381154,3097.77476501359,False,1.0306066716522062,2948.87666454793,3157.1325309424983,False,1.0706221012557995,2777.077395523962,3376.2797798941547,True,1.2157672614151753
heteroscedastic,half_normal_1.0 (main),quadratic_z,lofo_anchor,E2@80,E2,E2__R02__day1_1,80.0,90.0,15300.0,9.632663533215876,15290.896279740224,-0.0029445741646512147,0.5139,0.012486146244192729,2,15094.565876201184,15474.863621981169,True,1.0251943480123253,14804.370279112256,15752.281965872022,True,1.0640291798224737,13878.175070445475,16614.59648191764,True,1.197174440989692
heteroscedastic,half_normal_1.0 (main),quadratic_z,lofo_anchor,E2@80,E2,E2__R02__day1_1,80.0,100.0,10330.0,9.222919864666322,10152.38318768968,-0.01988769744736274,0.80015,0.012486146244192729,2,10008.324691263417,10286.908667638601,False,1.0278352256715222,9813.832455822934,10480.760139041859,True,1.0679579243094994,9172.162268451235,11052.45667801836,True,1.205000124783512
heteroscedastic,half_normal_1.0 (main),quadratic_z,lofo_anchor,E2@80,E2,E2__R02__day1_1,80.0,110.0,6671.0,8.865858382053975,7104.847929807152,0.06033332934445923,0.04435,0.012486146244192729,2,6997.906287457356,7201.34072225886,False,1.0290707572300775,6859.5413208677965,7336.936767307216,False,1.0695958263254581,6408.946142960275,7762.021649457213,True,1.2111229328995352
heteroscedastic,half_normal_1.0 (main),quadratic_z,lofo_anchor,E2@80,E2,E2__R02__day1_1,80.0,120.0,4863.0,8.555131872072817,5206.9380547350265,0.06572106166903069,0.0401,0.012486146244192729,2,5127.870760350905,5280.072937010513,False,1.029681359724673,5026.742658485448,5378.500433663383,False,1.0699772793389664,4721.756729376144,5688.793343172315,True,1.204804412683908
heteroscedastic,half_normal_1.0 (main),quadratic_z,lofo_anchor,E2@80,E2,E2__R02__day1_1,80.0,130.0,3845.0,8.285248058236848,3975.5334874474547,0.030719176297102635,0.1116,0.012486146244192729,2,3913.28404747121,4032.7491080698805,False,1.030528083100911,3836.087622549038,4104.532272528868,True,1.0699787586711722,3619.5873928100823,4331.1682226944895,True,1.1965916975227302
heteroscedastic,half_normal_1.0 (main),quadratic_z,lofo_anchor,E2@80,E2,E2__R03__day1_0,80.0,90.0,15560.0,9.742252219714889,17091.42165666807,0.08979342198250606,0.02965,0.012486146244192729,2,16869.413647624202,17303.14124747698,False,1.0257108876996361,16515.12119175463,17613.32308943752,False,1.0664967507614282,15306.641776203336,18606.688292545365,True,1.2155957240387298
heteroscedastic,half_normal_1.0 (main),quadratic_z,lofo_anchor,E2@80,E2,E2__R03__day1_0,80.0,100.0,10360.0,9.332508551165333,11344.967829109155,0.08680103535185957,0.02935,0.012486146244192729,2,11174.349058607191,11498.75253553294,False,1.0290310849629198,10947.066947987452,11712.962476352903,False,1.0699635374483807,10234.934824949292,12365.400715883154,True,1.208156273329705
heteroscedastic,half_normal_1.0 (main),quadratic_z,lofo_anchor,E2@80,E2,E2__R03__day1_0,80.0,110.0,7895.0,8.975447068552986,7938.862883420366,0.001462141863243005,0.3967,0.012486146244192729,2,7815.071946757212,8050.988460899161,True,1.0301873758487712,7651.597457009412,8203.211119741421,True,1.0720913071853633,7081.410339206651,8634.26715102205,True,1.219286376220555
heteroscedastic,half_normal_1.0 (main),quadratic_z,lofo_anchor,E2@80,E2,E2__R03__day1_0,80.0,120.0,6977.0,8.664720558571828,5818.034830623651,-0.18565374536740897,0.9907,0.012486146244192729,2,5727.197044809761,5899.719198187517,False,1.0301233137305976,5607.121122438591,6008.260104574637,False,1.0715409875008348,5225.255237864529,6353.568457181636,False,1.2159345654812892
heteroscedastic,half_normal_1.0 (main),quadratic_z,lofo_anchor,E2@80,E2,E2__R03__day1_0,80.0,130.0,5128.0,8.394836744735857,4443.603920286312,-0.14763425386464846,0.9878,0.012486146244192729,2,4371.0254990138155,4507.203042345148,False,1.0311545982429196,4281.487954623902,4589.252471625017,False,1.0718826072297452,3975.6338811221613,4839.952481592164,False,1.2174039728794241
heteroscedastic,half_normal_1.0 (main),quadratic_z,lofo_anchor,E2@90,E2,E2__R01__day1_0,90.0,80.0,9462.0,9.10750589303805,8848.249172205202,-0.04753316315304268,0.94025,0.012218798504071593,2,8742.103052931123,8972.000194788248,False,1.026297692953876,8595.541900662927,9177.41710972057,False,1.0676950000107341,8196.677520256979,11551.654346223459,True,1.4093093595148898
heteroscedastic,half_normal_1.0 (main),quadratic_z,lofo_anchor,E2@90,E2,E2__R01__day1_0,90.0,100.0,3705.0,8.227891740592161,3672.037576616457,0.010453202861974376,0.69895,0.012218798504071593,2,3628.664502442119,3718.6098867474884,True,1.024787462231583,3566.8552425956213,3807.6081629226496,True,1.0674972500851565,3384.6386610502404,4704.249800350924,True,1.3898824280672883
heteroscedastic,half_normal_1.0 (main),quadratic_z,lofo_anchor,E2@90,E2,E2__R01__day1_0,90.0,110.0,2622.0,7.870840549718053,2570.1986317307915,-0.0008521146055926465,0.8234,0.012218798504071593,2,2538.418596828801,2603.0741543245795,False,1.0254708020089955,2496.8940538568427,2663.5853745838476,True,1.0667594688166782,2379.3788145213953,3304.0413761546533,True,1.3886151107969964
heteroscedastic,half_normal_1.0 (main),quadratic_z,lofo_anchor,E2@90,E2,E2__R01__day1_0,90.0,120.0,1955.0,7.560152686274698,1883.5905857530065,-0.017992786144768402,0.90025,0.012218798504071593,2,1859.0448428869634,1908.1829938587034,False,1.026431934205219,1827.7447598076951,1954.660037650639,False,1.0694381844959016,1736.2101263605034,2402.454221520483,True,1.3837347133532625
heteroscedastic,half_normal_1.0 (main),quadratic_z,lofo_anchor,E2@90,E2,E2__R01__day1_0,90.0,130.0,1536.0,7.29033166813298,1438.3685745299933,-0.04660524557463752,0.93665,0.012218798504071593,2,1417.3270874311208,1459.63989279306,False,1.0298539453152133,1392.080975422018,1497.1131216173546,False,1.0754497389517845,1329.4904202879186,1855.520276282473,True,1.3956627651973872
heteroscedastic,half_normal_1.0 (main),quadratic_z,lofo_anchor,E2@90,E2,E2__R02__day1_0,90.0,80.0,18780.0,9.824157182750143,18454.647401775597,-0.016390570012109862,0.8106,0.012218798504071593,2,18239.80810727948,18683.56363118324,False,1.0243289579196098,17912.05154833505,19037.21955696094,True,1.0628162556136946,16785.192990161344,20182.14579937685,True,1.2023779417494114
heteroscedastic,half_normal_1.0 (main),quadratic_z,lofo_anchor,E2@90,E2,E2__R02__day1_0,90.0,100.0,7544.0,8.944543030304255,7662.001923179662,0.016035205990961643,0.1938,0.012218798504071593,2,7575.076315899167,7747.112665343499,False,1.0227108404285312,7442.444677421935,7890.412931692997,True,1.060191008961082,6996.550176105274,8400.108441022963,True,1.2006071891989203
heteroscedastic,half_normal_1.0 (main),quadratic_z,lofo_anchor,E2@90,E2,E2__R02__day1_0,90.0,110.0,5710.0,8.587491839430147,5360.730332212473,-0.06248246321990969,0.9609,0.012218798504071593,2,5294.966649884337,5423.02422521562,False,1.024184774673525,5199.032212234439,5523.87399693315,False,1.0624812025465604,4882.741418781322,5867.32404036219,True,1.2016454563401004
heteroscedastic,half_normal_1.0 (main),quadratic_z,lofo_anchor,E2@90,E2,E2__R02__day1_0,90.0,120.0,4017.0,8.276803975986791,3929.9633186879673,-0.021486658372491974,0.8537,0.012218798504071593,2,3878.990611818941,3977.090405731168,False,1.0252900312811601,3809.3935101088864,4053.80728771264,True,1.0641608111514758,3597.3145985356705,4323.491401455844,True,1.2018663597606316
heteroscedastic,half_normal_1.0 (main),quadratic_z,lofo_anchor,E2@90,E2,E2__R02__day1_0,90.0,130.0,3302.0,8.006982957845072,3001.1002377239456,-0.09530066663500136,0.9748,0.012218798504071593,2,2958.1577875548346,3040.881159023902,False,1.0279644891888762,2902.3761153965047,3097.6351571282607,False,1.0672755817882964,2740.976989747436,3303.5266002080925,True,1.2052368963930964
heteroscedastic,half_normal_1.0 (main),quadratic_z,lofo_anchor,E2@90,E2,E2__R02__day1_1,90.0,80.0,24470.0,10.102257226734357,24463.580157499036,-0.0029459297023599618,0.5072,0.012218798504071593,2,24165.073071795614,24769.757446956093,True,1.0250230724882947,23669.92872704795,25216.77460729246,True,1.0653506775657042,21898.31101984069,26641.826714286464,True,1.2166155960680243
heteroscedastic,half_normal_1.0 (main),quadratic_z,lofo_anchor,E2@90,E2,E2__R02__day1_1,90.0,100.0,10330.0,9.22264307428847,10154.622026726549,-0.020164487825214295,0.82235,0.012218798504071593,2,10027.32505733669,10268.116855727623,False,1.0240135626414897,9829.998696150866,10453.484981459726,True,1.0634268939987752,9097.299183732715,11071.44387286612,True,1.2170033819117945
heteroscedastic,half_normal_1.0 (main),quadratic_z,lofo_anchor,E2@90,E2,E2__R02__day1_1,90.0,110.0,6671.0,8.86559188341436,7104.797802206791,0.06006683070484442,0.0449,0.012218798504071593,2,7014.983443459582,7186.376537501303,False,1.024432430300533,6879.545262617262,7313.730721523345,False,1.0631125230420972,6386.750433579149,7715.043126746377,True,1.2079762951411974
heteroscedastic,half_normal_1.0 (main),quadratic_z,lofo_anchor,E2@90,E2,E2__R02__day1_1,90.0,120.0,4863.0,8.554904019971005,5207.788881811406,0.06549320956721871,0.0408,0.012218798504071593,2,5137.753179863007,5270.564283787752,False,1.0258500358571694,5038.401747878234,5364.493048791002,False,1.0647211789036257,4672.602414068478,5663.968179022864,True,1.2121656578290372
heteroscedastic,half_normal_1.0 (main),quadratic_z,lofo_anchor,E2@90,E2,E2__R02__day1_1,90.0,130.0,3845.0,8.285083001829287,3975.936365212538,0.030554119889542264,0.10475,0.012218798504071593,2,3918.981576394309,4029.482837737549,False,1.028196422766781,3840.830981730343,4102.529156651116,True,1.0681358216921262,3583.5204935915335,4332.423584242732,True,1.2089852958816543
heteroscedastic,half_normal_1.0 (main),quadratic_z,lofo_anchor,E2@90,E2,E2__R03__day1_0,90.0,80.0,27350.0,10.117701179191624,24876.18254895773,-0.09877062865850306,0.97745,0.012218798504071593,2,24576.424126374564,25191.1936688459,False,1.0250146050259439,24084.75818818116,25652.145847031858,False,1.0650779902627316,22229.775525565346,27109.807102597766,False,1.219526804102009
heteroscedastic,half_normal_1.0 (main),quadratic_z,lofo_anchor,E2@90,E2,E2__R03__day1_0,90.0,100.0,10360.0,9.238087026745738,10328.59381309027,-0.007620489067734937,0.5867,0.012218798504071593,2,10201.252804059442,10440.018321003596,True,1.023405509257563,9996.790536648488,10625.489006444723,True,1.0628900313046883,9138.146497331098,11227.095686563021,True,1.228596596677677
heteroscedastic,half_normal_1.0 (main),quadratic_z,lofo_anchor,E2@90,E2,E2__R03__day1_0,90.0,110.0,7895.0,8.881035835871627,7227.731717134843,-0.09294909081811653,0.97665,0.012218798504071593,2,7136.098147061446,7310.158396476648,False,1.0243915156193415,6989.854671540953,7441.608865746595,False,1.0646299838028035,6433.7671831945845,7852.437549475679,False,1.2205038394902994
heteroscedastic,half_normal_1.0 (main),quadratic_z,lofo_anchor,E2@90,E2,E2__R03__day1_0,90.0,120.0,6977.0,8.570347972428273,5298.2888038103765,-0.2800263315109639,0.9951,0.012218798504071593,2,5227.377117995868,5361.636909107584,False,1.0256839688587822,5123.9978954534145,5457.741017528829,False,1.065133344877356,4737.933668820439,5767.384587308856,False,1.2172784573289963
heteroscedastic,half_normal_1.0 (main),quadratic_z,lofo_anchor,E2@90,E2,E2__R03__day1_0,90.0,130.0,5128.0,8.300526954286553,4044.8917895038494,-0.24194404431395178,0.9931,0.012218798504071593,2,3984.4989418869723,4097.859933744297,False,1.0284505011823744,3902.5862813211806,4171.742057294327,False,1.0689685650926921,3615.186070744831,4406.05028757719,False,1.2187616906449903
heteroscedastic,half_normal_1.0 (main),quadratic_z,lofo_anchor,E2@100,E2,E2__R01__day1_0,100.0,80.0,9462.0,9.112054479834681,8933.681815440324,-0.04298457635641206,0.94195,0.012101916147376969,2,8820.30796801317,9065.111740421433,False,1.0277545606452796,8671.319451654117,9257.210216663552,False,1.067566506836243,8285.858247129632,10486.72314096546,True,1.2656170101145825
heteroscedastic,half_normal_1.0 (main),quadratic_z,lofo_anchor,E2@100,E2,E2__R01__day1_0,100.0,90.0,5527.0,8.642268905709757,5584.74671378154,0.024868453876495167,0.2596,0.012101916147376969,2,5523.413070104104,5653.497776338451,True,1.0235515078418524,5435.498024284036,5771.260304173977,True,1.0617721280349774,5185.430943798745,6538.716038022465,True,1.2609783273349948
heteroscedastic,half_normal_1.0 (main),quadratic_z,lofo_anchor,E2@100,E2,E2__R01__day1_0,100.0,110.0,2622.0,7.8754431334045165,2595.0381474189257,0.003750469080871177,0.72725,0.012101916147376969,2,2566.707574038322,2626.0718939959784,True,1.0231285872056923,2524.96732790971,2681.2149101988807,True,1.0618810313155693,2418.327141920372,3057.9412256392043,True,1.2644861700600691
heteroscedastic,half_normal_1.0 (main),quadratic_z,lofo_anchor,E2@100,E2,E2__R01__day1_0,100.0,120.0,1955.0,7.564698178839688,1901.773234681153,-0.013447293579778474,0.8802,0.012101916147376969,2,1879.3658678279419,1924.9067209291488,False,1.0242320316021492,1848.5151095241356,1965.1957417076133,True,1.0631212758728896,1773.0964470290412,2236.1995849500886,True,1.261183275561243
heteroscedastic,half_normal_1.0 (main),quadratic_z,lofo_anchor,E2@100,E2,E2__R01__day1_0,100.0,130.0,1536.0,7.2947916112110605,1452.4413207614998,-0.042145302496557235,0.9402,0.012101916147376969,2,1432.465213345834,1472.6799428032787,False,1.0280737913093991,1407.6074807384325,1505.3245977614124,False,1.0694207144819359,1350.9774849210762,1718.9583056340757,True,1.2723811646161498
heteroscedastic,half_normal_1.0 (main),quadratic_z,lofo_anchor,E2@100,E2,E2__R02__day1_0,100.0,80.0,18780.0,9.808756004843035,18182.27228493889,-0.03179174791921824,0.89835,0.012101916147376969,2,17943.421304470998,18440.595494615518,False,1.0277078814406837,17622.83494899987,18789.15969603174,True,1.0661825835858527,16690.960117309336,20021.93109204275,True,1.1995673676842014
heteroscedastic,half_normal_1.0 (main),quadratic_z,lofo_anchor,E2@100,E2,E2__R02__day1_0,100.0,90.0,11540.0,9.33897043071811,11364.008119176939,-0.014604109343981264,0.7939,0.012101916147376969,2,11235.611978233264,11500.045292499171,False,1.0235352835945377,11036.642191220484,11708.908157475746,True,1.0609121827642507,10455.270440585806,12489.503249481295,True,1.1945652979954398
heteroscedastic,half_normal_1.0 (main),quadratic_z,lofo_anchor,E2@100,E2,E2__R02__day1_0,100.0,110.0,5710.0,8.572144658412869,5280.1384403958455,-0.07782964423718752,0.9698,0.012101916147376969,2,5220.109230231558,5339.6099666713835,False,1.022892382356245,5125.345491265105,5437.986135662181,False,1.0609989404479945,4857.233404380407,5777.868576040375,True,1.1895390019408396
heteroscedastic,half_normal_1.0 (main),quadratic_z,lofo_anchor,E2@100,E2,E2__R02__day1_0,100.0,120.0,4017.0,8.261399703848042,3870.4969464153146,-0.03689093051124104,0.92175,0.012101916147376969,2,3822.726318061424,3916.5735953195217,False,1.02454982895707,3756.986283440288,3989.97824815211,False,1.062015654871774,3570.4922409280866,4273.654382341746,True,1.1969370310775092
heteroscedastic,half_normal_1.0 (main),quadratic_z,lofo_anchor,E2@100,E2,E2__R02__day1_0,100.0,130.0,3302.0,7.991493136219413,2955.073385585676,-0.11079048826066007,0.98035,0.012101916147376969,2,2913.112388207053,2994.1535062811113,False,1.0278194272222834,2859.606729005982,3049.9902818210994,False,1.0665768306124024,2713.224091686549,3235.2477197936664,False,1.1923997467465455
heteroscedastic,half_normal_1.0 (main),quadratic_z,lofo_anchor,E2@100,E2,E2__R02__day1_1,100.0,80.0,24470.0,10.120419731590554,24876.040297039985,0.015216575153836231,0.20555,0.012101916147376969,2,24552.692072945367,25217.810453344722,False,1.0270894278486167,24101.577152840484,25654.72110783687,True,1.0644415900730106,22790.531478299705,26874.051342995077,True,1.1791761578084983
heteroscedastic,half_normal_1.0 (main),quadratic_z,lofo_anchor,E2@100,E2,E2__R02__day1_1,100.0,90.0,15300.0,9.650634157465628,15553.111062484648,0.015026050085101161,0.1839,0.012101916147376969,2,15379.823402961933,15731.253858266535,False,1.0228500969157373,15105.542767842278,16003.82843641602,True,1.0594672884238276,14233.29717819895,16717.96281049314,True,1.1745671154888786
heteroscedastic,half_normal_1.0 (main),quadratic_z,lofo_anchor,E2@100,E2,E2__R02__day1_1,100.0,110.0,6671.0,8.883808385160387,7228.000331750979,0.07828333245087116,0.0273,0.012101916147376969,2,7143.630435932893,7305.274812296228,False,1.0226277629859257,7018.747437351103,7427.493118595897,False,1.0582362714847957,6627.363932023514,7760.060001563298,True,1.170912006818666
heteroscedastic,half_normal_1.0 (main),quadratic_z,lofo_anchor,E2@100,E2,E2__R02__day1_1,100.0,120.0,4863.0,8.573063430595559,5297.100804113576,0.08365262019177244,0.02495,0.012101916147376969,2,5231.767453024944,5358.556681505556,False,1.024234492381213,5138.109951170403,5446.085490753978,False,1.0599394607181227,4863.945498046268,5714.096274256783,False,1.1747862463820782
heteroscedastic,half_normal_1.0 (main),quadratic_z,lofo_anchor,E2@100,E2,E2__R02__day1_1,100.0,130.0,3845.0,8.303156862966931,4044.396252150369,0.04862798102718635,0.05595,0.012101916147376969,2,3986.7926282959097,4098.305199606197,False,1.0279704970152788,3910.3098892931866,4169.902802424043,False,1.066386787871122,3694.692587611807,4356.8638610840735,True,1.1792222919147608
heteroscedastic,half_normal_1.0 (main),quadratic_z,lofo_anchor,E2@100,E2,E2__R03__day1_0,100.0,80.0,27350.0,10.122410605603003,24953.79480888915,-0.09406120224712389,0.9809,0.012101916147376969,2,24620.128331512475,25299.218720401208,False,1.027582731484772,24164.950113539497,25755.77102449842,False,1.0658317481925026,22727.551958491273,26973.82638707539,False,1.1868337793854502
heteroscedastic,half_normal_1.0 (main),quadratic_z,lofo_anchor,E2@100,E2,E2__R03__day1_0,100.0,90.0,15560.0,9.652625031478074,15600.563387013292,0.00016623374569135763,0.42805,0.012101916147376969,2,15422.56641900193,15784.240703726105,True,1.0234509792273327,15140.878379395293,16054.196131920198,True,1.0603213188587401,14190.93000075775,16824.720737337524,True,1.1855967675437156
heteroscedastic,half_normal_1.0 (main),quadratic_z,lofo_anchor,E2@100,E2,E2__R03__day1_0,100.0,110.0,7895.0,8.885799259172835,7247.025417811624,-0.0881856675169086,0.97585,0.012101916147376969,2,7163.6511454895735,7329.7610296022,False,1.0231878801380794,7038.794257020393,7458.571579396174,False,1.059637674727756,6627.832026292055,7871.019309636331,False,1.187570728771136
heteroscedastic,half_normal_1.0 (main),quadratic_z,lofo_anchor,E2@100,E2,E2__R03__day1_0,100.0,120.0,6977.0,8.575054304608008,5312.085184325876,-0.27531999933122897,0.99595,0.012101916147376969,2,5246.007170755349,5374.520424929268,False,1.0244973462656202,5152.325742853679,5468.929255948914,False,1.0614486600608215,4850.992842580625,5754.061668955151,False,1.186161648899509
heteroscedastic,half_normal_1.0 (main),quadratic_z,lofo_anchor,E2@100,E2,E2__R03__day1_0,100.0,130.0,5128.0,8.305147736979379,4055.8690622664117,-0.2373232616211265,0.995,0.012101916147376969,2,3998.8578702872896,4109.986678344741,False,1.0277901369996598,3922.72618529425,4181.89380654112,False,1.066068241576089,3683.556752106906,4380.362795204561,False,1.1891666370279481
heteroscedastic,half_normal_1.0 (main),quadratic_z,lofo_anchor,E2@110,E2,E2__R01__day1_0,110.0,80.0,9462.0,9.123578097259445,9034.726232657864,-0.03146095893164791,0.9281,0.012028039011126604,2,8914.987432614618,9175.054463149929,False,1.0291718897531903,8768.280894762514,9368.43943937619,False,1.0684465463432133,8392.599309809353,10575.34696108958,True,1.260080050375932
heteroscedastic,half_normal_1.0 (main),quadratic_z,lofo_anchor,E2@110,E2,E2__R01__day1_0,110.0,90.0,5527.0,8.653819708467056,5647.807896835295,0.03641925663379375,0.1324,0.012028039011126604,2,5584.486543429274,5722.246770553763,False,1.024668378382356,5496.141504594722,5845.25371897153,True,1.0635195098388486,5253.903134669955,6655.914048274492,True,1.2668513060990436
heteroscedastic,half_normal_1.0 (main),quadratic_z,lofo_anchor,E2@110,E2,E2__R01__day1_0,110.0,100.0,3705.0,8.244104709326226,3748.901953946491,0.026666171596039234,0.2283,0.012028039011126604,2,3710.1877793981635,3796.311122317493,False,1.0232126641669064,3650.4762618548853,3876.217216181336,True,1.0618387679123673,3493.837121076026,4435.28051242624,True,1.2694582943409425
heteroscedastic,half_normal_1.0 (main),quadratic_z,lofo_anchor,E2@110,E2,E2__R01__day1_0,110.0,120.0,1955.0,7.576377518344941,1923.0883015060183,-0.0017679540745252353,0.8007,0.012028039011126604,2,1902.050707851156,1946.4231204447274,False,1.023328722210409,1871.7606207798603,1986.1166462566787,True,1.0610954329347801,1790.3937647711252,2278.693790267935,True,1.2727333143718984
heteroscedastic,half_normal_1.0 (main),quadratic_z,lofo_anchor,E2@110,E2,E2__R01__day1_0,110.0,130.0,1536.0,7.306525285726171,1468.6700522119897,-0.030411627981446365,0.9261,0.012028039011126604,2,1449.8068419692079,1488.5727096048208,False,1.0267386430477587,1426.2649033802234,1520.044121556336,False,1.0657516131497433,1364.9287806221216,1726.9010937517671,True,1.2651950184277467
heteroscedastic,half_normal_1.0 (main),quadratic_z,lofo_anchor,E2@110,E2,E2__R02__day1_0,110.0,80.0,18780.0,9.88604127074205,19654.137408400216,0.045493517979796394,0.06345,0.012028039011126604,2,19395.218312755103,19941.4756224063,False,1.0281645352396962,19037.4204530965,20305.540020521785,False,1.0666119430702083,17986.015623251064,21343.669442395123,True,1.1866813578658033
heteroscedastic,half_normal_1.0 (main),quadratic_z,lofo_anchor,E2@110,E2,E2__R02__day1_0,110.0,90.0,11540.0,9.416282881949664,12284.716585935368,0.06270834188757313,0.03925,0.012028039011126604,2,12144.503240033784,12436.87443856971,False,1.024074364571137,11921.824210130131,12655.34536678684,False,1.0615275937413526,11258.223928735042,13340.43176112187,True,1.1849499393125664
heteroscedastic,half_normal_1.0 (main),quadratic_z,lofo_anchor,E2@110,E2,E2__R02__day1_0,110.0,100.0,7544.0,9.006567882808833,8156.841691690106,0.07806005849553976,0.02765,0.012028039011126604,2,8065.942973502345,8249.138095836795,False,1.0227121767332437,7923.0199588988535,8391.338666787782,False,1.0591086114030206,7500.742074308458,8824.864535805951,True,1.1765321948654759
heteroscedastic,half_normal_1.0 (main),quadratic_z,lofo_anchor,E2@110,E2,E2__R02__day1_0,110.0,120.0,4017.0,8.33884069182755,4184.185816174269,0.04055005746826623,0.0652,0.012028039011126604,2,4136.351782725251,4229.828371295271,False,1.022598800459963,4061.9006744899843,4303.391166300236,False,1.0594525841872227,3841.255724304519,4538.276416108154,True,1.1814564667989749
heteroscedastic,half_normal_1.0 (main),quadratic_z,lofo_anchor,E2@110,E2,E2__R02__day1_0,110.0,130.0,3302.0,8.068988459208779,3195.3161568357705,-0.03329516527129428,0.9092,0.012028039011126604,2,3154.592584687396,3235.72741749418,False,1.025719591556963,3096.363966415915,3294.4119048689463,False,1.0639614530465793,2938.6687552917083,3470.6192038732133,True,1.1810174922313421
heteroscedastic,half_normal_1.0 (main),quadratic_z,lofo_anchor,E2@110,E2,E2__R02__day1_1,110.0,80.0,24470.0,10.04036163570754,22958.616120024955,-0.0648415207291766,0.9693,0.012028039011126604,2,22652.188427475994,23297.159296863407,False,1.0284727840514118,22242.616705728713,23694.420019980334,False,1.065271246340261,21130.071247706437,24682.08508829284,True,1.1681023125263694
heteroscedastic,half_normal_1.0 (main),quadratic_z,lofo_anchor,E2@110,E2,E2__R02__day1_1,110.0,90.0,15300.0,9.570603246915153,14354.330934413278,-0.06500486046537368,0.97005,0.012028039011126604,2,14191.409051056962,14531.550281760468,False,1.0239681084154342,13948.27704541624,14773.970969507578,False,1.059196839968323,13196.661604453802,15444.415539905736,True,1.170327466356592
heteroscedastic,half_normal_1.0 (main),quadratic_z,lofo_anchor,E2@110,E2,E2__R02__day1_1,110.0,100.0,10330.0,9.160888247774322,9530.538805651902,-0.08191931433936261,0.97815,0.012028039011126604,2,9426.095760036884,9637.80277701405,False,1.0224596717842316,9267.865193477779,9800.496797334756,False,1.0574707975070476,8799.795599982277,10253.615939262638,False,1.1652106941305873
heteroscedastic,half_normal_1.0 (main),quadratic_z,lofo_anchor,E2@110,E2,E2__R02__day1_1,110.0,120.0,4863.0,8.493161056793037,4889.174772296999,0.003750246389250478,0.3624,0.012028039011126604,2,4833.784216224797,4943.327917716564,True,1.0226621000424634,4752.455681121094,5024.2316231400355,True,1.0571864232418955,4497.1167247740705,5265.35256674724,True,1.1708285305873989
heteroscedastic,half_normal_1.0 (main),quadratic_z,lofo_anchor,E2@110,E2,E2__R02__day1_1,110.0,130.0,3845.0,8.22330882417427,3732.8015248319753,-0.031220057765475318,0.9008,0.012028039011126604,2,3685.04961273842,3779.046988675798,False,1.0255077640237051,3620.0923974687507,3844.34931575256,False,1.0619478437734393,3439.85212503224,4033.110172000344,True,1.1724661483704168
heteroscedastic,half_normal_1.0 (main),quadratic_z,lofo_anchor,E2@110,E2,E2__R03__day1_0,110.0,80.0,27350.0,10.20643672934005,27162.984506241493,-0.0100350785100769,0.6362,0.012028039011126604,2,26804.92163846241,27549.842603609803,True,1.0277904548722316,26315.70252637135,28036.74120454465,True,1.0653996858510093,24826.83947010322,29240.27884274308,True,1.1777688770233752
heteroscedastic,half_normal_1.0 (main),quadratic_z,lofo_anchor,E2@110,E2,E2__R03__day1_0,110.0,90.0,15560.0,9.736678340547662,16983.590518580433,0.08421954281527988,0.028,0.012028039011126604,2,16789.917816658188,17186.245827690924,False,1.0236051191769098,16484.35915108321,17476.197383520022,False,1.060168443513416,15442.38326633198,18246.697912786727,True,1.1815985653308325
heteroscedastic,half_normal_1.0 (main),quadratic_z,lofo_anchor,E2@110,E2,E2__R03__day1_0,110.0,100.0,10360.0,9.326963341406831,11275.087475432283,0.08125582559335776,0.02755,0.012028039011126604,2,11150.821276960307,11404.588094108141,False,1.0227576795327322,10953.99633331588,11596.289520102351,False,1.0586355123045805,10287.274580253432,12140.673010944842,True,1.1801641840346164
heteroscedastic,half_normal_1.0 (main),quadratic_z,lofo_anchor,E2@110,E2,E2__R03__day1_0,110.0,120.0,6977.0,8.659236150425548,5784.439571282223,-0.19113815351368935,0.99445,0.012028039011126604,2,5715.9298851014855,5846.362698646412,False,1.022819176611123,5610.639308936006,5940.261261945665,False,1.0587494463393277,5263.2816215488565,6193.130249694722,False,1.1766670862411945
heteroscedastic,half_normal_1.0 (main),quadratic_z,lofo_anchor,E2@110,E2,E2__R03__day1_0,110.0,130.0,5128.0,8.389383917806779,4416.211065394841,-0.15308708079372657,0.99075,0.012028039011126604,2,4359.603778628478,4471.021092915983,False,1.0255567523896763,4281.0115736396665,4546.576560056856,False,1.0620332325313964,4032.713918446727,4751.655358776746,False,1.1782773226341163
heteroscedastic,half_normal_1.0 (main),quadratic_z,lofo_anchor,E2@120,E2,E2__R01__day1_0,120.0,80.0,9462.0,9.135928184400987,9188.225495655499,-0.019110871790106287,0.8651,0.012199790853058595,2,9065.639116174701,9333.334856906824,False,1.02952861208147,8905.507353108196,9540.098279810669,True,1.0712582564407167,8480.10511815744,10602.087532910145,True,1.250230673462898
heteroscedastic,half_normal_1.0 (main),quadratic_z,lofo_anchor,E2@120,E2,E2__R01__day1_0,120.0,90.0,5527.0,8.666145876382837,5745.153134492207,0.04874542454957442,0.0688,0.012199790853058595,2,5675.759652582572,5824.912573770981,False,1.026278935388066,5579.627318476428,5949.98303577991,False,1.0663764255503378,5271.768321413656,6552.827481443658,True,1.2430036909676787
heteroscedastic,half_normal_1.0 (main),quadratic_z,lofo_anchor,E2@120,E2,E2__R01__day1_0,120.0,100.0,3705.0,8.256394732373067,3814.188463066323,0.03895619464288025,0.0966,0.012199790853058595,2,3771.3524055009116,3864.514308388605,False,1.0247025185850591,3708.336018770746,3947.1893618479185,False,1.0644098436247826,3518.9396007874707,4389.913799977096,True,1.2475104144995035
heteroscedastic,half_normal_1.0 (main),quadratic_z,lofo_anchor,E2@120,E2,E2__R01__day1_0,120.0,110.0,2622.0,7.899316790288783,2669.1339187140015,0.027624125965137303,0.1686,0.012199790853058595,2,2639.6743350230936,2702.327277797708,False,1.0237351032069895,2595.041575269222,2762.0189504567566,True,1.0643447784339297,2473.285597962528,3070.6197062549163,True,1.2415144085197711
heteroscedastic,half_normal_1.0 (main),quadratic_z,lofo_anchor,E2@120,E2,E2__R01__day1_0,120.0,130.0,1536.0,7.3186519215058246,1493.7030045045888,-0.018284992201793138,0.8741,0.012199790853058595,2,1475.7962815451533,1512.4965950327373,False,1.0248681433518447,1451.117025287716,1546.163961786,True,1.0654991533018772,1375.8169645296139,1714.4720729712553,True,1.2461483737827193
heteroscedastic,half_normal_1.0 (main),quadratic_z,lofo_anchor,E2@120,E2,E2__R02__day1_0,120.0,80.0,18780.0,9.845374441602075,18867.41374528723,0.004826688839822069,0.40975,0.012199790853058595,2,18606.630472226338,19152.961063922805,True,1.0293621455272066,18270.785060374667,19510.249566229333,True,1.0678386014481005,17295.415829979956,20583.837799338722,True,1.190132576266747
heteroscedastic,half_normal_1.0 (main),quadratic_z,lofo_anchor,E2@120,E2,E2__R02__day1_0,120.0,90.0,11540.0,9.375592133583925,11797.089673296603,0.0220175935218343,0.14685,0.012199790853058595,2,11654.71167843881,11949.92689134019,False,1.0253301172132407,11441.306816953598,12163.989599220542,True,1.0631643564698465,10801.053304361603,12805.836047213605,True,1.1856099295466345
heteroscedastic,half_normal_1.0 (main),quadratic_z,lofo_anchor,E2@120,E2,E2__R02__day1_0,120.0,100.0,7544.0,8.965840989574158,7832.226672319983,0.03733316526086483,0.07435,0.012199790853058595,2,7741.976542245278,7927.711506161652,False,1.0239906389412166,7603.275497232445,8071.37065210333,False,1.0615649340920594,7179.6458203209795,8540.12352479448,True,1.1894909217698262
heteroscedastic,half_normal_1.0 (main),quadratic_z,lofo_anchor,E2@120,E2,E2__R02__day1_0,120.0,110.0,5710.0,8.608763047489873,5479.596370693258,-0.04121125516018331,0.93545,0.012199790853058595,2,5419.534314861654,5544.769003379179,False,1.0231080165271953,5323.54659471922,5643.415696962518,False,1.0600857147677825,5019.854850528751,5976.372990974044,True,1.1905469717604567
heteroscedastic,half_normal_1.0 (main),quadratic_z,lofo_anchor,E2@120,E2,E2__R02__day1_0,120.0,130.0,3302.0,8.028098178706912,3066.7140772676785,-0.07418544577316055,0.96865,0.012199790853058595,2,3029.985604808302,3102.8799142987864,False,1.0240576421798204,2974.725736860142,3158.0821730866214,False,1.0616380979108393,2811.7807284212618,3344.777388437332,True,1.1895584014175007
heteroscedastic,half_normal_1.0 (main),quadratic_z,lofo_anchor,E2@120,E2,E2__R02__day1_1,120.0,80.0,24470.0,10.035597306045972,22839.314065035975,-0.06960585039074552,0.96615,0.012199790853058595,2,22526.671245367124,23187.422023994506,False,1.0293319315326392,22094.786476472433,23623.491456786804,False,1.0691884930384916,20803.631255783333,24845.863787623737,True,1.194304180945174
heteroscedastic,half_normal_1.0 (main),quadratic_z,lofo_anchor,E2@120,E2,E2__R02__day1_1,120.0,90.0,15300.0,9.565814998027822,14282.769061905206,-0.06979310935270533,0.9676,0.012199790853058595,2,14107.47634076303,14472.45264818285,False,1.0258711266709861,13852.5133702058,14736.780369206424,False,1.0638344086281497,13063.831958879658,15525.331447046705,True,1.188420939270727
heteroscedastic,half_normal_1.0 (main),quadratic_z,lofo_anchor,E2@120,E2,E2__R02__day1_1,120.0,100.0,10330.0,9.156063854018052,9481.420458798235,-0.08674370809563214,0.9746,0.012199790853058595,2,9370.478564237234,9598.983906294372,False,1.0243856640288616,9197.754446211813,9773.796011713739,False,1.0626285001269167,8642.939229584152,10341.37075462212,True,1.1965108720450517
heteroscedastic,half_normal_1.0 (main),quadratic_z,lofo_anchor,E2@120,E2,E2__R02__day1_1,120.0,110.0,6671.0,8.798985911933766,6634.414770734018,-0.006539140775750241,0.63825,0.012199790853058595,2,6558.214369430312,6712.695638923595,True,1.0235553857789956,6441.5678998474505,6831.826855213493,True,1.0605844666133668,6047.81452436437,7231.7002326066895,True,1.1957543015700778
heteroscedastic,half_normal_1.0 (main),quadratic_z,lofo_anchor,E2@120,E2,E2__R02__day1_1,120.0,130.0,3845.0,8.218321043150809,3713.084199679461,-0.036207838788936186,0.9154,0.012199790853058595,2,3667.9117170004115,3757.038052862508,False,1.0242989315825144,3600.101791202425,3827.15899820312,False,1.063069663073293,3376.62366585823,4038.6502558494926,True,1.1960617040877715
heteroscedastic,half_normal_1.0 (main),quadratic_z,lofo_anchor,E2@120,E2,E2__R03__day1_0,120.0,80.0,27350.0,10.391587878425005,32752.409952777605,0.17511607057487844,0.0163,0.012199790853058595,2,32300.535589731786,33248.707064734954,False,1.0293546672738327,31658.33836585864,33862.507576224605,False,1.0696236544348459,29062.443489296817,35466.2848934248,False,1.220347659565735
heteroscedastic,half_normal_1.0 (main),quadratic_z,lofo_anchor,E2@120,E2,E2__R03__day1_0,120.0,90.0,15560.0,9.921805570406853,20478.89531866393,0.2693467726744707,0.0098,0.012199790853058595,2,20226.68821189981,20744.557094170643,False,1.025603246406209,19822.09092737958,21106.974694577013,False,1.0648207987696527,18208.618526332917,22203.826424298408,False,1.2194130154458287
heteroscedastic,half_normal_1.0 (main),quadratic_z,lofo_anchor,E2@120,E2,E2__R03__day1_0,120.0,100.0,10360.0,9.512054426397086,13598.795350947037,0.2663469105836125,0.0104,0.012199790853058595,2,13439.512823240555,13765.387637461956,False,1.0242475168934602,13179.711804034716,14004.655465316184,False,1.0625919347514812,12147.328461418796,14724.820945612471,False,1.2121859544985603
heteroscedastic,half_normal_1.0 (main),quadratic_z,lofo_anchor,E2@120,E2,E2__R03__day1_0,120.0,110.0,7895.0,9.154976484312801,9513.260845341003,0.18099155762305763,0.01475,0.012199790853058595,2,9404.821690975203,9623.001266862797,False,1.0231986935060084,9214.048214075074,9791.85421114161,False,1.0627092439329653,8539.365933991385,10340.851924810666,False,1.2109625005819662
heteroscedastic,half_normal_1.0 (main),quadratic_z,lofo_anchor,E2@120,E2,E2__R03__day1_0,120.0,130.0,5128.0,8.574311615529842,5325.417328143522,0.03184061692933682,0.0824,0.012199790853058595,2,5259.248951028856,5387.679977713986,False,1.0244200318108168,5157.580782709063,5481.410320484728,False,1.062787099498531,4781.461131174797,5747.333372544855,True,1.2020035748220637
heteroscedastic,half_normal_1.0 (main),quadratic_z,lofo_anchor,E2@130,E2,E2__R01__day1_0,130.0,80.0,9462.0,9.171785041012903,9456.296926560773,0.01674598482181011,0.5102,0.012125179953833826,2,9325.219038560745,9610.901263060556,True,1.0306354438773488,9169.065845372901,9828.417071562726,True,1.0719104036669735,8752.50449172798,11294.829646562792,True,1.2904683062131042
heteroscedastic,half_normal_1.0 (main),quadratic_z,lofo_anchor,E2@130,E2,E2__R01__day1_0,130.0,90.0,5527.0,8.702003667193397,5912.253607525283,0.0846032153601346,0.03025,0.012125179953833826,2,5834.851250345711,6001.616893318013,False,1.0285809587626458,5735.774506600387,6132.201468690194,False,1.06911480945313,5473.484831227873,7067.2497280634325,True,1.291179193142667
heteroscedastic,half_normal_1.0 (main),quadratic_z,lofo_anchor,E2@130,E2,E2__R01__day1_0,130.0,100.0,3705.0,8.292289007188703,3925.4688533614,0.07485046945851614,0.0373,0.012125179953833826,2,3874.380459849527,3984.262813867299,False,1.0283612709584127,3807.900821413988,4073.6428963237463,False,1.069787026336227,3642.171498674419,4780.676874539791,True,1.3125897218952307
heteroscedastic,half_normal_1.0 (main),quadratic_z,lofo_anchor,E2@130,E2,E2__R01__day1_0,130.0,110.0,2622.0,7.935277600765304,2746.5071721439226,0.06358493644165897,0.0519,0.012125179953833826,2,2712.9015530581173,2784.7524431865595,False,1.0264848866511385,2666.5605970196198,2846.7110206270518,False,1.0675590960913408,2543.3709236275954,3294.215847044708,True,1.295216445403955
heteroscedastic,half_normal_1.0 (main),quadratic_z,lofo_anchor,E2@130,E2,E2__R01__day1_0,130.0,120.0,1955.0,7.6246189476947155,2013.3364900462236,0.04647347527524914,0.0944,0.012125179953833826,2,1990.5622573436365,2038.9260565897746,False,1.024296551925323,1957.5627807970918,2083.8631239459287,False,1.064519178842075,1873.1811337288752,2427.820787076894,True,1.2960950456744762
heteroscedastic,half_normal_1.0 (main),quadratic_z,lofo_anchor,E2@130,E2,E2__R02__day1_0,130.0,80.0,18780.0,9.919576333949571,20302.40539967657,0.07902858118731793,0.029,0.012125179953833826,2,20026.388357047363,20623.7335161347,False,1.0298279024873265,19670.71547981971,21021.399062940516,False,1.0686646901332328,18614.045270426224,22277.587756678426,True,1.1968160296715724
heteroscedastic,half_normal_1.0 (main),quadratic_z,lofo_anchor,E2@130,E2,E2__R02__day1_0,130.0,90.0,11540.0,9.449794960130065,12701.140448099271,0.09622042006797393,0.02125,0.012125179953833826,2,12531.585033010548,12881.453057726478,False,1.0279188964360304,12305.788992829044,13131.10540494983,False,1.0670673300673141,11697.23448145555,13929.53866112321,False,1.1908403377915255
heteroscedastic,half_normal_1.0 (main),quadratic_z,lofo_anchor,E2@130,E2,E2__R02__day1_0,130.0,100.0,7544.0,9.04008030012537,8429.043668692857,0.11157247581207663,0.0183,0.012125179953833826,2,8319.228391151839,8548.379183850206,False,1.0275447171208916,8165.696756847374,8710.43054663144,False,1.0667100194882058,7706.921927551233,9203.714396715646,False,1.19421404332819
heteroscedastic,half_normal_1.0 (main),quadratic_z,lofo_anchor,E2@130,E2,E2__R02__day1_0,130.0,110.0,5710.0,8.68306889370197,5900.172209395817,0.03309459105191337,0.0898,0.012125179953833826,2,5825.3523461888135,5979.298364347256,False,1.0264269024446497,5724.271962002132,6091.208891789587,False,1.0641019385911767,5408.582087844697,6486.175264053497,True,1.1992376483719447
heteroscedastic,half_normal_1.0 (main),quadratic_z,lofo_anchor,E2@130,E2,E2__R02__day1_0,130.0,120.0,4017.0,8.372410240631385,4325.391481964867,0.07411960627210235,0.02955,0.012125179953833826,2,4274.705233989227,4376.94519739295,False,1.0239174300465883,4201.4391345300755,4455.887385217055,False,1.0605621651390267,3975.915971244256,4743.324348608029,True,1.1930142344340375
heteroscedastic,half_normal_1.0 (main),quadratic_z,lofo_anchor,E2@130,E2,E2__R02__day1_1,130.0,80.0,24470.0,10.069154198272136,23636.52965603819,-0.036048958164581535,0.8997,0.012125179953833826,2,23304.122843994122,24014.52988267115,False,1.030484178419104,22850.40418878487,24471.929716043458,True,1.0709626627985183,21364.447753790333,25651.35623285355,True,1.2006561802330071
heteroscedastic,half_normal_1.0 (main),quadratic_z,lofo_anchor,E2@130,E2,E2__R02__day1_1,130.0,90.0,15300.0,9.59937282445263,14781.338054241995,-0.03623528292789757,0.9082,0.012125179953833826,2,14578.59175376008,14997.910234870527,False,1.0287626190645127,14298.390702482646,15273.439234329975,False,1.068192886327972,13411.91019030311,16032.125261922676,True,1.195364794010774
heteroscedastic,half_normal_1.0 (main),quadratic_z,lofo_anchor,E2@130,E2,E2__R02__day1_1,130.0,100.0,10330.0,9.189658164447934,9811.701765394391,-0.05314939766575044,0.94995,0.012125179953833826,2,9679.049485051284,9949.253265507095,False,1.0279163548934351,9491.247337745644,10137.355377320591,False,1.0680740914848406,8851.70604997432,10647.512198830045,True,1.202876839641657
heteroscedastic,half_normal_1.0 (main),quadratic_z,lofo_anchor,E2@130,E2,E2__R02__day1_1,130.0,110.0,6671.0,8.832646758024536,6866.495029325626,0.027121705315019895,0.1162,0.012125179953833826,2,6779.5577630122,6956.469439298751,False,1.0260948696759755,6646.9822321979955,7086.760765099347,True,1.066162134565527,6225.081586138986,7463.68708618833,True,1.1989701633481034
heteroscedastic,half_normal_1.0 (main),quadratic_z,lofo_anchor,E2@130,E2,E2__R02__day1_1,130.0,120.0,4863.0,8.52198810495395,5034.463376734981,0.03257729455016367,0.088,0.012125179953833826,2,4972.446032684081,5094.071890303256,False,1.0244599653409456,4879.5136315241025,5186.847946135746,False,1.062984620562613,4576.0359024798645,5479.989541411557,True,1.1975407663304867
heteroscedastic,half_normal_1.0 (main),quadratic_z,lofo_anchor,E2@130,E2,E2__R03__day1_0,130.0,80.0,27350.0,10.352565128010438,31503.55579801408,0.1360933201603114,0.02315,0.012125179953833826,2,31065.808740984045,31987.286541756745,False,1.0296621217382642,30445.32449163554,32571.974865629465,False,1.069851460265375,27637.47045557529,34195.035770927534,False,1.237270821361634
heteroscedastic,half_normal_1.0 (main),quadratic_z,lofo_anchor,E2@130,E2,E2__R03__day1_0,130.0,90.0,15560.0,9.88278375419093,19704.474796484443,0.23032495645854745,0.0143,0.012125179953833826,2,19449.98565401328,19986.550160332685,False,1.0275868844257319,19062.690293748143,20332.76863759398,False,1.0666263955545865,17388.142239502253,21309.122089811015,False,1.2254973415964536
heteroscedastic,half_normal_1.0 (main),quadratic_z,lofo_anchor,E2@130,E2,E2__R03__day1_0,130.0,100.0,10360.0,9.473069094186236,13081.274270462884,0.22736157837276316,0.0156,0.012125179953833826,2,12909.701950234152,13264.321343323993,False,1.027469216133484,12652.222359472447,13506.426501435617,False,1.0675141582003296,11441.300393708625,14187.849013169453,False,1.2400556339706899
heteroscedastic,half_normal_1.0 (main),quadratic_z,lofo_anchor,E2@130,E2,E2__R03__day1_0,130.0,110.0,7895.0,9.116057687762838,9157.112102948046,0.14207276107309497,0.02175,0.012125179953833826,2,9039.50332922479,9276.024387826177,False,1.0261652714742318,8863.533792360604,9436.304207523814,False,1.0646209997706415,8073.889864356812,9898.279596198883,False,1.225961681728663
heteroscedastic,half_normal_1.0 (main),quadratic_z,lofo_anchor,E2@130,E2,E2__R03__day1_0,130.0,120.0,6977.0,8.80539903469225,6711.775202371672,-0.04497526924698647,0.9384,0.012125179953833826,2,6630.923207859039,6789.751832354201,False,1.0239527166152242,6503.619449156861,6899.387224807278,False,1.0608534645583736,5921.549990607316,7222.364339836176,True,1.219674637770887
heteroscedastic,half_normal_1.0 (main),quadratic_z,lofo_anchor,E3@80,E3,E3__R03__day1_0,80.0,90.0,11550.0,9.345862055817186,11494.69751383012,-0.008578660132753768,0.5458,0.03815274199409621,5,11089.555076480436,11877.069827864514,True,1.071014098036656,10427.761345248833,12622.291337045139,True,1.2104507304241472,8686.748598471939,14970.521095184142,True,1.7233745083652547
heteroscedastic,half_normal_1.0 (main),quadratic_z,lofo_anchor,E3@80,E3,E3__R03__day1_0,80.0,100.0,7546.0,8.933915301865467,7618.906524773032,0.005142401341210245,0.42585,0.03815274199409621,5,7325.0113785004505,7884.082448833731,True,1.0763235770492048,6863.392246435809,8362.556671368802,True,1.2184290757549978,5771.524973993517,9879.65350605848,True,1.7117925592588064
heteroscedastic,half_normal_1.0 (main),quadratic_z,lofo_anchor,E3@80,E3,E3__R03__day1_0,80.0,110.0,5376.0,8.581368757946082,5354.972055429718,-0.008331124256903522,0.533,0.03815274199409621,5,5147.50057996319,5539.1945069228805,True,1.076094003463423,4844.260919451669,5882.06639075638,True,1.2142340159956087,3996.638665813296,6941.554621126692,True,1.7368481870787587
heteroscedastic,half_normal_1.0 (main),quadratic_z,lofo_anchor,E3@80,E3,E3__R03__day1_0,80.0,120.0,3839.0,8.28087154056666,3963.4345834882984,0.027904345565861632,0.2757,0.03815274199409621,5,3818.586762731305,4097.862720138326,True,1.0731359465582142,3581.1714347309066,4352.763395563621,True,1.2154579792940554,2979.5895763889166,5189.177302878322,True,1.7415745255651258
heteroscedastic,half_normal_1.0 (main),quadratic_z,lofo_anchor,E3@80,E3,E3__R03__day1_0,80.0,130.0,2959.0,8.026074797654367,3067.60041061771,0.0334681452541572,0.2438,0.03815274199409621,5,2962.9744731551227,3179.890074687305,False,1.0732087311238965,2779.0731883200788,3384.0888368241745,True,1.2177041076308686,2305.2583999770604,3994.4493467294174,True,1.732755576020964
heteroscedastic,half_normal_1.0 (main),quadratic_z,lofo_anchor,E3@90,E3,E3__R03__day1_0,90.0,80.0,18570.0,9.833662466666302,18636.52033170087,0.004359812319551182,0.46405,0.03738604608247042,5,18056.345869299646,19321.044164724553,True,1.0700417628560834,17020.750739334057,20511.968004685506,True,1.2051153511862103,14667.865052083565,24035.62458941061,True,1.638658693958761
heteroscedastic,half_normal_1.0 (main),quadratic_z,lofo_anchor,E3@90,E3,E3__R03__day1_0,90.0,100.0,7546.0,8.94158498035711,7654.304923873223,0.012812079832853485,0.3632,0.03738604608247042,5,7407.949729178501,7899.317911865606,True,1.066329848426441,6988.1711256509225,8381.569552581483,True,1.1993938616952187,5977.792669074497,9819.852005937171,True,1.6427220797969757
heteroscedastic,half_normal_1.0 (main),quadratic_z,lofo_anchor,E3@90,E3,E3__R03__day1_0,90.0,110.0,5376.0,8.589069247402385,5375.8433925755235,-0.0006306348006006601,0.50025,0.03738604608247042,5,5199.7241993302005,5549.482339252226,True,1.06726474838167,4897.768324646519,5896.607864460973,True,1.2039376862290732,4196.360513256727,6908.535381057898,True,1.6463159824407687
heteroscedastic,half_normal_1.0 (main),quadratic_z,lofo_anchor,E3@90,E3,E3__R03__day1_0,90.0,120.0,3839.0,8.288685124726221,3978.4409236840215,0.03571792972542376,0.2362,0.03738604608247042,5,3852.779628321791,4116.0994681560005,False,1.0683454194728774,3626.4123551861485,4377.330136469658,True,1.2070690555114667,3111.5062527839023,5150.100671627453,True,1.6551792775668042
heteroscedastic,half_normal_1.0 (main),quadratic_z,lofo_anchor,E3@90,E3,E3__R03__day1_0,90.0,130.0,2959.0,8.034071552271064,3078.8560860562357,0.04146489987085378,0.22355,0.03738604608247042,5,2976.2342603408083,3201.5838055003805,False,1.075716333274709,2809.5792934722917,3402.03601774168,True,1.2108702629058692,2392.0140631396625,3961.183696344157,True,1.6560035149395673
heteroscedastic,half_normal_1.0 (main),quadratic_z,lofo_anchor,E3@100,E3,E3__R03__day1_0,100.0,80.0,18570.0,9.818346129764654,18386.837895957473,-0.01095652458209706,0.5748,0.03762530354734585,5,17778.547717889785,19106.694617032903,True,1.0747050276669483,16722.87787169705,20335.041942056545,True,1.2160013424766423,13993.455889292127,23982.20274613421,True,1.713815581788165
heteroscedastic,half_normal_1.0 (main),quadratic_z,lofo_anchor,E3@100,E3,E3__R03__day1_0,100.0,90.0,11550.0,9.338105785501133,11386.659349583057,-0.016334930448806517,0.63905,0.03762530354734585,5,11017.809033300702,11771.091086555924,True,1.0683694962381785,10349.684086549403,12510.156768535739,True,1.2087476935449768,8617.624792876895,14880.91624868541,True,1.7268002038085468
heteroscedastic,half_normal_1.0 (main),quadratic_z,lofo_anchor,E3@100,E3,E3__R03__day1_0,100.0,110.0,5376.0,8.573517960152214,5303.211080933382,-0.01618192205077129,0.6363,0.03762530354734585,5,5136.394882845727,5477.186099208466,True,1.0663483287667184,4829.642253116953,5819.296278025236,True,1.2049124910379396,4034.8430713367634,6881.2455916021745,True,1.7054555703754752
heteroscedastic,half_normal_1.0 (main),quadratic_z,lofo_anchor,E3@100,E3,E3__R03__day1_0,100.0,120.0,3839.0,8.273221761574641,3923.3146228926116,0.02025456657384339,0.30665,0.03762530354734585,5,3799.0073767561794,4063.044694743622,True,1.0695016597237812,3575.353948260688,4313.71658536457,True,1.2065145571008642,3010.9774858231076,5066.847371558888,True,1.6827915171786048
heteroscedastic,half_normal_1.0 (main),quadratic_z,lofo_anchor,E3@100,E3,E3__R03__day1_0,100.0,130.0,2959.0,8.01875935348218,3038.346712121666,0.026152701081969987,0.2994,0.03762530354734585,5,2931.543610496145,3167.6858804344533,True,1.0805521941044374,2758.640799433341,3360.644988914023,True,1.2182249278718498,2319.84362897552,3904.4795595869123,True,1.6830787691113442
heteroscedastic,half_normal_1.0 (main),quadratic_z,lofo_anchor,E3@110,E3,E3__R03__day1_0,110.0,80.0,18570.0,9.834435486345996,18649.699415980984,0.005132831999244303,0.4668,0.03786840962759535,5,18026.459134978293,19390.16113077017,True,1.075650020094394,16965.86304041725,20572.26103405197,True,1.2125679068045823,14338.475021715685,24058.65219124635,True,1.677908714476917
heteroscedastic,half_normal_1.0 (main),quadratic_z,lofo_anchor,E3@110,E3,E3__R03__day1_0,110.0,90.0,11550.0,9.353857714113888,11551.759533421771,-0.0005830018360519773,0.4978,0.03786840962759535,5,11177.549513360163,11938.11051686396,True,1.0680436264312427,10527.958991568561,12710.681579870014,True,1.2073262813855479,8993.817951511322,14989.013978033938,True,1.6665907692200042
heteroscedastic,half_normal_1.0 (main),quadratic_z,lofo_anchor,E3@110,E3,E3__R03__day1_0,110.0,100.0,7546.0,8.941654145392725,7653.539177687851,0.012881244868468755,0.35745,0.03786840962759535,5,7410.78478977942,7907.072751896003,True,1.066968340897045,6976.741471908074,8404.833670340357,True,1.204693294739745,5932.638314111127,9919.00722947553,True,1.6719386391519253
heteroscedastic,half_normal_1.0 (main),quadratic_z,lofo_anchor,E3@110,E3,E3__R03__day1_0,110.0,120.0,3839.0,8.289154027969717,3978.2511597865096,0.03618683296891945,0.2346,0.03786840962759535,5,3852.902015575587,4117.180990339539,False,1.0685921867972734,3621.7995065432256,4365.915672698838,True,1.20545482012775,3049.5583583993216,5149.139185663163,True,1.6884868497371162
heteroscedastic,half_normal_1.0 (main),quadratic_z,lofo_anchor,E3@110,E3,E3__R03__day1_0,110.0,130.0,2959.0,8.035056039607664,3084.6822654345146,0.04244938720745406,0.2206,0.03786840962759535,5,2979.4986368555856,3209.923861934646,False,1.0773369124015575,2807.3618075548893,3401.5371785231177,True,1.2116490184376105,2353.4724004235964,3990.7610396128543,True,1.6956906054621952
heteroscedastic,half_normal_1.0 (main),quadratic_z,lofo_anchor,E3@120,E3,E3__R03__day1_0,120.0,80.0,18570.0,9.796857603894853,17987.25327322245,-0.03244505045189783,0.7342,0.03762735428181949,5,17395.126232678627,18629.196805082527,True,1.0709434674918061,16332.195962700205,19775.10779377886,True,1.210805199676862,13798.26658043368,23264.883090878608,True,1.686072881347926
heteroscedastic,half_normal_1.0 (main),quadratic_z,lofo_anchor,E3@120,E3,E3__R03__day1_0,120.0,90.0,11550.0,9.316501575520808,11136.80271718304,-0.03793914042913116,0.7686,0.03762735428181949,5,10756.01365860794,11502.917510029496,False,1.0694405822759268,10110.60687448769,12216.980387208227,True,1.2083330445806961,8569.081619706629,14324.886395746724,True,1.6716944745634426
heteroscedastic,half_normal_1.0 (main),quadratic_z,lofo_anchor,E3@120,E3,E3__R03__day1_0,120.0,100.0,7546.0,8.90441080949443,7377.845838462032,-0.024362091029827226,0.70335,0.03762735428181949,5,7119.649265139114,7610.958640060972,True,1.0690075250374371,6702.1730488747335,8090.769667714416,True,1.207186028876533,5632.119143806891,9554.601112137689,True,1.6964486844430449
heteroscedastic,half_normal_1.0 (main),quadratic_z,lofo_anchor,E3@120,E3,E3__R03__day1_0,120.0,110.0,5376.0,8.551997954068478,5184.230700880892,-0.03770192813450812,0.77005,0.03762735428181949,5,5008.758095454041,5351.139475363607,False,1.068356541359087,4709.222127872396,5687.653198657754,True,1.2077691483258635,3968.388238340127,6654.559307433764,True,1.6768922060451403
heteroscedastic,half_normal_1.0 (main),quadratic_z,lofo_anchor,E3@120,E3,E3__R03__day1_0,120.0,130.0,2959.0,7.997645381234575,2972.8492700465677,0.00503872883436518,0.45485,0.03762735428181949,5,2881.6084199195257,3080.9212212400002,True,1.0691672053505592,2713.1259955591604,3273.8761441101014,True,1.2066804672797267,2301.493833835202,3830.601018920091,True,1.6643976892767902
heteroscedastic,half_normal_1.0 (main),quadratic_z,lofo_anchor,E3@130,E3,E3__R03__day1_0,130.0,80.0,18570.0,9.789367338973788,17907.61471940687,-0.03993531537296313,0.7556,0.038979652283032545,5,17225.32383076279,18546.528417065907,False,1.0767012916148242,16150.783758832724,19815.221043424797,True,1.2268891305406788,13278.430387871256,23857.031650269095,True,1.796675582383631
heteroscedastic,half_normal_1.0 (main),quadratic_z,lofo_anchor,E3@130,E3,E3__R03__day1_0,130.0,90.0,11550.0,9.309007341752556,11084.089774843618,-0.04543337419738336,0.7739,0.038979652283032545,5,10643.054410342254,11485.532948078338,False,1.079157590035189,9967.604042959274,12215.687823965549,True,1.22553903338428,8146.807677338781,14487.254642327149,True,1.77827379951843
heteroscedastic,half_normal_1.0 (main),quadratic_z,lofo_anchor,E3@130,E3,E3__R03__day1_0,130.0,100.0,7546.0,8.896905811501956,7344.4209218598435,-0.03186708902230073,0.7028,0.038979652283032545,5,7038.343329661365,7610.509108130998,True,1.0812926780736003,6590.4971869161545,8081.002037339928,True,1.2261596975388767,5452.083862974479,9591.074164312808,True,1.7591574901197926
heteroscedastic,half_normal_1.0 (main),quadratic_z,lofo_anchor,E3@130,E3,E3__R03__day1_0,130.0,110.0,5376.0,8.544476462942283,5164.091122825885,-0.04522341926070261,0.77455,0.038979652283032545,5,4952.583921156865,5345.959379226599,False,1.0794283275825534,4639.331270673342,5687.691264259923,True,1.2259722215168358,3852.351955266345,6806.061518539766,True,1.766728896417567
heteroscedastic,half_normal_1.0 (main),quadratic_z,lofo_anchor,E3@130,E3,E3__R03__day1_0,130.0,120.0,3839.0,8.244328034717153,3822.603604842071,-0.008639160283644642,0.53885,0.038979652283032545,5,3681.1786358847994,3953.996759048568,True,1.0741116229743073,3443.8720057998125,4215.878505162284,True,1.22416817409658,2833.1694693231816,5090.189631967738,True,1.7966414247657898
heteroscedastic,half_normal_1.0 (main),quadratic_z,strict_holdout,E1,E1,E1__R01__day1_1,110.0,120.0,780.0,6.719050504089026,827.0546463636742,0.059756584405388224,0.14785,0.0320438045168252,5,798.0020778861981,858.9798601589282,False,1.0764130620239138,767.1890465985988,894.0223635115251,True,1.1653221164656262,717.15890373877,958.2737785915327,True,1.3362084380403794
heteroscedastic,half_normal_1.0 (main),quadratic_z,strict_holdout,E1,E1,E1__R01__day1_1,110.0,130.0,599.0,6.521222284662662,678.1801622336168,0.12596068654721293,0.0773,0.0320438045168252,5,640.5677861835527,718.7458675404816,False,1.1220449779760346,607.3807786296463,761.6537630410742,False,1.253997146171622,563.1061051087298,826.3178876346836,True,1.4674283942901496
heteroscedastic,half_normal_1.0 (main),quadratic_z,strict_holdout,E2,E2,E2__R01__day1_0,110.0,120.0,1955.0,7.591220508858582,1949.0199789184007,0.01307503643911545,0.561,0.011753605220519246,2,1920.3324398776538,1979.5144725672383,True,1.0308186392421488,1884.4835424955766,2025.933559386591,True,1.0750603620043802,1802.7857779067551,2283.2113319237137,True,1.2664906501396902
heteroscedastic,half_normal_1.0 (main),quadratic_z,strict_holdout,E2,E2,E2__R01__day1_0,110.0,130.0,1536.0,7.33934050329084,1515.3185248731172,0.0024035895832223986,0.64525,0.011753605220519246,2,1478.2835835357366,1554.629490194803,True,1.0516449668449024,1436.912356157182,1610.5156994517224,True,1.1208169326059787,1363.0348385301297,1824.3820977616683,True,1.3384706290626047
heteroscedastic,half_normal_1.0 (main),quadratic_z,strict_holdout,E2,E2,E2__R02__day1_0,110.0,120.0,4017.0,8.352338160593273,4240.038332276904,0.05404752623399034,0.0567,0.011753605220519246,2,4177.264145888005,4303.569245263361,False,1.030236320942186,4088.3938619236587,4392.900471262194,False,1.0744807422236125,3868.4559414226615,4654.2016405079385,True,1.2031161039399898
heteroscedastic,half_normal_1.0 (main),quadratic_z,strict_holdout,E2,E2,E2__R02__day1_0,110.0,130.0,3302.0,8.10045815502553,3296.1116300778594,-0.0018254694545429828,0.52035,0.011753605220519246,2,3214.58523905061,3378.477956065517,True,1.0509840943161024,3117.963498347176,3488.0762428675503,True,1.1187033602916039,2922.7537792515436,3728.183340585403,True,1.2755721563176332
heteroscedastic,half_normal_1.0 (main),quadratic_z,strict_holdout,E2,E2,E2__R02__day1_1,110.0,120.0,4863.0,8.506664962205797,4952.812954140646,0.017254151802010398,0.2086,0.011753605220519246,2,4880.858685479794,5029.229427511722,False,1.0303984916574864,4778.544613426748,5129.515492348213,True,1.0734472328531386,4505.602758840901,5390.092540150056,True,1.1963088689018597
heteroscedastic,half_normal_1.0 (main),quadratic_z,strict_holdout,E2,E2,E2__R02__day1_1,110.0,130.0,3845.0,8.254784956638055,3850.101171167675,0.00025607469831001595,0.48595,0.011753605220519246,2,3754.0840498960383,3948.3359794698736,True,1.0517441610235696,3638.3566671934263,4074.0571432220595,True,1.1197519968169383,3386.0838933460395,4335.720302318444,True,1.2804527114164317
heteroscedastic,half_normal_1.0 (main),quadratic_z,strict_holdout,E2,E2,E2__R03__day1_0,110.0,120.0,6977.0,8.67254099110032,5861.1201581780715,-0.17783331283891712,0.99155,0.011753605220519246,2,5772.602913964578,5949.484601467811,False,1.0306415823398032,5649.486943842982,6066.833162731133,False,1.0738732955818209,5282.32846245108,6397.866660730151,False,1.2111830428964738
heteroscedastic,half_normal_1.0 (main),quadratic_z,strict_holdout,E2,E2,E2__R03__day1_0,110.0,130.0,5128.0,8.420660985532578,4554.654080388341,-0.12181001306792716,0.9753,0.011753605220519246,2,4442.12965193228,4673.468361177194,False,1.0520783334507773,4303.305368192365,4820.44933474166,False,1.1201736624065155,3985.8355632058,5125.624173359756,False,1.2859597673008936
heteroscedastic,half_normal_1.0 (main),quadratic_z,strict_holdout,E3,E3,E3__R03__day1_0,110.0,120.0,3839.0,8.330469516151096,4148.671150956942,0.07750232115029831,0.10345,0.033192777607602475,5,3991.0571755200895,4311.474444954641,False,1.0802838083603241,3833.0031090615075,4495.400268328407,True,1.1728141460936838,3573.099681735793,4794.288116326816,True,1.3417728424519564
heteroscedastic,half_normal_1.0 (main),quadratic_z,strict_holdout,E3,E3,E3__R03__day1_0,110.0,130.0,2959.0,8.132747998467975,3398.64502173515,0.1401413460677654,0.06895,0.033192777607602475,5,3199.0774321953418,3611.944123968578,False,1.1290580489294095,3022.137553509755,3836.932304523437,False,1.2696087575720774,2779.936671521106,4238.787142370514,True,1.5247783108854651
heteroscedastic,half_normal_1.0 (main),quadratic_z,e2_same_formulation_anchor,E2__R01__day1_0,E2,E2__R01__day1_0,110.0,120.0,1955.0,7.624680976421432,1932.6526672851949,0.04653550400196593,0.60685,0.03715123679966575,5,1885.1450118791463,2019.7890899811832,True,1.0714237245695073,1784.6765368211268,2348.754798073961,True,1.316067505575869,1514.0796944622687,4705.426337281794,True,3.1077798312016496
heteroscedastic,half_normal_1.0 (main),quadratic_z,e2_same_formulation_anchor,E2__R01__day1_0,E2,E2__R01__day1_0,110.0,130.0,1536.0,7.356988304815572,1480.3831829157123,0.020051391107954508,0.72745,0.03715123679966575,5,1441.746797257852,1547.6575269091682,True,1.07346000688384,1372.5911171004352,1820.345299791815,True,1.3262108993079087,1169.7389951790246,3831.120022059809,True,3.275192190607845
heteroscedastic,half_normal_1.0 (main),quadratic_z,e2_same_formulation_anchor,E2__R02__day1_0,E2,E2__R02__day1_0,110.0,120.0,4017.0,8.340317617621308,4193.670222891587,0.042026983262024586,0.17435,0.029479701959282005,5,4088.38346339772,4298.442674256617,False,1.051379527566214,3879.525630049307,4529.1638249171,True,1.167452997303574,3359.2285936820585,5247.599509286403,True,1.5621442134530346
heteroscedastic,half_normal_1.0 (main),quadratic_z,e2_same_formulation_anchor,E2__R02__day1_0,E2,E2__R02__day1_0,110.0,130.0,3302.0,8.074512978840879,3212.7189643440743,-0.027770645639193958,0.7498,0.029479701959282005,5,3129.751372958718,3302.046487871483,True,1.0550507354678098,2967.625562118377,3479.04448103306,True,1.1723326977105621,2557.165182416326,3999.4498544907533,True,1.5640170146191255
heteroscedastic,half_normal_1.0 (main),quadratic_z,e2_same_formulation_anchor,E2__R02__day1_1,E2,E2__R02__day1_1,110.0,120.0,4863.0,8.494168590181719,4912.980240986247,0.004757779777932569,0.3717,0.031021719594085242,5,4782.896178589554,5044.414955978842,True,1.054677912215608,4509.152308036381,5310.67098672996,True,1.1777537381616232,3826.675329928448,6086.574068382744,True,1.5905645354283433
heteroscedastic,half_normal_1.0 (main),quadratic_z,e2_same_formulation_anchor,E2__R02__day1_1,E2,E2__R02__day1_1,110.0,130.0,3845.0,8.232618542705438,3775.7498818561303,-0.02191033923430652,0.6682,0.031021719594085242,5,3673.4770962482776,3891.0269711720457,True,1.0592217861235482,3472.010388087019,4089.6972757037092,True,1.1779046772832436,2900.762239874011,4622.9077269172885,True,1.5936872258507047
heteroscedastic,half_normal_1.0 (main),quadratic_z,e2_same_formulation_anchor,E2__R03__day1_0,E2,E2__R03__day1_0,110.0,120.0,6977.0,8.662889219344382,5800.7991818510145,-0.18748508459485436,0.98995,0.025871207468713166,5,5668.874850692285,5932.242950852787,False,1.046458619584509,5475.563507081845,6128.466389082861,False,1.1192393953894573,5003.217573970327,6520.451358812469,False,1.3032516100710234
heteroscedastic,half_normal_1.0 (main),quadratic_z,e2_same_formulation_anchor,E2__R03__day1_0,E2,E2__R03__day1_0,110.0,130.0,5128.0,8.399898423789045,4456.818931743238,-0.14257257481146013,0.9817,0.025871207468713166,5,4354.684916513351,4569.418399588587,False,1.0493109116255341,4206.328491736434,4721.147349617885,False,1.1223915010187246,3862.597187118985,5031.38983003195,False,1.3025924232562127
heteroscedastic,half_normal_1.0 (main),quadratic_z,loro_anchor,E1__R01__day1_1@80,E1,E1__R01__day1_1,80.0,90.0,2288.0,7.709364979058236,2226.000561105417,-0.026068373441452408,0.7064,0.041688818696210966,5,2145.1159621333595,2308.1403354247605,True,1.0759979302607354,2021.0027889812761,2453.6860830397973,True,1.2140933681128778,1750.5269679264625,2863.604181647297,True,1.6358526512957974
heteroscedastic,half_normal_1.0 (main),quadratic_z,loro_anchor,E1__R01__day1_1@80,E1,E1__R01__day1_1,80.0,100.0,1512.0,7.291646634887913,1468.0851990184206,-0.0295419218515649,0.7053,0.041688818696210966,5,1412.1454595838145,1525.8414436849048,True,1.0805129410213865,1331.8682195106753,1620.7668618090677,True,1.2169123326664653,1150.396816602248,1893.7672407020998,True,1.6461860928087684
heteroscedastic,half_normal_1.0 (main),quadratic_z,loro_anchor,E1__R01__day1_1@80,E1,E1__R01__day1_1,80.0,110.0,1073.0,6.937121613992602,1028.3034195811617,-0.041092128638096526,0.7661,0.041688818696210966,5,990.078322421804,1068.9348210431592,False,1.079646727774492,931.0943380055428,1137.8186397726051,True,1.2220229393832183,806.3089932308509,1311.4800629163947,True,1.6265229259831788
heteroscedastic,half_normal_1.0 (main),quadratic_z,loro_anchor,E1__R01__day1_1@80,E1,E1__R01__day1_1,80.0,120.0,780.0,6.637889918885785,762.5650370063528,-0.021404000797852873,0.66495,0.041688818696210966,5,734.8932108113087,792.7394267927467,True,1.078713771103664,691.2239861230178,841.3032407722701,True,1.2171210167214055,599.3275207775071,977.323648131901,True,1.6307004338195914
heteroscedastic,half_normal_1.0 (main),quadratic_z,loro_anchor,E1__R01__day1_1@80,E1,E1__R01__day1_1,80.0,130.0,599.0,6.387133191260397,593.0299207742712,-0.008128406855052006,0.5747,0.041688818696210966,5,570.3706953925929,618.4845059590546,True,1.084355334092584,537.4362639337991,657.2072462115424,True,1.2228561604702148,467.0638927386272,767.6599119098003,True,1.6435865067809663
heteroscedastic,half_normal_1.0 (main),quadratic_z,loro_anchor,E1__R01__day1_1@90,E1,E1__R01__day1_1,90.0,80.0,3636.0,8.228378313616867,3735.6141032384,0.029738858319497297,0.30225,0.041400924969166905,5,3598.3528805316864,3882.4100238842343,True,1.0789408801147307,3389.63229101853,4128.4994236694765,True,1.2179785502423712,2931.828254285168,4770.016300049375,True,1.6269767143002003
heteroscedastic,half_normal_1.0 (main),quadratic_z,loro_anchor,E1__R01__day1_1@90,E1,E1__R01__day1_1,90.0,100.0,1512.0,7.320398982592627,1506.9227671487047,-0.0007895741468511019,0.53315,0.041400924969166905,5,1455.9483297334514,1564.1362963611216,True,1.0743075591477047,1372.0481607432287,1666.1402326658592,True,1.214345298027529,1184.4188179358505,1948.1779854272143,True,1.644838764738986
heteroscedastic,half_normal_1.0 (main),quadratic_z,loro_anchor,E1__R01__day1_1@90,E1,E1__R01__day1_1,90.0,110.0,1073.0,6.96599797078627,1056.8918583087461,-0.01221577184442868,0.62625,0.041400924969166905,5,1019.5841311523951,1097.3416663839466,True,1.0762639716093514,961.0566581189767,1167.632596318796,True,1.214946680255188,829.595776667548,1363.9429216646631,True,1.644105430651498
heteroscedastic,half_normal_1.0 (main),quadratic_z,loro_anchor,E1__R01__day1_1@90,E1,E1__R01__day1_1,90.0,120.0,780.0,6.66700110468455,783.6142011733731,0.0077071850009122755,0.4629,0.041400924969166905,5,755.5055036755966,815.0286441121377,True,1.0787858462274016,712.728431805967,866.7633917970522,True,1.216120128112161,612.9929214001012,998.9708166057028,True,1.629661259911472
heteroscedastic,half_normal_1.0 (main),quadratic_z,loro_anchor,E1__R01__day1_1@90,E1,E1__R01__day1_1,90.0,130.0,599.0,6.41657327963371,610.4017655209655,0.02131168151826035,0.377,0.041400924969166905,5,585.4363257576642,637.9380238021694,True,1.089679604313173,551.4774312817556,678.0812004899469,True,1.229571986135382,477.6709010240317,790.198400700683,True,1.654273683003621
heteroscedastic,half_normal_1.0 (main),quadratic_z,loro_anchor,E1__R01__day1_1@100,E1,E1__R01__day1_1,100.0,80.0,3636.0,8.229938138728789,3748.560979888285,0.031298683431419505,0.28565,0.04021637602054498,5,3611.4506985263138,3894.3991812815234,True,1.0783475966792704,3412.992292639538,4124.633583528453,True,1.2085094925129602,2975.362927228172,4694.457403099408,True,1.5777763983477249
heteroscedastic,half_normal_1.0 (main),quadratic_z,loro_anchor,E1__R01__day1_1@100,E1,E1__R01__day1_1,100.0,90.0,2288.0,7.739511189367506,2295.752649224651,0.004077836867817375,0.46585,0.04021637602054498,5,2218.99978938214,2375.7893022973285,True,1.0706577412334255,2091.5181234112997,2515.0298400847023,True,1.202490101296683,1836.6625372746503,2854.939607483003,True,1.554417074199887
heteroscedastic,half_normal_1.0 (main),quadratic_z,loro_anchor,E1__R01__day1_1@100,E1,E1__R01__day1_1,100.0,110.0,1073.0,6.9673042513727745,1061.1832426847138,-0.010909491257923953,0.60115,0.04021637602054498,5,1026.393455159581,1099.680014338078,True,1.0714020133410758,968.8887194919462,1164.8655920903427,True,1.2022697433211529,841.4645565369992,1333.1302223766922,True,1.5842975346021893
heteroscedastic,half_normal_1.0 (main),quadratic_z,loro_anchor,E1__R01__day1_1@100,E1,E1__R01__day1_1,100.0,120.0,780.0,6.668373501566431,786.5896415046818,0.009079581882793342,0.4286,0.04021637602054498,5,759.0189734267119,815.6921323614765,True,1.0746663270865346,717.1461274970635,863.0674664745321,True,1.2034750427876584,623.8790539545555,984.8162198456739,True,1.5785370795882012
heteroscedastic,half_normal_1.0 (main),quadratic_z,loro_anchor,E1__R01__day1_1@100,E1,E1__R01__day1_1,100.0,130.0,599.0,6.418069178299507,612.4516742103709,0.022807580184057485,0.35245,0.04021637602054498,5,587.8950188269363,638.3406034323191,True,1.0858071305078243,555.6687706561188,676.131286370916,True,1.2167883495999934,486.5373981876087,771.3194582510223,True,1.5853240904486476
heteroscedastic,half_normal_1.0 (main),quadratic_z,loro_anchor,E1__R01__day1_1@110,E1,E1__R01__day1_1,110.0,80.0,3636.0,8.242240650067828,3796.1972743018696,0.04360119477045821,0.2388,0.0423344184496594,5,3646.4015846597085,3949.7916217439324,False,1.0832025848059565,3427.683338888474,4202.643625473224,True,1.2260886464605725,2963.491245294153,4925.419622416986,True,1.662032789952816
heteroscedastic,half_normal_1.0 (main),quadratic_z,loro_anchor,E1__R01__day1_1@110,E1,E1__R01__day1_1,110.0,90.0,2288.0,7.751703159125982,2324.5633445769217,0.016269806626293182,0.3658,0.0423344184496594,5,2240.1350429856657,2411.260995297928,True,1.07639090904278,2107.4149716296693,2570.218020241701,True,1.2196069852603093,1815.5254776820648,2985.146940168726,True,1.6442330206128264
heteroscedastic,half_normal_1.0 (main),quadratic_z,loro_anchor,E1__R01__day1_1@110,E1,E1__R01__day1_1,110.0,100.0,1512.0,7.333778181256912,1530.5771934602317,0.012589624517434395,0.39245,0.0423344184496594,5,1474.3847386212794,1587.901038386736,True,1.07699231875637,1386.0488069632606,1690.181160702308,True,1.2194239858013232,1189.6457952769508,1987.6076560202828,True,1.6707558366627653
heteroscedastic,half_normal_1.0 (main),quadratic_z,loro_anchor,E1__R01__day1_1@110,E1,E1__R01__day1_1,110.0,120.0,780.0,6.680183337495217,795.4101178081214,0.02088941781157949,0.33955,0.0423344184496594,5,766.4632380310853,825.5622987673598,True,1.077106190882801,721.1889987982572,880.1585489583055,True,1.2204270315062278,621.0055424010017,1030.0030323095186,True,1.6586052168346272
heteroscedastic,half_normal_1.0 (main),quadratic_z,loro_anchor,E1__R01__day1_1@110,E1,E1__R01__day1_1,110.0,130.0,599.0,6.429740284592092,619.3493963317889,0.03447868647664265,0.2865,0.0423344184496594,5,594.4771706940154,645.3512744988515,True,1.0855778931686202,559.598014590344,687.4887231683986,True,1.2285403186637065,481.92521448216155,810.6643407110046,True,1.6821372203612128
heteroscedastic,half_normal_1.0 (main),quadratic_z,loro_anchor,E1__R01__day1_1@120,E1,E1__R01__day1_1,120.0,80.0,3636.0,8.22222709932782,3720.746012592447,0.023587644030451216,0.3325,0.04048585514096929,5,3577.77709828822,3863.633874379863,True,1.0798978718457364,3376.47654587587,4115.232853190009,True,1.2187950359721818,2942.5853944691385,4823.586001721969,True,1.63923399157365
heteroscedastic,half_normal_1.0 (main),quadratic_z,loro_anchor,E1__R01__day1_1@120,E1,E1__R01__day1_1,120.0,90.0,2288.0,7.732106174710855,2277.8306953480433,-0.003327177788833957,0.53915,0.04048585514096929,5,2193.7475895430784,2362.6689468225527,True,1.0770012731112142,2066.5944082851556,2514.327819181795,True,1.2166527738106894,1780.924840659315,2912.0862412871556,True,1.6351539238506405
heteroscedastic,half_normal_1.0 (main),quadratic_z,loro_anchor,E1__R01__day1_1@120,E1,E1__R01__day1_1,120.0,100.0,1512.0,7.314334451033015,1498.8706567888585,-0.006854105706462832,0.5726,0.04048585514096929,5,1443.576982284798,1554.0038662082577,True,1.0764953204980336,1362.0858526884351,1650.536356371388,True,1.2117711619378617,1175.1666045509735,1923.4642261724916,True,1.6367587529492806
heteroscedastic,half_normal_1.0 (main),quadratic_z,loro_anchor,E1__R01__day1_1@120,E1,E1__R01__day1_1,120.0,110.0,1073.0,6.95973330116778,1052.195533651603,-0.01848044146291805,0.6634,0.04048585514096929,5,1014.8573840408039,1090.4487377081157,True,1.0744847057882494,955.606771176301,1159.484378855176,True,1.2133488520889322,829.6878672004308,1352.236593734341,True,1.6298136289459277
heteroscedastic,half_normal_1.0 (main),quadratic_z,loro_anchor,E1__R01__day1_1@120,E1,E1__R01__day1_1,120.0,130.0,599.0,6.409538367433536,606.6105130728743,0.01427676931808719,0.394,0.04048585514096929,5,585.0281246475263,628.9492777271165,True,1.0750752848096874,551.2645984436188,670.3198095512545,True,1.2159674527327955,477.9538538546069,777.3990989333907,True,1.6265149714011402
heteroscedastic,half_normal_1.0 (main),quadratic_z,loro_anchor,E1__R01__day1_1@130,E1,E1__R01__day1_1,130.0,80.0,3636.0,8.208381718864874,3673.617433845504,0.00974226356750485,0.4269,0.04124470833696832,5,3522.1765006173136,3820.2516158187445,True,1.0846281028645752,3308.7922066653023,4056.9524864301534,True,1.2261128028099622,2785.502788809548,4773.345494995477,True,1.713638742051119
heteroscedastic,half_normal_1.0 (main),quadratic_z,loro_anchor,E1__R01__day1_1@130,E1,E1__R01__day1_1,130.0,90.0,2288.0,7.7184572324045035,2251.568711693525,-0.01697612009518501,0.61005,0.04124470833696832,5,2156.769927030783,2346.061813514349,True,1.0877663788386385,2026.8723013496115,2493.357620315224,True,1.2301503250377437,1740.5574663613513,2925.8213516857236,True,1.6809679704526939
heteroscedastic,half_normal_1.0 (main),quadratic_z,loro_anchor,E1__R01__day1_1@130,E1,E1__R01__day1_1,130.0,100.0,1512.0,7.300751300241596,1481.2002471461756,-0.02043725649788186,0.63465,0.04124470833696832,5,1417.5336590964341,1545.407190307875,True,1.090208461993735,1335.238173987808,1642.3428736449034,True,1.2299999398159054,1136.4973214188308,1943.3969774224927,True,1.7099881722521868
heteroscedastic,half_normal_1.0 (main),quadratic_z,loro_anchor,E1__R01__day1_1@130,E1,E1__R01__day1_1,130.0,110.0,1073.0,6.946104684232641,1039.479278530218,-0.03210905839805722,0.71245,0.04124470833696832,5,997.2870856933555,1081.2486872195389,True,1.0841900017865063,936.7957161351185,1151.6473669504157,True,1.229347388245644,806.8420342825075,1367.8448589168222,True,1.6953068888300946
heteroscedastic,half_normal_1.0 (main),quadratic_z,loro_anchor,E1__R01__day1_1@130,E1,E1__R01__day1_1,130.0,120.0,780.0,6.646637529911284,770.5341930951419,-0.012656389772353727,0.60395,0.04124470833696832,5,741.388179722593,799.2239720097808,True,1.0780101354041394,696.3913848432375,850.8834183340725,True,1.2218465605021986,589.0614578031707,1007.1222636166792,True,1.7097066023851109
heteroscedastic,half_normal_1.0 (main),quadratic_z,loro_anchor,E2__R01__day1_0@80,E2,E2__R01__day1_0,80.0,90.0,5527.0,8.744042738455569,5936.147757366127,0.1266422866223067,0.10895,0.03554253555066095,5,5783.83820673807,6178.665690377673,False,1.0682639225937607,5495.238850730905,7102.470012967467,True,1.2924770343736358,4720.961531465536,14266.400945591433,True,3.0219269635020076
heteroscedastic,half_normal_1.0 (main),quadratic_z,loro_anchor,E2__R01__day1_0@80,E2,E2__R01__day1_0,80.0,100.0,3705.0,8.334308336689777,3944.5457063857366,0.11686979895958949,0.12505,0.03554253555066095,5,3838.2279957505984,4110.725359173039,False,1.0709956166554278,3648.111580862168,4754.2398640260935,True,1.3032057157918702,3143.849057532249,9722.214368827796,True,3.0924558370684645
heteroscedastic,half_normal_1.0 (main),quadratic_z,loro_anchor,E2__R01__day1_0@80,E2,E2__R01__day1_0,80.0,110.0,2622.0,7.978046999908864,2763.69002903674,0.10635433558521878,0.15185,0.03554253555066095,5,2687.536802322091,2880.136914454996,False,1.0716641766417838,2551.8245964871708,3305.2732044092754,True,1.2952587763905477,2196.1336929666663,6550.770396378298,True,2.982865031103426
heteroscedastic,half_normal_1.0 (main),quadratic_z,loro_anchor,E2__R01__day1_0@80,E2,E2__R01__day1_0,80.0,120.0,1955.0,7.668792315032926,2028.4212559742361,0.09064684261345946,0.20895,0.03554253555066095,5,1970.6409949211672,2110.490024538176,False,1.0709662642649953,1871.3655686466168,2438.6528462238834,True,1.3031408117589405,1584.115190438162,4823.173843846264,True,3.0447115670371083
heteroscedastic,half_normal_1.0 (main),quadratic_z,loro_anchor,E2__R01__day1_0@80,E2,E2__R01__day1_0,80.0,130.0,1536.0,7.400950326860952,1550.9776616960712,0.06401341315333475,0.39615,0.03554253555066095,5,1507.3780272878817,1615.7927830095207,True,1.0719227385294332,1432.2923032902697,1863.0751909545672,True,1.3007646460674966,1224.3967091595987,3642.8595722627574,True,2.9752281633974196
heteroscedastic,half_normal_1.0 (main),quadratic_z,loro_anchor,E2__R01__day1_0@90,E2,E2__R01__day1_0,90.0,80.0,9462.0,9.15325603921384,8889.275843040836,-0.0017830169772530269,0.7914,0.036279598081745704,5,8668.838660983949,9292.567957747437,False,1.071950733097701,8213.25506909468,10886.33605932403,True,1.325459390672984,6901.273636807848,23850.584267254704,True,3.455968495445238
heteroscedastic,half_normal_1.0 (main),quadratic_z,loro_anchor,E2__R01__day1_0@90,E2,E2__R01__day1_0,90.0,100.0,3705.0,8.272634994511911,3683.341460060926,0.055196456781724024,0.56455,0.036279598081745704,5,3592.5896273922726,3840.8028616058223,True,1.0690903387130575,3400.7943054138636,4435.009684550577,True,1.3041099479290188,2847.504608185241,9837.546292360572,True,3.4547955652406097
heteroscedastic,half_normal_1.0 (main),quadratic_z,loro_anchor,E2__R01__day1_0@90,E2,E2__R01__day1_0,90.0,110.0,2622.0,7.916432891679367,2580.739886071531,0.04474022735572181,0.63955,0.036279598081745704,5,2516.022504865848,2694.871454683272,True,1.0710840024171246,2380.777359013614,3133.2966537419234,True,1.3160813386767454,2007.584124760718,6966.783880328468,True,3.4702326016643674
heteroscedastic,half_normal_1.0 (main),quadratic_z,loro_anchor,E2__R01__day1_0@90,E2,E2__R01__day1_0,90.0,120.0,1955.0,7.607317264912386,1895.8000459286648,0.029171792492920012,0.7115,0.036279598081745704,5,1846.3198620128162,1978.6202735980344,True,1.0716562792326716,1750.0192519348182,2305.2332211148673,True,1.3172616350169895,1470.6104036526644,4950.037891844345,True,3.365975026118112
heteroscedastic,half_normal_1.0 (main),quadratic_z,loro_anchor,E2__R01__day1_0@90,E2,E2__R01__day1_0,90.0,130.0,1536.0,7.33968220761226,1451.1766140697828,0.0027452939046419544,0.78065,0.036279598081745704,5,1411.991732840061,1517.3126518139375,False,1.0745903226798894,1339.4878672237676,1779.801361189641,True,1.3287177918815125,1130.8959634900343,3984.882489632404,True,3.5236508204828514
heteroscedastic,half_normal_1.0 (main),quadratic_z,loro_anchor,E2__R01__day1_0@100,E2,E2__R01__day1_0,100.0,80.0,9462.0,9.164205481366762,8976.66853662346,0.009166425175669346,0.77725,0.03514200330579695,5,8744.935238729424,9360.654667111172,False,1.0704086893239484,8317.33276771511,10869.162091161623,True,1.3068086121733393,7057.289364693136,23925.88540991557,True,3.3902372672451566
heteroscedastic,half_normal_1.0 (main),quadratic_z,loro_anchor,E2__R01__day1_0@100,E2,E2__R01__day1_0,100.0,90.0,5527.0,8.6932809794756,5601.540986127887,0.07588052764233844,0.32825,0.03514200330579695,5,5471.529511282016,5836.469850270091,True,1.0666980481848058,5203.046008164862,6793.381640290849,True,1.3056547317917926,4458.5284572709415,15598.656040420183,True,3.498610851071722
heteroscedastic,half_normal_1.0 (main),quadratic_z,loro_anchor,E2__R01__day1_0@100,E2,E2__R01__day1_0,100.0,110.0,2622.0,7.927123969147284,2604.2923950930003,0.05543130482363878,0.57335,0.03514200330579695,5,2544.20611622488,2713.354167422136,True,1.0664836272967695,2422.305451455936,3162.2312259991722,True,1.3054634476830744,2070.4985395301383,7161.975559783624,True,3.459058493906933
heteroscedastic,half_normal_1.0 (main),quadratic_z,loro_anchor,E2__R01__day1_0@100,E2,E2__R01__day1_0,100.0,120.0,1955.0,7.617899563523344,1912.3775784343702,0.03975409110387762,0.6734,0.03514200330579695,5,1866.7341874828319,1996.3552136904,True,1.0694373237907822,1774.0415988229886,2332.08012016371,True,1.3145577430151354,1518.8557992778392,5411.431957821522,True,3.5628345761292555
heteroscedastic,half_normal_1.0 (main),quadratic_z,loro_anchor,E2__R01__day1_0@100,E2,E2__R01__day1_0,100.0,130.0,1536.0,7.350147703781823,1463.3750734437506,0.013210790074205114,0.7705,0.03514200330579695,5,1424.392346666953,1524.4534748049227,False,1.0702482910499418,1353.624497815625,1753.1742863686022,True,1.2951703291405703,1154.4994589653681,3821.7761654105193,True,3.3103317075916987
heteroscedastic,half_normal_1.0 (main),quadratic_z,loro_anchor,E2__R01__day1_0@110,E2,E2__R01__day1_0,110.0,80.0,9462.0,9.169508026332377,9081.769008698584,0.014468970141283677,0.73725,0.03719226478480987,5,8835.71241009533,9500.080462116804,True,1.0751912263760866,8385.956523205417,10991.3459941004,True,1.3106848292959083,7164.828148558322,21896.612028615316,True,3.0561252237461223
heteroscedastic,half_normal_1.0 (main),quadratic_z,loro_anchor,E2__R01__day1_0@110,E2,E2__R01__day1_0,110.0,90.0,5527.0,8.698637720060116,5666.94156357269,0.08123726822685384,0.2533,0.03719226478480987,5,5523.508893396388,5919.707642182044,True,1.0717295393982853,5234.943192909045,6831.353256293926,True,1.3049527004509403,4475.266144305327,13348.93754626796,True,2.9828254043067757
heteroscedastic,half_normal_1.0 (main),quadratic_z,loro_anchor,E2__R01__day1_0@110,E2,E2__R01__day1_0,110.0,100.0,3705.0,8.288822403376523,3758.8448322834765,0.07138386564633592,0.3272,0.03719226478480987,5,3663.7901905174285,3922.6289464522947,True,1.0706478107302075,3470.930224749102,4547.970094271931,True,1.3103029446812589,2953.1684869509695,9369.066020225118,True,3.1725470665232214
heteroscedastic,half_normal_1.0 (main),quadratic_z,loro_anchor,E2__R01__day1_0@110,E2,E2__R01__day1_0,110.0,120.0,1955.0,7.623344814263716,1933.9422410106072,0.04519934184425001,0.6001,0.03719226478480987,5,1886.0533906095968,2021.3578933736526,True,1.0717394870355836,1791.3943454481505,2349.280681921495,True,1.311425754966185,1533.9915707249265,4763.054316937915,True,3.10500683826249
heteroscedastic,half_normal_1.0 (main),quadratic_z,loro_anchor,E2__R01__day1_0@110,E2,E2__R01__day1_0,110.0,130.0,1536.0,7.355603147636954,1479.698698519049,0.018666233929335974,0.7231,0.03719226478480987,5,1440.9573388883641,1549.4459741604305,True,1.0752892763333026,1367.6714495661608,1791.7859342300362,True,1.3100996842468333,1168.7846789753326,3717.529198845609,True,3.180679269431173
heteroscedastic,half_normal_1.0 (main),quadratic_z,loro_anchor,E2__R01__day1_0@120,E2,E2__R01__day1_0,120.0,80.0,9462.0,9.174610512392032,9210.948964877889,0.019571456200939252,0.69065,0.03543854560025128,5,8972.168667787699,9609.912518735078,True,1.071080234284609,8524.982002644318,10917.55310868711,True,1.280654094671479,7252.4185192852865,20395.674207783748,True,2.812258304391637
heteroscedastic,half_normal_1.0 (main),quadratic_z,loro_anchor,E2__R01__day1_0@120,E2,E2__R01__day1_0,120.0,90.0,5527.0,8.703823403910704,5750.236054631098,0.08642295207744155,0.1819,0.03543854560025128,5,5610.059687908403,5987.455843015216,False,1.0672713261714897,5317.229811532394,6765.345781856212,True,1.2723440629146852,4556.039120023034,12751.866110899919,True,2.79889302417479
heteroscedastic,half_normal_1.0 (main),quadratic_z,loro_anchor,E2__R01__day1_0@120,E2,E2__R01__day1_0,120.0,100.0,3705.0,8.294063924793386,3818.5792242967673,0.07662538706319921,0.2215,0.03543854560025128,5,3724.58858522196,3974.3903943989376,False,1.0670682958563842,3533.431185282895,4502.8543133294315,True,1.274357438198962,3025.91832353515,8300.130565862586,True,2.743012096957602
heteroscedastic,half_normal_1.0 (main),quadratic_z,loro_anchor,E2__R01__day1_0@120,E2,E2__R01__day1_0,120.0,110.0,2622.0,7.937824212860501,2674.2377776127955,0.06613154853685543,0.27755,0.03543854560025128,5,2610.888550913148,2787.096946423207,True,1.067489818915645,2482.5548064002624,3179.3511463034815,True,1.2806771226588078,2103.2783623639266,5869.897167216889,True,2.790832289369233
heteroscedastic,half_normal_1.0 (main),quadratic_z,loro_anchor,E2__R01__day1_0@120,E2,E2__R01__day1_0,120.0,130.0,1536.0,7.360884153664873,1501.3467559209223,0.02394723995725556,0.6798,0.03543854560025128,5,1465.236992231598,1564.9441350517106,True,1.0680484749898758,1394.2996129200303,1777.6938705603886,True,1.2749726486959496,1187.2533451666752,3165.4130816745233,True,2.6661648034608314
heteroscedastic,half_normal_1.0 (main),quadratic_z,loro_anchor,E2__R01__day1_0@130,E2,E2__R01__day1_0,130.0,80.0,9462.0,9.209609632248146,9464.586059285653,0.05457057605705273,0.4976,0.03450164158729495,5,9214.938126040524,9874.925602210202,True,1.0716214766873602,8756.105904063821,11385.079760613948,True,1.3002446390386833,7476.785397681677,22887.546800286458,True,3.0611480178879
heteroscedastic,half_normal_1.0 (main),quadratic_z,loro_anchor,E2__R01__day1_0@130,E2,E2__R01__day1_0,130.0,90.0,5527.0,8.738813067963768,5912.315710270077,0.12141261613050602,0.11835,0.03450164158729495,5,5756.2819486835315,6164.367048122879,False,1.0708938691810739,5463.322468882558,7097.535552669143,True,1.2991244051755266,4630.631976845894,14277.74155084126,True,3.0833246136235584
heteroscedastic,half_normal_1.0 (main),quadratic_z,loro_anchor,E2__R01__day1_0@130,E2,E2__R01__day1_0,130.0,100.0,3705.0,8.329027121581573,3925.3674973357365,0.11158858385138615,0.13725,0.03450164158729495,5,3821.7172504460686,4089.0343485458234,False,1.0699468538831736,3626.6816747779953,4728.997697363105,True,1.3039461748879813,3089.5714686679125,9682.688405266174,True,3.133990750322705
heteroscedastic,half_normal_1.0 (main),quadratic_z,loro_anchor,E2__R01__day1_0@130,E2,E2__R01__day1_0,130.0,110.0,2622.0,7.972746598742647,2746.9698042438827,0.10105393441900201,0.16595,0.03450164158729495,5,2678.5525223447476,2859.8279283987526,False,1.0676766292771145,2541.4926539322423,3308.1192117547507,True,1.301644215511058,2144.4391137767284,6706.870450815434,True,3.1275639432837403
heteroscedastic,half_normal_1.0 (main),quadratic_z,loro_anchor,E2__R01__day1_0@130,E2,E2__R01__day1_0,130.0,120.0,1955.0,7.663500410905591,2015.8173406263866,0.08535493848612496,0.21585,0.03450164158729495,5,1968.248055468672,2097.427496526086,False,1.065631687377257,1866.0546196572216,2433.072018712434,True,1.3038589509021814,1584.8481951887115,4870.669179159795,True,3.073271745487165
heteroscedastic,half_normal_1.0 (main),quadratic_z,loro_anchor,E2__R02__day1_0@80,E2,E2__R02__day1_0,80.0,90.0,11540.0,9.365000787398511,11694.933966190081,0.011426247336419948,0.3474,0.029937642277973665,5,11379.213802466958,11998.02289784958,True,1.0543806545974614,10778.840011635935,12682.189194321889,True,1.1765820051722873,9205.45335435044,14893.575942728174,True,1.6179079258154694
heteroscedastic,half_normal_1.0 (main),quadratic_z,loro_anchor,E2__R02__day1_0@80,E2,E2__R02__day1_0,80.0,100.0,7544.0,8.953338326320981,7750.894783593758,0.024830502007688438,0.2606,0.029937642277973665,5,7529.220766050079,7955.100599536344,True,1.0565636002342493,7121.97096968553,8390.6317463832,True,1.1781333821912066,6052.093651149815,9780.304660363248,True,1.6160200459728717
heteroscedastic,half_normal_1.0 (main),quadratic_z,loro_anchor,E2__R02__day1_0@80,E2,E2__R02__day1_0,80.0,110.0,5710.0,8.596614169380935,5424.352311574619,-0.05336013326912159,0.8454,0.029937642277973665,5,5269.024410472045,5571.214370588776,False,1.0573521655196998,4991.725153975774,5872.921394864924,True,1.1765314022121791,4262.350920291128,6867.1400696621995,True,1.6111156021834914
heteroscedastic,half_normal_1.0 (main),quadratic_z,loro_anchor,E2__R02__day1_0@80,E2,E2__R02__day1_0,80.0,120.0,4017.0,8.288148616473645,3984.4046472455852,-0.010142017885637955,0.59475,0.029937642277973665,5,3870.5256276994514,4092.3923496557345,True,1.0573221167607034,3674.808306030369,4312.917641013131,True,1.1736442507587739,3124.412946121805,5048.497003998561,True,1.6158225852523866
heteroscedastic,half_normal_1.0 (main),quadratic_z,loro_anchor,E2__R02__day1_0@80,E2,E2__R02__day1_0,80.0,130.0,3302.0,8.022165406322824,3055.295749797338,-0.08011821815724929,0.89795,0.029937642277973665,5,2967.7211794148357,3137.7781121322237,False,1.0573021933114752,2808.6340185745953,3307.163629687595,True,1.1774989577908792,2399.4106533981035,3831.6305852521728,True,1.5969048815490274
heteroscedastic,half_normal_1.0 (main),quadratic_z,loro_anchor,E2__R02__day1_0@90,E2,E2__R02__day1_0,90.0,80.0,18780.0,9.82797911228773,18529.31239024074,-0.012568640474523107,0.6492,0.031249341214129145,5,18058.275046994302,19064.167282424925,True,1.0557025647694986,17093.643961415168,20119.189325625957,True,1.1769982673700377,14635.157780727855,23350.125479434897,True,1.5954816360219395
heteroscedastic,half_normal_1.0 (main),quadratic_z,loro_anchor,E2__R02__day1_0@90,E2,E2__R02__day1_0,90.0,100.0,7544.0,8.941534108611679,7646.064715137642,0.013026284298385704,0.3361,0.031249341214129145,5,7447.844840060744,7850.182936127513,True,1.0540207408595113,7039.517154006909,8292.729573359544,True,1.1780253378087595,6085.083367750859,9678.889994930047,True,1.5905928333250619
heteroscedastic,half_normal_1.0 (main),quadratic_z,loro_anchor,E2__R02__day1_0@90,E2,E2__R02__day1_0,90.0,110.0,5710.0,8.584760596850455,5353.987402946021,-0.06521370579960184,0.87235,0.031249341214129145,5,5215.953296465905,5496.751489572446,False,1.0538344914431648,4935.178817288017,5815.369158978766,True,1.1783502430767911,4244.273492241422,6783.208329488302,True,1.5982024584155756
heteroscedastic,half_normal_1.0 (main),quadratic_z,loro_anchor,E2__R02__day1_0@90,E2,E2__R02__day1_0,90.0,120.0,4017.0,8.276335537787205,3931.3818558782486,-0.021955096572078503,0.7195,0.031249341214129145,5,3828.3550335809646,4038.46962645621,True,1.0548837793339947,3620.4771976772204,4265.986824473714,True,1.1782940732814535,3095.5860804617128,4938.469566439301,True,1.5953261960987752
heteroscedastic,half_normal_1.0 (main),quadratic_z,loro_anchor,E2__R02__day1_0@90,E2,E2__R02__day1_0,90.0,130.0,3302.0,8.010469646193885,3012.486709708986,-0.0918139782861882,0.9117,0.031249341214129145,5,2930.096157701109,3100.5958448499828,False,1.058189109835441,2773.5686949096676,3269.850805252,False,1.1789326910320121,2385.0094721731507,3783.0864607190774,True,1.5861934742221548
heteroscedastic,half_normal_1.0 (main),quadratic_z,loro_anchor,E2__R02__day1_0@100,E2,E2__R02__day1_0,100.0,80.0,18780.0,9.814899149323793,18282.30878538322,-0.025648603438460427,0.74135,0.029770829514605614,5,17819.53073270542,18809.07204006058,True,1.0555312775739365,16922.812292289913,19844.753817382512,True,1.1726628810049406,14359.875158403112,23326.35927912858,True,1.6244124006522758
heteroscedastic,half_normal_1.0 (main),quadratic_z,loro_anchor,E2__R02__day1_0@100,E2,E2__R02__day1_0,100.0,90.0,11540.0,9.340452617087077,11382.888057447897,-0.013121922975013689,0.66535,0.029770829514605614,5,11108.920720555212,11682.50786269084,True,1.0516330214756417,10516.912539560091,12345.56770039635,True,1.1738775666297163,8900.777694223323,14496.855211263977,True,1.6287178164973781
heteroscedastic,half_normal_1.0 (main),quadratic_z,loro_anchor,E2__R02__day1_0@100,E2,E2__R02__day1_0,100.0,110.0,5710.0,8.572142568874153,5280.683164230239,-0.0778317337759038,0.899,0.029770829514605614,5,5148.964641735124,5411.9868729684395,False,1.0510825475672096,4886.186017701313,5713.041806267541,True,1.1692231498290806,4159.604486900937,6705.162354726743,True,1.611971132313674
heteroscedastic,half_normal_1.0 (main),quadratic_z,loro_anchor,E2__R02__day1_0@100,E2,E2__R02__day1_0,100.0,120.0,4017.0,8.263823204029134,3877.379424560958,-0.03446743033014954,0.79295,0.029770829514605614,5,3780.482019593124,3979.861762396399,False,1.0527392384806882,3584.802730337406,4200.678396015523,True,1.1718018290005459,3068.674883327181,4914.7102247799885,True,1.6015741033638797
heteroscedastic,half_normal_1.0 (main),quadratic_z,loro_anchor,E2__R02__day1_0@100,E2,E2__R02__day1_0,100.0,130.0,3302.0,7.998043831300055,2973.1460270899047,-0.1042397931800183,0.92445,0.029770829514605614,5,2897.061053272132,3058.3836242934985,False,1.0556849055145587,2747.757630830762,3227.166545447283,False,1.1744727807275985,2334.4955977531567,3808.9643396723527,True,1.631600566451401
heteroscedastic,half_normal_1.0 (main),quadratic_z,loro_anchor,E2__R02__day1_0@110,E2,E2__R02__day1_0,110.0,80.0,18780.0,9.890794529117256,19773.317428759623,0.050246776355002964,0.15335,0.029546138099205345,5,19250.92616907409,20342.221567650562,False,1.0566879426471232,18257.03712397817,21392.1604758464,True,1.1717213658809218,15712.703540216806,24595.92598388751,True,1.5653528955684817
heteroscedastic,half_normal_1.0 (main),quadratic_z,loro_anchor,E2__R02__day1_0@110,E2,E2__R02__day1_0,110.0,90.0,11540.0,9.416068451907412,12310.748583779066,0.06249391184532094,0.12425,0.029546138099205345,5,12001.852290578721,12630.838407976627,False,1.0524074203022522,11374.534693023792,13291.446566099281,True,1.1685266188735761,9799.962669920797,15297.692223417414,True,1.5609949485186203
heteroscedastic,half_normal_1.0 (main),quadratic_z,loro_anchor,E2__R02__day1_0@110,E2,E2__R02__day1_0,110.0,100.0,7544.0,9.004189621411237,8156.207300116564,0.07568179709794443,0.1038,0.029546138099205345,5,7947.5730793582625,8355.13381995757,False,1.0512811567166132,7525.2003703734845,8789.007123036028,True,1.167943269343115,6382.0147455643555,10175.86493097875,True,1.5944596395756068
heteroscedastic,half_normal_1.0 (main),quadratic_z,loro_anchor,E2__R02__day1_0@110,E2,E2__R02__day1_0,110.0,120.0,4017.0,8.338955383843402,4192.008441089992,0.0406647494841188,0.17695,0.029546138099205345,5,4087.0412554843288,4296.132409951859,False,1.051159540948346,3873.2803214015503,4512.119567033495,True,1.164934936958237,3318.7908827610822,5202.464473803808,True,1.567578270998381
heteroscedastic,half_normal_1.0 (main),quadratic_z,loro_anchor,E2__R02__day1_0@110,E2,E2__R02__day1_0,110.0,130.0,3302.0,8.073107572827702,3211.6397149767704,-0.029176051652370916,0.7557,0.029546138099205345,5,3125.8017555787173,3298.971843125412,False,1.0554002144370263,2965.7841562031344,3476.0153419823405,True,1.1720392175917533,2573.211803346698,4030.6267365891963,True,1.5663797015647902
heteroscedastic,half_normal_1.0 (main),quadratic_z,loro_anchor,E2__R02__day1_0@120,E2,E2__R02__day1_0,120.0,80.0,18780.0,9.849607332931733,18951.982135281756,0.009059580169479275,0.39845,0.029871891345861754,5,18453.16790668524,19514.486290727753,True,1.057514156344831,17496.745202530765,20616.304450972846,True,1.178293689045141,15063.516914441656,24002.638602969906,True,1.5934285956792837
heteroscedastic,half_normal_1.0 (main),quadratic_z,loro_anchor,E2__R02__day1_0@120,E2,E2__R02__day1_0,120.0,90.0,11540.0,9.374859761237417,11789.488063015244,0.02128522117532583,0.2737,0.029871891345861754,5,11495.223547979887,12103.571151354416,True,1.0529217723200726,10887.100372260282,12772.59987546827,True,1.17318656379913,9280.901311628451,14786.054571702547,True,1.5931701108788268
heteroscedastic,half_normal_1.0 (main),quadratic_z,loro_anchor,E2__R02__day1_0@120,E2,E2__R02__day1_0,120.0,100.0,7544.0,8.962996410316928,7810.882729722237,0.03448858600363458,0.2077,0.029871891345861754,5,7612.234279659885,8007.097164027394,False,1.0518721402758968,7205.449052165137,8444.066644832186,True,1.171900124988721,6158.247423429186,9782.465989590413,True,1.5885146076419094
heteroscedastic,half_normal_1.0 (main),quadratic_z,loro_anchor,E2__R02__day1_0@120,E2,E2__R02__day1_0,120.0,110.0,5710.0,8.606238662796324,5470.5163980802445,-0.04373563985373252,0.82405,0.029871891345861754,5,5331.525654519281,5611.652344635087,False,1.0525415628223331,5056.809517354224,5918.897471794027,True,1.1704806066910856,4302.01710363513,6872.313458073316,True,1.5974630719776381
heteroscedastic,half_normal_1.0 (main),quadratic_z,loro_anchor,E2__R02__day1_0@120,E2,E2__R02__day1_0,120.0,130.0,3302.0,8.032130457988131,3078.9520862041054,-0.07015316649194148,0.8844,0.029871891345861754,5,3002.9379874459114,3160.0756063761246,False,1.0523279600135411,2842.9879859371827,3338.159107511947,True,1.1741727801960908,2399.70430811826,3873.8846045077635,True,1.6143174771167905
heteroscedastic,half_normal_1.0 (main),quadratic_z,loro_anchor,E2__R02__day1_0@130,E2,E2__R02__day1_0,130.0,80.0,18780.0,9.918926785969669,20315.916436481162,0.07837903320741546,0.10285,0.02960308630198452,5,19780.145101517308,20897.816272415224,False,1.056504700302334,18741.91888267312,21990.989617879404,True,1.173358488826352,16079.526823063947,25466.513599514496,True,1.583785013063081
heteroscedastic,half_normal_1.0 (main),quadratic_z,loro_anchor,E2__R02__day1_0@130,E2,E2__R02__day1_0,130.0,90.0,11540.0,9.444279884155778,12646.354787128266,0.09070534409368669,0.08545,0.02960308630198452,5,12316.4799351464,12990.998765111242,False,1.0547655526186528,11681.087114098822,13670.795709632372,False,1.1703359093291936,9877.2031364663,15916.390433516422,True,1.6114268597710264
heteroscedastic,half_normal_1.0 (main),quadratic_z,loro_anchor,E2__R02__day1_0@130,E2,E2__R02__day1_0,130.0,100.0,7544.0,9.032462203416618,8383.744845700136,0.10395437910332461,0.07325,0.02960308630198452,5,8158.907032720443,8606.854668889811,False,1.0549028974558627,7736.369567973398,9059.103381816158,False,1.1709760375614087,6607.393338435465,10451.832257732061,True,1.5818389677111162
heteroscedastic,half_normal_1.0 (main),quadratic_z,loro_anchor,E2__R02__day1_0@130,E2,E2__R02__day1_0,130.0,110.0,5710.0,8.675703215305463,5870.042180123005,0.025728912655406333,0.24565,0.02960308630198452,5,5714.090875509218,6023.828378315522,False,1.0542059112384525,5426.929737140373,6341.357360500008,True,1.1684981504554135,4636.038310010594,7397.86551362094,True,1.5957300218263373
heteroscedastic,half_normal_1.0 (main),quadratic_z,loro_anchor,E2__R02__day1_0@130,E2,E2__R02__day1_0,130.0,120.0,4017.0,8.367305683004588,4310.8883909503065,0.06901504864530494,0.1132,0.02960308630198452,5,4199.414241251022,4415.389975977174,False,1.051429966733125,3987.0809204107336,4654.324900583424,True,1.1673515018862355,3413.9372023476467,5378.497652588928,True,1.575453013280479
heteroscedastic,half_normal_1.0 (main),quadratic_z,loro_anchor,E2__R02__day1_1@80,E2,E2__R02__day1_1,80.0,90.0,15300.0,9.622491503555183,15212.933982796812,-0.013116603825343631,0.57125,0.030116524625318893,5,14770.196397403122,15605.75441668114,True,1.0565705422457974,13891.670985587407,16404.509828769173,True,1.180888162827124,11454.373287382086,18691.547719538506,True,1.6318263121500283
heteroscedastic,half_normal_1.0 (main),quadratic_z,loro_anchor,E2__R02__day1_1@80,E2,E2__R02__day1_1,80.0,100.0,10330.0,9.21179629905319,10097.265564338515,-0.031011263060493732,0.7285,0.030116524625318893,5,9780.969688969635,10365.921852172763,True,1.0598051299415436,9222.510040689434,10898.112991122394,True,1.1816862159043742,7691.688036571385,12465.93485824778,True,1.620702087627119
heteroscedastic,half_normal_1.0 (main),quadratic_z,loro_anchor,E2__R02__day1_1@80,E2,E2__R02__day1_1,80.0,110.0,6671.0,8.85742961867547,7078.732832218728,0.05190456596595361,0.1547,0.030116524625318893,5,6857.976466356413,7267.998329077269,False,1.0597875867221658,6466.296975205608,7639.849187582876,True,1.181487521664585,5407.338420771048,8795.591784063217,True,1.6266027941356458
heteroscedastic,half_normal_1.0 (main),quadratic_z,loro_anchor,E2__R02__day1_1@80,E2,E2__R02__day1_1,80.0,120.0,4863.0,8.552498539548248,5217.383688711009,0.06308772914446159,0.12845,0.030116524625318893,5,5062.85900123764,5354.89874572259,False,1.0576827726021127,4766.583823584335,5640.968466406055,True,1.183440525790273,3962.78568119856,6439.715269747184,True,1.6250475770871027
heteroscedastic,half_normal_1.0 (main),quadratic_z,loro_anchor,E2__R02__day1_1@80,E2,E2__R02__day1_1,80.0,130.0,3845.0,8.291045099868853,4014.0290603761036,0.03651621792910831,0.18905,0.030116524625318893,5,3900.4985180130498,4130.017224035852,False,1.0588434285932562,3674.308084936572,4341.054477341336,True,1.181461754701028,3036.8891602105364,4973.231727592512,True,1.6376072570418527
heteroscedastic,half_normal_1.0 (main),quadratic_z,loro_anchor,E2__R02__day1_1@90,E2,E2__R02__day1_1,90.0,80.0,24470.0,10.103914299616632,24558.676566845566,-0.0012888568200857264,0.4523,0.03060077908224513,5,23918.69490648734,25254.857057307705,True,1.0558626695998354,22607.23447240774,26544.453794358575,True,1.174157494883164,19152.774999673133,30175.444333112624,True,1.5755129130701744
heteroscedastic,half_normal_1.0 (main),quadratic_z,loro_anchor,E2__R02__day1_1@90,E2,E2__R02__day1_1,90.0,100.0,10330.0,9.218044594062151,10141.246461225144,-0.024762968051533107,0.715,0.03060077908224513,5,9862.527285216582,10387.41808127875,True,1.0532207192824656,9319.193321255781,10919.609397775112,True,1.1717333272686814,7944.911228731178,12392.271350858897,True,1.5597746776634498
heteroscedastic,half_normal_1.0 (main),quadratic_z,loro_anchor,E2__R02__day1_1@90,E2,E2__R02__day1_1,90.0,110.0,6671.0,8.863701587521204,7113.384073711166,0.05817653481168783,0.13275,0.03060077908224513,5,6919.222695117566,7291.220203621975,False,1.0537629044324448,6534.937030869504,7674.28994325749,True,1.1743479557654422,5529.377602075883,8677.604156218542,True,1.5693636392205745
heteroscedastic,half_normal_1.0 (main),quadratic_z,loro_anchor,E2__R02__day1_1@90,E2,E2__R02__day1_1,90.0,120.0,4863.0,8.55884712035534,5238.889128904022,0.06943630995155381,0.11525,0.03060077908224513,5,5098.729633982591,5376.672864853363,False,1.0545122512514302,4802.95979281547,5655.118959565914,True,1.177423756081646,4035.807529093785,6410.291935299022,True,1.5883542238047246
heteroscedastic,half_normal_1.0 (main),quadratic_z,loro_anchor,E2__R02__day1_1@90,E2,E2__R02__day1_1,90.0,130.0,3845.0,8.297515362406694,4028.1662126655115,0.04298648046694886,0.17295,0.03060077908224513,5,3919.053847817774,4149.9145735076545,False,1.0589072604395138,3701.8244602595323,4369.773103420651,True,1.180437686965386,3135.5579813003783,4937.437492398915,True,1.5746599239575412
heteroscedastic,half_normal_1.0 (main),quadratic_z,loro_anchor,E2__R02__day1_1@100,E2,E2__R02__day1_1,100.0,80.0,24470.0,10.117912121774527,24966.914998386725,0.01270896533780963,0.295,0.030757147682384814,5,24272.669701739,25699.58709777045,True,1.058786998445796,22794.37741966467,27059.561400327984,True,1.1871156163705419,18599.01387520152,31070.180491487463,True,1.6705283785455973
heteroscedastic,half_normal_1.0 (main),quadratic_z,loro_anchor,E2__R02__day1_1@100,E2,E2__R02__day1_1,100.0,90.0,15300.0,9.643164522761548,15551.54653947665,0.007556415381021253,0.3178,0.030757147682384814,5,15122.168498772004,15939.045521336095,True,1.0540185108128126,14224.600409269344,16753.70315476154,True,1.1777978061052687,11628.479930664736,19320.167422548147,True,1.6614525318653337
heteroscedastic,half_normal_1.0 (main),quadratic_z,loro_anchor,E2__R02__day1_1@100,E2,E2__R02__day1_1,100.0,110.0,6671.0,8.87805076260158,7235.484517977845,0.07252570989206397,0.1104,0.030757147682384814,5,7035.695151405441,7412.179435772835,False,1.0535106021886391,6614.572493852279,7804.822911918054,True,1.1799436651683868,5350.190369806173,8935.027565442535,True,1.6700391851227219
heteroscedastic,half_normal_1.0 (main),quadratic_z,loro_anchor,E2__R02__day1_1@100,E2,E2__R02__day1_1,100.0,120.0,4863.0,8.572849544584694,5330.283962212683,0.0834387341809073,0.099,0.030757147682384814,5,5189.183027618303,5473.190841285548,False,1.0547307374119732,4867.757937287421,5760.343787191342,False,1.1833669343059647,4009.1441831950046,6640.477913108205,True,1.6563330251236348
heteroscedastic,half_normal_1.0 (main),quadratic_z,loro_anchor,E2__R02__day1_1@100,E2,E2__R02__day1_1,100.0,130.0,3845.0,8.310995197944118,4096.022832133899,0.05646631600437324,0.1365,0.030757147682384814,5,3985.0846125344724,4228.977324509696,False,1.0612013885999048,3748.0069137602054,4449.736083796381,True,1.1872272880447177,3027.9903201375764,5066.278864062363,True,1.6731489629835334
heteroscedastic,half_normal_1.0 (main),quadratic_z,loro_anchor,E2__R02__day1_1@110,E2,E2__R02__day1_1,110.0,80.0,24470.0,10.040461906038084,22996.813870350757,-0.0647412503986331,0.86625,0.0311789035704671,5,22363.15772713323,23706.906804496703,False,1.0600876268798614,21101.415827771456,24905.71794592645,True,1.1802865812041,17921.822784108565,28336.173896776403,True,1.5810988780617972
heteroscedastic,half_normal_1.0 (main),quadratic_z,loro_anchor,E2__R02__day1_1@110,E2,E2__R02__day1_1,110.0,90.0,15300.0,9.565631009146342,14325.722581989825,-0.06997709823418496,0.88045,0.0311789035704671,5,13937.414515545028,14708.413615388086,False,1.0553186603572082,13158.382192759764,15492.758891688178,True,1.1774060568185103,11200.966663458838,17705.70436862917,True,1.5807300298813387
heteroscedastic,half_normal_1.0 (main),quadratic_z,loro_anchor,E2__R02__day1_1@110,E2,E2__R02__day1_1,110.0,100.0,10330.0,9.155013329858782,9501.444340870978,-0.08779423225490213,0.9095,0.0311789035704671,5,9238.165941741454,9744.117550480662,False,1.0547675384843576,8711.679868390576,10250.080690176952,False,1.176590605374321,7277.726314665102,11739.48277214787,True,1.6130701079665544
heteroscedastic,half_normal_1.0 (main),quadratic_z,loro_anchor,E2__R02__day1_1@110,E2,E2__R02__day1_1,110.0,120.0,4863.0,8.495588282291385,4910.937919379893,0.006177471887598429,0.37545,0.0311789035704671,5,4779.552759974287,5044.526655789052,True,1.0554390565648217,4508.664427147369,5314.950021392884,True,1.178830251679576,3821.8011793025585,6034.230346861301,True,1.5788969817531138
heteroscedastic,half_normal_1.0 (main),quadratic_z,loro_anchor,E2__R02__day1_1@110,E2,E2__R02__day1_1,110.0,130.0,3845.0,8.233957122761884,3774.6236003192193,-0.02057175917786047,0.6751,0.0311789035704671,5,3672.1483777947255,3892.692996473403,True,1.0600587438166438,3462.5288954229127,4100.799698246338,True,1.1843365996648145,2893.5671505969017,4683.187838220765,True,1.618482514654858
heteroscedastic,half_normal_1.0 (main),quadratic_z,loro_anchor,E2__R02__day1_1@120,E2,E2__R02__day1_1,120.0,80.0,24470.0,10.028086804349817,22761.01420346846,-0.07711635208690026,0.892,0.03157540885876481,5,22121.972974417335,23399.370162443913,False,1.057743366267729,20853.81946539179,24603.604543812577,True,1.1798128675969304,17463.650854029504,28127.586522284473,True,1.6106361010873285
heteroscedastic,half_normal_1.0 (main),quadratic_z,loro_anchor,E2__R02__day1_1@120,E2,E2__R02__day1_1,120.0,90.0,15300.0,9.553338178933759,14170.810314773209,-0.0822699284467685,0.90475,0.03157540885876481,5,13767.019905134643,14523.895453194154,False,1.0549774427054632,12949.469083001048,15256.40448473232,False,1.1781490335198082,10938.729306769512,17399.236823872227,True,1.5906085922708209
heteroscedastic,half_normal_1.0 (main),quadratic_z,loro_anchor,E2__R02__day1_1@120,E2,E2__R02__day1_1,120.0,100.0,10330.0,9.142716075017344,9410.285994195465,-0.10009148709634097,0.92285,0.03157540885876481,5,9136.753764506573,9645.679184254093,False,1.0557009013118572,8629.632013523318,10135.484904472823,False,1.174497926283498,7336.413393763973,11560.535435623779,True,1.5757748119060948
heteroscedastic,half_normal_1.0 (main),quadratic_z,loro_anchor,E2__R02__day1_1@120,E2,E2__R02__day1_1,120.0,110.0,6671.0,8.788249878116094,6597.076702292265,-0.017275174593422093,0.6515,0.03157540885876481,5,6409.876150571111,6758.697747260536,True,1.0544193972699996,6061.67743399215,7114.4404640187595,True,1.1736751982418292,5115.868400343292,8169.146883101673,True,1.596825063473778
heteroscedastic,half_normal_1.0 (main),quadratic_z,loro_anchor,E2__R02__day1_1@120,E2,E2__R02__day1_1,120.0,130.0,3845.0,8.22124760756431,3734.6081504057333,-0.03328127437543493,0.7579,0.03157540885876481,5,3639.2061261599233,3838.7844222482895,False,1.054841162926641,3434.0391030386154,4043.980683309292,True,1.177616375926229,2881.8599568694017,4633.03297339457,True,1.6076537523452346
heteroscedastic,half_normal_1.0 (main),quadratic_z,loro_anchor,E2__R02__day1_1@130,E2,E2__R02__day1_1,130.0,80.0,24470.0,10.053684855675355,23377.643241714963,-0.05151830076136221,0.83445,0.03155787272868122,5,22660.4523769119,24012.982027064823,False,1.0596867894628166,21381.32105299498,25286.091056246612,True,1.1826252921217266,18230.773551298877,29141.973576383967,True,1.5985045008859597
heteroscedastic,half_normal_1.0 (main),quadratic_z,loro_anchor,E2__R02__day1_1@130,E2,E2__R02__day1_1,130.0,90.0,15300.0,9.578343957832228,14546.744056992957,-0.05726414954829906,0.84885,0.03155787272868122,5,14066.37259200197,14931.861622980845,False,1.061528942541376,13274.671901148115,15692.520896697057,True,1.1821400192452083,11205.823990666278,17990.399013055496,True,1.605450793091193
heteroscedastic,half_normal_1.0 (main),quadratic_z,loro_anchor,E2__R02__day1_1@130,E2,E2__R02__day1_1,130.0,100.0,10330.0,9.167581456631076,9652.67198634307,-0.07522610548260822,0.8864,0.03155787272868122,5,9326.936429207863,9910.3645134179,False,1.0625530246333617,8796.533150209634,10416.864170730303,True,1.184201092959225,7390.716224257577,11940.69452111292,True,1.615634284796587
heteroscedastic,half_normal_1.0 (main),quadratic_z,loro_anchor,E2__R02__day1_1@130,E2,E2__R02__day1_1,130.0,110.0,6671.0,8.813359319554717,6773.322264649411,0.007834266845200943,0.36305,0.03155787272868122,5,6549.59268460644,6951.000214420915,True,1.0612874035293685,6176.1633746200605,7316.199793261712,True,1.1845865061352565,5180.853265479635,8349.527998896756,True,1.6116125223098303
heteroscedastic,half_normal_1.0 (main),quadratic_z,loro_anchor,E2__R02__day1_1@130,E2,E2__R02__day1_1,130.0,120.0,4863.0,8.508752966479083,4990.733896047054,0.019342156075296657,0.27385,0.03155787272868122,5,4839.327602694794,5115.069001048989,True,1.0569792791462698,4562.841590583444,5384.059121760703,True,1.1799794086369437,3870.228009529294,6190.661516111726,True,1.5995598969541458
heteroscedastic,half_normal_1.0 (main),quadratic_z,loro_anchor,E2__R03__day1_0@80,E2,E2__R03__day1_0,80.0,90.0,15560.0,9.734450929277413,16968.992835444682,0.08199213154503049,0.05965,0.02592463273387805,5,16539.154575456083,17344.876972268623,False,1.048716056986868,15947.849494538304,17874.28662480235,False,1.120796044063734,14642.549031983068,19055.989319122946,True,1.3014120203729418
heteroscedastic,half_normal_1.0 (main),quadratic_z,loro_anchor,E2__R03__day1_0@80,E2,E2__R03__day1_0,80.0,100.0,10360.0,9.32177518499251,11229.247604750077,0.07606766917903762,0.06605,0.02592463273387805,5,10925.905092676665,11490.895764272364,False,1.0517111092219167,10547.47091518193,11855.841991029482,False,1.124045952472293,9763.96189139911,12663.924960605162,True,1.2970067992338818
heteroscedastic,half_normal_1.0 (main),quadratic_z,loro_anchor,E2__R03__day1_0@80,E2,E2__R03__day1_0,80.0,110.0,7895.0,8.965661652869327,7864.177963929046,-0.008323273820415977,0.5455,0.02592463273387805,5,7653.8672228419455,8053.2641478352025,True,1.0521823691690535,7383.626996587163,8305.70655919641,True,1.1248816554567893,6832.694971555082,8923.930228602978,True,1.3060630198997372
heteroscedastic,half_normal_1.0 (main),quadratic_z,loro_anchor,E2__R03__day1_0@80,E2,E2__R03__day1_0,80.0,120.0,6977.0,8.659189887736527,5787.924259466215,-0.19118441620270943,0.99025,0.02592463273387805,5,5636.474688245067,5923.288452682438,False,1.0508853104646285,5437.4141834071925,6108.876687461951,False,1.1234893060204596,5036.725813722259,6537.616322386685,False,1.2979893216691167
heteroscedastic,half_normal_1.0 (main),quadratic_z,loro_anchor,E2__R03__day1_0@80,E2,E2__R03__day1_0,80.0,130.0,5128.0,8.39637807383118,4450.389332582215,-0.14609292476932545,0.98295,0.02592463273387805,5,4333.764160461929,4557.235388425666,False,1.0515651566835418,4183.515964451888,4705.245856902605,False,1.1247108644699706,3839.9913237365486,5010.287156738985,False,1.3047652284442315
heteroscedastic,half_normal_1.0 (main),quadratic_z,loro_anchor,E2__R03__day1_0@90,E2,E2__R03__day1_0,90.0,80.0,27350.0,10.126917144358487,25039.19576292114,-0.08955466349163999,0.95535,0.025121321031469038,5,24486.659954711962,25652.551095964252,False,1.0476133185746281,23678.188335165745,26458.63185592334,False,1.1174263622452993,21951.004323839854,28148.391680752797,True,1.2823281917074874
heteroscedastic,half_normal_1.0 (main),quadratic_z,loro_anchor,E2__R03__day1_0@90,E2,E2__R03__day1_0,90.0,100.0,10360.0,9.237061279524957,10290.646242476429,-0.008646236288516462,0.5934,0.025121321031469038,5,10054.824177916254,10512.092277746118,True,1.045477483418773,9707.64227525387,10842.59610999906,True,1.1169134381515424,9021.357146799843,11535.757317374668,True,1.278716398171506
heteroscedastic,half_normal_1.0 (main),quadratic_z,loro_anchor,E2__R03__day1_0@90,E2,E2__R03__day1_0,90.0,110.0,7895.0,8.880941031151762,7209.457402785933,-0.09304389553798131,0.9601,0.025121321031469038,5,7042.145749573601,7367.868724942968,False,1.0462533703437036,6800.762926320877,7594.940077924083,False,1.1167776557141134,6321.835816382832,8090.464138089369,True,1.2797649880629918
heteroscedastic,half_normal_1.0 (main),quadratic_z,loro_anchor,E2__R03__day1_0@90,E2,E2__R03__day1_0,90.0,120.0,6977.0,8.57443462229392,5307.765350317994,-0.27593968164531724,0.99555,0.025121321031469038,5,5180.230185830751,5427.023023153232,False,1.0476412878326378,5012.5730839354665,5598.651747396156,False,1.1169217193738246,4663.508243504291,5968.58085199928,False,1.279847818498616
heteroscedastic,half_normal_1.0 (main),quadratic_z,loro_anchor,E2__R03__day1_0@90,E2,E2__R03__day1_0,90.0,130.0,5128.0,8.31156436682316,4074.6234980749914,-0.23090663177734605,0.99385,0.025121321031469038,5,3977.397543368921,4177.677457312044,False,1.0503545124064924,3847.464629736097,4312.87000411596,False,1.1209641722974815,3571.2310461706224,4585.204785233653,False,1.2839283501834189
heteroscedastic,half_normal_1.0 (main),quadratic_z,loro_anchor,E2__R03__day1_0@100,E2,E2__R03__day1_0,100.0,80.0,27350.0,10.130858849970956,25161.564847257916,-0.08561295787917089,0.95025,0.025375469222825638,5,24547.02465157907,25801.175532468114,False,1.0510917676863278,23705.20588263803,26631.72742876602,False,1.123454804004525,21705.062206061364,28323.384392421736,True,1.3049206735059318
heteroscedastic,half_normal_1.0 (main),quadratic_z,loro_anchor,E2__R03__day1_0@100,E2,E2__R03__day1_0,100.0,90.0,15560.0,9.653780506944942,15626.202684457387,0.0013217092125596963,0.43565,0.025375469222825638,5,15286.249787480563,15979.779834491972,True,1.045369535147817,14770.417106741106,16482.988538252095,True,1.1159460439833744,13523.597976457917,17588.33002454197,True,1.3005658741970887
heteroscedastic,half_normal_1.0 (main),quadratic_z,loro_anchor,E2__R03__day1_0@100,E2,E2__R03__day1_0,100.0,110.0,7895.0,8.885131189038487,7249.308527843717,-0.08885373765125593,0.95425,0.025375469222825638,5,7083.490836287158,7408.260598763223,False,1.0458488293388257,6835.210692156068,7648.709950899232,False,1.1190159741054826,6271.1762844842,8157.925552315848,True,1.300860505627906
heteroscedastic,half_normal_1.0 (main),quadratic_z,loro_anchor,E2__R03__day1_0@100,E2,E2__R03__day1_0,100.0,120.0,6977.0,8.57863015442164,5333.108188023637,-0.2717441495175965,0.9951,0.025375469222825638,5,5211.094464666184,5453.875478808646,False,1.046589256016877,5032.94214736029,5628.982204630552,False,1.1184277585195128,4612.812220270018,6005.275073195761,False,1.301868531913539
heteroscedastic,half_normal_1.0 (main),quadratic_z,loro_anchor,E2__R03__day1_0@100,E2,E2__R03__day1_0,100.0,130.0,5128.0,8.315735527687185,4096.175100958565,-0.22673547091332047,0.99305,0.025375469222825638,5,3995.975991893819,4200.468437599257,False,1.0511745931707972,3857.379622010039,4339.361430592493,False,1.1249505767677848,3535.1821827312497,4622.5123857527815,False,1.3075740221629737
heteroscedastic,half_normal_1.0 (main),quadratic_z,loro_anchor,E2__R03__day1_0@110,E2,E2__R03__day1_0,110.0,80.0,27350.0,10.215187613238513,27386.364150139412,-0.001284194611613998,0.48405,0.0255062133198843,5,26730.623853942052,28106.633663715547,True,1.051476905937254,25787.076800591145,29033.392565425962,True,1.1258892502604405,23648.2931060091,30947.314404609504,True,1.3086489695421486
heteroscedastic,half_normal_1.0 (main),quadratic_z,loro_anchor,E2__R03__day1_0@110,E2,E2__R03__day1_0,110.0,90.0,15560.0,9.738019317723586,16998.839609597097,0.08556051999120307,0.05625,0.0255062133198843,5,16608.623239675813,17385.49487910136,False,1.046775197932704,16027.583236196457,17924.25094548686,False,1.1183377232449492,14686.088823638207,19157.17730633471,True,1.3044437859792868
heteroscedastic,half_normal_1.0 (main),quadratic_z,loro_anchor,E2__R03__day1_0@110,E2,E2__R03__day1_0,110.0,100.0,10360.0,9.325431870984204,11260.481665965832,0.07972435517073073,0.06105,0.0255062133198843,5,10995.351620770889,11511.913172754423,False,1.0469799938919386,10618.448513008145,11867.526139599295,False,1.117632780821131,9738.286587204846,12683.804014642346,True,1.302467728902908
heteroscedastic,half_normal_1.0 (main),quadratic_z,loro_anchor,E2__R03__day1_0@110,E2,E2__R03__day1_0,110.0,120.0,6977.0,8.662987761785972,5803.458057333505,-0.18738654215326456,0.988,0.0255062133198843,5,5671.4814298594,5937.515965439449,False,1.046907415438129,5467.73510492669,6125.889764238909,False,1.1203706190373397,5015.901290370222,6559.0170348084375,False,1.3076447591583922
heteroscedastic,half_normal_1.0 (main),quadratic_z,loro_anchor,E2__R03__day1_0@110,E2,E2__R03__day1_0,110.0,130.0,5128.0,8.400231655937766,4459.961185374355,-0.14223934266273908,0.9789,0.0255062133198843,5,4352.599732201402,4574.770908424332,False,1.0510433281009655,4203.838150170701,4726.502689037077,False,1.1243303191501681,3827.1219183091125,5064.5836643207,False,1.3233400378732432
heteroscedastic,half_normal_1.0 (main),quadratic_z,loro_anchor,E2__R03__day1_0@120,E2,E2__R03__day1_0,120.0,80.0,27350.0,10.396073573917896,32875.9377175108,0.17960176606776912,0.01755,0.025832583793671465,5,32080.608705985265,33704.96765342728,False,1.0506336697763146,30933.69420220503,34779.52678001874,False,1.1243250338182877,28386.37916290841,37027.876697300686,False,1.304424086101261
heteroscedastic,half_normal_1.0 (main),quadratic_z,loro_anchor,E2__R03__day1_0@120,E2,E2__R03__day1_0,120.0,90.0,15560.0,9.918980583604492,20409.060864042385,0.2665217858721096,0.00925,0.025832583793671465,5,19925.002526265802,20888.437829639264,False,1.0483530831227463,19211.84205438248,21551.19198491479,False,1.1217660401282903,17638.270091224567,22939.71595722234,False,1.3005649555528327
heteroscedastic,half_normal_1.0 (main),quadratic_z,loro_anchor,E2__R03__day1_0@120,E2,E2__R03__day1_0,120.0,100.0,10360.0,9.506426364746957,13520.331043584554,0.2607188489334842,0.0106,0.025832583793671465,5,13189.785529871358,13811.576484599502,False,1.0471418548330413,12733.539173996798,14238.36955120778,False,1.118178485702074,11631.332471274725,15230.467577019119,False,1.3094344620131
heteroscedastic,half_normal_1.0 (main),quadratic_z,loro_anchor,E2__R03__day1_0@120,E2,E2__R03__day1_0,120.0,110.0,7895.0,9.150386169972661,9471.028301756003,0.17640124328291762,0.01915,0.025832583793671465,5,9242.4600408719,9675.423147539972,False,1.0468450071467366,8927.198580472641,9971.748806509077,False,1.11700761628864,8162.884438935763,10645.718214834342,False,1.304161328568591
heteroscedastic,half_normal_1.0 (main),quadratic_z,loro_anchor,E2__R03__day1_0@120,E2,E2__R03__day1_0,120.0,130.0,5128.0,8.58113088225782,5352.2490361638365,0.03865988365731532,0.14615,0.025832583793671465,5,5231.592856992666,5477.948784934801,False,1.0470900421107598,5041.807833347418,5657.638357983439,True,1.1221447831793208,4612.050788265067,6055.991637252317,True,1.313079997440883
heteroscedastic,half_normal_1.0 (main),quadratic_z,loro_anchor,E2__R03__day1_0@130,E2,E2__R03__day1_0,130.0,80.0,27350.0,10.352505640304717,31457.274639856998,0.13603383245459,0.0252,0.025507169332222683,5,30687.462516057258,32247.20368767302,False,1.050826658307106,29621.27788971043,33240.225613990384,False,1.1221739230074566,27331.350462624847,35442.253272432434,True,1.2967618750086682
heteroscedastic,half_normal_1.0 (main),quadratic_z,loro_anchor,E2__R03__day1_0@130,E2,E2__R03__day1_0,130.0,90.0,15560.0,9.875187541518345,19532.418060582175,0.22272874378596264,0.01235,0.025507169332222683,5,19037.448138349417,20005.200074709715,False,1.0508341206934577,18359.4187153754,20606.463516736425,False,1.1223919360518313,17021.18381546859,21872.11740160482,False,1.28499390164201
heteroscedastic,half_normal_1.0 (main),quadratic_z,loro_anchor,E2__R03__day1_0@130,E2,E2__R03__day1_0,130.0,100.0,10360.0,9.462520841879568,12929.539964780699,0.21681332606609516,0.01205,0.025507169332222683,5,12589.63993194878,13236.096252960093,False,1.051348277195029,12149.9572495477,13647.376980698718,False,1.1232448559608523,11250.42021016359,14546.71496749484,False,1.2929930345493574
heteroscedastic,half_normal_1.0 (main),quadratic_z,loro_anchor,E2__R03__day1_0@130,E2,E2__R03__day1_0,130.0,110.0,7895.0,9.106464307095145,9059.204923793744,0.13247938040540141,0.0264,0.025507169332222683,5,8819.703854831843,9264.985036372294,False,1.05048708991476,8510.673250983582,9542.82312923756,False,1.1212771126108845,7849.959002799571,10136.39533996653,True,1.2912672966000887
heteroscedastic,half_normal_1.0 (main),quadratic_z,loro_anchor,E2__R03__day1_0@130,E2,E2__R03__day1_0,130.0,120.0,6977.0,8.800090231727262,6664.9684298965185,-0.05028407221197462,0.88,0.025507169332222683,5,6501.324974838708,6811.906513819523,False,1.0477720372666834,6280.459506653917,7016.470665507619,True,1.1171906542943115,5785.951611542052,7434.696060356791,True,1.2849564876287172
heteroscedastic,half_normal_1.0 (main),quadratic_z,loro_anchor,E3__R03__day1_0@80,E3,E3__R03__day1_0,80.0,90.0,11550.0,9.347800840563332,11493.372197255123,-0.0066398753866074856,0.5435,0.0381383548427324,5,11092.955098738392,11882.320082206084,True,1.0711591254486794,10429.012830530739,12601.382834764612,True,1.2083006358832258,8869.399145746895,14931.947339388058,True,1.6835353888147329
heteroscedastic,half_normal_1.0 (main),quadratic_z,loro_anchor,E3__R03__day1_0@80,E3,E3__R03__day1_0,80.0,100.0,7546.0,8.935596893072685,7618.117336371942,0.006823992548428137,0.4235,0.0381383548427324,5,7328.472128209183,7882.46742644457,True,1.0755949246368717,6900.707263502166,8351.94693063566,True,1.210303032967229,5895.983193191557,9800.692484998624,True,1.6622660146514778
heteroscedastic,half_normal_1.0 (main),quadratic_z,loro_anchor,E3__R03__day1_0@80,E3,E3__R03__day1_0,80.0,110.0,5376.0,8.5830559083388,5352.764810327902,-0.006643973864186137,0.53665,0.0381383548427324,5,5148.871446944205,5538.330127591667,True,1.0756396201887313,4850.881797582244,5874.852246647227,True,1.2110895486209015,4149.076901748657,6973.292277620093,True,1.680685232582975
heteroscedastic,half_normal_1.0 (main),quadratic_z,loro_anchor,E3__R03__day1_0@80,E3,E3__R03__day1_0,80.0,120.0,3839.0,8.282788411610715,3963.4501897952546,0.029821216609917656,0.2706,0.0381383548427324,5,3821.9487202266323,4095.906467528012,True,1.0716801211516869,3603.43794733479,4350.895036172282,True,1.2074288775779622,3074.4735785564785,5098.553114940555,True,1.6583499531436594
heteroscedastic,half_normal_1.0 (main),quadratic_z,loro_anchor,E3__R03__day1_0@80,E3,E3__R03__day1_0,80.0,130.0,2959.0,8.02841258255544,3068.3992326156376,0.03580593015523004,0.2454,0.0381383548427324,5,2962.504860370347,3181.8853302960893,False,1.0740523578072094,2789.0394114508067,3376.2042830762193,True,1.210525842415393,2391.6432006778305,3956.610447264417,True,1.6543481260679058
heteroscedastic,half_normal_1.0 (main),quadratic_z,loro_anchor,E3__R03__day1_0@90,E3,E3__R03__day1_0,90.0,80.0,18570.0,9.835278042438102,18653.374136319202,0.005975388091350453,0.45635,0.03856798648636093,5,18050.2421806847,19338.654747333097,True,1.071379239887823,16986.86956831877,20506.85809130182,True,1.2072181992583246,14354.469094235359,23829.41185970635,True,1.6600691884366556
heteroscedastic,half_normal_1.0 (main),quadratic_z,loro_anchor,E3__R03__day1_0@90,E3,E3__R03__day1_0,90.0,100.0,7546.0,8.94288332998033,7653.0732993833135,0.014110429456072993,0.36945,0.03856798648636093,5,7396.423240200139,7904.714047538084,True,1.0687211630312532,6960.186744700642,8385.817715996298,True,1.2048265403771108,5922.690386419841,9796.961580313453,True,1.6541404228687933
heteroscedastic,half_normal_1.0 (main),quadratic_z,loro_anchor,E3__R03__day1_0@90,E3,E3__R03__day1_0,90.0,110.0,5376.0,8.590372442461707,5378.212472836287,0.0006725602587209778,0.4957,0.03856798648636093,5,5202.776217581084,5560.444210457827,True,1.0687456038697418,4895.030912498297,5915.187204398867,True,1.2084065065443905,4193.592681189945,6887.437293955521,True,1.6423715457270374
heteroscedastic,half_normal_1.0 (main),quadratic_z,loro_anchor,E3__R03__day1_0@90,E3,E3__R03__day1_0,90.0,120.0,3839.0,8.29008106630941,3977.827412157135,0.037113871308612545,0.23935,0.03856798648636093,5,3848.842588055094,4117.437484539164,False,1.0697858876633866,3622.6655623836955,4373.3557224320475,True,1.2072203870661475,3089.7292204871965,5113.895149296972,True,1.6551272892744302
heteroscedastic,half_normal_1.0 (main),quadratic_z,loro_anchor,E3__R03__day1_0@90,E3,E3__R03__day1_0,90.0,130.0,2959.0,8.035635203686104,3080.7865580990724,0.04302855128589389,0.22215,0.03856798648636093,5,2977.299929746926,3206.264492097197,False,1.0769034251680962,2803.438738703476,3404.846550070838,True,1.2145250413588489,2406.836913648874,3956.288230072793,True,1.6437707962833594
heteroscedastic,half_normal_1.0 (main),quadratic_z,loro_anchor,E3__R03__day1_0@100,E3,E3__R03__day1_0,100.0,80.0,18570.0,9.819621363918523,18385.09226410197,-0.00968129042822774,0.57775,0.03782968204136411,5,17766.214096069292,19102.21481751276,True,1.0751989542746225,16689.309262095372,20277.180231042857,True,1.2149801955612525,13918.553384876068,23727.92368181878,True,1.7047693841230362
heteroscedastic,half_normal_1.0 (main),quadratic_z,loro_anchor,E3__R03__day1_0@100,E3,E3__R03__day1_0,100.0,90.0,11550.0,9.339626756413404,11388.949570895325,-0.014813959536535748,0.63815,0.03782968204136411,5,11026.509394089428,11765.583017524368,True,1.0670269798918512,10362.784020477719,12490.912388763069,True,1.2053626095149712,8584.138875939798,14675.604308796537,True,1.709618695700545
heteroscedastic,half_normal_1.0 (main),quadratic_z,loro_anchor,E3__R03__day1_0@100,E3,E3__R03__day1_0,100.0,110.0,5376.0,8.575112940051985,5302.494059580654,-0.014586942151000315,0.6417,0.03782968204136411,5,5137.858023168996,5474.806603942833,True,1.06558152818828,4841.737453760214,5816.698365836749,True,1.2013659190296153,4017.992072111727,6854.918390799865,True,1.706055728277518
heteroscedastic,half_normal_1.0 (main),quadratic_z,loro_anchor,E3__R03__day1_0@100,E3,E3__R03__day1_0,100.0,120.0,3839.0,8.274685039538737,3922.201677808042,0.021717844537938902,0.30855,0.03782968204136411,5,3798.358725946461,4059.80368403917,True,1.06883103386386,3566.4583156408194,4304.393581647851,True,1.2069098250134573,2957.767444128811,5022.157976332745,True,1.6979556612206832
heteroscedastic,half_normal_1.0 (main),quadratic_z,loro_anchor,E3__R03__day1_0@100,E3,E3__R03__day1_0,100.0,130.0,2959.0,8.020000318047545,3040.7525412712002,0.027393665647335474,0.2942,0.03782968204136411,5,2935.505668216786,3165.447076796938,True,1.0783311069945345,2760.6413573310138,3365.2783882956533,True,1.219020492958637,2299.855225123909,3932.8963563936886,True,1.7100625784746069
heteroscedastic,half_normal_1.0 (main),quadratic_z,loro_anchor,E3__R03__day1_0@110,E3,E3__R03__day1_0,110.0,80.0,18570.0,9.83241214182593,18644.916589830416,0.0031094874791790517,0.4669,0.03748065521477016,5,18012.30901257978,19351.064863282525,True,1.0743244994169132,17008.699836144606,20470.095973532356,True,1.20350739155453,14485.889796161182,23509.602450850543,True,1.6229311959200934
heteroscedastic,half_normal_1.0 (main),quadratic_z,loro_anchor,E3__R03__day1_0@110,E3,E3__R03__day1_0,110.0,90.0,11550.0,9.35149096258573,11540.801414809863,-0.0029497533642093288,0.50945,0.03748065521477016,5,11171.669665297182,11931.792724853796,True,1.0680402377021407,10527.147811314313,12636.374807322914,True,1.2003607276931798,9035.579633466594,14639.454065504926,True,1.6202008791203966
heteroscedastic,half_normal_1.0 (main),quadratic_z,loro_anchor,E3__R03__day1_0@110,E3,E3__R03__day1_0,110.0,100.0,7546.0,8.939177397914877,7644.634831621799,0.010404497390620548,0.37075,0.03748065521477016,5,7397.463255741224,7885.370950681722,True,1.0659560822504701,6964.562483991669,8354.890207786313,True,1.199628867856433,5947.937365657389,9640.93931401247,True,1.6208878341049773
heteroscedastic,half_normal_1.0 (main),quadratic_z,loro_anchor,E3__R03__day1_0@110,E3,E3__R03__day1_0,110.0,120.0,3839.0,8.287023991448676,3976.7151630193653,0.03405679644787796,0.23225,0.03748065521477016,5,3853.3453582848747,4114.585885956078,False,1.0677957731220544,3632.7242907637296,4361.69996265846,True,1.2006691434712413,3073.208541696486,5062.858175677868,True,1.6474177092072793
heteroscedastic,half_normal_1.0 (main),quadratic_z,loro_anchor,E3__R03__day1_0@110,E3,E3__R03__day1_0,110.0,130.0,2959.0,8.033327991979284,3083.540880032081,0.040721339579074645,0.21545,0.03748065521477016,5,2981.1111085771804,3205.0298855865863,False,1.0751125231009178,2815.689708968671,3398.533931613759,True,1.2069987402335507,2404.4669990616694,3930.8213887844167,True,1.6347994754423325
heteroscedastic,half_normal_1.0 (main),quadratic_z,loro_anchor,E3__R03__day1_0@120,E3,E3__R03__day1_0,120.0,80.0,18570.0,9.797008992384217,17989.001046250123,-0.032293661962533804,0.7238,0.03886015590138536,5,17384.82805191101,18677.937173826766,True,1.0743814732049428,16322.159350722919,19955.309797366153,True,1.2225900610682567,13648.824704711467,23932.797078325297,True,1.753469444886627
heteroscedastic,half_normal_1.0 (main),quadratic_z,loro_anchor,E3__R03__day1_0@120,E3,E3__R03__day1_0,120.0,90.0,11550.0,9.316844297631006,11144.183261560136,-0.0375964183189339,0.76435,0.03886015590138536,5,10760.045591300339,11512.296968062908,False,1.0699115417662148,10087.767418635318,12308.147471384156,True,1.2201061900621428,8403.136184569017,14650.11982398985,True,1.7434109720716406
heteroscedastic,half_normal_1.0 (main),quadratic_z,loro_anchor,E3__R03__day1_0@120,E3,E3__R03__day1_0,120.0,100.0,7546.0,8.904768544805693,7386.442204020877,-0.02400435571856363,0.68965,0.03886015590138536,5,7129.206401945755,7634.654726290431,True,1.0708982593359517,6702.265496562745,8142.9260309109495,True,1.2149512780547185,5612.781924084756,9755.357599912888,True,1.7380610420747173
heteroscedastic,half_normal_1.0 (main),quadratic_z,loro_anchor,E3__R03__day1_0@120,E3,E3__R03__day1_0,120.0,110.0,5376.0,8.552220851030304,5189.96267295586,-0.03747903117268159,0.7611,0.03886015590138536,5,5010.855713817461,5363.103929635859,False,1.0702970183011,4697.760212588691,5717.09038506607,True,1.216982163062699,3940.4859693371636,6886.825958934941,True,1.7477098034416771
heteroscedastic,half_normal_1.0 (main),quadratic_z,loro_anchor,E3__R03__day1_0@120,E3,E3__R03__day1_0,120.0,130.0,2959.0,7.997235820782767,2974.9895324994213,0.004629168382557225,0.4495,0.03886015590138536,5,2878.6796625938396,3086.687371350995,True,1.0722580256011291,2701.9863019298887,3298.149345252375,True,1.2206388103805996,2265.503971917362,3967.89930481628,True,1.7514422194802564
heteroscedastic,half_normal_1.0 (main),quadratic_z,loro_anchor,E3__R03__day1_0@130,E3,E3__R03__day1_0,130.0,80.0,18570.0,9.790614427654281,17911.23725076022,-0.03868822669246974,0.7564,0.038760632738875644,5,17246.53129171486,18541.98809573377,False,1.0751140494344644,16138.079476982086,19775.05549228104,True,1.2253660988896735,13405.14869982567,23899.865206922554,True,1.7828869893277175
heteroscedastic,half_normal_1.0 (main),quadratic_z,loro_anchor,E3__R03__day1_0@130,E3,E3__R03__day1_0,130.0,90.0,11550.0,9.310343349626674,11093.25481124019,-0.044097366323265774,0.773,0.038760632738875644,5,10647.518271700128,11489.099121805531,False,1.079040094473679,9959.275267994877,12244.646811208711,True,1.229471671554064,8223.446911476798,14668.422719531985,True,1.7837316732792983
heteroscedastic,half_normal_1.0 (main),quadratic_z,loro_anchor,E3__R03__day1_0@130,E3,E3__R03__day1_0,130.0,100.0,7546.0,8.898246454952606,7344.161157180187,-0.03052644557165074,0.7021,0.038760632738875644,5,7042.055928830852,7611.609803738105,True,1.0808789195461292,6603.266337972001,8100.858231333805,True,1.2267956215471607,5469.214500943856,9700.011086353812,True,1.7735656710264007
heteroscedastic,half_normal_1.0 (main),quadratic_z,loro_anchor,E3__R03__day1_0@130,E3,E3__R03__day1_0,130.0,110.0,5376.0,8.545750121225685,5164.208767825119,-0.0439497609773003,0.77155,0.038760632738875644,5,4956.814744714701,5349.958169501833,False,1.079313721620589,4648.869182915805,5688.122568059921,True,1.223549715910115,3845.920174490438,6848.953002079899,True,1.7808359745759272
heteroscedastic,half_normal_1.0 (main),quadratic_z,loro_anchor,E3__R03__day1_0@130,E3,E3__R03__day1_0,130.0,120.0,3839.0,8.245473860378723,3821.8946459110994,-0.007493334622074244,0.54435,0.038760632738875644,5,3683.3596989214334,3948.9459670198485,True,1.0721043530383916,3458.3207957161885,4203.3036765970355,True,1.2154175176009279,2879.7643820823932,5070.979662290578,True,1.7609008896150349
heteroscedastic,half_normal_0.5,quadratic_z,lofo_anchor,E1@80,E1,E1__R01__day1_1,80.0,90.0,2288.0,7.70887772171371,2227.5695265611585,-0.026555630785978224,0.6924,0.042018788006227985,5,2144.2592406779218,2313.8283711274516,True,1.0790805175198497,2037.2475601565638,2434.5393243489343,True,1.1950139845359975,1841.3943296073246,2693.7498171442808,True,1.4628859087008919
heteroscedastic,half_normal_0.5,quadratic_z,lofo_anchor,E1@80,E1,E1__R01__day1_1,80.0,100.0,1512.0,7.291387245510986,1467.4006723993193,-0.029801311228491834,0.70245,0.042018788006227985,5,1410.0966648569283,1525.717908957527,True,1.0819952610215768,1336.4915341244052,1607.8540974622279,True,1.2030409893434935,1204.3110445495145,1767.3859156328924,True,1.467549370764097
heteroscedastic,half_normal_0.5,quadratic_z,lofo_anchor,E1@80,E1,E1__R01__day1_1,80.0,110.0,1073.0,6.937472519206074,1030.1737681762706,-0.04074122342462427,0.7577,0.042018788006227985,5,989.6211598315027,1071.1059095180144,False,1.0823393364996214,939.24547704939,1129.4628270204248,True,1.2025214436683758,844.8649139445316,1243.4686534272546,True,1.4717958254671857
heteroscedastic,half_normal_0.5,quadratic_z,lofo_anchor,E1@80,E1,E1__R01__day1_1,80.0,120.0,780.0,6.639175039558098,763.6578482956753,-0.02011888012553964,0.6468,0.042018788006227985,5,734.0157558432444,795.4625476373591,True,1.083713178232154,696.595699054191,838.5210257005458,True,1.2037413191598156,629.4077334714522,930.9431484883961,True,1.4790780268203052
heteroscedastic,half_normal_0.5,quadratic_z,lofo_anchor,E1@80,E1,E1__R01__day1_1,80.0,130.0,599.0,6.38962658468869,594.873873696818,-0.0056350134267590946,0.55015,0.042018788006227985,5,571.4505533606596,620.1354478228407,True,1.085195287984006,543.0131636725954,653.8714259897685,True,1.2041539132631671,491.0484057917475,723.0128669357507,True,1.472386140364294
heteroscedastic,half_normal_0.5,quadratic_z,lofo_anchor,E1@90,E1,E1__R01__day1_1,90.0,80.0,3636.0,8.22696833643297,3737.8315897489497,0.02832888113560017,0.3051,0.04179791861491272,5,3598.110282077679,3887.3606171937963,True,1.0803895135057098,3412.4302038256055,4099.330578717954,True,1.201293604224426,3096.1334695283817,4526.253012632313,True,1.4619050041540276
heteroscedastic,half_normal_0.5,quadratic_z,lofo_anchor,E1@90,E1,E1__R01__day1_1,90.0,100.0,1512.0,7.318924771023929,1507.8700724828468,-0.0022637857155487495,0.5251,0.04179791861491272,5,1452.9997097560004,1563.76905092263,True,1.0762349368846267,1378.0896412753118,1648.1067224202652,True,1.1959357889774673,1246.7881526479387,1832.647915689747,True,1.4698951957456081
heteroscedastic,half_normal_0.5,quadratic_z,lofo_anchor,E1@90,E1,E1__R01__day1_1,90.0,110.0,1073.0,6.9650042345689664,1057.4452332196217,-0.013209508061732045,0.61305,0.04179791861491272,5,1019.3809182236407,1098.0368788423991,True,1.0771605189116382,968.4923660961265,1157.9930934474994,True,1.1956656902885328,880.0672099277512,1284.0787475111422,True,1.459068958627101
heteroscedastic,half_normal_0.5,quadratic_z,lofo_anchor,E1@90,E1,E1__R01__day1_1,90.0,120.0,780.0,6.666761086277537,784.8985717908928,0.007467166593899677,0.44945,0.04179791861491272,5,756.2000822648812,816.1276866647364,True,1.0792483441953182,718.6844686553231,861.3928417228325,True,1.198568884248355,650.4725751372715,952.7152100098772,True,1.4646508498975876
heteroscedastic,half_normal_0.5,quadratic_z,lofo_anchor,E1@90,E1,E1__R01__day1_1,90.0,130.0,599.0,6.417318285991292,611.0549979224448,0.022056687875842584,0.36755,0.04179791861491272,5,586.4920248212264,638.2689178916183,True,1.0882823480612112,557.4219031236406,673.7341592422904,True,1.20866107963621,506.0437868656102,746.8305877448647,True,1.4758220674354414
heteroscedastic,half_normal_0.5,quadratic_z,lofo_anchor,E1@100,E1,E1__R01__day1_1,100.0,80.0,3636.0,8.229492597238592,3751.1471398961817,0.030853141941221907,0.29005,0.04026310377010535,5,3607.9397499082315,3899.7096598029066,True,1.0808688420869823,3426.529624079704,4105.149638343183,True,1.198048780753134,3095.0173067479277,4519.351771482069,True,1.460202423304299
heteroscedastic,half_normal_0.5,quadratic_z,lofo_anchor,E1@100,E1,E1__R01__day1_1,100.0,90.0,2288.0,7.738677607934147,2296.0609699294782,0.0032442554344580543,0.46675,0.04026310377010535,5,2214.5631316385106,2380.6625566133785,True,1.0750032467360613,2106.7794352710625,2508.5205345996037,True,1.1906896814173868,1910.6829024659803,2769.212863882661,True,1.4493314721708341
heteroscedastic,half_normal_0.5,quadratic_z,lofo_anchor,E1@100,E1,E1__R01__day1_1,100.0,110.0,1073.0,6.966977748777662,1060.7467860553547,-0.011235993853036419,0.59805,0.04026310377010535,5,1023.9606938320105,1099.7832702660785,True,1.0740483271387242,972.6592840391428,1157.4532317433573,True,1.189988365645187,877.4272760869156,1286.1513574753844,True,1.4658210344352023
heteroscedastic,half_normal_0.5,quadratic_z,lofo_anchor,E1@100,E1,E1__R01__day1_1,100.0,120.0,780.0,6.6688162391099235,787.4007702474611,0.009522319426285897,0.42725,0.04026310377010535,5,758.7079019035458,817.7557344157962,True,1.0778268321235398,720.6248160274007,860.853461550327,True,1.194593139736662,651.5096994561317,953.1250517588483,True,1.4629483683120903
heteroscedastic,half_normal_0.5,quadratic_z,lofo_anchor,E1@100,E1,E1__R01__day1_1,100.0,130.0,599.0,6.4195563317782405,613.6095784519501,0.024294733662791224,0.3478,0.04026310377010535,5,588.4889046518595,640.2829930719693,True,1.0880120050024569,558.6110319762043,674.1206691358525,True,1.2067800858694258,505.8162854204427,746.8761936179543,True,1.4765760121723615
heteroscedastic,half_normal_0.5,quadratic_z,lofo_anchor,E1@110,E1,E1__R01__day1_1,110.0,80.0,3636.0,8.240915212509831,3793.1030269864814,0.042275757212461684,0.2352,0.04119673507070034,5,3648.6797945304415,3947.018488221302,False,1.081766203254691,3457.1762565621802,4161.796206703955,True,1.2038137190154286,3118.976691731384,4637.196084727053,True,1.4867684317810295
heteroscedastic,half_normal_0.5,quadratic_z,lofo_anchor,E1@110,E1,E1__R01__day1_1,110.0,90.0,2288.0,7.750384935297458,2322.752578242156,0.014951582797769092,0.3784,0.04119673507070034,5,2237.5930734398376,2409.7438188740507,True,1.076935680342256,2125.160031661759,2539.814727258335,True,1.195116927393152,1920.9155430536885,2814.8627581236087,True,1.465375595664559
heteroscedastic,half_normal_0.5,quadratic_z,lofo_anchor,E1@110,E1,E1__R01__day1_1,110.0,100.0,1512.0,7.332706660460909,1529.2614640913057,0.011518103721431139,0.40505,0.04119673507070034,5,1473.7378265131429,1587.390201760585,True,1.077118448887441,1402.3219681536586,1672.8233328535036,True,1.1928953341977488,1264.7092847820802,1853.7005219619282,True,1.4657127485873847
heteroscedastic,half_normal_0.5,quadratic_z,lofo_anchor,E1@110,E1,E1__R01__day1_1,110.0,120.0,780.0,6.680181100066387,796.1308198931919,0.020887180382749726,0.3429,0.04119673507070034,5,767.3445374339859,827.4290673347991,True,1.078301893047596,729.4289052913425,872.2698088293193,True,1.1958256692349263,658.205570889745,968.5949601457237,True,1.471569070490246
heteroscedastic,half_normal_0.5,quadratic_z,lofo_anchor,E1@110,E1,E1__R01__day1_1,110.0,130.0,599.0,6.430502376897616,620.1036960898163,0.03524077878216669,0.2785,0.04119673507070034,5,595.6222030606962,646.1502892443001,True,1.0848324423165518,565.6857296656264,681.6791448312225,True,1.2050492156380879,510.40307885189213,757.9438048902022,True,1.4849906599214324
heteroscedastic,half_normal_0.5,quadratic_z,lofo_anchor,E1@120,E1,E1__R01__day1_1,120.0,80.0,3636.0,8.22078209815546,3718.5734594232063,0.022142642858090866,0.34755,0.041934150444374506,5,3568.929704975621,3865.7653292952514,True,1.0831721689294684,3373.078865462338,4086.754699308519,True,1.211579942928005,3031.374291234365,4581.996565684458,True,1.5115245184119723
heteroscedastic,half_normal_0.5,quadratic_z,lofo_anchor,E1@120,E1,E1__R01__day1_1,120.0,90.0,2288.0,7.730341697824518,2278.4405563212354,-0.005091654675170254,0.53375,0.041934150444374506,5,2186.986506336815,2366.9641727256967,True,1.0822948225182891,2069.5159643416387,2497.0843160207596,True,1.2066030700155241,1852.3993283529219,2803.1747877184002,True,1.5132670071797472
heteroscedastic,half_normal_0.5,quadratic_z,lofo_anchor,E1@120,E1,E1__R01__day1_1,120.0,100.0,1512.0,7.312746215387163,1497.9951590536057,-0.00844234135231492,0.57205,0.041934150444374506,5,1440.494228459624,1556.166878830082,True,1.0803006690933785,1363.1892539065575,1643.1725756894862,True,1.2053884455005546,1221.578393582184,1845.1636410086073,True,1.510475013885771
heteroscedastic,half_normal_0.5,quadratic_z,lofo_anchor,E1@120,E1,E1__R01__day1_1,120.0,110.0,1073.0,6.958741714853441,1052.4133612736698,-0.019472027777257317,0.64645,0.041934150444374506,5,1013.8956322999696,1093.9115538074338,True,1.0789192880986698,960.6308702448315,1155.3905132042116,True,1.2027413952559558,859.7556551619501,1296.8643275846534,True,1.5084103486825757
heteroscedastic,half_normal_0.5,quadratic_z,lofo_anchor,E1@120,E1,E1__R01__day1_1,120.0,130.0,599.0,6.410754635600665,607.493817343167,0.015493037485216021,0.3893,0.041934150444374506,5,584.9280252111059,632.505432404499,True,1.081338908622513,554.9959516793652,669.4401444321544,True,1.206207256839427,497.67751121903166,750.2011765406222,True,1.5074042118219262
heteroscedastic,half_normal_0.5,quadratic_z,lofo_anchor,E1@130,E1,E1__R01__day1_1,130.0,80.0,3636.0,8.206538390705546,3664.581808486858,0.007898935408176655,0.444,0.040360518932338114,5,3519.685886079058,3807.5603162515577,True,1.081789807241348,3339.3143074544296,4012.8937972833055,True,1.2017119168223334,3003.7769775122624,4454.889272221488,True,1.4830958841395212
heteroscedastic,half_normal_0.5,quadratic_z,lofo_anchor,E1@130,E1,E1__R01__day1_1,130.0,90.0,2288.0,7.716281755213155,2244.0757698385996,-0.019151597286533928,0.62815,0.040360518932338114,5,2151.7353240390735,2336.3125269797797,True,1.0857806259341565,2041.522035184115,2458.122359854039,True,1.2040635944604698,1849.5298150906647,2727.3899867262517,True,1.4746396432612003
heteroscedastic,half_normal_0.5,quadratic_z,lofo_anchor,E1@130,E1,E1__R01__day1_1,130.0,100.0,1512.0,7.2987536899856,1478.9527073042561,-0.02243486675387807,0.6437,0.040360518932338114,5,1418.1208042087585,1541.031911165475,True,1.0866718170919825,1346.996620759759,1621.7094294071114,True,1.2039446902935835,1225.4766718424692,1799.000767043036,True,1.4680008264362059
heteroscedastic,half_normal_0.5,quadratic_z,lofo_anchor,E1@130,E1,E1__R01__day1_1,130.0,110.0,1073.0,6.944717489856208,1036.5344889501444,-0.03349625277449064,0.72215,0.040360518932338114,5,996.3704488613772,1078.7482208185615,True,1.0826778554616139,945.0119339697799,1136.6642819171896,True,1.202804156284378,854.2032642123614,1269.4230877531484,True,1.4860901859508233
heteroscedastic,half_normal_0.5,quadratic_z,lofo_anchor,E1@130,E1,E1__R01__day1_1,130.0,120.0,780.0,6.646227436638508,769.7590743871373,-0.013066483045129473,0.6045,0.040360518932338114,5,740.8011262740713,798.2667263732084,True,1.0775722364086642,704.1560072990255,841.3772887799032,True,1.1948734088163584,639.2609469643228,942.8274012569962,True,1.4748709517361076
heteroscedastic,half_normal_0.5,quadratic_z,lofo_anchor,E2@80,E2,E2__R01__day1_0,80.0,90.0,5527.0,8.686353048385032,5915.593492297552,0.06895259655176922,0.01065,0.011446095707852648,2,5846.312960206345,5984.397968999957,False,1.023619161295932,5767.354682994964,6064.166235446012,False,1.051464071271045,5640.231849362392,6220.9485480700005,False,1.102959721198918
heteroscedastic,half_normal_0.5,quadratic_z,lofo_anchor,E2@80,E2,E2__R01__day1_0,80.0,100.0,3705.0,8.276187475074046,3925.9363097277587,0.058748937343859,0.01835,0.011446095707852648,2,3874.6560898389257,3974.670966665935,False,1.0258125816867445,3818.53916639904,4030.8244645145796,False,1.0555933274126212,3729.494188744125,4139.782426640555,False,1.110011764902251
heteroscedastic,half_normal_0.5,quadratic_z,lofo_anchor,E2@80,E2,E2__R01__day1_0,80.0,110.0,2622.0,7.918841447294425,2746.1139879804264,0.047148782970779735,0.0336,0.011446095707852648,2,2709.815879659817,2781.9746057362495,False,1.0266286453696225,2669.6661388557995,2821.486888417876,False,1.0568688149249799,2606.280651194017,2900.431488864238,True,1.1128623034267093
heteroscedastic,half_normal_0.5,quadratic_z,lofo_anchor,E2@80,E2,E2__R01__day1_0,80.0,120.0,1955.0,7.607948693168735,2012.303481101792,0.02980322074926889,0.09815,0.011446095707852648,2,1984.9606466351454,2038.6563434169936,False,1.0270512651587687,1955.409112174396,2066.4081228064338,False,1.0567651086112655,1910.2134266990422,2119.5403970525604,True,1.1095830274396339
heteroscedastic,half_normal_0.5,quadratic_z,lofo_anchor,E2@80,E2,E2__R01__day1_0,80.0,130.0,1536.0,7.338000598505329,1536.1176344692726,0.0010636847977112396,0.4984,0.011446095707852648,2,1514.717247589161,1556.7210301023288,True,1.0277304444641544,1492.2326878209587,1579.5026091063776,True,1.0584827835482247,1458.6857901236876,1622.498087972071,True,1.1123012913113337
heteroscedastic,half_normal_0.5,quadratic_z,lofo_anchor,E2@80,E2,E2__R02__day1_0,80.0,90.0,11540.0,9.369951946286484,11733.668580675701,0.0163774062243931,0.1835,0.011446095707852648,2,11595.443827558847,11865.756128666393,False,1.023311940890533,11440.655794055954,12023.673876746167,True,1.050960197840505,11174.563596162652,12304.916362960994,True,1.10115408598028
heteroscedastic,half_normal_0.5,quadratic_z,lofo_anchor,E2@80,E2,E2__R02__day1_0,80.0,100.0,7544.0,8.959786372975502,7786.488209360209,0.03127854866220936,0.0793,0.011446095707852648,2,7685.809194554749,7885.1882047412455,False,1.025941186560779,7574.131940238423,7991.479227664792,False,1.0551016658700074,7388.702588583932,8176.787494352665,True,1.1066607968476603
heteroscedastic,half_normal_0.5,quadratic_z,lofo_anchor,E2@80,E2,E2__R02__day1_0,80.0,110.0,5710.0,8.602440345195882,5447.987618372647,-0.047533957454174214,0.9701,0.011446095707852648,2,5374.176584662136,5519.666944159046,False,1.0270721211342662,5295.506617687178,5595.660619935308,False,1.0566808851197742,5160.542501738585,5729.631129635289,True,1.110276899706761
heteroscedastic,half_normal_0.5,quadratic_z,lofo_anchor,E2@80,E2,E2__R02__day1_0,80.0,120.0,4017.0,8.29154759107019,3991.4696660756435,-0.0067430432890933645,0.62855,0.011446095707852648,2,3936.420516581404,4043.9494222752587,True,1.0273164173494447,3879.4213992574428,4098.532605691131,True,1.056480382996193,3784.3609104774673,4195.087318180375,True,1.1085325679603553
heteroscedastic,half_normal_0.5,quadratic_z,lofo_anchor,E2@80,E2,E2__R02__day1_0,80.0,130.0,3302.0,8.021599496406784,3047.175253126561,-0.08068412807328862,0.9902,0.011446095707852648,2,3004.2463071168345,3088.373619233044,False,1.0280028012073839,2961.685140990118,3131.252617410073,False,1.0572537148102337,2891.1091254927946,3215.2968926452804,False,1.1121326636528213
heteroscedastic,half_normal_0.5,quadratic_z,lofo_anchor,E2@80,E2,E2__R02__day1_1,80.0,90.0,15300.0,9.634181575775445,15284.659982887631,-0.0014265316050821042,0.52585,0.011446095707852648,2,15105.835216747915,15460.904458690042,True,1.0235054359356748,14896.52440398197,15661.252509360764,True,1.0513360086312735,14528.345590494086,16013.862313826528,True,1.102249544800505
heteroscedastic,half_normal_0.5,quadratic_z,lofo_anchor,E2@80,E2,E2__R02__day1_1,80.0,100.0,10330.0,9.22401600246446,10144.847562612433,-0.018791559649224965,0.82485,0.011446095707852648,2,10012.927008405966,10274.340676874408,False,1.026107617507746,9868.101925560037,10417.882185900755,True,1.0557128680356143,9620.397825445538,10659.807769681522,True,1.1080423037690592
heteroscedastic,half_normal_0.5,quadratic_z,lofo_anchor,E2@80,E2,E2__R02__day1_1,80.0,110.0,6671.0,8.866669974684841,7096.560967244184,0.06114492197532506,0.01705,0.011446095707852648,2,7001.6851274938035,7189.613511397181,False,1.0268404506174422,6899.556602048268,7290.660788554638,False,1.0566854087971773,6728.661811658972,7471.505513997175,False,1.1103999165259062
heteroscedastic,half_normal_0.5,quadratic_z,lofo_anchor,E2@80,E2,E2__R02__day1_1,80.0,120.0,4863.0,8.555777220559149,5199.973013802484,0.06636641015536249,0.0144,0.011446095707852648,2,5129.95870941463,5269.014843866729,False,1.0271066771350226,5054.068821165019,5341.817243863913,False,1.0569340135405132,4932.11108857019,5464.632988491053,False,1.1079703782737058
heteroscedastic,half_normal_0.5,quadratic_z,lofo_anchor,E2@80,E2,E2__R02__day1_1,80.0,130.0,3845.0,8.285829125895743,3969.7671635872475,0.0313002439559984,0.08305,0.011446095707852648,2,3914.011327628233,4022.221688189362,False,1.0276469206405443,3856.3106124482147,4078.2646182889916,False,1.0575560498483465,3763.876883117804,4177.478920781053,True,1.1098872387453442
heteroscedastic,half_normal_0.5,quadratic_z,lofo_anchor,E2@80,E2,E2__R03__day1_0,80.0,90.0,15560.0,9.745310880513214,17085.554308279057,0.09285208278083168,0.0068,0.011446095707852648,2,16887.0204748115,17278.4057389257,False,1.0231766915127503,16652.412505021886,17512.85400857544,False,1.051670681548038,16227.287055586405,17913.56743707894,False,1.1039163463193937
heteroscedastic,half_normal_0.5,quadratic_z,lofo_anchor,E2@80,E2,E2__R03__day1_0,80.0,100.0,10360.0,9.335145307202229,11335.892354602945,0.08943779138875563,0.0081,0.011446095707852648,2,11188.782893107811,11475.216532735387,False,1.0256000712824642,11032.046573804493,11633.189322985712,False,1.0544905920365337,10744.705109181401,11906.248233625816,False,1.108103769497766
heteroscedastic,half_normal_0.5,quadratic_z,lofo_anchor,E2@80,E2,E2__R03__day1_0,80.0,110.0,7895.0,8.97779927942261,7930.625984701189,0.003814352732867121,0.40595,0.011446095707852648,2,7823.675335963126,8035.262017161426,True,1.0270444097067397,7707.80227269387,8146.961761035547,True,1.0569759670532117,7517.1490323294565,8343.255104274585,True,1.109896194473762
heteroscedastic,half_normal_0.5,quadratic_z,lofo_anchor,E2@80,E2,E2__R03__day1_0,80.0,120.0,6977.0,8.666906525296918,5811.182365390939,-0.1834677786423189,0.99835,0.011446095707852648,2,5733.008121045482,5885.519038631218,False,1.0266022504007764,5649.5914899860345,5968.690019175667,False,1.056481699562745,5509.000871061996,6113.484776411719,False,1.1097265946217203
heteroscedastic,half_normal_0.5,quadratic_z,lofo_anchor,E2@80,E2,E2__R03__day1_0,80.0,130.0,5128.0,8.396958430633514,4437.7167535355475,-0.14551256796699086,0.9979,0.011446095707852648,2,4376.023416586967,4496.073673018454,False,1.0274336412315452,4311.319344223151,4558.148922150111,False,1.0572515182058349,4201.28345347918,4667.2161526541295,False,1.1109024669090346
heteroscedastic,half_normal_0.5,quadratic_z,lofo_anchor,E2@90,E2,E2__R01__day1_0,90.0,80.0,9462.0,9.091565559076962,8849.796889723422,-0.0634734971141313,0.98035,0.011814331050039008,2,8748.362738018315,8956.125013668141,False,1.0237487038285393,8633.089965536677,9088.689098866907,False,1.0527735880373057,8432.879358581333,9381.202076398955,False,1.1124553877143522
heteroscedastic,half_normal_0.5,quadratic_z,lofo_anchor,E2@90,E2,E2__R01__day1_0,90.0,100.0,3705.0,8.211077546622358,3669.5669528139174,-0.006360991107829506,0.7204,0.011814331050039008,2,3628.839216640143,3711.1106947843214,True,1.022671568849598,3580.948245749571,3763.406803188573,True,1.0509525815279717,3496.367253828485,3877.891970911943,True,1.1091203210033764
heteroscedastic,half_normal_0.5,quadratic_z,lofo_anchor,E2@90,E2,E2__R01__day1_0,90.0,110.0,2622.0,7.85368912754788,2566.5165665874106,-0.018003536775765383,0.8688,0.011814331050039008,2,2537.0469387082408,2596.4729492204474,False,1.0234232995872217,2502.7887394105055,2633.4871125264895,True,1.0522210968340733,2444.724188419634,2715.4745602117864,True,1.110748841556305
heteroscedastic,half_normal_0.5,quadratic_z,lofo_anchor,E2@90,E2,E2__R01__day1_0,90.0,120.0,1955.0,7.542719412032462,1881.1469298424997,-0.03542606038700402,0.9474,0.011814331050039008,2,1858.1458378301488,1903.8030256067577,False,1.0245713693979612,1832.6162448883558,1931.6715074079875,False,1.0540512847662038,1790.4645011332977,1993.129390338311,True,1.1131912356132914
heteroscedastic,half_normal_0.5,quadratic_z,lofo_anchor,E2@90,E2,E2__R01__day1_0,90.0,130.0,1536.0,7.272665023564758,1435.9340093744079,-0.06427189014285961,0.9788,0.011814331050039008,2,1417.028899035018,1455.1626520078923,False,1.0269110622929731,1396.307673587677,1477.703489261246,False,1.058293610508084,1363.13344709252,1526.511190479295,False,1.1198545481627273
heteroscedastic,half_normal_0.5,quadratic_z,lofo_anchor,E2@90,E2,E2__R02__day1_0,90.0,80.0,18780.0,9.823971431042505,18463.882271766717,-0.01657632171974832,0.8179,0.011814331050039008,2,18252.128935862438,18689.08368461444,False,1.0239399332695627,18001.519024273224,18959.83167592954,True,1.0532350992360218,17560.424122722798,19503.620879101123,True,1.1106577348472964
heteroscedastic,half_normal_0.5,quadratic_z,lofo_anchor,E2@90,E2,E2__R02__day1_0,90.0,100.0,7544.0,8.943483418587897,7657.390237175335,0.014975594274604376,0.19855,0.011814331050039008,2,7571.671348851696,7742.064821814249,False,1.0225040767238787,7466.61686036753,7845.357291506963,True,1.050724503241859,7276.553616044207,8055.397041641205,True,1.1070346577093462
heteroscedastic,half_normal_0.5,quadratic_z,lofo_anchor,E2@90,E2,E2__R02__day1_0,90.0,110.0,5710.0,8.586094999513422,5356.138246019627,-0.06387930313663404,0.98295,0.011814331050039008,2,5293.990484339887,5416.884244483289,False,1.0232138233921901,5218.64756443084,5493.792841882783,False,1.0527234832501955,5086.8035803909115,5639.642796123708,False,1.1086810620846326
heteroscedastic,half_normal_0.5,quadratic_z,lofo_anchor,E2@90,E2,E2__R02__day1_0,90.0,120.0,4017.0,8.275125283998003,3925.560502181272,-0.02316535036128009,0.8853,0.011814331050039008,2,3877.7623829079257,3971.618898135088,False,1.0242037819647887,3824.9695748315316,4025.1630197348586,True,1.0523385718465863,3728.959048815487,4138.063039329614,True,1.1097099713776906
heteroscedastic,half_normal_0.5,quadratic_z,lofo_anchor,E2@90,E2,E2__R02__day1_0,90.0,130.0,3302.0,8.005070895530302,2996.0582695800504,-0.09721272894977062,0.99255,0.011814331050039008,2,2956.402579322361,3034.939527241106,False,1.0265650383571059,2911.7788154370523,3078.839338570843,False,1.0573740430585263,2836.850356250063,3163.746068423447,False,1.1152319196016725
heteroscedastic,half_normal_0.5,quadratic_z,lofo_anchor,E2@90,E2,E2__R02__day1_1,90.0,80.0,24470.0,10.105077431731788,24478.96206852874,-0.0001257247049295529,0.49135,0.011814331050039008,2,24191.123624039195,24776.006913250094,True,1.024177599118616,23855.709286657904,25120.37143951384,True,1.0530129763764031,23242.923592726445,25783.21960669254,True,1.1092933082979737
heteroscedastic,half_normal_0.5,quadratic_z,lofo_anchor,E2@90,E2,E2__R02__day1_1,90.0,100.0,10330.0,9.224589419277182,10152.140828526763,-0.018218142836502693,0.8411,0.011814331050039008,2,10036.897801953404,10262.26502185627,False,1.0224538721375647,9895.065392374318,10405.365389073551,True,1.0515711596097685,9640.169567105919,10683.9925999855,True,1.1082784929884741
heteroscedastic,half_normal_0.5,quadratic_z,lofo_anchor,E2@90,E2,E2__R02__day1_1,90.0,110.0,6671.0,8.867201000202705,7101.631771985997,0.06167594749318894,0.01795,0.011814331050039008,2,7017.6027171143805,7182.693544622441,False,1.023525245609222,6920.37962500612,7276.672825323457,False,1.0514846322924116,6741.288138627694,7471.090099918934,False,1.1082585325361576
heteroscedastic,half_normal_0.5,quadratic_z,lofo_anchor,E2@90,E2,E2__R02__day1_1,90.0,120.0,4863.0,8.556231284687287,5203.094746118925,0.06682047428350124,0.01575,0.011814331050039008,2,5139.793004587757,5263.80350953592,False,1.0241275290342378,5065.691309590362,5336.5222303058545,False,1.0534637632188042,4928.953744761202,5476.678948498793,False,1.111124029987043
heteroscedastic,half_normal_0.5,quadratic_z,lofo_anchor,E2@90,E2,E2__R02__day1_1,90.0,130.0,3845.0,8.286176896219583,3972.832743516999,0.03164801427983832,0.08145,0.011814331050039008,2,3918.059869774117,4024.170431076587,False,1.0270824246768306,3858.3362136136143,4082.945806368281,False,1.058214105852715,3757.205840856977,4190.230089561032,True,1.1152516702692252
heteroscedastic,half_normal_0.5,quadratic_z,lofo_anchor,E2@90,E2,E2__R03__day1_0,90.0,80.0,27350.0,10.121949849757248,24892.03641766199,-0.09452195809287822,0.9929,0.011814331050039008,2,24593.643776980214,25197.303082105194,False,1.0245453382426402,24247.46524055025,25551.971519764676,False,1.053799696845542,23568.59935650293,26214.655863851127,False,1.1122704182511427
heteroscedastic,half_normal_0.5,quadratic_z,lofo_anchor,E2@90,E2,E2__R03__day1_0,90.0,100.0,10360.0,9.241461837302642,10323.315286828281,-0.004245678510830686,0.59015,0.011814331050039008,2,10205.487694866859,10438.74973006542,True,1.0228565299545544,10058.663705688765,10583.596746448684,True,1.0521871548864925,9776.500127185926,10858.235677436503,True,1.1106465029589219
heteroscedastic,half_normal_0.5,quadratic_z,lofo_anchor,E2@90,E2,E2__R03__day1_0,90.0,110.0,7895.0,8.884073418228166,7221.8924235245895,-0.08991150846157758,0.99265,0.011814331050039008,2,7136.539670704654,7303.3266813349355,False,1.0233708517469524,7033.648365843408,7402.388785547325,False,1.0524251996296237,6835.217441835181,7596.783533573544,False,1.1114179758316354
heteroscedastic,half_normal_0.5,quadratic_z,lofo_anchor,E2@90,E2,E2__R03__day1_0,90.0,120.0,6977.0,8.573103702712748,5291.888220698249,-0.2772706012264887,0.9991,0.011814331050039008,2,5225.191607076573,5355.554465855962,False,1.0249489145245576,5147.400795801186,5428.859094563078,False,1.0546796936798628,5003.329087189158,5569.2147706244805,False,1.1131018315153909
heteroscedastic,half_normal_0.5,quadratic_z,lofo_anchor,E2@90,E2,E2__R03__day1_0,90.0,130.0,5128.0,8.303049314245044,4038.452417635358,-0.2394216843554613,0.99895,0.011814331050039008,2,3982.912694036948,4092.4609945550123,False,1.0275045698797454,3924.1991846933597,4149.627231534228,False,1.0574456178779525,3818.235843209846,4261.906795023934,False,1.1161978908670847
heteroscedastic,half_normal_0.5,quadratic_z,lofo_anchor,E2@100,E2,E2__R01__day1_0,100.0,80.0,9462.0,9.099450836749984,8935.532104341764,-0.05558821944110903,0.9734,0.011752186672709733,2,8825.4008834884,9057.976001276667,False,1.0263529238907885,8703.795720247263,9198.455997704232,False,1.056832707631943,8487.259210990003,9476.108226647953,True,1.1165098167824905
heteroscedastic,half_normal_0.5,quadratic_z,lofo_anchor,E2@100,E2,E2__R01__day1_0,100.0,90.0,5527.0,8.629330733179495,5585.187750590106,0.011930281346232974,0.2553,0.011752186672709733,2,5525.360858715804,5650.316519770593,True,1.0226149321736482,5452.418632380089,5730.352915409407,True,1.050974494397543,5326.644218500119,5896.973318321595,True,1.1070709956262237
heteroscedastic,half_normal_0.5,quadratic_z,lofo_anchor,E2@100,E2,E2__R01__day1_0,100.0,110.0,2622.0,7.862060875654203,2593.1420177941363,-0.009631788669442365,0.75125,0.011752186672709733,2,2565.1146211059113,2621.7994814748126,False,1.0220983732666349,2531.855106896212,2659.711751075116,True,1.0504991947725013,2467.425914434389,2741.3849371123983,True,1.1110302931793632
heteroscedastic,half_normal_0.5,quadratic_z,lofo_anchor,E2@100,E2,E2__R01__day1_0,100.0,120.0,1955.0,7.551186364231649,1900.6670744904015,-0.02695910818781755,0.91565,0.011752186672709733,2,1878.7606552877385,1923.1435945504911,False,1.0236235196526164,1853.3699889758602,1949.6428522787248,False,1.0519447621767435,1808.0604643269928,2010.443005037307,True,1.1119335026141652
heteroscedastic,half_normal_0.5,quadratic_z,lofo_anchor,E2@100,E2,E2__R01__day1_0,100.0,130.0,1536.0,7.281200906506276,1450.898116600065,-0.05573600720134131,0.9723,0.011752186672709733,2,1432.8350972836988,1469.86271824898,False,1.0258422068495365,1412.15859949142,1492.2559586930477,False,1.0567198041568944,1377.2772961866528,1540.3145488228984,True,1.118376490404406
heteroscedastic,half_normal_0.5,quadratic_z,lofo_anchor,E2@100,E2,E2__R02__day1_0,100.0,80.0,18780.0,9.808705337503262,18184.87411906273,-0.0318424152589909,0.921,0.011752186672709733,2,17957.137991161842,18431.178294577418,False,1.0263984329601348,17690.708572920445,18706.82495739065,False,1.0574378567303744,17237.47236757079,19191.073377578086,True,1.1133345404911366
heteroscedastic,half_normal_0.5,quadratic_z,lofo_anchor,E2@100,E2,E2__R02__day1_0,100.0,90.0,11540.0,9.338585233932772,11367.57465164232,-0.014989306129319147,0.80795,0.011752186672709733,2,11241.752196937823,11494.944235355271,False,1.0225224710509466,11091.444098460435,11653.99216139358,True,1.050719100050392,10800.127830024732,11960.522920496756,True,1.1074427181543245
heteroscedastic,half_normal_0.5,quadratic_z,lofo_anchor,E2@100,E2,E2__R02__day1_0,100.0,110.0,5710.0,8.571315376407481,5277.841167076342,-0.07865892624257498,0.9906,0.011752186672709733,2,5218.5270246994605,5336.705236284249,False,1.022645894334828,5146.054994740839,5408.954903932421,False,1.051087660248532,5017.607011811485,5547.097700662208,False,1.1055265363756663
heteroscedastic,half_normal_0.5,quadratic_z,lofo_anchor,E2@100,E2,E2__R02__day1_0,100.0,120.0,4017.0,8.260440864984927,3867.956145055618,-0.0378497693743558,0.9515,0.011752186672709733,2,3822.418590170217,3912.1121211176414,False,1.023465125242453,3768.884691016833,3967.151022405112,False,1.052606101709837,3676.8541886075623,4072.9438386311617,True,1.1077251448400787
heteroscedastic,half_normal_0.5,quadratic_z,lofo_anchor,E2@100,E2,E2__R02__day1_0,100.0,130.0,3302.0,7.990455407259555,2952.307170740581,-0.11182821722051806,0.9951,0.011752186672709733,2,2913.7908847169188,2990.5995586069657,False,1.0263603933600434,2870.348220564976,3034.6504712548303,False,1.0572412258250377,2794.710717370134,3117.619965576111,False,1.1155429956306318
heteroscedastic,half_normal_0.5,quadratic_z,lofo_anchor,E2@100,E2,E2__R02__day1_1,100.0,80.0,24470.0,10.121833898906418,24894.355355361226,0.016630742469700976,0.1918,0.011752186672709733,2,24573.747208482924,25230.449334011195,False,1.026723727560019,24212.00623669939,25597.343083601925,True,1.0572169374714067,23509.384952452307,26262.30339250213,True,1.1170987010343993
heteroscedastic,half_normal_0.5,quadratic_z,lofo_anchor,E2@100,E2,E2__R02__day1_1,100.0,90.0,15300.0,9.651713795335928,15557.9003445952,0.016105687955400683,0.178,0.011752186672709733,2,15379.822443553063,15736.878610078335,False,1.0232158835276375,15156.193352660153,15956.173520894976,True,1.0527823939442165,14722.749540731671,16379.933007827507,True,1.1125593736761672
heteroscedastic,half_normal_0.5,quadratic_z,lofo_anchor,E2@100,E2,E2__R02__day1_1,100.0,110.0,6671.0,8.884443937810637,7225.349411744936,0.0789188851011211,0.0119,0.011752186672709733,2,7141.920951225132,7303.435614942938,False,1.0226150169990469,7042.014861439284,7400.784746831868,False,1.0509470503047555,6839.410475906154,7596.446752291795,False,1.1106873580775016
heteroscedastic,half_normal_0.5,quadratic_z,lofo_anchor,E2@100,E2,E2__R02__day1_1,100.0,120.0,4863.0,8.573569426388081,5294.678958866654,0.08415861598429508,0.0108,0.011752186672709733,2,5231.339841318842,5355.831941402394,False,1.0237973643196092,5156.878258682727,5430.760437163794,False,1.0531100725559939,5016.383147757886,5571.718745825752,False,1.110704382362834
heteroscedastic,half_normal_0.5,quadratic_z,lofo_anchor,E2@100,E2,E2__R02__day1_1,100.0,130.0,3845.0,8.303583968662712,4041.692764252576,0.049055086722967545,0.03555,0.011752186672709733,2,3986.6981601174207,4093.5023696591547,False,1.0267901419300298,3926.8093446179096,4154.765314422121,False,1.0580511936788193,3812.6587539466823,4269.291896873544,True,1.1197676404829509
heteroscedastic,half_normal_0.5,quadratic_z,lofo_anchor,E2@100,E2,E2__R03__day1_0,100.0,80.0,27350.0,10.12520430705403,24972.868349880097,-0.09126750079609636,0.9933,0.011752186672709733,2,24656.120681554148,25297.23802100477,False,1.026002360538828,24300.470347781975,25672.09145139626,False,1.0564442203786184,23632.779437476744,26302.77840497541,False,1.1129786267655253
heteroscedastic,half_normal_0.5,quadratic_z,lofo_anchor,E2@100,E2,E2__R03__day1_0,100.0,90.0,15560.0,9.65508420348354,15605.563847916486,0.002625405751157217,0.425,0.011752186672709733,2,15434.183695440337,15780.828216151864,True,1.0224595305817137,15222.825701856324,15990.232796788874,True,1.0504116062262325,14828.44827675914,16384.200882115525,True,1.1049167503112742
heteroscedastic,half_normal_0.5,quadratic_z,lofo_anchor,E2@100,E2,E2__R03__day1_0,100.0,110.0,7895.0,8.88781434595825,7246.727460903567,-0.08617058073149408,0.99355,0.011752186672709733,2,7165.298918517241,7326.171802712341,False,1.0224516640581953,7065.121365189104,7419.872335772406,False,1.0502115890508565,6886.599696684485,7594.975166541604,False,1.1028628787873591
heteroscedastic,half_normal_0.5,quadratic_z,lofo_anchor,E2@100,E2,E2__R03__day1_0,100.0,120.0,6977.0,8.576939834535693,5311.186721884262,-0.27343446940354355,0.9994,0.011752186672709733,2,5247.546519153552,5371.382900761407,False,1.0235989106825163,5174.96165461173,5444.707411219217,False,1.052125170119299,5045.592804330958,5582.899331496909,False,1.1064902674478105
heteroscedastic,half_normal_0.5,quadratic_z,lofo_anchor,E2@100,E2,E2__R03__day1_0,100.0,130.0,5128.0,8.306954376810323,4054.6442337899557,-0.2355166217901825,0.9992,0.011752186672709733,2,4000.3833008495476,4106.61610878963,False,1.0265556572835213,3941.1916904659606,4167.844689433516,False,1.0575087478023069,3834.168525463792,4273.1475642857695,False,1.114491326061073
heteroscedastic,half_normal_0.5,quadratic_z,lofo_anchor,E2@110,E2,E2__R01__day1_0,110.0,80.0,9462.0,9.112146036786074,9041.886606692029,-0.04289301940501922,0.95805,0.011720265440208308,2,8924.618775655603,9166.54774975004,False,1.0271080457525386,8796.43357667845,9310.027187933996,False,1.0583865730103632,8580.02433186,9585.13951120456,True,1.1171459590868862
heteroscedastic,half_normal_0.5,quadratic_z,lofo_anchor,E2@110,E2,E2__R01__day1_0,110.0,90.0,5527.0,8.641955441376211,5648.358795451054,0.0245549895429491,0.1191,0.011720265440208308,2,5586.565485296664,5715.191695499524,False,1.0230242016389843,5512.816512929179,5796.888658099311,True,1.051529403255831,5380.817670039288,5967.732765359605,True,1.1090754475083398
heteroscedastic,half_normal_0.5,quadratic_z,lofo_anchor,E2@110,E2,E2__R01__day1_0,110.0,100.0,3705.0,8.231891414574198,3750.115764429895,0.014452876844011087,0.22765,0.011720265440208308,2,3709.7359882565097,3792.296377767258,False,1.0222550579804333,3662.7538157439153,3844.502443499038,True,1.0496207599249223,3576.582770062578,3963.059645335827,True,1.1080575790131895
heteroscedastic,half_normal_0.5,quadratic_z,lofo_anchor,E2@110,E2,E2__R01__day1_0,110.0,120.0,1955.0,7.563672930733915,1922.1931133066896,-0.014472541685551121,0.82895,0.011720265440208308,2,1901.5638576503902,1943.7513593599404,False,1.0221856876064515,1875.9169343634376,1971.5691344209363,True,1.050989571182669,1833.5545827945516,2030.2014668779877,True,1.1072489938007317
heteroscedastic,half_normal_0.5,quadratic_z,lofo_anchor,E2@110,E2,E2__R01__day1_0,110.0,130.0,1536.0,7.293660749614746,1467.3626837229765,-0.04327616409287138,0.96275,0.011720265440208308,2,1449.4774835303701,1486.096153909388,False,1.025263359241586,1428.8033961619885,1507.9737840951686,False,1.0554102741817701,1394.5427831001705,1548.5092635220612,True,1.1104064230138655
heteroscedastic,half_normal_0.5,quadratic_z,lofo_anchor,E2@110,E2,E2__R02__day1_0,110.0,80.0,18780.0,9.887207770739108,19677.491867078017,0.04666001797685482,0.03555,0.011720265440208308,2,19420.30535334385,19950.222073798373,False,1.0272867347249655,19132.80596975101,20254.481341841,False,1.058625764243016,18638.634563565225,20773.30505311855,True,1.1145293386311772
heteroscedastic,half_normal_0.5,quadratic_z,lofo_anchor,E2@110,E2,E2__R02__day1_0,110.0,90.0,11540.0,9.417017175329246,12296.5311602277,0.06344263526715466,0.01565,0.011720265440208308,2,12161.418375500123,12440.34811457512,False,1.0229356256369664,11996.987779674086,12612.27034384139,False,1.0512864208472186,11682.331964439078,12919.314369682928,False,1.1058848874530542
heteroscedastic,half_normal_0.5,quadratic_z,lofo_anchor,E2@110,E2,E2__R02__day1_0,110.0,100.0,7544.0,9.00695314852723,8158.777917378435,0.0784453242139378,0.00965,0.011720265440208308,2,8071.205878739098,8250.01646711202,False,1.0221541354612127,7960.489820332698,8364.629475819602,False,1.0507681894717897,7758.823276042988,8557.461272400786,False,1.1029328762808353
heteroscedastic,half_normal_0.5,quadratic_z,lofo_anchor,E2@110,E2,E2__R02__day1_0,110.0,120.0,4017.0,8.338734664686948,4183.260131569907,0.04044403032766475,0.04235,0.011720265440208308,2,4136.943548836489,4230.379547179915,False,1.0225857561845884,4078.7201374082942,4287.820971223941,False,1.051266286180771,3974.9583435747654,4387.2202476352495,True,1.1037147734458341
heteroscedastic,half_normal_0.5,quadratic_z,lofo_anchor,E2@110,E2,E2__R02__day1_0,110.0,130.0,3302.0,8.068722483567779,3193.5933748284037,-0.03356114091229401,0.93545,0.011720265440208308,2,3153.541938745289,3233.1880558194493,False,1.0252560830397104,3108.3318074916647,3278.3245460138305,False,1.054689379722091,3034.642963338217,3357.653486074012,True,1.1064410300118046
heteroscedastic,half_normal_0.5,quadratic_z,lofo_anchor,E2@110,E2,E2__R02__day1_1,110.0,80.0,24470.0,10.04258385740602,22984.45087697651,-0.06261929903069685,0.98395,0.011720265440208308,2,22688.621177241057,23301.25344597496,False,1.0270017408262972,22359.92489406472,23652.01781507371,False,1.0577861029109255,21776.566324053798,24229.36932530557,False,1.1126349748969597
heteroscedastic,half_normal_0.5,quadratic_z,lofo_anchor,E2@110,E2,E2__R02__day1_1,110.0,90.0,15300.0,9.57239326199616,14361.971360854044,-0.06321484538436728,0.98705,0.011720265440208308,2,14205.199177766328,14527.220005673757,False,1.0226692229991008,14013.42214738225,14725.324305563787,False,1.0508014495456073,13676.884046621299,15092.97660199217,False,1.1035391212313963
heteroscedastic,half_normal_0.5,quadratic_z,lofo_anchor,E2@110,E2,E2__R02__day1_1,110.0,100.0,10330.0,9.162329235194147,9532.195729610861,-0.08047832691953793,0.9933,0.011720265440208308,2,9431.702438914444,9636.0843852162,False,1.0216696770944016,9307.9987050505,9766.800428556284,False,1.0492911245525678,9078.539864054495,10009.688001221979,False,1.1025658477145939
heteroscedastic,half_normal_0.5,quadratic_z,lofo_anchor,E2@110,E2,E2__R02__day1_1,110.0,120.0,4863.0,8.494110751353862,4887.413091659254,0.004699940950075643,0.37245,0.011720265440208308,2,4833.26780338746,4941.022515398947,True,1.0222943806126292,4769.491937443592,5006.673383695355,True,1.049728870362425,4656.473602221473,5130.432127660613,True,1.1017848625219369
heteroscedastic,half_normal_0.5,quadratic_z,lofo_anchor,E2@110,E2,E2__R02__day1_1,110.0,130.0,3845.0,8.224098570234693,3731.1411909142203,-0.03043031170505195,0.924,0.011720265440208308,2,3685.191661457398,3776.1842048231156,False,1.0246914005362024,3632.4712275745337,3828.3135059562837,False,1.0539143371309008,3539.857620644145,3922.3264655244066,True,1.1080463922192059
heteroscedastic,half_normal_0.5,quadratic_z,lofo_anchor,E2@110,E2,E2__R03__day1_0,110.0,80.0,27350.0,10.210669550739654,27203.614250228336,-0.005802257110472553,0.61215,0.011720265440208308,2,26844.746019027472,27572.54353832108,True,1.0271113579833366,26443.006589827182,27994.543184242084,True,1.058674742191071,25653.875549583467,28712.634641142842,True,1.1192318519534192
heteroscedastic,half_normal_0.5,quadratic_z,lofo_anchor,E2@110,E2,E2__R03__day1_0,110.0,90.0,15560.0,9.740478955329792,16998.30407410892,0.08802015759740911,0.00925,0.011720265440208308,2,16804.35100480018,17199.345228474114,False,1.0235054732885016,16569.369661865727,17434.135746312233,False,1.052190644671098,16113.697283389823,17854.032056729084,False,1.1080034422102008
heteroscedastic,half_normal_0.5,quadratic_z,lofo_anchor,E2@110,E2,E2__R03__day1_0,110.0,100.0,10360.0,9.330414928527777,11283.401797867564,0.08470741271430349,0.01085,0.011720265440208308,2,11159.758055106802,11407.384445209878,False,1.0221892256875371,11005.106144015486,11566.160226473301,False,1.0509812513496666,10682.52557698369,11853.22654295736,False,1.1095902797083899
heteroscedastic,half_normal_0.5,quadratic_z,lofo_anchor,E2@110,E2,E2__R03__day1_0,110.0,120.0,6977.0,8.662196444687496,5783.534713835264,-0.18817785925174135,0.9987,0.011720265440208308,2,5718.241083837933,5847.242349219052,False,1.022559605915485,5639.8144014840445,5925.32205624806,False,1.0506235905012917,5483.256687583103,6072.039753534398,False,1.1073783518624254
heteroscedastic,half_normal_0.5,quadratic_z,lofo_anchor,E2@110,E2,E2__R03__day1_0,110.0,130.0,5128.0,8.392184263568325,4416.083337538534,-0.15028673503218037,0.9977,0.011720265440208308,2,4360.570287806121,4470.589616762032,False,1.0252304908978462,4294.188331084451,4533.7807283899165,False,1.0557945713677999,4180.314971017894,4650.395576420604,False,1.1124510015780573
heteroscedastic,half_normal_0.5,quadratic_z,lofo_anchor,E2@120,E2,E2__R01__day1_0,120.0,80.0,9462.0,9.128301921942839,9196.776342990719,-0.02673713424825408,0.8916,0.011738974414161838,2,9077.815013480662,9326.731185303599,False,1.0274202736510154,8950.908444794733,9476.02062090626,True,1.0586657968127131,8732.914680529151,9776.169463300916,True,1.1194623812251137
heteroscedastic,half_normal_0.5,quadratic_z,lofo_anchor,E2@120,E2,E2__R01__day1_0,120.0,90.0,5527.0,8.658212814675291,5746.0815913464185,0.04081236284202916,0.0469,0.011738974414161838,2,5679.909306603244,5817.72284868814,False,1.0242633349664017,5601.826754404453,5906.0910955675035,False,1.05431520011286,5460.737810678135,6086.496431059937,True,1.1145923210519593
heteroscedastic,half_normal_0.5,quadratic_z,lofo_anchor,E2@120,E2,E2__R01__day1_0,120.0,100.0,3705.0,8.248230748525616,3813.401748245325,0.030792210795429042,0.0768,0.011738974414161838,2,3770.0254398720767,3860.337727542408,False,1.0239553523207514,3719.702197065511,3916.4841007862105,False,1.0529025963089038,3626.140564212013,4024.1123125321606,True,1.109750778071845
heteroscedastic,half_normal_0.5,quadratic_z,lofo_anchor,E2@120,E2,E2__R01__day1_0,120.0,110.0,2622.0,7.89098728828348,2668.497957550714,0.01929462395983439,0.15675,0.011738974414161838,2,2639.823393378435,2698.491845022645,False,1.022224385082491,2605.1481518869596,2737.4514642914005,True,1.0507853314632456,2541.4663305564563,2817.01270952456,True,1.108420235851707
heteroscedastic,half_normal_0.5,quadratic_z,lofo_anchor,E2@120,E2,E2__R01__day1_0,120.0,130.0,1536.0,7.310153035064088,1492.8619702327705,-0.02678387864352949,0.9127,0.011738974414161838,2,1475.7168746924058,1510.491830352169,False,1.0235647882436878,1455.6368107971443,1532.4953889012609,False,1.0528006557226501,1420.4221976267213,1579.2652085853747,True,1.1118280263600868
heteroscedastic,half_normal_0.5,quadratic_z,lofo_anchor,E2@120,E2,E2__R02__day1_0,120.0,80.0,18780.0,9.846547310075767,18887.232221937807,0.005999557313513648,0.3859,0.011738974414161838,2,18639.089795311902,19149.367850090017,True,1.0273767689507276,18365.094351593245,19441.407801691654,True,1.0586064753870994,17886.493729792845,19952.43804527496,True,1.11550303523384
heteroscedastic,half_normal_0.5,quadratic_z,lofo_anchor,E2@120,E2,E2__R02__day1_0,120.0,90.0,11540.0,9.37645820280822,11804.485870621993,0.022883662746128408,0.12105,0.011738974414161838,2,11668.258034331766,11950.178221435694,False,1.0241612917947502,11502.175420360936,12118.777225905518,True,1.0536074075564077,11208.77051294412,12410.857493053754,True,1.1072452129090733
heteroscedastic,half_normal_0.5,quadratic_z,lofo_anchor,E2@120,E2,E2__R02__day1_0,120.0,100.0,7544.0,8.966476136658542,7833.480614556228,0.037968312345249444,0.04555,0.011738974414161838,2,7745.865121240136,7928.720032302885,False,1.0236067770611363,7641.061467264385,8040.213836803646,False,1.052237816859516,7450.350836723625,8243.705189753844,True,1.106485502551059
heteroscedastic,half_normal_0.5,quadratic_z,lofo_anchor,E2@120,E2,E2__R02__day1_0,120.0,110.0,5710.0,8.609232676416408,5481.1014855011745,-0.04074162623364863,0.9589,0.011738974414161838,2,5419.919588243348,5542.992823218088,False,1.022707575817491,5346.898233397556,5617.3138027482655,False,1.0505742876611437,5217.4701475254005,5769.202467520294,True,1.1057470966569065
heteroscedastic,half_normal_0.5,quadratic_z,lofo_anchor,E2@120,E2,E2__R02__day1_0,120.0,130.0,3302.0,8.028398423197016,3066.786617758376,-0.07388520128305665,0.989,0.011738974414161838,2,3031.5463295308637,3102.5091323872502,False,1.0234081208540753,2990.154971995682,3145.8277431764664,False,1.0520617735999434,2912.836127975366,3224.6537926512037,False,1.107049504666977
heteroscedastic,half_normal_0.5,quadratic_z,lofo_anchor,E2@120,E2,E2__R02__day1_1,120.0,80.0,24470.0,10.037409829223005,22868.18748013901,-0.06779332721371212,0.9857,0.011738974414161838,2,22559.209150873692,23187.761182296697,False,1.0278623256347026,22234.9724210742,23533.194771893268,False,1.0583865060065745,21656.046577003402,24143.28093734502,False,1.1148517275070335
heteroscedastic,half_normal_0.5,quadratic_z,lofo_anchor,E2@120,E2,E2__R02__day1_1,120.0,90.0,15300.0,9.567320721955461,14289.19705833699,-0.06828738542506585,0.98535,0.011738974414161838,2,14119.391146587875,14465.629536368335,False,1.0245221898158217,13920.561894772865,14677.069563575646,False,1.0543446216123535,13542.645400605532,15084.044778415227,False,1.1138181892985823
heteroscedastic,half_normal_0.5,quadratic_z,lofo_anchor,E2@120,E2,E2__R02__day1_1,120.0,100.0,10330.0,9.157338655805782,9482.574251094313,-0.08546890630790216,0.9916,0.011738974414161838,2,9374.086965678387,9597.05029036898,False,1.0237850710695275,9248.707312235627,9729.975120347548,False,1.0520362242921477,8992.143003465895,9984.20408197327,False,1.1103253226872614
heteroscedastic,half_normal_0.5,quadratic_z,lofo_anchor,E2@120,E2,E2__R02__day1_1,120.0,110.0,6671.0,8.800095195563648,6635.117436039526,-0.005429857145868411,0.633,0.011738974414161838,2,6560.645655719784,6711.545512605214,True,1.0230007631571856,6471.238571646975,6806.5660181393305,True,1.051818124579977,6302.15423744869,6996.774041903602,True,1.1102194231184217
heteroscedastic,half_normal_0.5,quadratic_z,lofo_anchor,E2@120,E2,E2__R02__day1_1,120.0,130.0,3845.0,8.219260942344256,3711.7813054148314,-0.035267939595488684,0.94395,0.011738974414161838,2,3667.520458519656,3755.0305170868505,False,1.023860823561027,3616.668854581295,3808.2664086471545,False,1.0529762501820314,3521.1831364575855,3911.9035295441317,True,1.1109628150382493
heteroscedastic,half_normal_0.5,quadratic_z,lofo_anchor,E2@120,E2,E2__R03__day1_0,120.0,80.0,27350.0,10.39731461801034,32791.746069502624,0.18084281016021286,0.004,0.011738974414161838,2,32366.275255686196,33253.59634535103,False,1.027414989295345,31881.192359542765,33758.426095664734,False,1.0588821683628176,30940.913712133915,34655.99965870247,False,1.1200703373252883
heteroscedastic,half_normal_0.5,quadratic_z,lofo_anchor,E2@120,E2,E2__R03__day1_0,120.0,90.0,15560.0,9.927225510742792,20496.691169382837,0.27476671301040945,0.0018,0.011738974414161838,2,20258.450828046876,20747.118951479137,False,1.0241216926002912,19966.254827363355,21048.192187006498,False,1.05418829765512,19402.294726559085,21606.96000570038,False,1.1136290995581781
heteroscedastic,half_normal_0.5,quadratic_z,lofo_anchor,E2@120,E2,E2__R03__day1_0,120.0,100.0,10360.0,9.517243444593115,13603.87258488734,0.2715359287796417,0.00205,0.011738974414161838,2,13450.257402042072,13765.3856406092,False,1.0234291604351962,13263.104779302526,13961.675623087496,False,1.0526702348665082,12874.726087885845,14344.517095265828,False,1.1141609535882047
heteroscedastic,half_normal_0.5,quadratic_z,lofo_anchor,E2@120,E2,E2__R03__day1_0,120.0,110.0,7895.0,9.15999998435098,9518.613140074922,0.18601505766123694,0.0035,0.011738974414161838,2,9413.58701223108,9625.619274020994,False,1.022524066704267,9279.903637399113,9759.659198725341,False,1.0516983343870896,9007.652560000413,10010.58799545656,False,1.1113425977273819
heteroscedastic,half_normal_0.5,quadratic_z,lofo_anchor,E2@120,E2,E2__R03__day1_0,120.0,130.0,5128.0,8.579165731131589,5325.958546511241,0.036694732531083574,0.05125,0.011738974414161838,2,5265.5355513927325,5385.457957420349,False,1.022774968444738,5190.524335176171,5460.868488544122,False,1.0520841702900472,5040.200792176275,5613.194121677729,True,1.1136846235155733
heteroscedastic,half_normal_0.5,quadratic_z,lofo_anchor,E2@130,E2,E2__R01__day1_0,130.0,80.0,9462.0,9.157141798855896,9468.076736723277,0.0021027426648032588,0.488,0.011684561855130449,2,9341.570594609198,9602.319673710095,True,1.0279127665374994,9213.336610481343,9756.005325472095,True,1.0589003460888857,8990.31899651755,10026.376485047644,True,1.1152414601674776
heteroscedastic,half_normal_0.5,quadratic_z,lofo_anchor,E2@130,E2,E2__R01__day1_0,130.0,90.0,5527.0,8.686816085365715,5916.539030220998,0.0694156335324525,0.01245,0.011684561855130449,2,5841.310558149274,5997.009737221799,False,1.026654836705319,5762.74310066434,6087.61074496101,False,1.0563737856471893,5622.292523400876,6258.464905366765,False,1.1131517756000844
heteroscedastic,half_normal_0.5,quadratic_z,lofo_anchor,E2@130,E2,E2__R01__day1_0,130.0,100.0,3705.0,8.276667816408368,3925.4772908125215,0.059229278678181174,0.0183,0.011684561855130449,2,3876.0570284534806,3978.4144008779394,False,1.026407602280635,3822.3997804806513,4039.620458353067,False,1.0568283513884833,3731.248456982186,4149.041942388529,False,1.111971499679829
heteroscedastic,half_normal_0.5,quadratic_z,lofo_anchor,E2@130,E2,E2__R01__day1_0,130.0,110.0,2622.0,7.919318642737693,2746.5430495435294,0.04762597841404759,0.0302,0.011684561855130449,2,2713.367445207214,2781.164964472083,False,1.024986486583166,2677.011581412726,2822.5765767962266,False,1.0543759303822966,2611.802423058628,2897.0315874617377,True,1.1092077876507533
heteroscedastic,half_normal_0.5,quadratic_z,lofo_anchor,E2@130,E2,E2__R01__day1_0,130.0,120.0,1955.0,7.608405306595503,2012.8698358616587,0.030259834176036726,0.07175,0.011684561855130449,2,1990.3994914492202,2036.3081016709377,False,1.023065023086542,1965.1666222322756,2064.040290368643,False,1.050313122061912,1917.97176069034,2117.9374544905627,True,1.104258935349626
heteroscedastic,half_normal_0.5,quadratic_z,lofo_anchor,E2@130,E2,E2__R02__day1_0,130.0,80.0,18780.0,9.921061227145444,20345.061469334032,0.08051347438319034,0.0112,0.011684561855130449,2,20072.315701787975,20635.132653174223,False,1.028039462897453,19776.022478577783,20960.707549095,False,1.0599051235808676,19260.60865771028,21538.680420132245,False,1.1182762083435003
heteroscedastic,half_normal_0.5,quadratic_z,lofo_anchor,E2@130,E2,E2__R02__day1_0,130.0,90.0,11540.0,9.450735513655262,12711.037891239212,0.09716097359317111,0.00765,0.011684561855130449,2,12548.254624338662,12888.643283551199,False,1.0271263748945862,12366.87302424205,13084.54295550837,False,1.0580316406467112,12021.669614623384,13428.678701635885,False,1.1170394073466292
heteroscedastic,half_normal_0.5,quadratic_z,lofo_anchor,E2@130,E2,E2__R02__day1_0,130.0,100.0,7544.0,9.040587244697916,8437.94507448,0.11207942038462271,0.006,0.011684561855130449,2,8330.709533944168,8550.207087016319,False,1.0263480021933056,8209.005877886622,8684.56310325854,False,1.0579311590765177,7990.488782015681,8913.666106855908,False,1.1155345248613624
heteroscedastic,half_normal_0.5,quadratic_z,lofo_anchor,E2@130,E2,E2__R02__day1_0,130.0,110.0,5710.0,8.68323807102724,5902.525524872183,0.03326376837718392,0.0685,0.011684561855130449,2,5828.2166176128,5977.956640891422,False,1.0256922542697038,5746.334580803166,6066.166500273334,False,1.0556584227689478,5594.0544184620985,6225.489846612548,True,1.112876168323733
heteroscedastic,half_normal_0.5,quadratic_z,lofo_anchor,E2@130,E2,E2__R02__day1_0,130.0,120.0,4017.0,8.372324734885051,4325.233581767774,0.07403410052576831,0.0111,0.011684561855130449,2,4276.290812712281,4375.126062213753,False,1.023112377953263,4217.554684899767,4438.076222129285,False,1.0522865863527644,4109.165970005742,4551.8930273906635,False,1.1077413423104696
heteroscedastic,half_normal_0.5,quadratic_z,lofo_anchor,E2@130,E2,E2__R02__day1_1,130.0,80.0,24470.0,10.0729174945044,23694.30555286146,-0.032285661932316856,0.91685,0.011684561855130449,2,23378.032530526834,24023.65670969519,False,1.0276167029165224,23042.521272136502,24393.211248141408,False,1.0586172823734434,22451.023852532115,24983.69018793332,True,1.112808500495872
heteroscedastic,half_normal_0.5,quadratic_z,lofo_anchor,E2@130,E2,E2__R02__day1_1,130.0,90.0,15300.0,9.60259178101422,14804.6659351066,-0.03301632636630636,0.9242,0.011684561855130449,2,14614.139188337504,15006.068182944276,False,1.0268184796624589,14403.54631031604,15228.143924125587,False,1.0572496242275387,14030.655654495102,15611.528326162601,True,1.1126727581801228
heteroscedastic,half_normal_0.5,quadratic_z,lofo_anchor,E2@130,E2,E2__R02__day1_1,130.0,100.0,10330.0,9.192443512056874,9823.083102512504,-0.05036405005681033,0.9707,0.011684561855130449,2,9701.026360323227,9952.074777997037,False,1.0258785419551675,9558.097893411288,10100.859374374535,False,1.0567855118263008,9313.203249620838,10362.196253615468,True,1.1126350382224652
heteroscedastic,half_normal_0.5,quadratic_z,lofo_anchor,E2@130,E2,E2__R02__day1_1,130.0,110.0,6671.0,8.8350943383862,6872.336347697537,0.029569285676684487,0.0842,0.011684561855130449,2,6787.743577308413,6958.286869267676,False,1.0251251818836222,6689.80784371924,7062.821919023037,False,1.0557585634771263,6520.3275402744,7245.598851452664,True,1.1112323432677957
heteroscedastic,half_normal_0.5,quadratic_z,lofo_anchor,E2@130,E2,E2__R02__day1_1,130.0,120.0,4863.0,8.524181002244008,5036.1398681293,0.0347701918402219,0.05405,0.011684561855130449,2,4979.686164420677,5094.715665394227,False,1.0230997490957205,4911.396595101954,5166.169354177547,False,1.0518737907115203,4782.420785268321,5298.228695066639,True,1.1078549824363433
heteroscedastic,half_normal_0.5,quadratic_z,lofo_anchor,E2@130,E2,E2__R03__day1_0,130.0,80.0,27350.0,10.3604551991114,31589.409400698543,0.1439833912612727,0.00405,0.011684561855130449,2,31161.80219667348,32031.506886647243,False,1.0279093193803341,30697.851219641838,32527.24558578554,False,1.0595935641571281,29831.100454187224,33364.954899175355,False,1.118462087927839
heteroscedastic,half_normal_0.5,quadratic_z,lofo_anchor,E2@130,E2,E2__R03__day1_0,130.0,90.0,15560.0,9.89012948562122,19739.51721457416,0.23767068788883705,0.0016,0.011684561855130449,2,19485.09274124025,20016.70937404667,False,1.02728324878235,19188.068737907568,20314.504138162352,False,1.0587049908795365,18673.163974551026,20836.30555419635,False,1.1158422633996785
heteroscedastic,half_normal_0.5,quadratic_z,lofo_anchor,E2@130,E2,E2__R03__day1_0,130.0,100.0,10360.0,9.479981216663873,13101.61785888887,0.2342737008503999,0.00145,0.011684561855130449,2,12933.277349048547,13277.523539987551,False,1.0266170887431196,12744.415998738708,13474.790481109327,False,1.0573093723904572,12366.79894675111,13803.794004441703,False,1.1161978183584933
heteroscedastic,half_normal_0.5,quadratic_z,lofo_anchor,E2@130,E2,E2__R03__day1_0,130.0,110.0,7895.0,9.122632042993198,9164.532384370927,0.1486471163034544,0.00315,0.011684561855130449,2,9050.758030053654,9281.12585735502,False,1.0254528766028672,8917.829836097424,9410.511504786551,False,1.0552468120320997,8681.358004348149,9648.352985025476,False,1.1113875248772136
heteroscedastic,half_normal_0.5,quadratic_z,lofo_anchor,E2@130,E2,E2__R03__day1_0,130.0,120.0,6977.0,8.811718706851005,6716.313479814755,-0.03865559708823163,0.95635,0.011684561855130449,2,6639.21402130432,6793.665264297541,False,1.0232634830715817,6548.7810950708745,6888.682172991987,False,1.0519029530819024,6362.713394766836,7063.376658426354,True,1.1101201987560518
heteroscedastic,half_normal_0.5,quadratic_z,lofo_anchor,E3@80,E3,E3__R03__day1_0,80.0,90.0,11550.0,9.345230351306201,11475.097451943608,-0.0092103646437387,0.55705,0.03833178948207398,5,11069.352111655351,11867.287230807711,True,1.0720850787926588,10485.745492511756,12486.492758015253,True,1.1908063920617091,9299.25822640338,13876.537464908308,True,1.4922198230293962
heteroscedastic,half_normal_0.5,quadratic_z,lofo_anchor,E3@80,E3,E3__R03__day1_0,80.0,100.0,7546.0,8.932444267918294,7591.111406182048,0.003671367394037617,0.45605,0.03833178948207398,5,7299.970314531941,7869.116271234679,True,1.0779655165952864,6923.237284191447,8269.145288494583,True,1.1944044309121673,6165.973141036916,9183.364571795622,True,1.4893617538936081
heteroscedastic,half_normal_0.5,quadratic_z,lofo_anchor,E3@80,E3,E3__R03__day1_0,80.0,110.0,5376.0,8.580550566710317,5338.653517974054,-0.009149315492669174,0.5549,0.03833178948207398,5,5136.238051417283,5538.216634031765,True,1.0782632305182118,4875.470097578441,5826.025534730466,True,1.1949669299836643,4359.682019018073,6474.369233051442,True,1.4850553789951997
heteroscedastic,half_normal_0.5,quadratic_z,lofo_anchor,E3@80,E3,E3__R03__day1_0,80.0,120.0,3839.0,8.281976792854122,3961.9370660860527,0.029009597853324465,0.2779,0.03833178948207398,5,3817.5827187714845,4105.249742644747,True,1.0753531868369928,3623.608698174227,4320.144142298677,True,1.1922214847523143,3252.1694761245053,4782.107961162676,True,1.470436272239214
heteroscedastic,half_normal_0.5,quadratic_z,lofo_anchor,E3@80,E3,E3__R03__day1_0,80.0,130.0,2959.0,8.03018492856544,3072.992792194891,0.03757827616523013,0.2421,0.03833178948207398,5,2964.0278102246252,3192.2977660329384,False,1.077013432539627,2807.48121816117,3358.68417636059,True,1.196333622691319,2491.774158656585,3712.1517702235747,True,1.4897625281678595
heteroscedastic,half_normal_0.5,quadratic_z,lofo_anchor,E3@90,E3,E3__R03__day1_0,90.0,80.0,18570.0,9.83717939424244,18701.864537910962,0.007876739895689155,0.44345,0.03881867839351928,5,18057.24499102265,19416.719978642945,True,1.0752869548093396,17186.770003239733,20452.78137066776,True,1.19003055063938,15448.764309304443,22654.911552061014,True,1.4664546042958575
heteroscedastic,half_normal_0.5,quadratic_z,lofo_anchor,E3@90,E3,E3__R03__day1_0,90.0,100.0,7546.0,8.941926541489464,7645.114481111424,0.013153640965207103,0.3881,0.03881867839351928,5,7379.087592633986,7909.817435508203,True,1.0719235049335918,7020.513156813918,8329.825605618651,True,1.186498111969771,6348.776760796083,9280.149113650958,True,1.4617223857918897
heteroscedastic,half_normal_0.5,quadratic_z,lofo_anchor,E3@90,E3,E3__R03__day1_0,90.0,110.0,5376.0,8.590006178438923,5374.620361589248,0.0003062962359372534,0.50295,0.03881867839351928,5,5194.00900318681,5563.941119983662,True,1.0712228485876476,4935.3043724681365,5859.598682781306,True,1.1872821290353226,4422.804121792144,6496.456437604249,True,1.468854658426937
heteroscedastic,half_normal_0.5,quadratic_z,lofo_anchor,E3@90,E3,E3__R03__day1_0,90.0,120.0,3839.0,8.291388632947923,3985.9490789003517,0.03842143794712527,0.2357,0.03881867839351928,5,3850.7565326664003,4129.130320464126,False,1.0722906746859353,3663.8753759803167,4349.471587497883,True,1.1871232345980454,3303.740404134078,4835.457461450388,True,1.4636311785876466
heteroscedastic,half_normal_0.5,quadratic_z,lofo_anchor,E3@90,E3,E3__R03__day1_0,90.0,130.0,2959.0,8.039538500492112,3095.776743786472,0.04693184809190232,0.2114,0.03881867839351928,5,2982.6724217395235,3221.7874851656184,False,1.080168060589986,2840.8651930451674,3398.024913512919,True,1.196123252110574,2553.7222374862185,3761.918201203876,True,1.4731117370489581
heteroscedastic,half_normal_0.5,quadratic_z,lofo_anchor,E3@100,E3,E3__R03__day1_0,100.0,80.0,18570.0,9.824462373969812,18454.430931518902,-0.004840280376939177,0.5478,0.03839606086611001,5,17811.92732537686,19177.764242772282,True,1.0766810290905184,16942.252030968677,20222.23915677755,True,1.1935980600343683,15315.147853078328,22438.61312113943,True,1.4651254650884284
heteroscedastic,half_normal_0.5,quadratic_z,lofo_anchor,E3@100,E3,E3__R03__day1_0,100.0,90.0,11550.0,9.341933850864622,11398.772126804904,-0.012506865085317287,0.618,0.03839606086611001,5,11018.624292785205,11801.673817820585,True,1.0710659973721135,10470.779706973182,12453.623842458712,True,1.1893692915881922,9429.345736727499,13890.620642283404,True,1.47312666542485
heteroscedastic,half_normal_0.5,quadratic_z,lofo_anchor,E3@100,E3,E3__R03__day1_0,100.0,110.0,5376.0,8.577199888323236,5304.245330351583,-0.012499993879750093,0.62295,0.03839606086611001,5,5132.088015535895,5485.963571352638,True,1.0689535243248924,4873.0650473792975,5785.752324969864,True,1.1872922418881735,4379.002395253163,6421.140427325135,True,1.466347776901344
heteroscedastic,half_normal_0.5,quadratic_z,lofo_anchor,E3@100,E3,E3__R03__day1_0,100.0,120.0,3839.0,8.278618487404598,3934.603958213717,0.025651292403800596,0.30115,0.03839606086611001,5,3803.8710623616566,4078.8120840671595,True,1.0722792695120438,3616.61203943019,4294.488692694961,True,1.1874341637627166,3256.893348887895,4767.369495156585,True,1.4637782034786184
heteroscedastic,half_normal_0.5,quadratic_z,lofo_anchor,E3@100,E3,E3__R03__day1_0,100.0,130.0,2959.0,8.026829561282469,3055.473527982706,0.034222908882258984,0.2735,0.03839606086611001,5,2946.655717233088,3182.600185197364,True,1.0800719495611208,2798.471544040061,3355.013166707722,True,1.1988734256930125,2501.5006270121726,3714.85003169193,True,1.4850486110527181
heteroscedastic,half_normal_0.5,quadratic_z,lofo_anchor,E3@110,E3,E3__R03__day1_0,110.0,80.0,18570.0,9.836740339316234,18677.27194185308,0.007437684969483271,0.45465,0.039101901072420744,5,18020.85009420279,19430.653251699943,True,1.078231778752251,17147.9057071658,20476.752697493368,True,1.1941255712023482,15330.179821590336,22970.026830238756,True,1.4983533851239503
heteroscedastic,half_normal_0.5,quadratic_z,lofo_anchor,E3@110,E3,E3__R03__day1_0,110.0,90.0,11550.0,9.35498625855936,11551.46581432251,0.0005455426094211901,0.49875,0.039101901072420744,5,11145.814419940582,11960.578178923131,True,1.0731004239156257,10589.926219747982,12625.867712277677,True,1.192252660715718,9426.155267517574,14219.492954776762,True,1.5085146118669375
heteroscedastic,half_normal_0.5,quadratic_z,lofo_anchor,E3@110,E3,E3__R03__day1_0,110.0,100.0,7546.0,8.942425887304879,7643.669808608389,0.0136529867806221,0.38295,0.039101901072420744,5,7387.47386876627,7917.520189674454,True,1.0717493327657215,7011.387533621762,8365.677629944774,True,1.1931557897532798,6347.215673829227,9302.550114686983,True,1.4656111581402786
heteroscedastic,half_normal_0.5,quadratic_z,lofo_anchor,E3@110,E3,E3__R03__day1_0,110.0,120.0,3839.0,8.291201401579077,3984.1978918178365,0.03823420657827903,0.23315,0.039101901072420744,5,3853.908494531621,4131.584060034193,False,1.0720503784395945,3661.939127223098,4356.39835738605,True,1.18964248340457,3285.653603838025,4879.5984929447295,True,1.4851226213392648
heteroscedastic,half_normal_0.5,quadratic_z,lofo_anchor,E3@110,E3,E3__R03__day1_0,110.0,130.0,2959.0,8.038543560260178,3092.6282994723438,0.045936907859968734,0.2099,0.039101901072420744,5,2983.800671540381,3219.2675255387253,False,1.0789150750732908,2838.447568656178,3395.8649275042235,True,1.1963810658345002,2556.58200333944,3783.190296218917,True,1.4797844509885723
heteroscedastic,half_normal_0.5,quadratic_z,lofo_anchor,E3@120,E3,E3__R03__day1_0,120.0,80.0,18570.0,9.798057705403576,17992.416082723164,-0.031244948943175643,0.7171,0.03901385520772828,5,17355.925829741005,18686.558333165573,True,1.0766673305980834,16475.594228522237,19687.202926394108,True,1.1949312815869182,14628.493930316954,21950.089865352213,True,1.5005023736491117
heteroscedastic,half_normal_0.5,quadratic_z,lofo_anchor,E3@120,E3,E3__R03__day1_0,120.0,90.0,11550.0,9.315675779126035,11124.030550856916,-0.03876493682390425,0.7623,0.03901385520772828,5,10717.232318613658,11519.52806314982,False,1.0748603483329122,10173.18869595092,12139.431217360077,True,1.1932769144635793,9049.308065973848,13626.68122043659,True,1.505825762709311
heteroscedastic,half_normal_0.5,quadratic_z,lofo_anchor,E3@120,E3,E3__R03__day1_0,120.0,100.0,7546.0,8.90287446725327,7359.939575215969,-0.025898433270986843,0.6944,0.03901385520772828,5,7098.467731974107,7620.294853394177,True,1.0735126426044834,6736.944726076365,8023.312536745156,True,1.1909423133144774,6011.756723894928,9063.589125576143,True,1.5076440285002048
heteroscedastic,half_normal_0.5,quadratic_z,lofo_anchor,E3@120,E3,E3__R03__day1_0,120.0,110.0,5376.0,8.550871406327218,5176.426145947994,-0.038828475875767765,0.7715,0.03901385520772828,5,4997.475037071407,5352.840500311471,False,1.0711090021668848,4729.883093663099,5633.142092810981,True,1.1909685675652386,4216.179646322293,6325.947882783857,True,1.5003980886587414
heteroscedastic,half_normal_0.5,quadratic_z,lofo_anchor,E3@120,E3,E3__R03__day1_0,120.0,130.0,2959.0,8.000059527373256,2982.3547117398957,0.007452874973046697,0.4355,0.03901385520772828,5,2876.8494448604383,3093.3576297384834,True,1.0752587818819794,2727.618033072713,3260.5675473263204,True,1.1953900831390345,2441.480902074705,3654.294894283348,True,1.4967534217359744
heteroscedastic,half_normal_0.5,quadratic_z,lofo_anchor,E3@130,E3,E3__R03__day1_0,130.0,80.0,18570.0,9.788874827382472,17865.056193267686,-0.04042782696427949,0.76255,0.03905452787943539,5,17201.290886026338,18518.627566792566,False,1.076583594190386,16313.137127924232,19475.799637410433,True,1.1938721218785362,14658.150951798916,21586.619806151422,True,1.4726700439322609
heteroscedastic,half_normal_0.5,quadratic_z,lofo_anchor,E3@130,E3,E3__R03__day1_0,130.0,90.0,11550.0,9.306057983722539,11032.445966472042,-0.04838273222740064,0.7906,0.03905452787943539,5,10604.947779474061,11449.095045067055,False,1.0795993797561971,10048.741837158916,12056.585977779168,True,1.199810500971924,9000.698673615883,13444.072836979698,True,1.493669916579794
heteroscedastic,half_normal_0.5,quadratic_z,lofo_anchor,E3@130,E3,E3__R03__day1_0,130.0,100.0,7546.0,8.893138029915853,7303.009506336696,-0.03563487060840309,0.7247,0.03905452787943539,5,7009.411135603719,7583.261279722328,True,1.0818685240481594,6643.538842861418,7974.83736856579,True,1.2003899664310493,5991.423666397594,8849.100757684355,True,1.4769612783876072
heteroscedastic,half_normal_0.5,quadratic_z,lofo_anchor,E3@130,E3,E3__R03__day1_0,130.0,110.0,5376.0,8.541285498700162,5132.073303406308,-0.048414383502823455,0.7961,0.03905452787943539,5,4931.852407976981,5324.348498044056,False,1.079583908357078,4670.069556670349,5598.66284606258,True,1.1988392845382578,4179.422926877468,6217.664249360164,True,1.4876848689743651
heteroscedastic,half_normal_0.5,quadratic_z,lofo_anchor,E3@130,E3,E3__R03__day1_0,130.0,120.0,3839.0,8.242902081113607,3808.1527486577393,-0.010065113887190336,0.56965,0.03905452787943539,5,3670.2888390325497,3940.2789260238555,True,1.0735609917453997,3480.44940680207,4147.259238833682,True,1.1915872791394184,3141.581255521287,4595.580250516085,True,1.4628239337879336
heteroscedastic,half_normal_0.5,quadratic_z,strict_holdout,E1,E1,E1__R01__day1_1,110.0,120.0,780.0,6.719038651138369,827.7591381377356,0.05974473145473169,0.14045,0.032400662445147575,5,798.5885356550259,859.3109255066981,False,1.0760371419580497,769.853628496929,891.6478062905651,True,1.1582043303886589,730.5766250132297,942.1107641051331,True,1.2895440831932898
heteroscedastic,half_normal_0.5,quadratic_z,strict_holdout,E1,E1,E1__R01__day1_1,110.0,130.0,599.0,6.521973026002267,680.2018997132278,0.12671142788681777,0.06865,0.032400662445147575,5,643.459943814668,718.9415073430885,False,1.1173057689977373,610.5567919921315,758.7958705252026,False,1.2427932675179898,569.6607270993102,814.5300129213998,True,1.4298510923667747
heteroscedastic,half_normal_0.5,quadratic_z,strict_holdout,E2,E2,E2__R01__day1_0,110.0,120.0,1955.0,7.577810552335286,1949.1889847334494,-0.0003349200841800126,0.55755,0.011355040363119476,2,1922.1426242816915,1977.6389035388113,True,1.028872092297448,1890.1798287559843,2013.933967633003,True,1.065472150847397,1832.3423468994697,2091.483638243694,True,1.1414262415441747
heteroscedastic,half_normal_0.5,quadratic_z,strict_holdout,E2,E2,E2__R01__day1_0,110.0,130.0,1536.0,7.326059425388119,1515.4842458655924,-0.010877488319498418,0.6496,0.011355040363119476,2,1479.370500423078,1553.243931259465,True,1.0499357198316852,1438.7653712015394,1597.4377968822882,True,1.11028373969568,1377.7330053814644,1687.9779483274137,True,1.2251850988066075
heteroscedastic,half_normal_0.5,quadratic_z,strict_holdout,E2,E2,E2__R02__day1_0,110.0,120.0,4017.0,8.352624368960479,4241.089777476703,0.054333734601195616,0.0366,0.011355040363119476,2,4181.732515028617,4303.997170841941,False,1.029237799255194,4108.67840225274,4377.618222259177,False,1.065456527300599,3976.2767422464626,4528.669081148437,True,1.1389220053606963
heteroscedastic,half_normal_0.5,quadratic_z,strict_holdout,E2,E2,E2__R02__day1_0,110.0,130.0,3302.0,8.10087324201331,3298.553239229869,-0.0014103824667621723,0.5118,0.011355040363119476,2,3219.7588660783467,3379.4715479074334,True,1.0496039264032266,3132.2541241085974,3470.650460749583,True,1.1080360415320036,2985.2443230698937,3642.819069296768,True,1.2202750177414803
heteroscedastic,half_normal_0.5,quadratic_z,strict_holdout,E2,E2,E2__R02__day1_1,110.0,120.0,4863.0,8.507670822212594,4954.338668618452,0.018260011808807874,0.19915,0.011355040363119476,2,4883.33063867435,5025.872139634689,False,1.0291894019691108,4800.184438498369,5115.124454468077,True,1.0656099822839786,4645.796605006137,5288.594615270913,True,1.138361203667875
heteroscedastic,half_normal_0.5,quadratic_z,strict_holdout,E2,E2,E2__R02__day1_1,110.0,130.0,3845.0,8.255919695265428,3853.130663874599,0.0013908133256830268,0.4751,0.011355040363119476,2,3758.6241361701673,3947.5732222255556,True,1.0502708116613961,3656.2978691149087,4059.045401367398,True,1.1101517290630327,3485.1883903050425,4251.090249529146,True,1.219759098634283
heteroscedastic,half_normal_0.5,quadratic_z,strict_holdout,E2,E2,E2__R03__day1_0,110.0,120.0,6977.0,8.675421133737618,5862.914130618349,-0.1749531702016185,0.9973,0.011355040363119476,2,5779.212167648448,5947.399848516736,False,1.0291021814028198,5674.799991667533,6050.9046560102215,False,1.0662762854893448,5463.98819463148,6248.516890868102,False,1.1435816967919958
heteroscedastic,half_normal_0.5,quadratic_z,strict_holdout,E2,E2,E2__R03__day1_0,110.0,130.0,5128.0,8.42367000679045,4558.725252403585,-0.11880099181005477,0.98535,0.011355040363119476,2,4445.321684383511,4671.28733634969,False,1.050832238476689,4321.068163145565,4802.059176124357,False,1.1113129890153477,4109.142598921448,5018.382280814284,False,1.2212723603535907
heteroscedastic,half_normal_0.5,quadratic_z,strict_holdout,E3,E3,E3__R03__day1_0,110.0,120.0,3839.0,8.32845871392699,4140.750027725296,0.07549151892619221,0.10505,0.033568975653375195,5,3983.255925001775,4304.241116659462,False,1.080583622468984,3831.626563137991,4477.703548741373,True,1.168616898060719,3622.6277401147927,4734.527878469186,True,1.3069319339776158
heteroscedastic,half_normal_0.5,quadratic_z,strict_holdout,E3,E3,E3__R03__day1_0,110.0,130.0,2959.0,8.128287082581764,3385.441937700003,0.13568043018155418,0.07045,0.033568975653375195,5,3194.328033139086,3591.602376738711,False,1.1243686745625874,3016.155386867406,3803.2209942027844,False,1.2609499532956188,2807.3913973418626,4098.228059398086,True,1.4597993223454462
heteroscedastic,half_normal_0.5,quadratic_z,e2_same_formulation_anchor,E2__R01__day1_0,E2,E2__R01__day1_0,110.0,120.0,1955.0,7.591998249730552,1932.8140442700426,0.013852777311085696,0.60945,0.0350469426677997,5,1881.3457843077342,2002.813694126182,True,1.064564372393214,1797.3625066387426,2158.5692553662548,True,1.2009648845980474,1612.418582657473,2854.617426640704,True,1.7703947705290815
heteroscedastic,half_normal_0.5,quadratic_z,e2_same_formulation_anchor,E2__R01__day1_0,E2,E2__R01__day1_0,110.0,130.0,1536.0,7.324899739476744,1479.8425288027754,-0.012037174230873582,0.75335,0.0350469426677997,5,1439.0945897622078,1534.7185997273316,False,1.066447341714296,1376.041765479169,1652.7378701278508,True,1.201081181974393,1247.555254472827,2189.7918928390345,True,1.755266458129234
heteroscedastic,half_normal_0.5,quadratic_z,e2_same_formulation_anchor,E2__R02__day1_0,E2,E2__R02__day1_0,110.0,120.0,4017.0,8.341464847029387,4194.512573313619,0.04317421267010424,0.17365,0.03053810881685866,5,4084.2191890352688,4309.496347860469,False,1.055157950246645,3905.33853305012,4508.971208094181,True,1.1545660305593572,3506.844918711134,5000.859428201128,True,1.4260281090613747
heteroscedastic,half_normal_0.5,quadratic_z,e2_same_formulation_anchor,E2__R02__day1_0,E2,E2__R02__day1_0,110.0,130.0,3302.0,8.076186763753999,3216.3134537461347,-0.02609686072607431,0.7384,0.03053810881685866,5,3129.238767890788,3308.71766302759,True,1.0573554491841404,2990.3404218658884,3460.167535505939,True,1.1571149258474365,2705.7280173768722,3847.872574414756,True,1.422120978052022
heteroscedastic,half_normal_0.5,quadratic_z,e2_same_formulation_anchor,E2__R02__day1_1,E2,E2__R02__day1_1,110.0,120.0,4863.0,8.49814932128026,4916.332836650787,0.008738510876474592,0.37225,0.03111782509197606,5,4785.112211006132,5052.15258846302,True,1.0558065026861176,4562.040905349022,5280.714769162279,True,1.1575334107527635,4084.5791952374548,5779.759844314982,True,1.4150196551591108
heteroscedastic,half_normal_0.5,quadratic_z,e2_same_formulation_anchor,E2__R02__day1_1,E2,E2__R02__day1_1,110.0,130.0,3845.0,8.23865505372743,3788.3305468577664,-0.015873828212315644,0.6355,0.03111782509197606,5,3681.311748021073,3908.2731308145735,True,1.06165231263435,3509.993359979884,4088.1412671174853,True,1.164714815056207,3144.1402627039947,4476.253553648296,True,1.4236812545375024
heteroscedastic,half_normal_0.5,quadratic_z,e2_same_formulation_anchor,E2__R03__day1_0,E2,E2__R03__day1_0,110.0,120.0,6977.0,8.666079873872176,5809.63131942495,-0.1842944300670606,0.99545,0.026167870661465052,5,5671.795452228447,5944.644214820762,False,1.0481062416461284,5503.0877488485285,6114.686989589439,False,1.111137468391065,5225.569634359493,6415.210935985925,False,1.2276577263087698
heteroscedastic,half_normal_0.5,quadratic_z,e2_same_formulation_anchor,E2__R03__day1_0,E2,E2__R03__day1_0,110.0,130.0,5128.0,8.404558085171464,4467.820124809335,-0.13791291342904088,0.98905,0.026167870661465052,5,4359.621213409172,4582.744124875384,False,1.0511794260427805,4233.703517410849,4721.555152759461,False,1.1152304674482643,4003.65925207936,4938.457062532531,False,1.2334858567116245
heteroscedastic,half_normal_0.5,quadratic_z,loro_anchor,E1__R01__day1_1@80,E1,E1__R01__day1_1,80.0,90.0,2288.0,7.708386636953271,2228.4482709489484,-0.027046715546417133,0.69525,0.04131529188435867,5,2143.8370191121776,2312.7542057720552,True,1.0787919907875416,2033.9506838216032,2437.8042553935634,True,1.1985562259617608,1828.0937265726545,2692.681330002258,True,1.4729448993025918
heteroscedastic,half_normal_0.5,quadratic_z,loro_anchor,E1__R01__day1_1@80,E1,E1__R01__day1_1,80.0,100.0,1512.0,7.290842475971612,1465.9412180380625,-0.030346080767865935,0.70495,0.04131529188435867,5,1409.1193841430045,1525.2556175209984,True,1.0824175968941236,1337.4345005134858,1609.7164896577572,True,1.203585288879368,1205.831580132706,1795.7996577268646,True,1.4892624204859775
heteroscedastic,half_normal_0.5,quadratic_z,loro_anchor,E1__R01__day1_1@80,E1,E1__R01__day1_1,80.0,110.0,1073.0,6.936902081845932,1029.2379362032227,-0.04131166078476678,0.7634,0.04131529188435867,5,989.7920074863525,1069.8983099168179,False,1.0809324603801367,939.6727309483048,1128.6463206687183,True,1.2011057504347327,849.2611807476084,1247.5944608652412,True,1.4690350732468171
heteroscedastic,half_normal_0.5,quadratic_z,loro_anchor,E1__R01__day1_1@80,E1,E1__R01__day1_1,80.0,120.0,780.0,6.638602938341746,763.4822174565696,-0.0206909813418914,0.6526,0.04131529188435867,5,734.7265835078052,794.9114700443833,True,1.0819146712362544,697.6785966412789,838.5045511386222,True,1.2018493260009682,624.8083356421982,930.9078052160822,True,1.4899093883875045
heteroscedastic,half_normal_0.5,quadratic_z,loro_anchor,E1__R01__day1_1@80,E1,E1__R01__day1_1,80.0,130.0,599.0,6.389073390182037,594.8139077527709,-0.006188207933412571,0.54735,0.04131529188435867,5,571.4439203347266,620.2427868012757,True,1.0853957225373312,542.3967300181097,653.3469273617347,True,1.2045554318513694,488.14406545238666,724.7202868555602,True,1.484644264155761
heteroscedastic,half_normal_0.5,quadratic_z,loro_anchor,E1__R01__day1_1@90,E1,E1__R01__day1_1,90.0,80.0,3636.0,8.225743679152735,3734.477721805351,0.027104223855365817,0.3092,0.041478600156150805,5,3595.6798339199477,3881.2088136951156,True,1.079408899836304,3412.861071501349,4087.18585457568,True,1.1975834260307845,3081.073708664671,4558.541318688321,True,1.479530108568542
heteroscedastic,half_normal_0.5,quadratic_z,loro_anchor,E1__R01__day1_1@90,E1,E1__R01__day1_1,90.0,100.0,1512.0,7.318111748623785,1506.467622938518,-0.003076808115692664,0.5306,0.041478600156150805,5,1452.5719383112316,1563.8748188179266,True,1.0766246941518753,1377.7207674754409,1647.279568291806,True,1.19565561264661,1236.1974248676236,1827.1857569043596,True,1.4780695382050493
heteroscedastic,half_normal_0.5,quadratic_z,loro_anchor,E1__R01__day1_1@90,E1,E1__R01__day1_1,90.0,110.0,1073.0,6.9638838647717956,1058.4042792301682,-0.01432987785890294,0.61545,0.041478600156150805,5,1020.0316910276697,1097.1506865497954,True,1.0756045093505175,967.4374010393591,1156.0417952505586,True,1.194952556112234,869.8872822155412,1280.8556804708032,True,1.4724386787315187
heteroscedastic,half_normal_0.5,quadratic_z,loro_anchor,E1__R01__day1_1@90,E1,E1__R01__day1_1,90.0,120.0,780.0,6.665058922714178,783.874613383096,0.005765003030540505,0.45895,0.041478600156150805,5,755.5386519240378,815.0836580127135,True,1.0788113300848867,716.7335526569277,857.6353120169063,True,1.1965887585946777,642.5589579100393,956.9775911185069,True,1.489322620652792
heteroscedastic,half_normal_0.5,quadratic_z,loro_anchor,E1__R01__day1_1@90,E1,E1__R01__day1_1,90.0,130.0,599.0,6.414801355626527,610.0466442306366,0.019539757511077838,0.37635,0.041478600156150805,5,585.3105296644799,636.7010882367275,True,1.0878005024131487,555.3357850739118,671.3312759261489,True,1.2088745115476374,499.96110019019295,744.1497109702525,True,1.488415220078455
heteroscedastic,half_normal_0.5,quadratic_z,loro_anchor,E1__R01__day1_1@100,E1,E1__R01__day1_1,100.0,80.0,3636.0,8.229645040996806,3748.68738411631,0.03100558569943601,0.30075,0.04219824851308925,5,3600.140062165381,3901.3496460339547,True,1.0836660737269774,3423.3423319087046,4111.323099017017,True,1.2009675633943173,3090.638717086504,4574.327739027199,True,1.480059029137946
heteroscedastic,half_normal_0.5,quadratic_z,loro_anchor,E1__R01__day1_1@100,E1,E1__R01__day1_1,100.0,90.0,2288.0,7.739389548231257,2296.3979207993525,0.003956195731568357,0.4676,0.04219824851308925,5,2212.7802379493605,2382.8043995053586,True,1.0768373463573426,2099.8653342646635,2515.4383028234997,True,1.1979045807260602,1904.5448177038984,2778.571046557115,True,1.4589160731365378
heteroscedastic,half_normal_0.5,quadratic_z,loro_anchor,E1__R01__day1_1@100,E1,E1__R01__day1_1,100.0,110.0,1073.0,6.9679072011073,1060.7313253316931,-0.010306541523398494,0.59565,0.04219824851308925,5,1023.5541809335554,1101.923156234844,True,1.0765655367943596,971.6412890582549,1161.1318627634719,True,1.19502112131204,874.1971180120279,1285.6681969291678,True,1.4706845520754492
heteroscedastic,half_normal_0.5,quadratic_z,loro_anchor,E1__R01__day1_1@100,E1,E1__R01__day1_1,100.0,120.0,780.0,6.669489915538806,786.6573037773327,0.010195995855168505,0.43385,0.04219824851308925,5,758.0495256368195,818.1355672608787,True,1.0792640053083369,720.2731048842054,864.2302316568666,True,1.1998646427257678,652.2462667278792,958.398461672617,True,1.4693812913343454
heteroscedastic,half_normal_0.5,quadratic_z,loro_anchor,E1__R01__day1_1@100,E1,E1__R01__day1_1,100.0,130.0,599.0,6.419778302104363,613.068588426264,0.02451670398891359,0.35475,0.04219824851308925,5,587.4916834598249,640.4479641252284,True,1.0901396260684681,558.4628636354108,675.2940269764023,True,1.20920131122141,506.6275197877693,749.1092895115459,True,1.4786194200926042
heteroscedastic,half_normal_0.5,quadratic_z,loro_anchor,E1__R01__day1_1@110,E1,E1__R01__day1_1,110.0,80.0,3636.0,8.241159903051736,3793.1089216215637,0.042520447754366586,0.23545,0.0410279539939932,5,3647.248713363692,3943.401857215573,False,1.081199053622738,3461.476461983877,4149.361010068682,True,1.19872576215369,3121.935610708398,4613.441146797806,True,1.4777502556341866
heteroscedastic,half_normal_0.5,quadratic_z,loro_anchor,E1__R01__day1_1@110,E1,E1__R01__day1_1,110.0,90.0,2288.0,7.750869437406656,2323.177403052439,0.015436084906967018,0.38185,0.0410279539939932,5,2238.390149116037,2408.2842122428374,True,1.0759001120487834,2128.0616366539293,2540.93410052984,True,1.194013395460243,1922.1496253932607,2823.0136040033217,True,1.4686752616491805
heteroscedastic,half_normal_0.5,quadratic_z,loro_anchor,E1__R01__day1_1@110,E1,E1__R01__day1_1,110.0,100.0,1512.0,7.333351100903978,1530.2844403089343,0.012162544164500133,0.3972,0.0410279539939932,5,1475.5287015626795,1587.133696798078,True,1.0756372919870698,1401.1089030525043,1674.3334532542897,True,1.1950059339474104,1265.4827138995454,1856.3649359765886,True,1.4669223969533793
heteroscedastic,half_normal_0.5,quadratic_z,loro_anchor,E1__R01__day1_1@110,E1,E1__R01__day1_1,110.0,120.0,780.0,6.680949592586387,796.0928491185081,0.0216556729027495,0.3397,0.0410279539939932,5,768.1080924732886,825.861456699637,True,1.0751891104810314,729.2469175264561,870.4932238300012,True,1.1936879031078262,660.7024546792338,966.5309221843921,True,1.4628838069833352
heteroscedastic,half_normal_0.5,quadratic_z,loro_anchor,E1__R01__day1_1@110,E1,E1__R01__day1_1,110.0,130.0,599.0,6.431252990776676,620.402053581652,0.03599139266122631,0.27555,0.0410279539939932,5,595.7830120448122,646.6437669557652,True,1.0853679173167283,565.5631661070779,681.8571082225747,True,1.2056250284401986,510.5233640691705,756.154776054219,True,1.4811364753754308
heteroscedastic,half_normal_0.5,quadratic_z,loro_anchor,E1__R01__day1_1@120,E1,E1__R01__day1_1,120.0,80.0,3636.0,8.220707623798049,3716.8401022212906,0.022068168500679164,0.34095,0.04041147907664553,5,3573.801009786957,3864.378708374434,True,1.081307744273316,3393.6169779014936,4067.872881531949,True,1.1986835603490509,3078.236257386884,4498.742335911434,True,1.461467528723873
heteroscedastic,half_normal_0.5,quadratic_z,loro_anchor,E1__R01__day1_1@120,E1,E1__R01__day1_1,120.0,90.0,2288.0,7.730186726264996,2276.5417746368166,-0.005246626234692187,0.54,0.04041147907664553,5,2191.964445632755,2361.469616273027,True,1.077330255505737,2084.17449766817,2481.926538206305,True,1.1908439245289446,1900.0183879623964,2754.473091624082,True,1.4497086497031293
heteroscedastic,half_normal_0.5,quadratic_z,loro_anchor,E1__R01__day1_1@120,E1,E1__R01__day1_1,120.0,100.0,1512.0,7.312497246450948,1499.2823833537243,-0.008691310288529763,0.56725,0.04041147907664553,5,1444.4633484321837,1554.2565228843198,True,1.076009664469026,1372.4218589301342,1633.420822954606,True,1.1901740068669064,1244.1221658749946,1811.9179813211613,True,1.4563826857363593
heteroscedastic,half_normal_0.5,quadratic_z,loro_anchor,E1__R01__day1_1@120,E1,E1__R01__day1_1,120.0,110.0,1073.0,6.958387663858513,1052.2782425040996,-0.01982607877218534,0.6538,0.04041147907664553,5,1014.1916622566478,1090.2540483397142,True,1.0749980392402578,963.8329712957831,1146.3780544144008,True,1.189394935175545,877.660591800932,1269.8619948203802,True,1.4468713836343765
heteroscedastic,half_normal_0.5,quadratic_z,loro_anchor,E1__R01__day1_1@120,E1,E1__R01__day1_1,120.0,130.0,599.0,6.410164989616838,607.4972348797245,0.014903391501388974,0.38805,0.04041147907664553,5,585.991627797857,630.6557645912882,True,1.0762197524242418,556.6248367806039,664.0740172463221,True,1.193036985354769,504.69223616235587,734.7322680237601,True,1.4558025968669785
heteroscedastic,half_normal_0.5,quadratic_z,loro_anchor,E1__R01__day1_1@130,E1,E1__R01__day1_1,130.0,80.0,3636.0,8.207290747620101,3666.1718743455317,0.008651292322731763,0.44215,0.04088255482255546,5,3519.6095426441643,3815.720561977419,True,1.0841317810244362,3342.1840380827507,4021.240082333185,True,1.2031773344953127,3038.207475445627,4463.095567567096,True,1.468989726224169
heteroscedastic,half_normal_0.5,quadratic_z,loro_anchor,E1__R01__day1_1@130,E1,E1__R01__day1_1,130.0,90.0,2288.0,7.716788737579959,2246.0627692438234,-0.018644614919729463,0.62425,0.04088255482255546,5,2153.172280632446,2340.784248969054,True,1.0871328179468767,2044.6393001028507,2461.1659297627493,True,1.2037164352846716,1855.3073141696896,2726.9340701298283,True,1.4698018216729878
heteroscedastic,half_normal_0.5,quadratic_z,loro_anchor,E1__R01__day1_1@130,E1,E1__R01__day1_1,130.0,100.0,1512.0,7.299107693263394,1477.831257851192,-0.02208086347608429,0.6505,0.04088255482255546,5,1417.1898574747827,1539.7458437466105,True,1.0864781706031992,1347.083639903678,1620.6254653269543,True,1.2030622429969053,1222.6684320770428,1799.454956447869,True,1.4717440225319254
heteroscedastic,half_normal_0.5,quadratic_z,loro_anchor,E1__R01__day1_1@130,E1,E1__R01__day1_1,130.0,110.0,1073.0,6.944997632366434,1037.5572061414898,-0.03321611026426474,0.7145,0.04088255482255546,5,995.3670020476761,1080.5374860333256,True,1.085566915329156,946.0169022597956,1136.66468364307,True,1.2015268235988859,857.7700052581254,1269.246926032223,True,1.479705420161286
heteroscedastic,half_normal_0.5,quadratic_z,loro_anchor,E1__R01__day1_1@130,E1,E1__R01__day1_1,130.0,120.0,780.0,6.646501509575784,769.014779422627,-0.012792410107853591,0.6067,0.04088255482255546,5,740.5172363097471,798.9338917395125,True,1.0788862872670943,704.3081331806761,840.9312446917771,True,1.193982015931162,636.7549662656118,925.4560598493011,True,1.453394333579901
heteroscedastic,half_normal_0.5,quadratic_z,loro_anchor,E2__R01__day1_0@80,E2,E2__R01__day1_0,80.0,90.0,5527.0,8.71038980373409,5932.317108109846,0.0929893519008278,0.1037,0.03396394748632081,5,5771.286840844876,6139.05294050275,False,1.0637234138242964,5517.117673272837,6617.527405135024,True,1.199453735995703,4972.527968825107,9042.295270530749,True,1.8184503590971726
heteroscedastic,half_normal_0.5,quadratic_z,loro_anchor,E2__R01__day1_0@80,E2,E2__R01__day1_0,80.0,100.0,3705.0,8.30037423871799,3938.311156322622,0.08293570098780378,0.1281,0.03396394748632081,5,3825.3791067689476,4074.6703991920563,False,1.0651677351355822,3655.8908152673293,4390.910942693407,True,1.2010508969131592,3303.3375366145483,5863.5976734432725,True,1.7750525365484229
heteroscedastic,half_normal_0.5,quadratic_z,loro_anchor,E2__R01__day1_0@80,E2,E2__R01__day1_0,80.0,110.0,2622.0,7.944179060036625,2758.1438908880696,0.07248639571297932,0.1596,0.03396394748632081,5,2675.017759329248,2856.013724809825,False,1.0676615939648793,2560.4339432302413,3078.41775392882,True,1.2023031338371848,2301.27535825612,4153.007264345567,True,1.804654644845573
heteroscedastic,half_normal_0.5,quadratic_z,loro_anchor,E2__R01__day1_0@80,E2,E2__R01__day1_0,80.0,120.0,1955.0,7.635286614222831,2025.5282654877985,0.05714114180336427,0.2226,0.03396394748632081,5,1965.027453261872,2098.782905851417,False,1.0680679816292216,1879.2936298978395,2264.929772099098,True,1.2052027081165713,1695.7531006253466,3036.0779177052714,True,1.7904009236873282
heteroscedastic,half_normal_0.5,quadratic_z,loro_anchor,E2__R01__day1_0@80,E2,E2__R01__day1_0,80.0,130.0,1536.0,7.368059183223406,1549.6070644278411,0.031122269515788226,0.4125,0.03396394748632081,5,1503.6031804936235,1604.9258779035727,True,1.0673865942320535,1437.9471412265416,1727.446102643019,True,1.201327957834069,1294.7718896144843,2292.022445388928,True,1.7702133200245591
heteroscedastic,half_normal_0.5,quadratic_z,loro_anchor,E2__R01__day1_0@90,E2,E2__R01__day1_0,90.0,80.0,9462.0,9.113880161349844,8881.038779943336,-0.04115889484124935,0.83815,0.03361882031486946,5,8651.893943263893,9195.886107900853,False,1.062875500809912,8300.66736773056,9911.974869312417,True,1.1941178257360279,7531.968545799571,12920.408612537532,True,1.715409263059521
heteroscedastic,half_normal_0.5,quadratic_z,loro_anchor,E2__R01__day1_0@90,E2,E2__R01__day1_0,90.0,100.0,3705.0,8.232178051598337,3679.304033150727,0.014739513868150311,0.58245,0.03361882031486946,5,3582.801430567049,3803.370989576403,True,1.0615634338893418,3425.7215253826507,4082.1382993601296,True,1.1916141662752806,3088.1456099753505,5311.954019744024,True,1.7201112546588837
heteroscedastic,half_normal_0.5,quadratic_z,loro_anchor,E2__R01__day1_0@90,E2,E2__R01__day1_0,90.0,110.0,2622.0,7.87588986806014,2576.443201095825,0.004197203736494792,0.6662,0.03361882031486946,5,2507.608619206886,2661.916072755815,True,1.0615357007337667,2400.0598940787504,2855.544918610765,True,1.189780690746824,2178.4221664945094,3770.11524152791,True,1.7306632752432618
heteroscedastic,half_normal_0.5,quadratic_z,loro_anchor,E2__R01__day1_0@90,E2,E2__R01__day1_0,90.0,120.0,1955.0,7.566933060851766,1892.5678725175899,-0.011212411567700364,0.7418,0.03361882031486946,5,1840.8491023344493,1958.9749075457487,True,1.0641691951075727,1761.534002487793,2102.223438779637,True,1.1934049730579668,1593.229961158791,2731.448057416873,True,1.71440917131023
heteroscedastic,half_normal_0.5,quadratic_z,loro_anchor,E2__R01__day1_0@90,E2,E2__R01__day1_0,90.0,130.0,1536.0,7.299666045181223,1447.259422366482,-0.037270868526394274,0.82755,0.03361882031486946,5,1406.5051189205617,1499.2466117235836,False,1.0659375437426046,1346.2655908379652,1608.6425944564007,True,1.1948924531712366,1216.2470065081159,2112.0137716218123,True,1.7365006946125783
heteroscedastic,half_normal_0.5,quadratic_z,loro_anchor,E2__R01__day1_0@100,E2,E2__R01__day1_0,100.0,80.0,9462.0,9.125309368901808,8982.524606963572,-0.029729687289284712,0.8022,0.035045825339517285,5,8731.84488800789,9317.339336634244,False,1.0670527770632363,8337.519898104067,10021.747415509102,True,1.2020058168362542,7505.41796502552,13118.051092917009,True,1.747810868634603
heteroscedastic,half_normal_0.5,quadratic_z,loro_anchor,E2__R01__day1_0@100,E2,E2__R01__day1_0,100.0,90.0,5527.0,8.653657230922816,5601.216330969961,0.036256779089553604,0.3493,0.035045825339517285,5,5454.641194517101,5804.141460396495,True,1.0640739240980148,5216.448387854276,6256.426452964487,True,1.1993651595464156,4731.429104459245,8299.580106778336,True,1.754138109975315
heteroscedastic,half_normal_0.5,quadratic_z,loro_anchor,E2__R01__day1_0@100,E2,E2__R01__day1_0,100.0,110.0,2622.0,7.887270847094697,2603.327214627681,0.015578182771051274,0.5777,0.035045825339517285,5,2534.3343018860146,2694.1678441334666,True,1.0630672686426987,2419.9351653760364,2903.3550196496726,True,1.1997656223151405,2185.8376723201054,3770.27994155116,True,1.7248673079869128
heteroscedastic,half_normal_0.5,quadratic_z,loro_anchor,E2__R01__day1_0@100,E2,E2__R01__day1_0,100.0,120.0,1955.0,7.578427213594185,1912.5618853165329,0.0002817411747182419,0.68395,0.035045825339517285,5,1859.6327577548632,1981.7505329221947,True,1.0656676833950616,1776.9522652355997,2134.7105609136693,True,1.2013325302413995,1609.6628642409967,2817.7128206757543,True,1.7504987431044379
heteroscedastic,half_normal_0.5,quadratic_z,loro_anchor,E2__R01__day1_0@100,E2,E2__R01__day1_0,100.0,130.0,1536.0,7.311322264294311,1463.426783055419,-0.025614649413306267,0.7895,0.035045825339517285,5,1420.8812556612672,1519.4761785105356,False,1.069389980659139,1357.3147258197607,1632.331178058937,True,1.2026180420853223,1230.0959890103206,2150.4902210752425,True,1.7482296018259755
heteroscedastic,half_normal_0.5,quadratic_z,loro_anchor,E2__R01__day1_0@110,E2,E2__R01__day1_0,110.0,80.0,9462.0,9.134351418540103,9074.082411018017,-0.020687637650990354,0.7742,0.034248182373397745,5,8819.71129840729,9403.41267001942,False,1.0661814601252921,8448.239411343577,10109.66387432894,True,1.1966592543239891,7610.586329530282,13224.711936812022,True,1.7376732046909504
heteroscedastic,half_normal_0.5,quadratic_z,loro_anchor,E2__R01__day1_0@110,E2,E2__R01__day1_0,110.0,90.0,5527.0,8.662737759802765,5659.218745049305,0.045337307969502305,0.26215,0.034248182373397745,5,5515.46747487613,5858.433966029923,True,1.0621826695046364,5264.562452941872,6284.21491981566,True,1.193682281478872,4780.148810188904,8134.13095781168,True,1.7016480617661425
heteroscedastic,half_normal_0.5,quadratic_z,loro_anchor,E2__R01__day1_0@110,E2,E2__R01__day1_0,110.0,100.0,3705.0,8.252581327096122,3756.3697964080457,0.035142789365934846,0.3384,0.034248182373397745,5,3661.5670326827803,3887.609487204615,True,1.0617338020864298,3501.6557145642428,4183.103143934435,True,1.1946072043964477,3163.876429518332,5455.543884545503,True,1.7243226801294682
heteroscedastic,half_normal_0.5,quadratic_z,loro_anchor,E2__R01__day1_0@110,E2,E2__R01__day1_0,110.0,120.0,1955.0,7.587400456259138,1931.2320387821912,0.009254983839671382,0.6189,0.034248182373397745,5,1881.8838655243433,1998.4073493211317,True,1.0619185306444625,1800.1733692491573,2144.2546772007418,True,1.191137872512301,1623.505489543306,2755.4859114316173,True,1.697244591520746
heteroscedastic,half_normal_0.5,quadratic_z,loro_anchor,E2__R01__day1_0@110,E2,E2__R01__day1_0,110.0,130.0,1536.0,7.320203216985833,1479.3601049280069,-0.016733696721784597,0.7574,0.034248182373397745,5,1439.4539376212572,1533.4832326179292,False,1.0653228926186125,1375.6086116895065,1645.9103633476705,True,1.1964961176901783,1240.533091401138,2161.663851833373,True,1.7425281653646583
heteroscedastic,half_normal_0.5,quadratic_z,loro_anchor,E2__R01__day1_0@120,E2,E2__R01__day1_0,120.0,80.0,9462.0,9.14704135072413,9207.57112392478,-0.007997705466962657,0.7051,0.03523855469000657,5,8947.71267059588,9548.003552860682,True,1.06708875266385,8544.72617641376,10238.903933388354,True,1.1982717435289005,7766.511709442895,12947.864757033372,True,1.667140312334911
heteroscedastic,half_normal_0.5,quadratic_z,loro_anchor,E2__R01__day1_0@120,E2,E2__R01__day1_0,120.0,90.0,5527.0,8.675426314781205,5749.016105537636,0.058025862947943097,0.19065,0.03523855469000657,5,5592.690670471423,5951.263447419384,False,1.0641145377199517,5346.108392440853,6377.555572095708,True,1.1929342063309591,4832.522966548843,8109.877950337458,True,1.6781871511992308
heteroscedastic,half_normal_0.5,quadratic_z,loro_anchor,E2__R01__day1_0@120,E2,E2__R01__day1_0,120.0,100.0,3705.0,8.265278505021955,3814.411028053407,0.047839967291768204,0.2417,0.03523855469000657,5,3710.546304305071,3947.2825478453615,False,1.0638009134303548,3549.5300428314536,4229.567436329008,True,1.1915851916427478,3208.1723635437734,5315.779079105903,True,1.6569493396028294
heteroscedastic,half_normal_0.5,quadratic_z,loro_anchor,E2__R01__day1_0@120,E2,E2__R01__day1_0,120.0,110.0,2622.0,7.909025502028804,2671.5380673178256,0.03733283770515872,0.30575,0.03523855469000657,5,2599.970647117056,2763.7741397387995,True,1.0630020545821832,2486.880387504185,2960.804123272155,True,1.190569573892372,2250.4023771403376,3750.651104966801,True,1.666657991062416
heteroscedastic,half_normal_0.5,quadratic_z,loro_anchor,E2__R01__day1_0@120,E2,E2__R01__day1_0,120.0,130.0,1536.0,7.332971986240045,1501.358206561845,-0.003964927467572821,0.6888,0.03523855469000657,5,1462.3347280818298,1555.5870360239287,True,1.063769468201319,1397.3130116710477,1664.0337607980643,True,1.1908811747255148,1271.4344012677343,2118.3419847958007,True,1.6661040339034587
heteroscedastic,half_normal_0.5,quadratic_z,loro_anchor,E2__R01__day1_0@130,E2,E2__R01__day1_0,130.0,80.0,9462.0,9.177475160917513,9465.345060958902,0.022436104726420325,0.49625,0.03365967694552695,5,9195.642893418826,9813.88825565425,True,1.067232424029634,8811.461392546593,10546.518528762932,True,1.196909123120483,8004.794972663224,14185.725109332168,True,1.7721534602419087
heteroscedastic,half_normal_0.5,quadratic_z,loro_anchor,E2__R01__day1_0@130,E2,E2__R01__day1_0,130.0,90.0,5527.0,8.70603011874281,5903.247110305475,0.08862966690954721,0.11215,0.03365967694552695,5,5733.063073397146,6118.351784245618,False,1.067204687252842,5492.230535338678,6573.310713219673,True,1.1968380917233892,4981.843942340578,8772.879822116034,True,1.7609704205215122
heteroscedastic,half_normal_0.5,quadratic_z,loro_anchor,E2__R01__day1_0@130,E2,E2__R01__day1_0,130.0,100.0,3705.0,8.295951170263342,3919.900149972835,0.07851263253315466,0.13555,0.03365967694552695,5,3808.371838451844,4059.1265473624426,False,1.065843021518753,3645.201230532908,4377.599707176097,True,1.2009212743890454,3283.652122784938,5859.468219047314,True,1.7844363531657454
heteroscedastic,half_normal_0.5,quadratic_z,loro_anchor,E2__R01__day1_0@130,E2,E2__R01__day1_0,130.0,110.0,2622.0,7.939680831621367,2745.6219511858335,0.06798816729772206,0.16455,0.03365967694552695,5,2669.0096953718494,2842.37668835789,False,1.0649555501003478,2555.6445975636407,3054.7175442954886,True,1.1952826097993543,2318.244804434657,4055.9681061214005,True,1.7495857634890792
heteroscedastic,half_normal_0.5,quadratic_z,loro_anchor,E2__R01__day1_0@130,E2,E2__R01__day1_0,130.0,120.0,1955.0,7.630703469787978,2013.5906362103506,0.05255799736851152,0.23705,0.03365967694552695,5,1958.781993893724,2084.6657092595497,False,1.0642663225199402,1875.7365993515634,2239.0946728420854,True,1.1937148710624583,1696.4084846415453,3011.2790273300807,True,1.7750907606232411
heteroscedastic,half_normal_0.5,quadratic_z,loro_anchor,E2__R02__day1_0@80,E2,E2__R02__day1_0,80.0,90.0,11540.0,9.364152410299793,11678.11238492733,0.010577870237701958,0.36995,0.030290390503568083,5,11353.730275070737,11981.63548759833,True,1.0553038690646261,10823.102925514428,12518.226943070273,True,1.1566208904435118,9706.59332179568,13875.43443735087,True,1.4294855030337226
heteroscedastic,half_normal_0.5,quadratic_z,loro_anchor,E2__R02__day1_0@80,E2,E2__R02__day1_0,80.0,100.0,7544.0,8.951942166350054,7733.085403668254,0.023434342036761535,0.27715,0.030290390503568083,5,7512.853235741744,7942.419181297293,True,1.0571774706727834,7176.967812211408,8298.752624058361,True,1.1563034475281144,6484.406317353675,9175.371024485352,True,1.4149901433428178
heteroscedastic,half_normal_0.5,quadratic_z,loro_anchor,E2__R02__day1_0@80,E2,E2__R02__day1_0,80.0,110.0,5710.0,8.595160201534242,5414.744309254839,-0.05481410111581475,0.8599,0.030290390503568083,5,5257.61668638632,5564.197779654645,False,1.0583118001093847,5026.005744011658,5815.06765945754,True,1.1569958244448937,4533.105872636153,6454.0067002646965,True,1.4237493854321726
heteroscedastic,half_normal_0.5,quadratic_z,loro_anchor,E2__R02__day1_0@80,E2,E2__R02__day1_0,80.0,120.0,4017.0,8.287055116332317,3977.416917851769,-0.011235518026966318,0.60525,0.030290390503568083,5,3861.440847980323,4086.512120992175,True,1.0582868628246818,3696.996195111181,4269.011953746362,True,1.154724465064801,3330.8309525512286,4708.8500930127375,True,1.413716324872634
heteroscedastic,half_normal_0.5,quadratic_z,loro_anchor,E2__R02__day1_0@80,E2,E2__R02__day1_0,80.0,130.0,3302.0,8.021789383822389,3049.3521947022086,-0.08049424065768385,0.91185,0.030290390503568083,5,2961.121511416828,3131.3931485711764,False,1.0575024147093772,2826.9679096755276,3277.9294808108857,False,1.1595212912010446,2556.1501663107447,3617.3208257299543,True,1.4151440996718836
heteroscedastic,half_normal_0.5,quadratic_z,loro_anchor,E2__R02__day1_0@90,E2,E2__R02__day1_0,90.0,80.0,18780.0,9.829239865556652,18558.36770740861,-0.01130788720560183,0.6283,0.03029156107694149,5,18075.65367681772,19078.857117922184,True,1.0555002579182564,17283.54294849075,19997.651054061553,True,1.1570342442900463,15511.482176088897,22301.196260623346,True,1.4377218119749293
heteroscedastic,half_normal_0.5,quadratic_z,loro_anchor,E2__R02__day1_0@90,E2,E2__R02__day1_0,90.0,100.0,7544.0,8.941125359821488,7641.397057745666,0.012617535508194777,0.35305,0.03029156107694149,5,7439.519764207573,7843.381022324017,True,1.0542859312047896,7112.353587924006,8206.418879484923,True,1.1538260546295842,6404.563324343238,9160.676667384107,True,1.4303358720125539
heteroscedastic,half_normal_0.5,quadratic_z,loro_anchor,E2__R02__day1_0@90,E2,E2__R02__day1_0,90.0,110.0,5710.0,8.584303824153112,5349.028808568191,-0.06567047849694418,0.8881,0.03029156107694149,5,5208.233600314607,5489.271139850084,False,1.0539602408614124,4979.378532808833,5744.809124353801,True,1.1537201051299053,4490.622085820499,6372.072682667175,True,1.4189732649263689
heteroscedastic,half_normal_0.5,quadratic_z,loro_anchor,E2__R02__day1_0@90,E2,E2__R02__day1_0,90.0,120.0,4017.0,8.276254179087793,3929.3739811382393,-0.022036455271489785,0.71805,0.03029156107694149,5,3823.637014090651,4035.1046421512106,True,1.0553053616965395,3655.4446020657956,4220.847477274047,True,1.1546741742136446,3301.74401705832,4691.974254043288,True,1.4210593643245517
heteroscedastic,half_normal_0.5,quadratic_z,loro_anchor,E2__R02__day1_0@90,E2,E2__R02__day1_0,90.0,130.0,3302.0,8.011125078863554,3015.47002667259,-0.09115854561651915,0.92395,0.03029156107694149,5,2928.4253650048922,3104.6533199963055,False,1.0601784006850108,2799.1666378656823,3248.0027221316664,False,1.1603463252935216,2516.8933140837944,3618.31544037079,True,1.4376117653155027
heteroscedastic,half_normal_0.5,quadratic_z,loro_anchor,E2__R02__day1_0@100,E2,E2__R02__day1_0,100.0,80.0,18780.0,9.816350715063244,18313.54561623293,-0.02419703769900927,0.7244,0.030135849196874905,5,17827.77301271711,18858.912334478973,True,1.0578389303603046,17056.99648902274,19732.09830034504,True,1.1568331102749478,15408.77447876349,21932.37653983987,True,1.42336929974978
heteroscedastic,half_normal_0.5,quadratic_z,loro_anchor,E2__R02__day1_0@100,E2,E2__R02__day1_0,100.0,90.0,11540.0,9.34073169260721,11387.742263982407,-0.012842847454880513,0.6475,0.030135849196874905,5,11096.752517575276,11696.867070367984,True,1.0540801961512825,10610.07704289211,12240.178422596637,True,1.1536370917114653,9518.549483684506,13525.689375609898,True,1.4209821988942668
heteroscedastic,half_normal_0.5,quadratic_z,loro_anchor,E2__R02__day1_0@100,E2,E2__R02__day1_0,100.0,110.0,5710.0,8.571674010224692,5281.208172084213,-0.0783002924253644,0.91005,0.030135849196874905,5,5146.342603380051,5418.478118808862,False,1.052879401237313,4919.897039046202,5674.63937697867,False,1.153406124547433,4443.653098938416,6300.677697209443,True,1.417904943730794
heteroscedastic,half_normal_0.5,quadratic_z,loro_anchor,E2__R02__day1_0@100,E2,E2__R02__day1_0,100.0,120.0,4017.0,8.263628153330261,3880.612429561109,-0.03466248102902192,0.7916,0.030135849196874905,5,3777.8241678544696,3985.3373055658485,False,1.0549292737012774,3616.1188883709656,4166.8637631596575,True,1.1523027565713688,3267.9832744293794,4620.9742672498605,True,1.414014050624762
heteroscedastic,half_normal_0.5,quadratic_z,loro_anchor,E2__R02__day1_0@100,E2,E2__R02__day1_0,100.0,130.0,3302.0,7.998471105024044,2975.8839133486395,-0.10381251945602887,0.9384,0.030135849196874905,5,2895.3977444852135,3063.3915882267506,False,1.0580209900562059,2766.95834416831,3206.8965921592517,False,1.1589970622138794,2501.7537815771707,3524.3902586812287,True,1.4087678350422483
heteroscedastic,half_normal_0.5,quadratic_z,loro_anchor,E2__R02__day1_0@110,E2,E2__R02__day1_0,110.0,80.0,18780.0,9.893524139064132,19817.078322771817,0.05297638630187862,0.1439,0.030183760084469824,5,19263.529133502583,20411.919566106026,False,1.0596147478815912,18417.894502609986,21316.881652666634,True,1.1574005731027417,16578.87455484183,23566.39598484253,True,1.4214713976444202
heteroscedastic,half_normal_0.5,quadratic_z,loro_anchor,E2__R02__day1_0@110,E2,E2__R02__day1_0,110.0,90.0,11540.0,9.417831314135233,12313.185414182268,0.0642567740731419,0.11325,0.030183760084469824,5,11991.125560342567,12653.052650182237,False,1.0552014142883148,11465.444723003011,13223.229109216707,True,1.1533114875768467,10257.957480027695,14599.441863246097,True,1.423230881164335
heteroscedastic,half_normal_0.5,quadratic_z,loro_anchor,E2__R02__day1_0@110,E2,E2__R02__day1_0,110.0,100.0,7544.0,9.005491036246742,8155.222801928758,0.07698321193344881,0.0894,0.030183760084469824,5,7944.0060284674255,8366.714588363651,False,1.0532110069379914,7593.865517607643,8755.328691492365,False,1.152947556312615,6811.491339470713,9688.352486922333,True,1.4223540784352178
heteroscedastic,half_normal_0.5,quadratic_z,loro_anchor,E2__R02__day1_0@110,E2,E2__R02__day1_0,110.0,120.0,4017.0,8.340564199121285,4193.529207602176,0.04227356476200228,0.17315,0.030183760084469824,5,4087.3555123815772,4303.624667517579,False,1.0529117554078355,3895.2020166354105,4504.801397473451,True,1.1565000680926427,3507.4678467378158,4989.418748888911,True,1.4225130398641888
heteroscedastic,half_normal_0.5,quadratic_z,loro_anchor,E2__R02__day1_0@110,E2,E2__R02__day1_0,110.0,130.0,3302.0,8.075368088619827,3215.640565698862,-0.026915535860245754,0.7419,0.030183760084469824,5,3130.1775753455026,3306.603913929833,True,1.0563630446955894,2990.9248716352804,3452.4704123545557,True,1.1543153240311672,2701.370964654712,3817.48159449904,True,1.4131645169981266
heteroscedastic,half_normal_0.5,quadratic_z,loro_anchor,E2__R02__day1_0@120,E2,E2__R02__day1_0,120.0,80.0,18780.0,9.84990378301598,18957.713536717503,0.009356030253726999,0.40135,0.03003735467409594,5,18436.090804036165,19511.34698926936,True,1.0583234372548107,17641.543219053314,20364.07606133853,True,1.154325095513459,15892.711857537251,22458.195874351553,True,1.413112883167297
heteroscedastic,half_normal_0.5,quadratic_z,loro_anchor,E2__R02__day1_0@120,E2,E2__R02__day1_0,120.0,90.0,11540.0,9.374387516214838,11789.894681488082,0.020812976152747353,0.28455,0.03003735467409594,5,11476.637177684215,12112.093973249383,True,1.055369598753264,10962.824743121224,12655.549589747829,True,1.1544059023372355,9882.642154279236,13983.229619453612,True,1.4149282551325406
heteroscedastic,half_normal_0.5,quadratic_z,loro_anchor,E2__R02__day1_0@120,E2,E2__R02__day1_0,120.0,100.0,7544.0,8.962120442423615,7808.540805538378,0.03361261811032179,0.20605,0.03003735467409594,5,7605.595935930428,8010.954065801547,False,1.0532973528025755,7260.269370291216,8368.19524020523,True,1.1526012071187897,6527.568229187634,9228.229341767943,True,1.4137315793199163
heteroscedastic,half_normal_0.5,quadratic_z,loro_anchor,E2__R02__day1_0@120,E2,E2__R02__day1_0,120.0,110.0,5710.0,8.605270678402807,5466.6848279751575,-0.04470362424724961,0.83835,0.03003735467409594,5,5324.017791549394,5605.188942469983,False,1.0528118353336235,5087.083434401756,5853.88094875379,True,1.1507342122927477,4575.79108991844,6471.003817175924,True,1.4141825293189392
heteroscedastic,half_normal_0.5,quadratic_z,loro_anchor,E2__R02__day1_0@120,E2,E2__R02__day1_0,120.0,130.0,3302.0,8.031738561582541,3078.4728763625367,-0.07054506289753171,0.8984,0.03003735467409594,5,2998.828679538135,3161.483797663976,False,1.0542395500068689,2865.610108197943,3304.2352934583155,True,1.1530652003235027,2583.3786428682192,3646.9933560656573,True,1.411714603329131
heteroscedastic,half_normal_0.5,quadratic_z,loro_anchor,E2__R02__day1_0@130,E2,E2__R02__day1_0,130.0,80.0,18780.0,9.919223021280954,20326.968094582156,0.0786752685187011,0.09695,0.031037479361659823,5,19764.62908807232,20931.56661356435,False,1.0590417113466735,18820.81142415067,21907.0328487686,False,1.1639791906451875,16962.087401780795,24337.553158053102,True,1.434820643330607
heteroscedastic,half_normal_0.5,quadratic_z,loro_anchor,E2__R02__day1_0@130,E2,E2__R02__day1_0,130.0,90.0,11540.0,9.443259777266395,12635.572050692532,0.08968523720430355,0.07955,0.031037479361659823,5,12272.806738998694,13002.205918546371,False,1.0594321409160548,11689.65356201316,13593.393269146422,False,1.1628568115414197,10564.207251667098,15022.438921316407,True,1.4220128934848162
heteroscedastic,half_normal_0.5,quadratic_z,loro_anchor,E2__R02__day1_0@130,E2,E2__R02__day1_0,130.0,100.0,7544.0,9.03082302516025,8372.713355918997,0.10231520084695767,0.0679,0.031037479361659823,5,8122.042289951161,8602.61488391886,False,1.059168935202699,7736.495416002833,8986.634645441303,False,1.1615898623623009,6983.689944062719,9926.53730892827,True,1.421388605226876
heteroscedastic,half_normal_0.5,quadratic_z,loro_anchor,E2__R02__day1_0@130,E2,E2__R02__day1_0,130.0,110.0,5710.0,8.674039851154642,5859.661195153737,0.024065548504585976,0.27135,0.031037479361659823,5,5688.364899963575,6022.579854972257,True,1.0587541342523263,5417.046411018755,6293.811048277307,True,1.1618528937605435,4871.1695138817795,6943.7978383823665,True,1.4254888520290754
heteroscedastic,half_normal_0.5,quadratic_z,loro_anchor,E2__R02__day1_0@130,E2,E2__R02__day1_0,130.0,120.0,4017.0,8.366125788611045,4304.154466924657,0.06783515425176212,0.1101,0.031037479361659823,5,4184.1783456754065,4422.563206412713,False,1.0569729206174234,3995.3711702506953,4622.347001124128,True,1.1569255531355533,3566.527470154491,5140.751211096246,True,1.4413883684102298
heteroscedastic,half_normal_0.5,quadratic_z,loro_anchor,E2__R02__day1_1@80,E2,E2__R02__day1_1,80.0,90.0,15300.0,9.624081453844864,15184.61081406488,-0.011526653535662845,0.58485,0.03134917630841892,5,14724.44965115853,15582.97124179199,True,1.0583058525766982,14034.59302734289,16277.289796829748,True,1.1597977771865222,12653.014079749964,17777.124733769575,True,1.4049715444654645
heteroscedastic,half_normal_0.5,quadratic_z,loro_anchor,E2__R02__day1_1@80,E2,E2__R02__day1_1,80.0,100.0,10330.0,9.21270123541897,10066.530269436676,-0.030106326694713914,0.737,0.03134917630841892,5,9745.36452137391,10347.976332391589,True,1.0618357383857737,9279.072329557837,10781.793845081891,True,1.1619473867810295,8365.025906642286,11758.456054189728,True,1.4056688150664154
heteroscedastic,half_normal_0.5,quadratic_z,loro_anchor,E2__R02__day1_1@80,E2,E2__R02__day1_1,80.0,110.0,6671.0,8.858830532854677,7061.125418364383,0.0533054801451609,0.1505,0.03134917630841892,5,6843.085186664767,7259.703875489894,False,1.060881704298669,6518.126970547734,7580.450397352432,True,1.1629798608718156,5881.2561164439585,8333.726990901565,True,1.41699780215327
heteroscedastic,half_normal_0.5,quadratic_z,loro_anchor,E2__R02__day1_1@80,E2,E2__R02__day1_1,80.0,120.0,4863.0,8.555401139279683,5212.064606636867,0.06599032887589651,0.11635,0.03134917630841892,5,5054.465811524623,5359.735252982786,False,1.0603959850241982,4821.146966483967,5587.207042497859,True,1.1588958149045132,4296.705456068512,6123.038977806039,True,1.4250543911866427
heteroscedastic,half_normal_0.5,quadratic_z,loro_anchor,E2__R02__day1_1@80,E2,E2__R02__day1_1,80.0,130.0,3845.0,8.296305440824257,4017.4051629962673,0.04177655888451248,0.1817,0.03134917630841892,5,3902.5333924225897,4139.038947469345,False,1.0606030829885966,3725.7603114841686,4322.5562227009505,True,1.1601809728278107,3329.3485865647176,4742.387870413974,True,1.4244191460009468
heteroscedastic,half_normal_0.5,quadratic_z,loro_anchor,E2__R02__day1_1@90,E2,E2__R02__day1_1,90.0,80.0,24470.0,10.107831997221187,24611.991615888703,0.002628840784469233,0.43845,0.0327877360536548,5,23899.14954940027,25349.556798181915,True,1.0606886552922568,22760.3261914755,26484.671302351966,True,1.1636332045307576,20296.43468916821,29006.93467784568,True,1.4291640439355628
heteroscedastic,half_normal_0.5,quadratic_z,loro_anchor,E2__R02__day1_1@90,E2,E2__R02__day1_1,90.0,100.0,10330.0,9.219451000947595,10130.932992027268,-0.023356561166089307,0.6967,0.0327877360536548,5,9831.084315587806,10413.555549932273,True,1.059247913622399,9350.167556073871,10872.588543191576,True,1.1628228561667582,8299.646972148541,11975.664669078715,True,1.4429125370351212
heteroscedastic,half_normal_0.5,quadratic_z,loro_anchor,E2__R02__day1_1@90,E2,E2__R02__day1_1,90.0,110.0,6671.0,8.865606007892028,7111.6159828675045,0.060080955182511886,0.128,0.0327877360536548,5,6902.459924717402,7314.663477251969,False,1.059718355054621,6566.990811518279,7649.579483107376,True,1.1648530815195102,5890.60212563595,8410.941890581236,True,1.4278577488669193
heteroscedastic,half_normal_0.5,quadratic_z,loro_anchor,E2__R02__day1_1@90,E2,E2__R02__day1_1,90.0,120.0,4863.0,8.562190289384056,5246.58164706338,0.07277947898026937,0.10245,0.0327877360536548,5,5092.438777948,5400.790213704032,False,1.0605508380564728,4855.083713025159,5647.196878039057,True,1.1631512888004025,4308.9795346235705,6195.6724122484775,True,1.4378514361613757
heteroscedastic,half_normal_0.5,quadratic_z,loro_anchor,E2__R02__day1_1@90,E2,E2__R02__day1_1,90.0,130.0,3845.0,8.303097905492322,4045.4212862536065,0.048569023552577306,0.16335,0.0327877360536548,5,3926.811670271803,4180.904794835648,False,1.0647072347491158,3742.3562206324864,4377.127062830477,True,1.1696179638641429,3316.4894054880765,4777.72526853406,True,1.4405971750212598
heteroscedastic,half_normal_0.5,quadratic_z,loro_anchor,E2__R02__day1_1@100,E2,E2__R02__day1_1,100.0,80.0,24470.0,10.126762415037819,25040.740052345922,0.021559258601101305,0.28895,0.03199176183677464,5,24317.650778357875,25834.57025859172,True,1.0623793595055602,23175.982500206144,27061.539146874402,True,1.1676544520446412,20646.640431590542,29728.986726086812,True,1.439894631990576
heteroscedastic,half_normal_0.5,quadratic_z,loro_anchor,E2__R02__day1_1@100,E2,E2__R02__day1_1,100.0,90.0,15300.0,9.649996531114628,15565.080403447058,0.014388423734100542,0.3221,0.03199176183677464,5,15134.595661149997,15992.48792829149,True,1.05668418809124,14399.693800421514,16719.237011881156,True,1.1610828149270607,12848.182310407636,18460.502810489448,True,1.4368182490324384
heteroscedastic,half_normal_0.5,quadratic_z,loro_anchor,E2__R02__day1_1@100,E2,E2__R02__day1_1,100.0,110.0,6671.0,8.884850334891514,7239.833410262562,0.07932528218199764,0.08985,0.03199176183677464,5,7041.520324051581,7435.503154246219,False,1.0559513872095092,6712.85889190136,7764.288116381941,False,1.1566291264887252,5990.294993049717,8602.528354613238,True,1.4360775829227748
heteroscedastic,half_normal_0.5,quadratic_z,loro_anchor,E2__R02__day1_1@100,E2,E2__R02__day1_1,100.0,120.0,4863.0,8.581248426105994,5341.632111477868,0.09183761570220739,0.0772,0.03199176183677464,5,5195.068105175959,5496.2374928058125,False,1.0579721731327816,4954.5900175831075,5753.993300083804,False,1.1613460003075395,4399.105095756241,6337.322545727225,True,1.440593577052923
heteroscedastic,half_normal_0.5,quadratic_z,loro_anchor,E2__R02__day1_1@100,E2,E2__R02__day1_1,100.0,130.0,3845.0,8.32185941674813,4114.924175920407,0.06733053480838436,0.11395,0.03199176183677464,5,3995.052020353201,4254.405291905289,False,1.0649186218929783,3817.1110282186783,4450.062859026012,True,1.16581960182141,3412.383746394869,4921.039196012278,True,1.442111896474504
heteroscedastic,half_normal_0.5,quadratic_z,loro_anchor,E2__R02__day1_1@110,E2,E2__R02__day1_1,110.0,80.0,24470.0,10.044500421317258,23049.480021837924,-0.06070273511945956,0.8694,0.031764868422159434,5,22375.092843797596,23764.51066914247,False,1.0620966283824838,21332.685039732092,24786.29148405291,True,1.1618927217970207,19202.5181765143,27240.414143806393,True,1.4185855153686493
heteroscedastic,half_normal_0.5,quadratic_z,loro_anchor,E2__R02__day1_1@110,E2,E2__R02__day1_1,110.0,90.0,15300.0,9.567439241943903,14320.492154484496,-0.0681688654366237,0.89035,0.031764868422159434,5,13919.257945415553,14719.23489355738,False,1.057472672126556,13286.278640584245,15375.399692449237,True,1.1572389913217358,11876.417040071768,17008.56492894444,True,1.4321293089958431
heteroscedastic,half_normal_0.5,quadratic_z,loro_anchor,E2__R02__day1_1@110,E2,E2__R02__day1_1,110.0,100.0,10330.0,9.156134140822758,9496.60948203025,-0.08667342129092681,0.91995,0.031764868422159434,5,9227.946558987629,9755.139498435983,False,1.0571300382027993,8805.366805603826,10196.507216017926,False,1.1579877864405108,7899.477646774625,11277.049573506534,True,1.427569021365733
heteroscedastic,half_normal_0.5,quadratic_z,loro_anchor,E2__R02__day1_1@110,E2,E2__R02__day1_1,110.0,120.0,4863.0,8.499079572594425,4916.434630824255,0.009668762190639058,0.37695,0.031764868422159434,5,4781.079846337283,5058.379163922255,True,1.0579993069551867,4563.005153912384,5284.248750355995,True,1.1580632877052979,4073.8285227233378,5808.071969830155,True,1.4257035948944365
heteroscedastic,half_normal_0.5,quadratic_z,loro_anchor,E2__R02__day1_1@110,E2,E2__R02__day1_1,110.0,130.0,3845.0,8.240144392524376,3791.3191037990173,-0.014384489415368407,0.6259,0.031764868422159434,5,3684.3463019304336,3916.893508443778,True,1.06311762995555,3512.8436005819913,4086.9573867206627,True,1.1634327773782913,3140.004145102641,4499.793220030436,True,1.433053273846346
heteroscedastic,half_normal_0.5,quadratic_z,loro_anchor,E2__R02__day1_1@120,E2,E2__R02__day1_1,120.0,80.0,24470.0,10.031574598570943,22781.14635426147,-0.07362855786577427,0.9044,0.030128913565543796,5,22144.07688984551,23429.96003895558,False,1.0580689434699233,21152.046950145657,24415.4241210205,False,1.1542818611629626,18990.034996538914,26738.117986753805,True,1.4080078310349107
heteroscedastic,half_normal_0.5,quadratic_z,loro_anchor,E2__R02__day1_1@120,E2,E2__R02__day1_1,120.0,90.0,15300.0,9.55494807317338,14155.77631474503,-0.08066003420714729,0.91855,0.030128913565543796,5,13752.784976244651,14525.713691784194,False,1.0562016142093862,13124.411279213215,15138.001012714383,False,1.1534232424345268,11799.847751969239,16588.062001929076,True,1.405786104245349
heteroscedastic,half_normal_0.5,quadratic_z,loro_anchor,E2__R02__day1_1@120,E2,E2__R02__day1_1,120.0,100.0,10330.0,9.143771193298122,9389.990777204574,-0.09903636881556288,0.94115,0.030128913565543796,5,9121.040902186012,9626.087770878417,False,1.0553716263427084,8704.939646043567,10021.168014520048,False,1.1512047667182521,7824.672428470953,11012.130464112286,True,1.4073599329274677
heteroscedastic,half_normal_0.5,quadratic_z,loro_anchor,E2__R02__day1_1@120,E2,E2__R02__day1_1,120.0,110.0,6671.0,8.789876526688598,6590.445887322179,-0.01564852602091804,0.64655,0.030128913565543796,5,6409.128835306669,6757.838063829038,True,1.0544082101457215,6109.650882928415,7042.153282571682,True,1.152627771620939,5496.738470664818,7686.064122695822,True,1.3982954007572075
heteroscedastic,half_normal_0.5,quadratic_z,loro_anchor,E2__R02__day1_1@120,E2,E2__R02__day1_1,120.0,130.0,3845.0,8.226750555657054,3744.1582586477834,-0.027778326282691168,0.7401,0.030128913565543796,5,3647.2814250218153,3850.8432300266354,True,1.0558119270995387,3483.904193813089,4022.1571207984534,True,1.154497051882547,3122.94116642424,4407.134721845267,True,1.4112128557616814
heteroscedastic,half_normal_0.5,quadratic_z,loro_anchor,E2__R02__day1_1@130,E2,E2__R02__day1_1,130.0,80.0,24470.0,10.055709816906424,23370.211337094985,-0.04949333953029367,0.8402,0.03032059650967405,5,22671.699984306044,24015.912099253957,False,1.0592903097640853,21639.57502345936,25053.02423452339,True,1.1577410465484428,19508.529273573862,27331.949218325797,True,1.4010256147473656
heteroscedastic,half_normal_0.5,quadratic_z,loro_anchor,E2__R02__day1_1@130,E2,E2__R02__day1_1,130.0,90.0,15300.0,9.578848560047131,14519.50339711261,-0.05675954733339594,0.8621,0.03032059650967405,5,14047.908735045736,14924.628280280702,False,1.0624092569058188,13413.511689152845,15531.690927406044,True,1.157913847420442,12067.716415653913,17017.682936001558,True,1.4101825357717788
heteroscedastic,half_normal_0.5,quadratic_z,loro_anchor,E2__R02__day1_1@130,E2,E2__R02__day1_1,130.0,100.0,10330.0,9.167596552898216,9626.739725823903,-0.07521100921546875,0.90245,0.03032059650967405,5,9303.681995873138,9892.793005365078,False,1.063320200513437,8876.330502633704,10317.12347067685,False,1.1623185355272259,7978.105702107257,11300.575758514078,True,1.416448487957393
heteroscedastic,half_normal_0.5,quadratic_z,loro_anchor,E2__R02__day1_1@130,E2,E2__R02__day1_1,130.0,110.0,6671.0,8.813762655249757,6757.465494834477,0.008237602540241085,0.384,0.03032059650967405,5,6535.241906807957,6936.566105311954,True,1.0614092338473233,6244.12366891751,7231.36156752937,True,1.1581067177650903,5625.922013837879,7911.1390007447135,True,1.4061942169276376
heteroscedastic,half_normal_0.5,quadratic_z,loro_anchor,E2__R02__day1_1@130,E2,E2__R02__day1_1,130.0,120.0,4863.0,8.510291934971198,4983.85741900631,0.020881124567411646,0.28815,0.03032059650967405,5,4830.326915997161,5109.349993013916,True,1.0577648432226567,4610.404706871326,5325.974960232958,True,1.1552076875800403,4151.839889768895,5838.8835215376885,True,1.406336389783735
heteroscedastic,half_normal_0.5,quadratic_z,loro_anchor,E2__R03__day1_0@80,E2,E2__R03__day1_0,80.0,90.0,15560.0,9.734531572727018,16926.45256590863,0.08207277499463572,0.0444,0.026213987034666382,5,16502.041339291754,17338.86067338489,False,1.0507100495561508,16011.620951306639,17832.269310411208,False,1.1137079352953327,15174.483070718119,18744.48600795555,True,1.2352635619019137
heteroscedastic,half_normal_0.5,quadratic_z,loro_anchor,E2__R03__day1_0@80,E2,E2__R03__day1_0,80.0,100.0,10360.0,9.321113892681602,11196.920376045297,0.07540637686812879,0.0582,0.026213987034666382,5,10900.936595445672,11476.192202112637,False,1.05277120930208,10557.624032655795,11800.316201668751,False,1.1177056660825564,10017.408038186204,12395.126137667854,True,1.2373586151645042
heteroscedastic,half_normal_0.5,quadratic_z,loro_anchor,E2__R03__day1_0@80,E2,E2__R03__day1_0,80.0,110.0,7895.0,8.9651212836795,7845.166411158798,-0.008863643010244004,0.56905,0.026213987034666382,5,7635.698698204172,8041.36451622414,True,1.0531275308329513,7398.25528254253,8268.27679628092,True,1.1175982012666361,7004.492987770051,8661.35527319153,True,1.236542785939594
heteroscedastic,half_normal_0.5,quadratic_z,loro_anchor,E2__R03__day1_0@80,E2,E2__R03__day1_0,80.0,120.0,6977.0,8.659506171415144,5777.040455255024,-0.19086813252409307,0.99565,0.026213987034666382,5,5624.643664028338,5922.387189370141,False,1.0529355356759722,5454.948732660341,6093.48892521641,False,1.117057047435285,5173.954120019235,6406.924525566958,False,1.2383033125046612
heteroscedastic,half_normal_0.5,quadratic_z,loro_anchor,E2__R03__day1_0@80,E2,E2__R03__day1_0,80.0,130.0,5128.0,8.398178154570795,4446.557144303558,-0.1442928440297102,0.9896,0.026213987034666382,5,4331.401599849291,4557.5665047917755,False,1.0522151778653712,4201.35713952765,4690.050616383264,False,1.1163180040701222,3987.580931398436,4916.363582621287,False,1.2329188215114493
heteroscedastic,half_normal_0.5,quadratic_z,loro_anchor,E2__R03__day1_0@90,E2,E2__R03__day1_0,90.0,80.0,27350.0,10.129490213945154,25086.127406117885,-0.08698159390497295,0.96485,0.02612786848091482,5,24493.080731257953,25718.59623341409,False,1.050035171794136,23794.453704923366,26450.866492362824,False,1.111639998983873,22593.000426426097,27673.997960111697,True,1.2248925524625127
heteroscedastic,half_normal_0.5,quadratic_z,loro_anchor,E2__R03__day1_0@90,E2,E2__R03__day1_0,90.0,100.0,10360.0,9.237334251049559,10283.417182430423,-0.008373264763914534,0.59205,0.02612786848091482,5,10036.756928337705,10523.246435331404,True,1.0484707869750385,9750.124663248196,10821.09783755443,True,1.1098419980559966,9273.612555254147,11311.37493686574,True,1.2197377094924093
heteroscedastic,half_normal_0.5,quadratic_z,loro_anchor,E2__R03__day1_0@90,E2,E2__R03__day1_0,90.0,110.0,7895.0,8.881332710114737,7204.731351845021,-0.09265221657500611,0.97125,0.02612786848091482,5,7032.1365953191635,7372.603297489017,False,1.0484158260515701,6829.777026087184,7568.027231063046,False,1.1080928706978315,6492.647451003088,7936.2791031322495,True,1.2223486895020192
heteroscedastic,half_normal_0.5,quadratic_z,loro_anchor,E2__R03__day1_0@90,E2,E2__R03__day1_0,90.0,120.0,6977.0,8.575626872633858,5306.508233269233,-0.2747474313053786,0.9985,0.02612786848091482,5,5177.674563518443,5434.170433333166,False,1.0495388164451231,5028.834980540668,5592.372931221334,False,1.1120613328656248,4782.460703849594,5855.8086916824395,False,1.2244342513821105
heteroscedastic,half_normal_0.5,quadratic_z,loro_anchor,E2__R03__day1_0@90,E2,E2__R03__day1_0,90.0,130.0,5128.0,8.31413839241655,4082.5704161793356,-0.22833260618395457,0.998,0.02612786848091482,5,3982.2846011979805,4190.430249999584,False,1.0522678988686511,3865.509875926,4317.619979663313,False,1.116960017759367,3672.5186745611895,4527.521624643164,False,1.232811055803313
heteroscedastic,half_normal_0.5,quadratic_z,loro_anchor,E2__R03__day1_0@100,E2,E2__R03__day1_0,100.0,80.0,27350.0,10.135198758780868,25229.41679004155,-0.08127304906925836,0.95425,0.026065462974192755,5,24613.177079804205,25892.473440703587,False,1.0519760759349137,23900.703127321205,26667.568620527025,False,1.1157650249227598,22675.755089994378,27961.375907674133,True,1.2330956917069555
heteroscedastic,half_normal_0.5,quadratic_z,loro_anchor,E2__R03__day1_0@100,E2,E2__R03__day1_0,100.0,90.0,15560.0,9.656611037682417,15637.559980768561,0.004152239950034442,0.4369,0.026065462974192755,5,15275.532854111674,16015.65523604468,True,1.0484514935748241,14827.608667437788,16477.8298015359,True,1.1112938148767093,14053.721388284195,17287.58715004808,True,1.2301074336410125
heteroscedastic,half_normal_0.5,quadratic_z,loro_anchor,E2__R03__day1_0@100,E2,E2__R03__day1_0,100.0,110.0,7895.0,8.887349970611872,7248.998771280751,-0.0866349560778712,0.96615,0.026065462974192755,5,7080.510021534108,7416.374025342562,False,1.0474350015446603,6867.535153599862,7631.53432987343,False,1.11124794546892,6516.727253438059,7979.900465093861,True,1.2245257711044863
heteroscedastic,half_normal_0.5,quadratic_z,loro_anchor,E2__R03__day1_0@100,E2,E2__R03__day1_0,100.0,120.0,6977.0,8.581516503153278,5338.630872327319,-0.268857800785959,0.99885,0.026065462974192755,5,5211.996434123907,5468.762445794662,False,1.049264425813813,5059.009072627513,5625.952022683657,False,1.1120660077728795,4794.101382669383,5895.08120667444,False,1.2296530123424352
heteroscedastic,half_normal_0.5,quadratic_z,loro_anchor,E2__R03__day1_0@100,E2,E2__R03__day1_0,100.0,130.0,5128.0,8.319812729348431,4106.445429794428,-0.222658269252074,0.9978,0.026065462974192755,5,4004.9695833354367,4217.008237869879,False,1.0529438863697564,3886.036257943466,4351.605068265482,False,1.1198055755064933,3678.0198978314975,4549.958913906876,False,1.2370675092294796
heteroscedastic,half_normal_0.5,quadratic_z,loro_anchor,E2__R03__day1_0@110,E2,E2__R03__day1_0,110.0,80.0,27350.0,10.218914036729192,27423.990440097306,0.0024422288790653113,0.47075,0.02631065209865459,5,26733.557734895414,28159.250521608756,True,1.053329706462989,25956.73291429676,29019.11830117679,True,1.117980386707038,24522.649750252145,30372.54476625127,True,1.238550689895939
heteroscedastic,half_normal_0.5,quadratic_z,loro_anchor,E2__R03__day1_0@110,E2,E2__R03__day1_0,110.0,90.0,15560.0,9.740335656783802,17010.902673840377,0.08787685905141984,0.0387,0.02631065209865459,5,16611.785242033944,17418.689349482072,False,1.0485741957105466,16110.276658614162,17933.368006133936,False,1.1131632551167252,15254.508943843553,18815.34282646836,True,1.2334282863993402
heteroscedastic,half_normal_0.5,quadratic_z,loro_anchor,E2__R03__day1_0@110,E2,E2__R03__day1_0,110.0,100.0,10360.0,9.327143473933114,11253.08733677272,0.08143595811964133,0.04555,0.02631065209865459,5,10990.031098001977,11513.441029466068,False,1.0476258826564422,10675.736461749844,11839.729161051022,False,1.1090316067160007,10087.053434015079,12384.357366078915,True,1.2277477706539135
heteroscedastic,half_normal_0.5,quadratic_z,loro_anchor,E2__R03__day1_0@110,E2,E2__R03__day1_0,110.0,120.0,6977.0,8.665448708935584,5802.075377262006,-0.18492559500365324,0.9952,0.02631065209865459,5,5667.804419930689,5943.997242074912,False,1.0487301257561037,5495.673175058839,6116.834418160347,False,1.1130273259189685,5183.560024994907,6411.212439858644,False,1.2368357671067856
heteroscedastic,half_normal_0.5,quadratic_z,loro_anchor,E2__R03__day1_0@110,E2,E2__R03__day1_0,110.0,130.0,5128.0,8.403859207600748,4466.377395234467,-0.1386117909997573,0.98825,0.02631065209865459,5,4358.860867881845,4585.809428920029,False,1.0520660254862568,4230.768829301764,4728.694407738605,False,1.1176915115258184,3994.8813962938957,4958.485650673994,False,1.2412097278467509
heteroscedastic,half_normal_0.5,quadratic_z,loro_anchor,E2__R03__day1_0@120,E2,E2__R03__day1_0,120.0,80.0,27350.0,10.401199337235736,32926.735904941364,0.18472752938560966,0.0082,0.026047606113325582,5,32109.578130834216,33773.50713416755,False,1.0518203321312245,31133.88315131959,34749.81047119732,False,1.1161412247326583,29428.691702260643,36440.720734280694,False,1.2382718573752092
heteroscedastic,half_normal_0.5,quadratic_z,loro_anchor,E2__R03__day1_0@120,E2,E2__R03__day1_0,120.0,90.0,15560.0,9.922318790258148,20410.923698764196,0.269859992525765,0.0032,0.026047606113325582,5,19920.05288191872,20895.340962642986,False,1.0489601150411365,19299.247423843386,21495.123465720822,False,1.1137803974244367,18274.6207456082,22503.601551262862,False,1.2314127808464086
heteroscedastic,half_normal_0.5,quadratic_z,loro_anchor,E2__R03__day1_0@120,E2,E2__R03__day1_0,120.0,100.0,10360.0,9.508966111507098,13508.842951229168,0.26325859569362464,0.0028,0.026047606113325582,5,13178.856835728157,13820.847464695347,False,1.0487136810855051,12781.324533820458,14208.72520722184,False,1.1116786190370458,12134.447402665557,14900.015159173412,False,1.2279104820134081
heteroscedastic,half_normal_0.5,quadratic_z,loro_anchor,E2__R03__day1_0@120,E2,E2__R03__day1_0,120.0,110.0,7895.0,9.152970991541393,9459.158394487062,0.17898606485164947,0.0066,0.026047606113325582,5,9226.734325749003,9681.525926197395,False,1.049290635710536,8956.7301619529,9948.918968276263,False,1.1107757840621413,8491.372212685737,10424.228733244916,False,1.227625932787586
heteroscedastic,half_normal_0.5,quadratic_z,loro_anchor,E2__R03__day1_0@120,E2,E2__R03__day1_0,120.0,130.0,5128.0,8.585858537820505,5359.933332863433,0.04338753921999938,0.13105,0.026047606113325582,5,5234.9741205283435,5490.801276740836,False,1.0488688483118371,5079.954395191952,5649.26372833178,True,1.1120697724528128,4816.67185366118,5912.951970670618,True,1.2276011632754575
heteroscedastic,half_normal_0.5,quadratic_z,loro_anchor,E2__R03__day1_0@130,E2,E2__R03__day1_0,130.0,80.0,27350.0,10.35514874520829,31468.13780519584,0.1386769373581629,0.01315,0.026227575414386507,5,30670.344964661363,32291.304585149224,False,1.0528510397374253,29739.373332258587,33230.5311201653,False,1.1173917738246293,28225.31794222021,34833.96649684941,False,1.2341390296526582
heteroscedastic,half_normal_0.5,quadratic_z,loro_anchor,E2__R03__day1_0@130,E2,E2__R03__day1_0,130.0,90.0,15560.0,9.876251564295504,19500.84826268804,0.22379276656312186,0.00445,0.026227575414386507,5,18995.402317335207,19982.149981907933,False,1.0519466578326808,18405.209745165073,20567.88323917669,False,1.117503333238554,17462.13286101233,21570.220826352175,False,1.2352569412933492
heteroscedastic,half_normal_0.5,quadratic_z,loro_anchor,E2__R03__day1_0@130,E2,E2__R03__day1_0,130.0,100.0,10360.0,9.462891207077925,12902.369580138016,0.21718369126445225,0.00445,0.026227575414386507,5,12555.896452505174,13227.588916204877,False,1.0534961773729574,12149.23377196823,13606.557252007316,False,1.1199518839946558,11560.987989192452,14275.729473644367,False,1.2348191596591689
heteroscedastic,half_normal_0.5,quadratic_z,loro_anchor,E2__R03__day1_0@130,E2,E2__R03__day1_0,130.0,110.0,7895.0,9.106896048003287,9037.937187869109,0.1329111213135441,0.0148,0.026227575414386507,5,8801.332118452814,9257.373585754958,False,1.0518150503997015,8528.47620995402,9524.700511176192,False,1.1168115237349703,8119.32458848157,10012.090204445245,False,1.2331186043047022
heteroscedastic,half_normal_0.5,quadratic_z,loro_anchor,E2__R03__day1_0@130,E2,E2__R03__day1_0,130.0,120.0,6977.0,8.801227311455028,6656.900517324651,-0.04914699248420895,0.8827,0.026227575414386507,5,6489.782270151183,6812.96559803151,False,1.0497987936154287,6293.011232442479,7012.009067537389,True,1.1142533849913134,5974.44450905554,7350.052765402687,True,1.230248729277194
heteroscedastic,half_normal_0.5,quadratic_z,loro_anchor,E3__R03__day1_0@80,E3,E3__R03__day1_0,80.0,90.0,11550.0,9.34568857079683,11468.83449950364,-0.008752145153110291,0.5607,0.03905856995185562,5,11047.782234878563,11867.660359683121,True,1.0742120099196153,10480.620919566423,12480.479527734778,True,1.190814897658858,9386.009264182621,13867.71311124063,True,1.4774876862907398
heteroscedastic,half_normal_0.5,quadratic_z,loro_anchor,E3__R03__day1_0@80,E3,E3__R03__day1_0,80.0,100.0,7546.0,8.932879780798425,7591.454830126459,0.00410688027416839,0.45475,0.03905856995185562,5,7300.707513083608,7872.122865975583,True,1.0782684899878459,6917.275378786608,8284.357065440954,True,1.1976329713353342,6176.604375784847,9191.925657060494,True,1.488184299628628
heteroscedastic,half_normal_0.5,quadratic_z,loro_anchor,E3__R03__day1_0@80,E3,E3__R03__day1_0,80.0,110.0,5376.0,8.580766377529642,5341.647069488371,-0.008933504673343862,0.55005,0.03905856995185562,5,5138.0098348880865,5540.662977836604,True,1.0783675305980196,4868.766120781689,5821.0917941388225,True,1.1955989771807392,4369.672247331896,6487.745733819611,True,1.4847213627477445
heteroscedastic,half_normal_0.5,quadratic_z,loro_anchor,E3__R03__day1_0@80,E3,E3__R03__day1_0,80.0,120.0,3839.0,8.281805676121747,3956.0756919851437,0.028838481120949666,0.28775,0.03905856995185562,5,3812.0303289984677,4102.701666459185,True,1.0762510558348797,3620.5805884122583,4313.777188662601,True,1.1914600665067179,3225.7320912471787,4781.700404890832,True,1.4823612964838822
heteroscedastic,half_normal_0.5,quadratic_z,loro_anchor,E3__R03__day1_0@80,E3,E3__R03__day1_0,80.0,130.0,2959.0,8.029485049013543,3071.072533989759,0.03687839661333303,0.246,0.03905856995185562,5,2962.412103035015,3188.3231344662204,False,1.0762591508452715,2811.2238138788393,3361.5807178425302,True,1.1957712869557426,2523.1246515993507,3744.02260959437,True,1.4838833298311758
heteroscedastic,half_normal_0.5,quadratic_z,loro_anchor,E3__R03__day1_0@90,E3,E3__R03__day1_0,90.0,80.0,18570.0,9.83517183491458,18681.591133932976,0.005869180567827925,0.44705,0.03897937475025216,5,18046.35483650428,19386.697157581933,True,1.0742721914326099,17139.658004526467,20409.727512498986,True,1.1907896591115714,15340.456759609217,22594.95015089672,True,1.4728994387173844
heteroscedastic,half_normal_0.5,quadratic_z,loro_anchor,E3__R03__day1_0@90,E3,E3__R03__day1_0,90.0,100.0,7546.0,8.9403103253849,7652.620720322084,0.011537424860643242,0.37875,0.03897937475025216,5,7386.084149414782,7909.573441977999,True,1.0708750783193683,7002.3728587714895,8329.677259559663,True,1.189550660548664,6264.989674389984,9190.633798383733,True,1.4669830719678905
heteroscedastic,half_normal_0.5,quadratic_z,loro_anchor,E3__R03__day1_0@90,E3,E3__R03__day1_0,90.0,110.0,5376.0,8.588315733812772,5379.02079424188,-0.0013841483902137242,0.4949,0.03897937475025216,5,5195.881373334709,5563.828204351545,True,1.0708150946064976,4927.392903148926,5854.717390807159,True,1.188197796661519,4407.940753199203,6488.515721709159,True,1.4720061101093322
heteroscedastic,half_normal_0.5,quadratic_z,loro_anchor,E3__R03__day1_0@90,E3,E3__R03__day1_0,90.0,120.0,3839.0,8.289479161678955,3984.535626363648,0.03651196667815704,0.23705,0.03897937475025216,5,3850.1400574465183,4131.492892511052,False,1.0730760000588475,3653.30219624952,4339.5763519016555,True,1.1878503662677191,3271.1827571358426,4803.807531986869,True,1.4685231271495667
heteroscedastic,half_normal_0.5,quadratic_z,loro_anchor,E3__R03__day1_0@90,E3,E3__R03__day1_0,90.0,130.0,2959.0,8.037286761224626,3093.5266580877937,0.04468010882441664,0.2152,0.03897937475025216,5,2983.0777444637583,3216.911871051041,False,1.0783868697425842,2823.398511850478,3389.6070384456025,True,1.2005414836830905,2523.515959792162,3757.757702269179,True,1.4890960715693948
heteroscedastic,half_normal_0.5,quadratic_z,loro_anchor,E3__R03__day1_0@100,E3,E3__R03__day1_0,100.0,80.0,18570.0,9.822470364257624,18443.123072342976,-0.006832290089127113,0.5515,0.03882929211964967,5,17787.82870188003,19185.763527617048,True,1.0785894022910882,16937.645344302287,20183.132114220927,True,1.1916138107715426,15274.803642627883,22473.234090933493,True,1.471261733814811
heteroscedastic,half_normal_0.5,quadratic_z,loro_anchor,E3__R03__day1_0@100,E3,E3__R03__day1_0,100.0,90.0,11550.0,9.340226001775676,11393.46992640285,-0.014214714174263676,0.6204,0.03882929211964967,5,11021.538857924208,11792.3592636355,True,1.0699376389856026,10483.132067950999,12383.252999153812,True,1.1812550790056204,9454.509603708186,13774.605924615074,True,1.4569349973701955
heteroscedastic,half_normal_0.5,quadratic_z,loro_anchor,E3__R03__day1_0@100,E3,E3__R03__day1_0,100.0,110.0,5376.0,8.57556276275164,5305.901389443553,-0.014137119451346436,0.6203,0.03882929211964967,5,5131.86051319783,5490.9962859421175,True,1.0699815928006386,4875.142214389287,5774.627194768952,True,1.1845043571702956,4397.489930683639,6435.05394960765,True,1.463347057308042
heteroscedastic,half_normal_0.5,quadratic_z,loro_anchor,E3__R03__day1_0@100,E3,E3__R03__day1_0,100.0,120.0,3839.0,8.276815701505454,3931.019500185618,0.023848506504656086,0.31055,0.03882929211964967,5,3798.2381900329747,4076.3271906059445,True,1.0732152610393704,3613.387403873124,4290.2982133343485,True,1.1873341365876395,3254.7699687621534,4744.735955611747,True,1.4577791982688884
heteroscedastic,half_normal_0.5,quadratic_z,loro_anchor,E3__R03__day1_0@100,E3,E3__R03__day1_0,100.0,130.0,2959.0,8.024753189974206,3054.1648203373165,0.03214653757399599,0.2782,0.03882929211964967,5,2943.463610580273,3185.1143489197398,True,1.0820974098238736,2800.634411931948,3347.6000405494688,True,1.1953006169913516,2505.6030094831813,3706.8690265447194,True,1.4794319022267288
heteroscedastic,half_normal_0.5,quadratic_z,loro_anchor,E3__R03__day1_0@110,E3,E3__R03__day1_0,110.0,80.0,18570.0,9.836371142128112,18687.61027361301,0.0070684877813604885,0.4502,0.038670678347759155,5,18011.693696440856,19436.551533707363,True,1.0791073766454324,17105.50104484094,20451.315480455294,True,1.1955987390748462,15425.26446391552,22689.15806284175,True,1.470908853194623
heteroscedastic,half_normal_0.5,quadratic_z,loro_anchor,E3__R03__day1_0@110,E3,E3__R03__day1_0,110.0,90.0,11550.0,9.353790322897613,11542.374626024479,-0.0006503930523269474,0.50685,0.038670678347759155,5,11159.682452703784,11944.490195805962,True,1.070325275511046,10586.481200359498,12567.298089450645,True,1.1871081477973893,9500.429114802986,14014.399732784146,True,1.4751333401296334
heteroscedastic,half_normal_0.5,quadratic_z,loro_anchor,E3__R03__day1_0@110,E3,E3__R03__day1_0,110.0,100.0,7546.0,8.940914381384934,7643.628197762729,0.012141480860677234,0.3845,0.038670678347759155,5,7385.379507630684,7900.339562183162,True,1.069726959057475,7011.639498459967,8315.412204192668,True,1.1859440585927243,6307.055717061666,9180.763547173354,True,1.4556338106127424
heteroscedastic,half_normal_0.5,quadratic_z,loro_anchor,E3__R03__day1_0@110,E3,E3__R03__day1_0,110.0,120.0,3839.0,8.290300989112525,3984.7807809415,0.03733379411172777,0.23195,0.038670678347759155,5,3852.5961795717535,4129.023471312925,False,1.071750912594192,3658.326149629589,4346.466550896765,True,1.1881025291681144,3282.1007886131747,4801.728521361981,True,1.4630045908464964
heteroscedastic,half_normal_0.5,quadratic_z,loro_anchor,E3__R03__day1_0@110,E3,E3__R03__day1_0,110.0,130.0,2959.0,8.038450417281714,3095.4925071012826,0.045843764881504434,0.21,0.038670678347759155,5,2983.4871175748167,3218.5174359636085,False,1.0787770515261486,2842.3359966861317,3389.4808559100147,True,1.192498304163124,2551.7647390711027,3760.233779913298,True,1.4735816834282711
heteroscedastic,half_normal_0.5,quadratic_z,loro_anchor,E3__R03__day1_0@120,E3,E3__R03__day1_0,120.0,80.0,18570.0,9.798300810895894,17995.250687171523,-0.031001843450857436,0.7217,0.03852795833525101,5,17371.001326149133,18675.668492548193,True,1.0751060426456305,16509.287543474675,19668.018237104054,True,1.191330527456824,14753.172172235949,21864.695940412366,True,1.4820335372727245
heteroscedastic,half_normal_0.5,quadratic_z,loro_anchor,E3__R03__day1_0@120,E3,E3__R03__day1_0,120.0,90.0,11550.0,9.316243900949022,11125.16304096768,-0.03819681500091754,0.76785,0.03852795833525101,5,10736.140255204404,11504.586854012055,False,1.0715756855388643,10183.775845154345,12119.047238398283,True,1.1900347594713392,9123.612018434727,13502.35335893326,True,1.4799350664683089
heteroscedastic,half_normal_0.5,quadratic_z,loro_anchor,E3__R03__day1_0@120,E3,E3__R03__day1_0,120.0,100.0,7546.0,8.903580836658605,7364.679407754443,-0.025192063865651093,0.6969,0.03852795833525101,5,7100.578969571461,7616.169232366493,True,1.0726124256915557,6749.172528104925,8026.2318181817245,True,1.1892171647352123,6046.108711344004,8931.298254427145,True,1.4771977615403784
heteroscedastic,half_normal_0.5,quadratic_z,loro_anchor,E3__R03__day1_0@120,E3,E3__R03__day1_0,120.0,110.0,5376.0,8.551556791884828,5180.0319890637165,-0.0381430903181581,0.76545,0.03852795833525101,5,5006.758783113375,5356.579885607144,False,1.069869773569606,4753.653772776661,5645.957402912777,True,1.1877090071738463,4235.605621617869,6320.354781034628,True,1.492196239606569
heteroscedastic,half_normal_0.5,quadratic_z,loro_anchor,E3__R03__day1_0@120,E3,E3__R03__day1_0,120.0,130.0,2959.0,8.000315650586007,2980.1133952091463,0.007708998185797178,0.43775,0.03852795833525101,5,2880.329865333269,3089.318499208549,True,1.072557187421691,2739.1286522978194,3253.5180717719636,True,1.1877930848712162,2457.482716707792,3622.4886578528726,True,1.4740647546469015
heteroscedastic,half_normal_0.5,quadratic_z,loro_anchor,E3__R03__day1_0@130,E3,E3__R03__day1_0,130.0,80.0,18570.0,9.789464786720178,17859.009429952326,-0.0398378676265736,0.7652,0.039318952568070935,5,17202.371960208035,18514.396221854848,False,1.0762699623448293,16323.560698418341,19501.13279705455,True,1.1946617014107772,14593.506704667328,21796.945758129434,True,1.4936057658546376
heteroscedastic,half_normal_0.5,quadratic_z,loro_anchor,E3__R03__day1_0@130,E3,E3__R03__day1_0,130.0,90.0,11550.0,9.307198487102845,11029.725760150312,-0.047242228847094836,0.79115,0.039318952568070935,5,10591.254233211612,11442.27299177626,False,1.0803510840006143,10039.03874855762,12063.21229795347,True,1.2016302158099228,8997.571524838879,13422.643169772517,True,1.491807331869238
heteroscedastic,half_normal_0.5,quadratic_z,loro_anchor,E3__R03__day1_0@130,E3,E3__R03__day1_0,130.0,100.0,7546.0,8.894484351862411,7306.709707246674,-0.03428854866184494,0.7207,0.039318952568070935,5,7011.937934259215,7584.375358568129,True,1.0816375486599896,6652.425159234158,7983.619225013349,True,1.2001065827747608,5942.551451249422,8860.598520981806,True,1.4910427942729658
heteroscedastic,half_normal_0.5,quadratic_z,loro_anchor,E3__R03__day1_0@130,E3,E3__R03__day1_0,130.0,110.0,5376.0,8.542543942004666,5136.617218426383,-0.04715594019831926,0.7861,0.039318952568070935,5,4941.10396246337,5331.687755617698,False,1.0790478800125474,4687.127946303734,5615.820037941778,True,1.1981367059481296,4195.6791402223835,6303.060536121164,True,1.5022742029284637
heteroscedastic,half_normal_0.5,quadratic_z,loro_anchor,E3__R03__day1_0@130,E3,E3__R03__day1_0,130.0,120.0,3839.0,8.243822401740239,3809.2107170331765,-0.009144793260558615,0.5652,0.039318952568070935,5,3670.5513865235725,3944.8715374742687,True,1.0747354067723618,3474.148443956824,4151.520188478785,True,1.1949748997341285,3109.628835668443,4650.985270692097,True,1.4956721578291918
heteroscedastic,half_normal_2.0,quadratic_z,lofo_anchor,E1@80,E1,E1__R01__day1_1,80.0,90.0,2288.0,7.712333531080311,2228.7739478635276,-0.023099821419377164,0.7061,0.03959324952005859,5,2149.37006056085,2307.9112052315645,True,1.073761679098361,2017.0464667135823,2463.129854677651,True,1.221156723618213,1663.9215604804754,2994.947367562406,True,1.799933024906284
heteroscedastic,half_normal_2.0,quadratic_z,lofo_anchor,E1@80,E1,E1__R01__day1_1,80.0,100.0,1512.0,7.294408583032742,1466.894100399338,-0.026779973706736016,0.7149,0.03959324952005859,5,1415.5342277954924,1523.6373262760696,True,1.0763691165906553,1328.8572086450135,1627.819296374293,True,1.224976834067913,1099.4332032624573,1986.6945732536622,True,1.8070170769432343
heteroscedastic,half_normal_2.0,quadratic_z,lofo_anchor,E1@80,E1,E1__R01__day1_1,80.0,110.0,1073.0,6.939644636172957,1028.2305315231667,-0.03856910645774114,0.76715,0.03959324952005859,5,991.946170934522,1068.5702660580375,False,1.0772462229995075,930.2984820875249,1142.2104752583457,True,1.2277892496344882,774.6284009839449,1399.5752778948863,True,1.8067698991117862
heteroscedastic,half_normal_2.0,quadratic_z,lofo_anchor,E1@80,E1,E1__R01__day1_1,80.0,120.0,780.0,6.640147365065102,762.0856544157966,-0.019146554618535205,0.67545,0.03959324952005859,5,735.5942598959093,791.2615469155135,True,1.0756766196455658,690.4855689357428,844.5220563249054,True,1.2230842964996091,572.6153076593091,1026.5088417673842,True,1.792667482054339
heteroscedastic,half_normal_2.0,quadratic_z,lofo_anchor,E1@80,E1,E1__R01__day1_1,80.0,130.0,599.0,6.389103210507969,593.0285597831179,-0.006158387607480442,0.57565,0.03959324952005859,5,571.2189086344238,617.7481414512846,True,1.0814560444577985,536.4646607475273,658.3405675655293,True,1.2271834768168628,447.63213965986836,799.6668904452391,True,1.7864376115907652
heteroscedastic,half_normal_2.0,quadratic_z,lofo_anchor,E1@90,E1,E1__R01__day1_1,90.0,80.0,3636.0,8.23112964619131,3737.866884454881,0.032490190893939896,0.28935,0.0405414005522899,5,3605.324321524297,3880.521940456393,True,1.0763308913123648,3383.926264056509,4144.362021901545,True,1.2247199550185994,2816.3812337670865,5154.044815205064,True,1.830023845284328
heteroscedastic,half_normal_2.0,quadratic_z,lofo_anchor,E1@90,E1,E1__R01__day1_1,90.0,100.0,1512.0,7.322639930506614,1505.8249822831067,0.0014513737671357774,0.5428,0.0405414005522899,5,1454.8414760269088,1561.4196467966842,True,1.0732575834040932,1362.9898068052828,1673.2713175815184,True,1.227647711836896,1112.28320177837,2071.2070489320527,True,1.8621220257759092
heteroscedastic,half_normal_2.0,quadratic_z,lofo_anchor,E1@90,E1,E1__R01__day1_1,90.0,110.0,1073.0,6.968108497995132,1056.563810183573,-0.01010524463556628,0.63225,0.0405414005522899,5,1019.9663990150231,1096.1547275911435,True,1.074696900456422,956.7280670202077,1170.4448740276953,True,1.223383022171726,794.2119818111788,1450.660185110296,True,1.8265402919282392
heteroscedastic,half_normal_2.0,quadratic_z,lofo_anchor,E1@90,E1,E1__R01__day1_1,90.0,120.0,780.0,6.669049002270395,782.9576028012257,0.009755082586757169,0.4687,0.0405414005522899,5,755.4151302863577,813.9402302398681,True,1.0774740902149063,707.5457275027455,870.2946794488738,True,1.2300189876356744,589.3630686111596,1066.8523866711478,True,1.8101785528998227
heteroscedastic,half_normal_2.0,quadratic_z,lofo_anchor,E1@90,E1,E1__R01__day1_1,90.0,130.0,599.0,6.4186168560633,609.7022681706407,0.023355257947851094,0.381,0.0405414005522899,5,585.3807841650435,636.3261170927041,True,1.087029390621912,548.5335919979776,680.0788999487073,True,1.2398126748657075,446.3348902268941,834.2066623503789,True,1.8690151288112618
heteroscedastic,half_normal_2.0,quadratic_z,lofo_anchor,E1@100,E1,E1__R01__day1_1,100.0,80.0,3636.0,8.232033969022474,3753.1247085145956,0.0333945137251046,0.27445,0.038741426637148385,5,3618.367810796157,3900.9260703688083,True,1.0780899771243764,3413.1324362160753,4146.3715718483745,True,1.214828797104983,2901.32203749195,4941.34656830998,True,1.7031361925550086
heteroscedastic,half_normal_2.0,quadratic_z,lofo_anchor,E1@100,E1,E1__R01__day1_1,100.0,90.0,2288.0,7.741607801584428,2298.7899887125,0.0061744490847397415,0.4485,0.038741426637148385,5,2223.159611753395,2381.9888557508893,True,1.0714430233249095,2090.9135126742453,2536.985544603896,True,1.2133383467205832,1778.9766553804832,3029.2816422469737,True,1.702822593587704
heteroscedastic,half_normal_2.0,quadratic_z,lofo_anchor,E1@100,E1,E1__R01__day1_1,100.0,110.0,1073.0,6.969153480545929,1061.211741581193,-0.009060262084769732,0.6088,0.038741426637148385,5,1026.7723429675136,1099.4250421679737,True,1.0707583328457055,966.9952292325835,1172.1193303659768,True,1.2121252462601928,824.3842522376599,1410.9585995306602,True,1.711530267227737
heteroscedastic,half_normal_2.0,quadratic_z,lofo_anchor,E1@100,E1,E1__R01__day1_1,100.0,120.0,780.0,6.6699995660187295,786.8416711854111,0.010705646335091856,0.423,0.038741426637148385,5,760.4461818738373,815.9410534305043,True,1.0729767245591535,715.7414869842634,866.0786871640915,True,1.210043993416206,608.7099335214006,1020.7774085507862,True,1.6769521118959996
heteroscedastic,half_normal_2.0,quadratic_z,lofo_anchor,E1@100,E1,E1__R01__day1_1,100.0,130.0,599.0,6.419419367650153,612.042562353435,0.024157769534704165,0.35365,0.038741426637148385,5,588.2649169408052,638.2779570727763,True,1.0850178868256457,554.7313910456862,678.4861993632302,True,1.2230896075382758,469.21971106816426,795.6274285923159,True,1.6956393983984486
heteroscedastic,half_normal_2.0,quadratic_z,lofo_anchor,E1@110,E1,E1__R01__day1_1,110.0,80.0,3636.0,8.243715307184498,3793.2703072305653,0.04507585188712859,0.23105,0.0411291780176694,5,3652.831345451282,3943.1437368652346,False,1.0794759910762008,3421.9396353422962,4218.905403699846,True,1.2328988390462443,2850.775034649198,5158.340022348692,True,1.8094518015811978
heteroscedastic,half_normal_2.0,quadratic_z,lofo_anchor,E1@110,E1,E1__R01__day1_1,110.0,90.0,2288.0,7.753568015497746,2323.7149028021545,0.018134662998057216,0.36205,0.0411291780176694,5,2240.0492156107653,2407.4988058474264,True,1.0747526389463746,2098.046970148,2575.003898174965,True,1.227333770317506,1723.2532093944149,3121.5857520700283,True,1.8114492606498702
heteroscedastic,half_normal_2.0,quadratic_z,lofo_anchor,E1@110,E1,E1__R01__day1_1,110.0,100.0,1512.0,7.335738495889715,1530.6456881287775,0.014549939150237279,0.38345,0.0411291780176694,5,1475.8048552515188,1587.2710483295684,True,1.075529086844651,1384.4108142205084,1702.4482758558868,True,1.229727663471373,1147.0186394731347,2116.9735537448705,True,1.8456313445065455
heteroscedastic,half_normal_2.0,quadratic_z,lofo_anchor,E1@110,E1,E1__R01__day1_1,110.0,120.0,780.0,6.6816196362523055,795.2351390810842,0.022325716568667886,0.3355,0.0411291780176694,5,767.1684144245062,825.3086913344638,True,1.0757855456726169,719.3319735954423,883.3637888448461,True,1.2280335384363945,598.2435673492162,1088.4100096130833,True,1.8193426039426839
heteroscedastic,half_normal_2.0,quadratic_z,lofo_anchor,E1@110,E1,E1__R01__day1_1,110.0,130.0,599.0,6.43062645929444,618.8985724269938,0.035364861178990736,0.28845,0.0411291780176694,5,594.7934753558291,645.606396358661,True,1.085429519838686,557.8346714429459,691.2347661489342,True,1.2391391240722336,459.01987127412866,848.7885175026671,True,1.8491324028012874
heteroscedastic,half_normal_2.0,quadratic_z,lofo_anchor,E1@120,E1,E1__R01__day1_1,120.0,80.0,3636.0,8.22177891797411,3722.5670029326075,0.023139462676740052,0.3235,0.03992480857202791,5,3581.798842917835,3861.8017492276767,True,1.0781738223137465,3363.443370332406,4107.371596098523,True,1.2211805414439294,2775.705719682322,4937.173203517446,True,1.7787091652073632
heteroscedastic,half_normal_2.0,quadratic_z,lofo_anchor,E1@120,E1,E1__R01__day1_1,120.0,90.0,2288.0,7.731695939901675,2278.63673976123,-0.003737412598013634,0.5347,0.03992480857202791,5,2195.2066961722244,2361.292157701486,True,1.0756582338323148,2059.0457085212242,2511.95518134748,True,1.219960863885595,1727.8255535267622,3009.406397921405,True,1.74173046102874
heteroscedastic,half_normal_2.0,quadratic_z,lofo_anchor,E1@120,E1,E1__R01__day1_1,120.0,100.0,1512.0,7.313909172966442,1499.7914048464916,-0.007279383773036052,0.5669,0.03992480857202791,5,1445.4665115881762,1554.7565491939984,True,1.075608834054372,1358.1516126972967,1656.5387667314671,True,1.219700916484259,1143.8831614361025,2008.2430899565502,True,1.7556365524563506
heteroscedastic,half_normal_2.0,quadratic_z,lofo_anchor,E1@120,E1,E1__R01__day1_1,120.0,110.0,1073.0,6.959248024688849,1052.1138080311432,-0.018965717941849647,0.6673,0.03992480857202791,5,1014.7789502424371,1088.420612407174,True,1.0725691660702497,951.5917945410873,1158.5644104741355,True,1.2175014718709953,797.3590685783396,1391.248431578334,True,1.744820478506473
heteroscedastic,half_normal_2.0,quadratic_z,lofo_anchor,E1@120,E1,E1__R01__day1_1,120.0,130.0,599.0,6.408824549310154,606.625073613799,0.013562951194704631,0.39485,0.03992480857202791,5,585.1052334961673,629.5769822255198,True,1.07600641078464,550.7553273284835,669.8745369372816,True,1.2162833543283234,455.7451240511574,809.9953549455026,True,1.7772990037619814
heteroscedastic,half_normal_2.0,quadratic_z,lofo_anchor,E1@130,E1,E1__R01__day1_1,130.0,80.0,3636.0,8.211712874784324,3678.25885922931,0.013073419486953952,0.4162,0.03954178021500432,5,3531.957463953652,3816.1906690670967,True,1.080474696542714,3312.427130703213,4073.553978043832,True,1.2297791973401193,2780.633565275997,4913.180462504137,True,1.7669284165518835
heteroscedastic,half_normal_2.0,quadratic_z,lofo_anchor,E1@130,E1,E1__R01__day1_1,130.0,90.0,2288.0,7.721317045883536,2249.0130438561396,-0.014116306616152485,0.61435,0.03954178021500432,5,2156.902252480157,2342.9272120176706,True,1.0862463560059847,2020.0051145190698,2497.5695904589334,True,1.2364174588011199,1702.9805269436722,3076.9824594076126,True,1.8068218694959786
heteroscedastic,half_normal_2.0,quadratic_z,lofo_anchor,E1@130,E1,E1__R01__day1_1,130.0,100.0,1512.0,7.303302603577798,1481.6801595485122,-0.017885953161679957,0.63115,0.03954178021500432,5,1419.901530767445,1544.6111987782685,True,1.0878298003830018,1333.0500698254132,1649.691912577546,True,1.2375318451418729,1112.6675902493773,2011.529838556507,True,1.8078443698586308
heteroscedastic,half_normal_2.0,quadratic_z,lofo_anchor,E1@130,E1,E1__R01__day1_1,130.0,110.0,1073.0,6.9484870699049495,1039.3441912782785,-0.029726672725749026,0.71305,0.03954178021500432,5,997.7286069617496,1080.5001706016174,True,1.082959998402693,934.4918860981671,1155.216580811889,True,1.2361975507731,786.3699117865373,1418.4966351651508,True,1.8038541580800034
heteroscedastic,half_normal_2.0,quadratic_z,lofo_anchor,E1@130,E1,E1__R01__day1_1,130.0,120.0,780.0,6.648970755215877,770.2314839395739,-0.010323164467760826,0.60755,0.03954178021500432,5,742.0818530619638,798.3055289583575,True,1.0757647901837306,695.0532056358055,853.4466689570152,True,1.2278868179254248,580.7067280307498,1051.4737138581922,True,1.8106794068390997
heteroscedastic,half_normal_2.0,quadratic_z,lofo_anchor,E2@80,E2,E2__R01__day1_0,80.0,90.0,5527.0,8.730594694454254,5925.1467619945015,0.11319424262099176,0.045,0.012503951178100233,2,5848.804581921617,6010.442072921184,False,1.0276359876168855,5730.147098495798,6292.9017978141255,False,1.098209468211742,5168.262761791309,13328.875977692924,True,2.5789857427978693
heteroscedastic,half_normal_2.0,quadratic_z,lofo_anchor,E2@80,E2,E2__R01__day1_0,80.0,100.0,3705.0,8.321036306450466,3935.7341742673207,0.10359776872027915,0.05375,0.012503951178100233,2,3878.492882092302,3997.017941730393,False,1.0305595661101616,3799.1222568854687,4191.062095495595,False,1.1031658925689427,3455.6345283119304,8763.051212110253,True,2.535873264465552
heteroscedastic,half_normal_2.0,quadratic_z,lofo_anchor,E2@80,E2,E2__R01__day1_0,80.0,110.0,2622.0,7.9641553096165705,2755.2507159536253,0.09246264529292514,0.0668,0.012503951178100233,2,2712.9244895959364,2799.1223788515317,False,1.0317730514012329,2658.6124683861008,2935.5064533998147,False,1.1041498105896574,2428.5566667957373,6088.690529488794,True,2.5071231043261077
heteroscedastic,half_normal_2.0,quadratic_z,lofo_anchor,E2@80,E2,E2__R01__day1_0,80.0,120.0,1955.0,7.65360449386204,2019.6087256992948,0.07545902144257344,0.11955,0.012503951178100233,2,1987.9776792729358,2051.810814652699,False,1.0321095835457816,1946.0802305375523,2146.70214080981,True,1.103090256570173,1763.7336978506385,4419.86964029181,True,2.50597334828838
heteroscedastic,half_normal_2.0,quadratic_z,lofo_anchor,E2@80,E2,E2__R01__day1_0,80.0,130.0,1536.0,7.383891620687199,1542.0737209780505,0.04695470697958104,0.4307,0.012503951178100233,2,1517.4480874692579,1567.1614315570212,True,1.0327611497871227,1485.8288653568618,1644.714747661394,True,1.106934173920744,1355.9609339104725,3438.486807359361,True,2.5358302893307307
heteroscedastic,half_normal_2.0,quadratic_z,lofo_anchor,E2@80,E2,E2__R02__day1_0,80.0,90.0,11540.0,9.373075191819252,11745.924012757669,0.01950065175716098,0.1965,0.012503951178100233,2,11593.853684806185,11890.071843461179,False,1.0255495857294792,11351.542905724125,12167.238358692259,True,1.071857672542189,10227.25089165411,13942.783948914188,True,1.3632973412524882
heteroscedastic,half_normal_2.0,quadratic_z,lofo_anchor,E2@80,E2,E2__R02__day1_0,80.0,100.0,7544.0,8.963516803815462,7801.200307012906,0.035008979502169524,0.11055,0.012503951178100233,2,7689.510635850347,7907.811556242437,False,1.0283894425445383,7520.447250307757,8090.7028163757395,True,1.0758273473754698,6796.149933506887,9118.01971087249,True,1.3416448724767163
heteroscedastic,half_normal_2.0,quadratic_z,lofo_anchor,E2@80,E2,E2__R02__day1_0,80.0,110.0,5710.0,8.606635806981567,5460.760461151062,-0.043338495668489685,0.9173,0.012503951178100233,2,5375.25728056734,5538.8884456514725,False,1.0304415503376356,5256.373735602525,5670.57191087396,False,1.07879922473282,4718.524502087349,6429.948445191348,True,1.3627032014662446
heteroscedastic,half_normal_2.0,quadratic_z,lofo_anchor,E2@80,E2,E2__R02__day1_0,80.0,120.0,4017.0,8.296084991227035,4002.0552435329614,-0.002205643132247914,0.57265,0.012503951178100233,2,3938.242563844192,4059.3332756107397,True,1.0307473980597959,3846.590063274611,4155.745945026699,True,1.080371413814994,3500.8892943155433,4746.8429899433895,True,1.3558963425809905
heteroscedastic,half_normal_2.0,quadratic_z,lofo_anchor,E2@80,E2,E2__R02__day1_0,80.0,130.0,3302.0,8.026372118052194,3056.480356807891,-0.0759115064278788,0.94925,0.012503951178100233,2,3006.3986409861604,3101.1757401131545,False,1.0315251270523143,2938.4197003175577,3175.06453474605,False,1.0805347290596092,2656.3144926145046,3599.569854754713,True,1.3550992793823144
heteroscedastic,half_normal_2.0,quadratic_z,lofo_anchor,E2@80,E2,E2__R02__day1_1,80.0,90.0,15300.0,9.630249274830085,15299.692967688301,-0.005358832550442116,0.50075,0.012503951178100233,2,15095.365069814376,15483.364188264582,True,1.0257031954282494,14739.994532603761,15815.285805940955,True,1.0729505883437562,13025.141289074825,17294.232621777777,True,1.3277577753635394
heteroscedastic,half_normal_2.0,quadratic_z,lofo_anchor,E2@80,E2,E2__R02__day1_1,80.0,100.0,10330.0,9.220690886826295,10158.794489997299,-0.022116675287389143,0.791,0.012503951178100233,2,10010.151123372982,10293.12878712619,False,1.028269070093505,9782.607727591883,10517.332808441593,True,1.0751052379190689,8680.590577135732,11548.673329665871,True,1.330401800090023
heteroscedastic,half_normal_2.0,quadratic_z,lofo_anchor,E2@80,E2,E2__R02__day1_1,80.0,110.0,6671.0,8.8638098899924,7110.433181011515,0.05828483728288347,0.05835,0.012503951178100233,2,7000.141243919036,7208.384718282752,False,1.0297484675105113,6839.900018532421,7370.110493130483,False,1.0775172843406304,6092.875385891965,8061.106687495914,True,1.3230381678511565
heteroscedastic,half_normal_2.0,quadratic_z,lofo_anchor,E2@80,E2,E2__R02__day1_1,80.0,120.0,4863.0,8.55325907423787,5211.668481595373,0.0638482638340836,0.0555,0.012503951178100233,2,5130.020998244946,5283.197961233563,False,1.029858934893448,5011.638062353933,5393.431474569429,False,1.0761813617554359,4433.389275825882,5897.7458083582715,True,1.3303018168328113
heteroscedastic,half_normal_2.0,quadratic_z,lofo_anchor,E2@80,E2,E2__R02__day1_1,80.0,130.0,3845.0,8.283546201063029,3979.5353218019204,0.02901731912328387,0.12075,0.012503951178100233,2,3916.0277525100264,4034.882138679417,False,1.0303507517517487,3823.657203655088,4118.7014021821215,True,1.077162826794462,3423.3321418285427,4491.543213163858,True,1.3120383962406699
heteroscedastic,half_normal_2.0,quadratic_z,lofo_anchor,E2@80,E2,E2__R03__day1_0,80.0,90.0,15560.0,9.73790695285501,17093.869946475857,0.08544815512262716,0.0491,0.012503951178100233,2,16857.812362097317,17297.825756012688,False,1.02610145281393,16407.09404322306,17653.514730875497,False,1.0759684002766638,13787.502572798083,19322.820737933947,True,1.4014735907325753
heteroscedastic,half_normal_2.0,quadratic_z,lofo_anchor,E2@80,E2,E2__R03__day1_0,80.0,100.0,10360.0,9.32834856485122,11350.752569035167,0.08264104903774694,0.05175,0.012503951178100233,2,11176.90763693222,11504.465433762625,False,1.0293066568563245,10877.734689653153,11757.785477529853,False,1.0809038658309804,9169.395828473966,12912.086563459901,True,1.4081720110024762
heteroscedastic,half_normal_2.0,quadratic_z,lofo_anchor,E2@80,E2,E2__R03__day1_0,80.0,110.0,7895.0,8.971467568017326,7944.763258893046,-0.0025173586724172026,0.3833,0.012503951178100233,2,7817.003964867029,8053.9747655787805,True,1.0303147857896453,7607.372473142492,8225.294224658574,True,1.081226698666015,6357.543073304705,9044.313782660729,True,1.422611483457778
heteroscedastic,half_normal_2.0,quadratic_z,lofo_anchor,E2@80,E2,E2__R03__day1_0,80.0,120.0,6977.0,8.660916752262795,5823.773001048985,-0.1894575516764423,0.9818,0.012503951178100233,2,5727.841923134919,5906.106153140492,False,1.031122407426357,5577.374306858322,6032.354401829743,False,1.081576037385898,4717.921087622049,6633.678722134004,False,1.4060597027657251
heteroscedastic,half_normal_2.0,quadratic_z,lofo_anchor,E2@80,E2,E2__R03__day1_0,80.0,130.0,5128.0,8.391203879087954,4447.145903167413,-0.15126711951255167,0.9789,0.012503951178100233,2,4369.8964526715345,4511.74554830752,False,1.032460516438385,4248.064888441718,4604.192295095475,False,1.083832854724682,3555.879744938036,5016.76388317325,False,1.410836204546808
heteroscedastic,half_normal_2.0,quadratic_z,lofo_anchor,E2@90,E2,E2__R01__day1_0,90.0,80.0,9462.0,9.143131842072226,8853.371672021403,-0.011907214118867415,0.8978,0.013117512399754271,2,8741.801320882343,8998.461607355259,False,1.0293601143576447,8552.460321044276,9484.96758270984,True,1.1090338015799999,7717.460910108071,23745.709627110376,True,3.076881101659879
heteroscedastic,half_normal_2.0,quadratic_z,lofo_anchor,E2@90,E2,E2__R01__day1_0,90.0,100.0,3705.0,8.264082701606938,3675.97439057113,0.046644163876750966,0.6653,0.013117512399754271,2,3632.23151766793,3732.3096470002383,True,1.0275527947063692,3556.521235129728,3954.4280042510763,True,1.1118808922581433,3205.122056707179,10062.3904101673,True,3.1394718304441165
heteroscedastic,half_normal_2.0,quadratic_z,lofo_anchor,E2@90,E2,E2__R01__day1_0,90.0,110.0,2622.0,7.907219484729444,2573.3204654789192,0.035526820405798354,0.77665,0.013117512399754271,2,2539.5076067450073,2613.003639436317,False,1.0289410563276524,2487.9259173373107,2761.6791353100016,True,1.1100327047783134,2237.3384754311223,6967.606685901161,True,3.1142389774343564
heteroscedastic,half_normal_2.0,quadratic_z,lofo_anchor,E2@90,E2,E2__R01__day1_0,90.0,120.0,1955.0,7.596667772556044,1886.6422896256977,0.01852230013657774,0.85095,0.013117512399754271,2,1860.2901805320796,1916.0284040627348,False,1.0299621124241558,1820.8412135471988,2031.6592439756478,True,1.1157805682669892,1645.4850535240441,5397.8804302112785,True,3.280418997821303
heteroscedastic,half_normal_2.0,quadratic_z,lofo_anchor,E2@90,E2,E2__R01__day1_0,90.0,130.0,1536.0,7.326938006044167,1440.7749815271907,-0.009998907663450574,0.89305,0.013117512399754271,2,1418.2154489182296,1464.52381694891,False,1.032652562109659,1388.0865987658315,1551.057395474361,True,1.1174067935339405,1253.9027903279668,3872.010231841821,True,3.0879668357936025
heteroscedastic,half_normal_2.0,quadratic_z,lofo_anchor,E2@90,E2,E2__R02__day1_0,90.0,80.0,18780.0,9.827694100333579,18454.47069305034,-0.012853652428674422,0.78025,0.013117512399754271,2,18221.324892886416,18723.76453676772,False,1.0275742651445428,17765.30341565977,19252.110431906676,True,1.0836916196396802,15745.904401270223,23611.962910152335,True,1.4995621914386548
heteroscedastic,half_normal_2.0,quadratic_z,lofo_anchor,E2@90,E2,E2__R02__day1_0,90.0,100.0,7544.0,8.948644959868291,7666.647157170028,0.02013713555499841,0.21105,0.013117512399754271,2,7570.616670074763,7761.269582344013,False,1.0251832737777975,7384.966447826336,7988.812814521694,True,1.0817669749702237,6556.110291254151,9793.182805621269,True,1.4937489411496587
heteroscedastic,half_normal_2.0,quadratic_z,lofo_anchor,E2@90,E2,E2__R02__day1_0,90.0,110.0,5710.0,8.591781742990797,5365.881438430202,-0.0581925596592594,0.9293,0.013117512399754271,2,5292.7724750212465,5433.726005104598,False,1.0266313223832253,5167.950751160363,5585.722334268698,False,1.0808389249867625,4572.618699993879,6848.370694270358,True,1.4976911795159138
heteroscedastic,half_normal_2.0,quadratic_z,lofo_anchor,E2@90,E2,E2__R02__day1_0,90.0,120.0,4017.0,8.2812300308174,3933.086656355173,-0.01706060354188388,0.82335,0.013117512399754271,2,3876.3536816310934,3984.570776955692,False,1.0279172398115806,3782.125371427638,4098.081505555547,True,1.0835393074261428,3353.821770498828,5082.072095125591,True,1.5153077422983372
heteroscedastic,half_normal_2.0,quadratic_z,lofo_anchor,E2@90,E2,E2__R02__day1_0,90.0,130.0,3302.0,8.011500264305523,3003.2814687267255,-0.0907833601745498,0.9477,0.013117512399754271,2,2955.2077047466655,3047.447876591827,False,1.0312127542497285,2882.178674695351,3134.227469033503,False,1.0874507873335764,2512.5523337289956,3831.5738261824677,True,1.5249727437501175
heteroscedastic,half_normal_2.0,quadratic_z,lofo_anchor,E2@90,E2,E2__R02__day1_1,90.0,80.0,24470.0,10.095896429611082,24451.475246747,-0.009306726825634826,0.51795,0.013117512399754271,2,24148.680519751637,24773.66274393925,True,1.0258805951603205,23487.002527657176,25356.738409168585,True,1.0796072584958296,19884.936815807057,27828.055586073802,True,1.3994540613250805
heteroscedastic,half_normal_2.0,quadratic_z,lofo_anchor,E2@90,E2,E2__R02__day1_1,90.0,100.0,10330.0,9.216847289145791,10158.123477457619,-0.02596027296789316,0.8081,0.013117512399754271,2,10027.440982839675,10275.01168688974,False,1.0246893204830367,9755.182675657015,10514.390160687848,True,1.0778260654129368,8286.090524815329,11573.657094718938,True,1.3967572596579712
heteroscedastic,half_normal_2.0,quadratic_z,lofo_anchor,E2@90,E2,E2__R02__day1_1,90.0,110.0,6671.0,8.859984072268297,7107.954319911258,0.05445901955878085,0.06815,0.013117512399754271,2,7009.3118272011225,7191.191933093156,False,1.0259483541859573,6813.991686644446,7352.944728769327,False,1.0790950542515687,5764.128178271761,8089.101059908357,True,1.4033520438356535
heteroscedastic,half_normal_2.0,quadratic_z,lofo_anchor,E2@90,E2,E2__R02__day1_1,90.0,120.0,4863.0,8.549432360094901,5211.819998049777,0.06002154969111473,0.06355,0.013117512399754271,2,5134.477487320597,5275.270399353831,False,1.0274210788499738,5002.554896995448,5393.841645614902,False,1.0782173822529089,4184.029965331925,5919.737911038393,True,1.4148411842382136
heteroscedastic,half_normal_2.0,quadratic_z,lofo_anchor,E2@90,E2,E2__R02__day1_1,90.0,130.0,3845.0,8.279702593583023,3978.56712368679,0.025173711643278196,0.12605,0.013117512399754271,2,3914.3199938614594,4033.9628864069446,False,1.0305654347966215,3811.4929576694917,4126.751122561966,True,1.0827125140709264,3239.821269884672,4513.513841404894,True,1.3931366780506267
heteroscedastic,half_normal_2.0,quadratic_z,lofo_anchor,E2@90,E2,E2__R03__day1_0,90.0,80.0,27350.0,10.113509332424337,24870.88922678457,-0.10296247542578918,0.9624,0.013117512399754271,2,24542.601329277695,25194.459036809156,False,1.0265602532830878,23830.050233815095,25801.18285469277,False,1.082716259577188,19861.230473673466,28470.994623361265,True,1.4334960092779874
heteroscedastic,half_normal_2.0,quadratic_z,lofo_anchor,E2@90,E2,E2__R03__day1_0,90.0,100.0,10360.0,9.234460191959052,10331.413314942702,-0.01124732385442151,0.5764,0.013117512399754271,2,10192.753324483301,10452.844459185497,True,1.025517259804321,9913.707601648164,10696.115586744438,True,1.0789218339429536,8253.345777171144,11878.896885670316,True,1.4392825899197743
heteroscedastic,half_normal_2.0,quadratic_z,lofo_anchor,E2@90,E2,E2__R03__day1_0,90.0,110.0,7895.0,8.877596975081557,7228.707080945543,-0.09638795160818603,0.96035,0.013117512399754271,2,7126.711241690436,7314.726229773846,False,1.0263817322895792,6927.988726553625,7488.935179986092,False,1.0809681533231237,5796.421711732787,8362.32337493356,True,1.4426699420449376
heteroscedastic,half_normal_2.0,quadratic_z,lofo_anchor,E2@90,E2,E2__R03__day1_0,90.0,120.0,6977.0,8.56704526290816,5299.090742456603,-0.28332904103107737,0.9893,0.013117512399754271,2,5219.318271146859,5365.121044724639,False,1.0279352141416245,5071.159077628931,5490.502937553437,False,1.082691915892446,4255.279027703703,6040.572675534896,False,1.4195479629439482
heteroscedastic,half_normal_2.0,quadratic_z,lofo_anchor,E2@90,E2,E2__R03__day1_0,90.0,130.0,5128.0,8.297315496396282,4045.7917153504695,-0.24515550220422355,0.98625,0.013117512399754271,2,3980.362581350752,4104.033807213112,False,1.0310703417929308,3871.0511995693614,4203.253260220804,False,1.0858170154629827,3239.534301850258,4650.891228806193,False,1.4356666099043431
heteroscedastic,half_normal_2.0,quadratic_z,lofo_anchor,E2@100,E2,E2__R01__day1_0,100.0,80.0,9462.0,9.150894795583287,8939.596294713987,-0.004144260607805705,0.88575,0.013068834338397384,2,8817.592297169018,9100.154437003204,False,1.0320452715788306,8635.042878804428,9618.118776933632,True,1.11384725147599,7807.093673642385,22726.239239767372,True,2.9109730444882045
heteroscedastic,half_normal_2.0,quadratic_z,lofo_anchor,E2@100,E2,E2__R01__day1_0,100.0,90.0,5527.0,8.681380380614721,5586.288403755415,0.06397992878145864,0.25725,0.013068834338397384,2,5524.035842386076,5674.895530185855,True,1.0273096866320506,5403.337591463679,6005.247176433761,True,1.1113958872236658,4883.512867500582,14015.893639554704,True,2.8700433519545827
heteroscedastic,half_normal_2.0,quadratic_z,lofo_anchor,E2@100,E2,E2__R01__day1_0,100.0,110.0,2622.0,7.914951771847918,2596.43216994338,0.04325910752427298,0.6959,0.013068834338397384,2,2566.04763860998,2634.796914780693,True,1.0267918939369163,2514.120097660545,2797.6620218226844,True,1.1127797850333334,2300.8039952675535,6774.995406175838,True,2.9446208456309613
heteroscedastic,half_normal_2.0,quadratic_z,lofo_anchor,E2@100,E2,E2__R01__day1_0,100.0,120.0,1955.0,7.604345297051271,1903.9048991118184,0.026199824631804702,0.8228,0.013068834338397384,2,1879.4225795422874,1932.1636404631076,False,1.0280623748458235,1838.8271109241082,2046.2235960021471,True,1.1127873761736151,1660.831764018511,4627.297961103039,True,2.7861328650813695
heteroscedastic,half_normal_2.0,quadratic_z,lofo_anchor,E2@100,E2,E2__R01__day1_0,100.0,130.0,1536.0,7.334544016112152,1454.2702471570203,-0.0023928975954659037,0.88265,0.013068834338397384,2,1432.7576292051076,1478.2687101714002,False,1.0317646753635101,1401.7346804036558,1567.3061495000368,True,1.1181189788703105,1275.8421300320333,3768.77658870226,True,2.953952138739638
heteroscedastic,half_normal_2.0,quadratic_z,lofo_anchor,E2@100,E2,E2__R02__day1_0,100.0,80.0,18780.0,9.80834551788578,18167.80731885527,-0.03220223487647367,0.87965,0.013068834338397384,2,17923.05181638325,18447.54558577928,False,1.0292636418601768,17483.561897350457,18896.65120496612,True,1.0808238799343177,15547.872651161357,21342.94154309509,True,1.3727242319225497
heteroscedastic,half_normal_2.0,quadratic_z,lofo_anchor,E2@100,E2,E2__R02__day1_0,100.0,90.0,11540.0,9.338831102917215,11360.65708099469,-0.014743437144876026,0.7842,0.013068834338397384,2,11234.34601070698,11504.422817941813,False,1.0240402785331193,10964.252135128634,11782.156990336049,True,1.074597413952832,9797.706106794843,13450.109900152102,True,1.372781521873193
heteroscedastic,half_normal_2.0,quadratic_z,lofo_anchor,E2@100,E2,E2__R02__day1_0,100.0,110.0,5710.0,8.57240249415041,5280.7599515416005,-0.07757180849964662,0.95165,0.013068834338397384,2,5219.115779068209,5342.32101799735,False,1.023606534927481,5087.494912743008,5473.055568202395,False,1.0757859540053094,4563.025270143863,6217.680046034764,True,1.3626223125954182
heteroscedastic,half_normal_2.0,quadratic_z,lofo_anchor,E2@100,E2,E2__R02__day1_0,100.0,120.0,4017.0,8.261796019353763,3871.4377397318785,-0.03649461500551965,0.9007,0.013068834338397384,2,3822.0459091198386,3919.3081501238457,False,1.0254476904036993,3731.7841752055156,4016.174720003562,False,1.0762076613882379,3324.8226494788664,4584.056978358309,True,1.378737292672382
heteroscedastic,half_normal_2.0,quadratic_z,lofo_anchor,E2@100,E2,E2__R02__day1_0,100.0,130.0,3302.0,7.991994738414643,2956.203576577885,-0.11028888606542964,0.9639,0.013068834338397384,2,2913.1027353411437,2998.140966386848,False,1.0291916347521968,2843.4693536531,3074.3981493438396,False,1.0812137452419024,2552.5376247723493,3483.563657421273,True,1.364745272944589
heteroscedastic,half_normal_2.0,quadratic_z,lofo_anchor,E2@100,E2,E2__R02__day1_1,100.0,80.0,24470.0,10.114549945669124,24854.784127612027,0.009346789232406394,0.2315,0.013068834338397384,2,24510.376663835978,25218.571746341957,False,1.0288936841819691,23839.61637836981,25814.31423700275,True,1.0828326189185085,20381.392545633276,28393.512203129594,True,1.3931095306445545
heteroscedastic,half_normal_2.0,quadratic_z,lofo_anchor,E2@100,E2,E2__R02__day1_1,100.0,90.0,15300.0,9.64503553070056,15551.814303537865,0.009427423320033768,0.2083,0.013068834338397384,2,15363.86754752828,15739.902448975668,False,1.0244752761818676,14942.302281029104,16114.210909960593,True,1.0784289199141257,12808.97597068748,17681.887602927436,True,1.3804294459909443
heteroscedastic,half_normal_2.0,quadratic_z,lofo_anchor,E2@100,E2,E2__R02__day1_1,100.0,110.0,6671.0,8.878606921933756,7228.6116511365,0.07308186922423943,0.05735,0.013068834338397384,2,7137.5481874140805,7307.182459957853,False,1.023766462668917,6937.941789072465,7468.367815065764,False,1.0764529369255795,5848.612816514909,8233.386643657186,True,1.4077503336189938
heteroscedastic,half_normal_2.0,quadratic_z,lofo_anchor,E2@100,E2,E2__R02__day1_1,100.0,120.0,4863.0,8.56800044713711,5298.763344251481,0.07858963673332298,0.0507,0.013068834338397384,2,5226.1907268694395,5362.300563500966,False,1.0260437943704857,5079.038460420173,5487.203965698851,False,1.0803627514261651,4376.149123830875,6019.895429696742,True,1.375614783535286
heteroscedastic,half_normal_2.0,quadratic_z,lofo_anchor,E2@100,E2,E2__R02__day1_1,100.0,130.0,3845.0,8.298199166197989,4045.261114555162,0.04367028425824415,0.08515,0.013068834338397384,2,3982.1506473458453,4101.283813657918,False,1.029916790413611,3875.2013878129487,4196.709635096382,False,1.0829655584596296,3304.8801076564177,4619.289082081372,True,1.397717596889479
heteroscedastic,half_normal_2.0,quadratic_z,lofo_anchor,E2@100,E2,E2__R03__day1_0,100.0,80.0,27350.0,10.115767866155084,24931.10670498939,-0.10070394169504304,0.9632,0.013068834338397384,2,24583.718146077405,25307.08870879993,False,1.0294247826315055,23884.118653035053,25889.83981527492,False,1.0839771896705508,20092.201300661585,28582.763414271405,True,1.422579984470405
heteroscedastic,half_normal_2.0,quadratic_z,lofo_anchor,E2@100,E2,E2__R03__day1_0,100.0,90.0,15560.0,9.64625345118652,15593.445549120044,-0.006205346545861801,0.4383,0.013068834338397384,2,15403.348678843233,15782.24182116234,True,1.0245981020243684,14958.557221553436,16141.857270248393,True,1.079105225936494,12479.688758583039,17704.2990883675,True,1.4186490890000107
heteroscedastic,half_normal_2.0,quadratic_z,lofo_anchor,E2@100,E2,E2__R03__day1_0,100.0,110.0,7895.0,8.879824842419715,7248.428837297657,-0.09416008427002787,0.95955,0.013068834338397384,2,7154.010545911507,7330.426797336988,False,1.0246597695507036,6945.9891108615575,7499.670016219434,False,1.0797123198036802,5746.722326041989,8371.38168219583,True,1.4567228425601615
heteroscedastic,half_normal_2.0,quadratic_z,lofo_anchor,E2@100,E2,E2__R03__day1_0,100.0,120.0,6977.0,8.569218367623069,5312.277843530263,-0.28115593631616775,0.98945,0.013068834338397384,2,5239.14962219502,5375.800047231416,False,1.0260825582185118,5092.042928685968,5499.652813255088,False,1.0800483990959415,4234.767460622407,6031.844587606768,False,1.4243626465194938
heteroscedastic,half_normal_2.0,quadratic_z,lofo_anchor,E2@100,E2,E2__R03__day1_0,100.0,130.0,5128.0,8.29941708668395,4056.111818343612,-0.24305391191655445,0.9874,0.013068834338397384,2,3993.090862486306,4112.184432413143,False,1.029824908580388,3875.8201683086068,4206.494144697342,False,1.0853171617952129,3213.4174526042707,4623.748829671006,False,1.4388883168365663
heteroscedastic,half_normal_2.0,quadratic_z,lofo_anchor,E2@110,E2,E2__R01__day1_0,110.0,80.0,9462.0,9.15896673103347,9039.427138471425,0.0039276748423766605,0.8705,0.012714046319445033,2,8911.522541687047,9208.05247354803,False,1.0332748899499329,8723.98304549512,9692.083478556726,True,1.110970003954961,7924.531173275057,22452.50351397885,True,2.8332910834773912
heteroscedastic,half_normal_2.0,quadratic_z,lofo_anchor,E2@110,E2,E2__R01__day1_0,110.0,90.0,5527.0,8.689453709415544,5649.357963174135,0.0720532575822812,0.14845,0.012714046319445033,2,5584.025485370066,5741.253803192715,False,1.0281568051998653,5462.782149252667,6051.830439298732,True,1.107829357633573,4952.324548350513,13589.524186001263,True,2.7440697905244456
heteroscedastic,half_normal_2.0,quadratic_z,lofo_anchor,E2@110,E2,E2__R01__day1_0,110.0,100.0,3705.0,8.279941339301077,3750.1033794755826,0.06250280157088994,0.2314,0.012714046319445033,2,3710.1662865619473,3808.0992351753407,False,1.0263958380970961,3637.441470646687,4030.513186304561,True,1.108062691545657,3314.9324350388047,9120.834191609036,True,2.7514389419228897
heteroscedastic,half_normal_2.0,quadratic_z,lofo_anchor,E2@110,E2,E2__R01__day1_0,110.0,120.0,1955.0,7.612512808118001,1924.6532593289278,0.03436733569853434,0.7567,0.012714046319445033,2,1902.6238506770708,1953.361316398615,False,1.026667102750493,1862.643477218799,2071.0823959397344,True,1.1119048928419548,1701.820272011647,4683.705863107231,True,2.75217421024773
heteroscedastic,half_normal_2.0,quadratic_z,lofo_anchor,E2@110,E2,E2__R01__day1_0,110.0,130.0,1536.0,7.34276555557067,1469.9116906444756,0.005828641863052653,0.8714,0.012714046319445033,2,1450.2642278189085,1493.690751179517,False,1.0299438699014998,1420.038495604152,1577.488092554271,True,1.1108769920234678,1293.0716620029043,3551.683451890549,True,2.746702720550821
heteroscedastic,half_normal_2.0,quadratic_z,lofo_anchor,E2@110,E2,E2__R02__day1_0,110.0,80.0,18780.0,9.88514892950065,19640.2333047858,0.044601176738396475,0.08185,0.012714046319445033,2,19369.7867951975,19951.679998049487,False,1.0300412807329538,18922.529511966386,20429.93028233411,False,1.0796616947757678,17012.089446216836,22816.282003938624,True,1.3411804632271396
heteroscedastic,half_normal_2.0,quadratic_z,lofo_anchor,E2@110,E2,E2__R02__day1_0,110.0,90.0,11540.0,9.415635907882722,12282.949735489405,0.062061367820630764,0.0554,0.012714046319445033,2,12140.857012057091,12443.615358165938,False,1.0249371478313414,11866.273300260986,12741.30210859698,False,1.0737408271488866,10609.766267364555,14217.148197981396,True,1.340005787093829
heteroscedastic,half_normal_2.0,quadratic_z,lofo_anchor,E2@110,E2,E2__R02__day1_0,110.0,100.0,7544.0,9.006123537768255,8157.2219356843025,0.07761571345496243,0.04465,0.012714046319445033,2,8067.615678886278,8253.928421416016,False,1.0230939040660223,7881.289355310932,8446.483045059553,False,1.0717133535222578,7072.945832487502,9498.72982120335,True,1.3429665723684352
heteroscedastic,half_normal_2.0,quadratic_z,lofo_anchor,E2@110,E2,E2__R02__day1_0,110.0,120.0,4017.0,8.33869500658518,4186.587728644915,0.04040437222589688,0.0843,0.012714046319445033,2,4136.0106841442,4234.758033971907,False,1.0238750229070406,4044.5400307441737,4335.371447157439,False,1.0719071672433798,3636.95396069452,4839.393498804174,True,1.33061720085124
heteroscedastic,half_normal_2.0,quadratic_z,lofo_anchor,E2@110,E2,E2__R02__day1_0,110.0,130.0,3302.0,8.068947754037849,3196.8346156017274,-0.03333587044222419,0.88725,0.012714046319445033,2,3153.584723893781,3237.812308881608,False,1.0267085213692404,3082.396136447561,3315.1247226908436,True,1.07550249090031,2763.743149209799,3683.1126417391906,True,1.3326537391118471
heteroscedastic,half_normal_2.0,quadratic_z,lofo_anchor,E2@110,E2,E2__R02__day1_1,110.0,80.0,24470.0,10.037002459471188,22937.21526917609,-0.06820069696552977,0.9447,0.012714046319445033,2,22609.29731780901,23299.542644713605,False,1.0305292693179322,22020.42622532199,23851.14039991853,False,1.0831370908021456,19500.44591362672,26375.631992014285,True,1.352565582799481
heteroscedastic,half_normal_2.0,quadratic_z,lofo_anchor,E2@110,E2,E2__R02__day1_1,110.0,90.0,15300.0,9.56748943785326,14344.634907958189,-0.06811866952726753,0.94755,0.012714046319445033,2,14173.974331352283,14532.698470127336,False,1.025308648822763,13819.235463420951,14861.334012779304,False,1.0754092765925258,12117.407226933537,16357.708998082651,True,1.34993474195735
heteroscedastic,half_normal_2.0,quadratic_z,lofo_anchor,E2@110,E2,E2__R02__day1_1,110.0,100.0,10330.0,9.157977067738795,9528.410509912557,-0.08483049437488965,0.9586,0.012714046319445033,2,9414.48257833578,9640.671228334368,False,1.0240256060932211,9171.863620805485,9862.654957395604,False,1.0753163550124234,8035.536630766392,10857.137001964355,True,1.3511402537068458
heteroscedastic,half_normal_2.0,quadratic_z,lofo_anchor,E2@110,E2,E2__R02__day1_1,110.0,120.0,4863.0,8.490548536555718,4889.214166909842,0.0011377261519314175,0.3615,0.012714046319445033,2,4827.690317195629,4944.093653343434,True,1.0241115996469763,4705.243198352695,5058.234569228967,True,1.0750208556700862,4110.676621245765,5589.94038192675,True,1.359858947073459
heteroscedastic,half_normal_2.0,quadratic_z,lofo_anchor,E2@110,E2,E2__R02__day1_1,110.0,130.0,3845.0,8.220801284008388,3732.8357321285416,-0.03372759793135671,0.88045,0.012714046319445033,2,3679.7294512173494,3781.4791589420565,False,1.0276514099945706,3586.8249901907925,3867.823010923476,True,1.0783417148874432,3175.1819687513034,4268.198466649516,True,1.3442374354147837
heteroscedastic,half_normal_2.0,quadratic_z,lofo_anchor,E2@110,E2,E2__R03__day1_0,110.0,80.0,27350.0,10.19816223493784,27136.0010276925,-0.018309572912286853,0.64235,0.012714046319445033,2,26749.02056995286,27558.1018606596,True,1.0302471370340782,26037.953032962338,28150.01980432854,True,1.0811149312963453,21359.701522260984,30888.34556090054,True,1.4461038010624279
heteroscedastic,half_normal_2.0,quadratic_z,lofo_anchor,E2@110,E2,E2__R03__day1_0,110.0,90.0,15560.0,9.728649213319912,16974.050662109967,0.07619041558752926,0.05495,0.012714046319445033,2,16762.084384922327,17187.03098429767,False,1.0253516561315958,16320.783595061062,17549.247996558894,False,1.075269939972097,13259.706469752986,19132.684259110058,True,1.4429191402354233
heteroscedastic,half_normal_2.0,quadratic_z,lofo_anchor,E2@110,E2,E2__R03__day1_0,110.0,100.0,10360.0,9.319136843205447,11273.685940192305,0.07342932739197394,0.05495,0.012714046319445033,2,11142.219153362495,11405.55510292603,False,1.0236340666019,10840.093337604247,11649.820857140096,False,1.0746974674772316,9074.245418328066,12877.562146713086,True,1.4191331127878821
heteroscedastic,half_normal_2.0,quadratic_z,lofo_anchor,E2@110,E2,E2__R03__day1_0,110.0,120.0,6977.0,8.65170831202237,5784.169490474219,-0.19866599191686696,0.98285,0.012714046319445033,2,5711.305332925182,5849.518365964468,False,1.0241999026461603,5557.718723558146,5972.796282972735,False,1.074684880624698,4559.633382959212,6601.683256483591,False,1.4478539614952735
heteroscedastic,half_normal_2.0,quadratic_z,lofo_anchor,E2@110,E2,E2__R03__day1_0,110.0,130.0,5128.0,8.38196105947504,4417.8913431147685,-0.16050993912546474,0.9779,0.012714046319445033,2,4353.216464554406,4475.579884975067,False,1.0281087378532614,4234.693226406368,4570.4120015574135,False,1.079278180780038,3474.1569108199087,5039.321316484097,False,1.4505163254974591
heteroscedastic,half_normal_2.0,quadratic_z,lofo_anchor,E2@120,E2,E2__R01__day1_0,120.0,80.0,9462.0,9.154507181074766,9188.869072353777,-0.0005318751163265745,0.83035,0.012982174218065832,2,9057.585294492734,9355.799940713443,False,1.0329242989742566,8865.198419612667,9709.978988142324,True,1.095291783504894,8089.967276578825,15234.543756798354,True,1.883140343583801
heteroscedastic,half_normal_2.0,quadratic_z,lofo_anchor,E2@120,E2,E2__R01__day1_0,120.0,90.0,5527.0,8.685054573479684,5743.974501576193,0.06765412164642193,0.08745,0.012982174218065832,2,5673.000989042232,5835.700705242976,False,1.0286796558849558,5551.009534133196,6039.494401850232,False,1.0879992845829822,5035.07208112511,9651.56908516027,True,1.9168681062860935
heteroscedastic,half_normal_2.0,quadratic_z,lofo_anchor,E2@120,E2,E2__R01__day1_0,120.0,100.0,3705.0,8.275561692929395,3813.7211138295434,0.0581231551992083,0.11455,0.012982174218065832,2,3769.3882490869346,3870.8485401200646,False,1.0269169117980106,3687.894176931096,4027.253720481936,True,1.092019870221233,3369.3982399148513,6174.139921921242,True,1.8324162008457834
heteroscedastic,half_normal_2.0,quadratic_z,lofo_anchor,E2@120,E2,E2__R01__day1_0,120.0,110.0,2622.0,7.918680270631128,2669.5087951375453,0.046987606307483,0.1789,0.012982174218065832,2,2639.3131829328213,2708.0322249790747,False,1.0260367138279105,2581.412044460645,2815.3044155287957,True,1.0906063685454832,2351.2195934421716,4389.407693196499,True,1.8668642033432667
heteroscedastic,half_normal_2.0,quadratic_z,lofo_anchor,E2@120,E2,E2__R01__day1_0,120.0,130.0,1536.0,7.338255241755469,1494.159595930641,0.0013183280478514803,0.8416,0.012982174218065832,2,1475.5816499559178,1514.9695284309237,False,1.0266931202866223,1442.7848789892596,1571.977800089844,True,1.0895441330041458,1299.986764065898,2416.067010268588,True,1.8585320074428964
heteroscedastic,half_normal_2.0,quadratic_z,lofo_anchor,E2@120,E2,E2__R02__day1_0,120.0,80.0,18780.0,9.845606046097242,18853.215010551532,0.005058293334988306,0.4287,0.012982174218065832,2,18579.41359252963,19175.520338279624,True,1.0320842605059224,18098.645610212305,19700.68373225443,True,1.088517017048953,15789.762292830364,22804.25160236833,True,1.4442428694903802
heteroscedastic,half_normal_2.0,quadratic_z,lofo_anchor,E2@120,E2,E2__R02__day1_0,120.0,90.0,11540.0,9.37615343850216,11789.548991231342,0.02257889844006833,0.17195,0.012982174218065832,2,11636.74102102169,11957.71738748438,False,1.0275830119345999,11335.335556305887,12272.268720672677,True,1.0826559707661738,9859.5622726377,14266.630551851897,True,1.446984172050387
heteroscedastic,half_normal_2.0,quadratic_z,lofo_anchor,E2@120,E2,E2__R02__day1_0,120.0,100.0,7544.0,8.966660557951869,7828.368865621143,0.03815273363857585,0.10665,0.012982174218065832,2,7729.978006506884,7932.676956396852,False,1.026222448462252,7523.829762392906,8143.191916101095,True,1.0823200648164593,6525.344540327499,9481.340836771771,True,1.453002332394224
heteroscedastic,half_normal_2.0,quadratic_z,lofo_anchor,E2@120,E2,E2__R02__day1_0,120.0,110.0,5710.0,8.609779135653604,5478.544403605762,-0.04019516699645287,0.9031,0.012982174218065832,2,5412.4469009955255,5549.818385509977,False,1.0253806618387673,5269.49814927037,5702.304643093186,False,1.0821342908874052,4602.840543545814,6591.22745169522,True,1.4319912648152797
heteroscedastic,half_normal_2.0,quadratic_z,lofo_anchor,E2@120,E2,E2__R02__day1_0,120.0,130.0,3302.0,8.02935410677794,3067.2518448927704,-0.07292951770213207,0.9436,0.012982174218065832,2,3028.0717229586694,3107.346908937285,False,1.0261800885948493,2947.1499882348203,3190.5846062179894,False,1.0826000098247368,2559.762148606788,3670.0722494394895,True,1.4337551836357196
heteroscedastic,half_normal_2.0,quadratic_z,lofo_anchor,E2@120,E2,E2__R02__day1_1,120.0,80.0,24470.0,10.031679940422373,22812.759165372434,-0.07352321601434397,0.94595,0.012982174218065832,2,22478.19313201631,23185.832504407193,False,1.0314811501189112,21906.058296203755,23763.223549553244,False,1.084778613671056,18984.158371021465,26594.72815225368,True,1.4008905547716792
heteroscedastic,half_normal_2.0,quadratic_z,lofo_anchor,E2@120,E2,E2__R02__day1_1,120.0,90.0,15300.0,9.562227332827291,14265.622529446277,-0.073380774553236,0.9481,0.012982174218065832,2,14087.544508852914,14470.865776436945,False,1.0272099418988982,13714.303414647164,14820.605648894674,False,1.0806677671332514,11795.133927450468,16553.09474337733,True,1.4033833651395682
heteroscedastic,half_normal_2.0,quadratic_z,lofo_anchor,E2@120,E2,E2__R02__day1_1,120.0,100.0,10330.0,9.152734452277,9474.675875515188,-0.09007310983668404,0.95785,0.012982174218065832,2,9356.63037722588,9603.089518283641,False,1.0263405874894498,9111.370473989868,9831.78377039803,False,1.0790675012573265,7935.5564089743375,10902.989439166606,True,1.3739413945613683
heteroscedastic,half_normal_2.0,quadratic_z,lofo_anchor,E2@120,E2,E2__R02__day1_1,120.0,110.0,6671.0,8.795853029978733,6632.160595901957,-0.009672022730782714,0.6484,0.012982174218065832,2,6551.622433564777,6712.248185709215,True,1.0245169427532228,6380.0391015499445,6873.729869133506,True,1.077380523806449,5546.2328763032,7714.745729683318,True,1.390988424349308
heteroscedastic,half_normal_2.0,quadratic_z,lofo_anchor,E2@120,E2,E2__R02__day1_1,120.0,130.0,3845.0,8.215428001103076,3713.0019792870976,-0.03910088083666885,0.89705,0.012982174218065832,2,3664.9805860533434,3757.990433885437,False,1.0253779919560917,3571.693716915992,3849.495317775592,True,1.0777786738946558,3029.8362205065205,4345.157056674438,True,1.4341227513439736
heteroscedastic,half_normal_2.0,quadratic_z,lofo_anchor,E2@120,E2,E2__R03__day1_0,120.0,80.0,27350.0,10.381808018407304,32703.732962844642,0.16533621055717695,0.0358,0.012982174218065832,2,32228.231094987445,33231.40086399698,False,1.031127050257672,31286.159324234617,33998.856896550664,False,1.086705994948212,24625.904621969166,37278.81012145943,True,1.5138046984963305
heteroscedastic,half_normal_2.0,quadratic_z,lofo_anchor,E2@120,E2,E2__R03__day1_0,120.0,90.0,15560.0,9.912355410812221,20457.11451570471,0.2598966130798388,0.0256,0.012982174218065832,2,20197.092038942592,20741.4584600751,False,1.0269527128005804,19617.15497979701,21197.689448822064,False,1.0805689953845392,15381.645991380885,23330.288972573006,True,1.5167615342107177
heteroscedastic,half_normal_2.0,quadratic_z,lofo_anchor,E2@120,E2,E2__R03__day1_0,120.0,100.0,10360.0,9.50286253026193,13585.06705948875,0.25715501444845756,0.02645,0.012982174218065832,2,13414.12376535223,13765.91311395866,False,1.026225294678962,13005.015166592853,14056.66807768211,False,1.0808651814409822,10205.242801431825,15400.945651646272,True,1.509120944137211
heteroscedastic,half_normal_2.0,quadratic_z,lofo_anchor,E2@120,E2,E2__R03__day1_0,120.0,110.0,7895.0,9.145981107963665,9510.320390624775,0.17199618127392213,0.03495,0.012982174218065832,2,9393.851790888108,9623.612735728926,False,1.0244586512492866,9122.290985488213,9831.990368956795,False,1.077798371549162,7199.080522780035,10793.537735664595,True,1.499293930872231
heteroscedastic,half_normal_2.0,quadratic_z,lofo_anchor,E2@120,E2,E2__R03__day1_0,120.0,130.0,5128.0,8.565556079088005,5325.002712329893,0.023085080487499354,0.11195,0.012982174218065832,2,5252.127963243371,5388.130206049667,False,1.0258946933049038,5100.781929340238,5505.340610553291,True,1.0793130713716634,3999.0330543802183,6052.671190190078,True,1.5135336737365725
heteroscedastic,half_normal_2.0,quadratic_z,lofo_anchor,E2@130,E2,E2__R01__day1_0,130.0,80.0,9462.0,9.195899047623577,9457.614316060473,0.040859991432483866,0.50795,0.01297781755094824,2,9317.641272167784,9640.209553041908,True,1.0346190920482903,9106.66709453702,10058.732496059842,True,1.104545976221526,8220.43390671141,19909.094501721036,True,2.421903116995643
heteroscedastic,half_normal_2.0,quadratic_z,lofo_anchor,E2@130,E2,E2__R01__day1_0,130.0,90.0,5527.0,8.726337411643783,5915.060138871875,0.10893695981052076,0.04915,0.01297781755094824,2,5831.662374260988,6020.156301997818,False,1.0323225035401191,5707.849295912505,6283.37504925986,False,1.1008305797000457,5200.40795313203,12516.43622667908,True,2.4068181457073674
heteroscedastic,half_normal_2.0,quadratic_z,lofo_anchor,E2@130,E2,E2__R01__day1_0,130.0,100.0,3705.0,8.31678474651768,3927.1117018101854,0.09934620878749278,0.0577,0.01297781755094824,2,3872.1363353635707,3994.439085589783,False,1.0315853419491565,3789.8895406976894,4170.505681363216,False,1.1004293493460124,3394.4845816913985,8323.488491499364,True,2.4520625418047852
heteroscedastic,half_normal_2.0,quadratic_z,lofo_anchor,E2@130,E2,E2__R01__day1_0,130.0,110.0,2622.0,7.959885618277816,2747.82559086209,0.08819295395417104,0.07265,0.01297781755094824,2,2710.703736348712,2792.3295909161834,False,1.0301124219046602,2653.5290230886617,2915.24407495176,False,1.0986290519477593,2395.1576490798207,5826.345693582073,True,2.4325520684705064
heteroscedastic,half_normal_2.0,quadratic_z,lofo_anchor,E2@130,E2,E2__R01__day1_0,130.0,120.0,1955.0,7.649296388805445,2013.860894679507,0.07115091638597892,0.1108,0.01297781755094824,2,1990.4674116106712,2043.7858438837502,False,1.0267868903364432,1948.6391253730008,2138.0656743425034,True,1.0972096610927093,1765.9816375481041,4282.713097181649,True,2.4251175698110794
heteroscedastic,half_normal_2.0,quadratic_z,lofo_anchor,E2@130,E2,E2__R02__day1_0,130.0,80.0,18780.0,9.918740885686999,20297.29278034159,0.07819313292474561,0.0526,0.01297781755094824,2,19991.374740749965,20642.97941170009,False,1.0325942902576835,19473.46857447467,21141.4968345457,False,1.0856564537381612,17144.74291801991,23753.517847690076,True,1.3854694678870945
heteroscedastic,half_normal_2.0,quadratic_z,lofo_anchor,E2@130,E2,E2__R02__day1_0,130.0,90.0,11540.0,9.449179249707205,12692.03738433677,0.09560470964511403,0.0432,0.01297781755094824,2,12508.086477062041,12895.94693401461,False,1.031008776415469,12186.537801865756,13215.927677025813,False,1.0844694278142277,10775.325372264855,14919.391271363951,True,1.3845884700396809
heteroscedastic,half_normal_2.0,quadratic_z,lofo_anchor,E2@130,E2,E2__R02__day1_0,130.0,100.0,7544.0,9.039626584581102,8430.436728716792,0.11111876026780898,0.0365,0.01297781755094824,2,8308.983222197794,8561.504144681472,False,1.0303913145243881,8103.141430065951,8784.230449100573,False,1.0840524659371615,7151.724170372565,10004.221260720806,True,1.3988544611613065
heteroscedastic,half_normal_2.0,quadratic_z,lofo_anchor,E2@130,E2,E2__R02__day1_0,130.0,110.0,5710.0,8.682727456341238,5899.218233588077,0.032753153691182035,0.12125,0.01297781755094824,2,5817.070839537288,5983.88105814303,False,1.02867598198598,5669.311279968039,6135.736216868375,True,1.0822718869835923,5020.494053968446,6988.434605691065,True,1.3919814525359437
heteroscedastic,half_normal_2.0,quadratic_z,lofo_anchor,E2@130,E2,E2__R02__day1_0,130.0,120.0,4017.0,8.372138226868866,4324.963163092608,0.07384759250958339,0.0527,0.01297781755094824,2,4270.236054548501,4382.3350906057685,False,1.0262512504286183,4162.1795368274425,4497.707096693856,False,1.0806134278681705,3680.185257926269,5145.103659916048,True,1.3980556138674494
heteroscedastic,half_normal_2.0,quadratic_z,lofo_anchor,E2@130,E2,E2__R02__day1_1,130.0,80.0,24470.0,10.0687705111069,23626.86008317971,-0.0364326453298176,0.8851,0.01297781755094824,2,23283.330626070583,24014.46593469984,False,1.031401663291703,22734.112085653855,24564.77757313288,True,1.0805250489036802,20198.584504711765,27043.67188057339,True,1.3388894590244607
heteroscedastic,half_normal_2.0,quadratic_z,lofo_anchor,E2@130,E2,E2__R02__day1_1,130.0,90.0,15300.0,9.599208875127104,14773.68612300028,-0.03639923225342301,0.8909,0.01297781755094824,2,14568.845371518952,14997.616960560064,False,1.0294307186401561,14204.216060800447,15340.090454347694,True,1.0799674116955975,12612.812912118981,16934.022562174974,True,1.3426047528148122
heteroscedastic,half_normal_2.0,quadratic_z,lofo_anchor,E2@130,E2,E2__R02__day1_1,130.0,100.0,10330.0,9.189656210001003,9809.561425539432,-0.05315135211268185,0.93055,0.01297781755094824,2,9673.619891690332,9952.420131126577,False,1.028820673394014,9441.224250186571,10186.39191941334,False,1.078927017246947,8298.847090792664,11222.07855729487,True,1.3522454907917811
heteroscedastic,half_normal_2.0,quadratic_z,lofo_anchor,E2@130,E2,E2__R02__day1_1,130.0,110.0,6671.0,8.83275708176114,6867.729137948807,0.02723202905162303,0.1312,0.01297781755094824,2,6776.4239839366455,6959.474921679139,False,1.0270129109654902,6610.298433846446,7120.135462929931,True,1.077127687075819,5815.889248703589,7890.289839611615,True,1.3566781453705343
heteroscedastic,half_normal_2.0,quadratic_z,lofo_anchor,E2@130,E2,E2__R02__day1_1,130.0,120.0,4863.0,8.522167852288767,5034.492010168829,0.032757041884980964,0.1046,0.01297781755094824,2,4974.265240496519,5095.968592766854,False,1.0244665988615813,4854.738894817506,5219.080909206146,True,1.0750487353248968,4295.900361473484,5814.760860960299,True,1.3535604580376837
heteroscedastic,half_normal_2.0,quadratic_z,lofo_anchor,E2@130,E2,E2__R03__day1_0,130.0,80.0,27350.0,10.342353923946515,31484.182610448785,0.12588211609638833,0.0447,0.01297781755094824,2,31011.141620656446,32014.438427304067,False,1.032352785296344,30077.515804093087,32729.026472925994,False,1.0881559064286843,22768.198548186632,36047.87670459143,True,1.5832555495464289
heteroscedastic,half_normal_2.0,quadratic_z,lofo_anchor,E2@130,E2,E2__R03__day1_0,130.0,90.0,15560.0,9.872792287966718,19694.221872924296,0.22033349023433502,0.0332,0.01297781755094824,2,19401.919442667284,20003.248900470484,False,1.0309932973168006,18780.25238055651,20452.191340296853,False,1.0890264372310208,14144.140756494939,22654.77419751689,True,1.6017073491801825
heteroscedastic,half_normal_2.0,quadratic_z,lofo_anchor,E2@130,E2,E2__R03__day1_0,130.0,100.0,10360.0,9.463239622840618,13076.746358544558,0.21753210702714476,0.03285,0.01297781755094824,2,12878.561828839778,13272.374437605004,False,1.0305789275230512,12463.041609945156,13569.420805438966,False,1.0887728076435972,9230.365932308898,14920.996710254833,True,1.6165119367615877
heteroscedastic,half_normal_2.0,quadratic_z,lofo_anchor,E2@130,E2,E2__R03__day1_0,130.0,110.0,7895.0,9.106340494600753,9150.925540115064,0.13235556791100933,0.04745,0.01297781755094824,2,9019.679298274365,9276.587549620242,False,1.028483080478818,8727.92876078915,9475.262165746353,False,1.0856255161378785,6521.865847372102,10399.970700695354,True,1.5946311905335928
heteroscedastic,half_normal_2.0,quadratic_z,lofo_anchor,E2@130,E2,E2__R03__day1_0,130.0,120.0,6977.0,8.795751265128379,6708.724498179479,-0.05462303881085795,0.91205,0.01297781755094824,2,6617.034539933091,6792.875179316729,False,1.0265739340368347,6403.272477880835,6944.634553888073,False,1.0845445946392713,4828.871163667949,7674.365671897323,True,1.5892670174426382
heteroscedastic,half_normal_2.0,quadratic_z,lofo_anchor,E3@80,E3,E3__R03__day1_0,80.0,90.0,11550.0,9.34644792226924,11512.585837882136,-0.007992793680699606,0.53225,0.037399429454291734,5,11099.395057093489,11865.772783743298,True,1.0690468014434737,10276.436625503758,12746.428724531634,True,1.2403549196126915,8010.744488428758,16323.825135586052,True,2.037741330929385
heteroscedastic,half_normal_2.0,quadratic_z,lofo_anchor,E3@80,E3,E3__R03__day1_0,80.0,100.0,7546.0,8.934841899218519,7632.624215604484,0.006068998694262362,0.4072,0.037399429454291734,5,7341.748657208423,7884.100311289715,True,1.073872272043635,6827.815078024437,8439.26353158987,True,1.2360123165537884,5254.267553768194,10928.134764174425,True,2.079858829483686
heteroscedastic,half_normal_2.0,quadratic_z,lofo_anchor,E3@80,E3,E3__R03__day1_0,80.0,110.0,5376.0,8.582074333007904,5363.701445542777,-0.007625549195081405,0.5197,0.037399429454291734,5,5157.673787179627,5541.737062526689,True,1.0744644371076209,4805.457583835988,5934.0137209425875,True,1.2348488395574855,3730.6290533683746,7524.026443518886,True,2.0168251348188755
heteroscedastic,half_normal_2.0,quadratic_z,lofo_anchor,E3@80,E3,E3__R03__day1_0,80.0,120.0,3839.0,8.280877658304851,3964.8564652234436,0.027910463304053224,0.26885,0.037399429454291734,5,3823.482190272602,4096.487517544341,True,1.0714022751214318,3556.9819947078063,4393.651134596729,True,1.2352188290898707,2685.7314152727445,5568.09650359959,True,2.073214198536726
heteroscedastic,half_normal_2.0,quadratic_z,lofo_anchor,E3@80,E3,E3__R03__day1_0,80.0,130.0,2959.0,8.024974160385801,3063.01086012048,0.03236750798559118,0.2483,0.037399429454291734,5,2959.997769861224,3169.723337858834,False,1.0708532858142803,2752.5773698076764,3392.4270640122136,True,1.2324547535785502,2079.6014589353535,4284.01206521345,True,2.060015897183799
heteroscedastic,half_normal_2.0,quadratic_z,lofo_anchor,E3@90,E3,E3__R03__day1_0,90.0,80.0,18570.0,9.828898666140544,18620.477427341786,-0.0004039882062070177,0.4742,0.03822861375475842,5,18017.4655783948,19295.68042678666,True,1.0709430992294833,16805.91577960457,20569.506624443686,True,1.2239444070882803,13389.87803780234,25142.270901233027,True,1.877707237530566
heteroscedastic,half_normal_2.0,quadratic_z,lofo_anchor,E3@90,E3,E3__R03__day1_0,90.0,100.0,7546.0,8.938383938607485,7653.440268160196,0.009611038083228607,0.36035,0.03822861375475842,5,7402.069953352816,7891.902045530972,True,1.066175015268031,6893.1081621269905,8414.854941821814,True,1.2207635139189896,5414.083923447973,10350.43208216004,True,1.9117605542339546
heteroscedastic,half_normal_2.0,quadratic_z,lofo_anchor,E3@90,E3,E3__R03__day1_0,90.0,110.0,5376.0,8.585683260344206,5376.31306975743,-0.004016621858779601,0.4991,0.03822861375475842,5,5200.348491975198,5545.092024846825,True,1.066292390481832,4832.515599271386,5922.29855163402,True,1.2255104882697003,3855.482043314791,7362.958750320307,True,1.909737528952392
heteroscedastic,half_normal_2.0,quadratic_z,lofo_anchor,E3@90,E3,E3__R03__day1_0,90.0,120.0,3839.0,8.284595352695154,3977.1660688895918,0.03162815769435667,0.237,0.03822861375475842,5,3849.682067685427,4108.835619103699,False,1.0673181698804768,3600.2738752611804,4400.0709483670735,True,1.222148953334244,2853.158367182018,5466.2761700251895,True,1.9158684750556179
heteroscedastic,half_normal_2.0,quadratic_z,lofo_anchor,E3@90,E3,E3__R03__day1_0,90.0,130.0,2959.0,8.028836098529567,3075.7547975624525,0.03622944612935708,0.2287,0.03822861375475842,5,2973.002971306547,3198.1443666485543,False,1.0757286143051061,2772.5642013138095,3418.645993567289,True,1.233026810325015,2221.245519966653,4215.670846531495,True,1.8978860322450009
heteroscedastic,half_normal_2.0,quadratic_z,lofo_anchor,E3@100,E3,E3__R03__day1_0,100.0,80.0,18570.0,9.815997361406563,18350.69066737353,-0.013305292940188451,0.59105,0.0369704979887997,5,17747.7371404992,19088.64885741394,True,1.075553954078735,16507.911799204394,20404.62911668246,True,1.2360514985103004,12875.975137915522,25554.199336105034,True,1.984641866918203
heteroscedastic,half_normal_2.0,quadratic_z,lofo_anchor,E3@100,E3,E3__R03__day1_0,100.0,90.0,11550.0,9.336804538443745,11377.373866067797,-0.017636177506194173,0.6484,0.0369704979887997,5,11015.499575034659,11758.072567559595,True,1.0674116491464345,10242.129204078004,12581.874932304643,True,1.2284432935385199,7967.836564576116,15821.28858743971,True,1.9856442158689527
heteroscedastic,half_normal_2.0,quadratic_z,lofo_anchor,E3@100,E3,E3__R03__day1_0,100.0,110.0,5376.0,8.572351830196531,5299.3786875366195,-0.017348052006454395,0.64855,0.0369704979887997,5,5127.452061526992,5472.646143001518,True,1.067322732096246,4753.789079839848,5867.08403040154,True,1.2341910698737184,3696.661158696564,7392.520790602944,True,1.9997831754776068
heteroscedastic,half_normal_2.0,quadratic_z,lofo_anchor,E3@100,E3,E3__R03__day1_0,100.0,120.0,3839.0,8.271331966234678,3920.580828030013,0.01836477123388036,0.30435,0.0369704979887997,5,3797.6810047186977,4059.3943786942855,True,1.0689139961072043,3538.8234714439,4357.708507579825,True,1.2314003630708954,2744.8976036481304,5507.566424586668,True,2.0064742733086978
heteroscedastic,half_normal_2.0,quadratic_z,lofo_anchor,E3@100,E3,E3__R03__day1_0,100.0,130.0,2959.0,8.01572145165095,3030.6641766191165,0.02311479925074078,0.3087,0.0369704979887997,5,2927.3171935835126,3157.8433067095802,True,1.0787499604181487,2719.467046069189,3373.388627388704,True,1.2404594614465787,2120.1768714024897,4210.8917546298335,True,1.9861039951088342
heteroscedastic,half_normal_2.0,quadratic_z,lofo_anchor,E3@110,E3,E3__R03__day1_0,110.0,80.0,18570.0,9.829068940088344,18596.86203728987,-0.00023371425840679194,0.4866,0.03701272283918414,5,18011.40615814249,19322.956877816538,True,1.0728177860272796,16875.18094222399,20617.550152644566,True,1.2217676493800822,13384.8039814176,24992.290099275902,True,1.8672137547903738
heteroscedastic,half_normal_2.0,quadratic_z,lofo_anchor,E3@110,E3,E3__R03__day1_0,110.0,90.0,11550.0,9.349977113798356,11537.874732191485,-0.004463602151583146,0.51325,0.03701272283918414,5,11177.226811308961,11908.684109885682,True,1.0654417514223335,10447.37791966464,12693.538289389298,True,1.2149975225359477,8316.658972350799,15444.88734271375,True,1.8571024006227919
heteroscedastic,half_normal_2.0,quadratic_z,lofo_anchor,E3@110,E3,E3__R03__day1_0,110.0,100.0,7546.0,8.93831696430394,7650.821580182444,0.009544063779683754,0.35745,0.03701272283918414,5,7406.8256501223495,7888.900708361483,True,1.0650852444773249,6909.527789078588,8399.288280096918,True,1.215609595401453,5521.10679555171,10266.59931945419,True,1.8595183356579639
heteroscedastic,half_normal_2.0,quadratic_z,lofo_anchor,E3@110,E3,E3__R03__day1_0,110.0,120.0,3839.0,8.284613766901632,3974.398340423593,0.03164657190083453,0.22965,0.03701272283918414,5,3857.0562626806823,4109.210867807382,False,1.065374883837305,3614.172832502519,4391.381541991082,True,1.2150446991629917,2865.4275266646464,5383.147754641995,True,1.878654303606824
heteroscedastic,half_normal_2.0,quadratic_z,lofo_anchor,E3@110,E3,E3__R03__day1_0,110.0,130.0,2959.0,8.028989651910702,3071.880014321759,0.03638299951049273,0.2276,0.03701272283918414,5,2974.7911693531787,3193.48727624589,False,1.0735164569351143,2784.3145828371207,3402.110393982826,True,1.2218843427225785,2179.6905604315793,4139.443055223403,True,1.8990966563638243
heteroscedastic,half_normal_2.0,quadratic_z,lofo_anchor,E3@120,E3,E3__R03__day1_0,120.0,80.0,18570.0,9.794334607916428,17969.401293112543,-0.034968046430323696,0.7373,0.03732268845814138,5,17385.633458450877,18621.93859734131,True,1.0711107329994631,16211.589602980124,19943.605431232085,True,1.230206655833794,12652.68820200428,24851.21572179376,True,1.9641055975644088
heteroscedastic,half_normal_2.0,quadratic_z,lofo_anchor,E3@120,E3,E3__R03__day1_0,120.0,90.0,11550.0,9.315068853813171,11154.487786475387,-0.03937186213676824,0.76625,0.03732268845814138,5,10773.178407651747,11502.354100985294,False,1.0676843607097088,10069.24973181457,12326.373072663915,True,1.2241600318758397,7985.677240914036,15497.521500648469,True,1.9406646466060566
heteroscedastic,half_normal_2.0,quadratic_z,lofo_anchor,E3@120,E3,E3__R03__day1_0,120.0,100.0,7546.0,8.9033259818082,7389.600468500929,-0.025446918716056643,0.6976,0.03732268845814138,5,7141.237702210824,7619.180881151164,True,1.066927218903857,6683.669033922587,8148.204801822738,True,1.2191215274824323,5217.815997303934,10347.893141795841,True,1.983184755296591
heteroscedastic,half_normal_2.0,quadratic_z,lofo_anchor,E3@120,E3,E3__R03__day1_0,120.0,110.0,5376.0,8.550628921273743,5190.467825626845,-0.03907096092924256,0.77155,0.03732268845814138,5,5018.625740532551,5349.196163981715,False,1.0658687139746916,4686.533037275651,5726.874361962926,True,1.221985274917008,3689.2241026817724,7222.291495385409,True,1.9576722081305327
heteroscedastic,half_normal_2.0,quadratic_z,lofo_anchor,E3@120,E3,E3__R03__day1_0,120.0,130.0,2959.0,7.994173465898568,2968.761780593474,0.0015668134983579662,0.46755,0.03732268845814138,5,2877.935026181616,3079.190122498658,True,1.0699303821963149,2684.263566817876,3298.5566405613417,True,1.2288497602609472,2076.0902347485785,4148.089069114312,True,1.9980292762258764
heteroscedastic,half_normal_2.0,quadratic_z,lofo_anchor,E3@130,E3,E3__R03__day1_0,130.0,80.0,18570.0,9.790088672471933,17911.30002964997,-0.03921398187481806,0.76105,0.03760361363147098,5,17277.07751254935,18523.04602959071,False,1.072116856345429,16107.571004416812,19841.8795695628,True,1.2318356109758581,12762.881600327639,25290.21187054517,True,1.9815440323363915
heteroscedastic,half_normal_2.0,quadratic_z,lofo_anchor,E3@130,E3,E3__R03__day1_0,130.0,90.0,11550.0,9.310733520330466,11109.272639659235,-0.04370719561947389,0.7769,0.03760361363147098,5,10669.182125937632,11473.897003785503,False,1.0754242329308021,9926.997093854316,12262.27423926303,True,1.2352450719316173,7914.479484570069,15131.773491445812,True,1.9119101288905296
heteroscedastic,half_normal_2.0,quadratic_z,lofo_anchor,E3@130,E3,E3__R03__day1_0,130.0,100.0,7546.0,8.898947324155467,7363.723975667995,-0.029825576368789797,0.70045,0.03760361363147098,5,7057.123181272687,7609.140666398188,True,1.0782213192183432,6578.037312466515,8147.032401046259,True,1.2385202476134072,5244.171330846487,10317.980237352102,True,1.9675139476586527
heteroscedastic,half_normal_2.0,quadratic_z,lofo_anchor,E3@130,E3,E3__R03__day1_0,130.0,110.0,5376.0,8.546246257837737,5174.3130032214585,-0.0434536243652488,0.77475,0.03760361363147098,5,4966.547805582621,5346.464330373535,False,1.0764950906873123,4636.385933175859,5727.426606268169,True,1.2353213664301157,3687.1699183838964,7276.753353529266,True,1.973533499839004
heteroscedastic,half_normal_2.0,quadratic_z,lofo_anchor,E3@130,E3,E3__R03__day1_0,130.0,120.0,3839.0,8.24532628857853,3824.1663095242234,-0.007640906422267335,0.5399,0.03760361363147098,5,3688.775086269415,3944.356923021017,True,1.0692863703463364,3424.0146736158126,4222.399833678035,True,1.2331722367355147,2671.285604729989,5272.375504481546,True,1.9737221265842417
heteroscedastic,half_normal_2.0,quadratic_z,strict_holdout,E1,E1,E1__R01__day1_1,110.0,120.0,780.0,6.72033133191238,827.3332811078252,0.06103741222874248,0.14885,0.032016978824443085,5,797.6740135379047,859.5556395718197,False,1.0775775880669007,766.9244978153931,896.2256832441651,True,1.1685970206938106,711.2120584933772,966.4022846022087,True,1.358810319737018
heteroscedastic,half_normal_2.0,quadratic_z,strict_holdout,E1,E1,E1__R01__day1_1,110.0,130.0,599.0,6.523963643003864,678.9943546428442,0.1287020448884144,0.0782,0.032016978824443085,5,642.0976651335907,720.7193102737796,False,1.122444994600364,607.9571616053393,765.7241033469315,False,1.2595033856086197,559.2456275644402,843.6545755838977,True,1.5085581969734507
heteroscedastic,half_normal_2.0,quadratic_z,strict_holdout,E2,E2,E2__R01__day1_0,110.0,120.0,1955.0,7.622715779241561,1951.0944370563373,0.04457030682209506,0.53405,0.012617328854850908,2,1920.8384091427185,1988.331602278602,True,1.0351373612765302,1875.5941882572527,2099.8392966897254,True,1.1195595027092906,1683.8540673788073,4551.678824032774,True,2.7031314127584714
heteroscedastic,half_normal_2.0,quadratic_z,strict_holdout,E2,E2,E2__R01__day1_0,110.0,130.0,1536.0,7.370810120308912,1518.2590241437708,0.033873206601294115,0.61345,0.012617328854850908,2,1477.544450705076,1565.3893064149295,True,1.059453274429703,1427.966483434183,1663.862597469014,True,1.1651972345089736,1289.7752962262969,3439.593132740951,True,2.6668157955922416
heteroscedastic,half_normal_2.0,quadratic_z,strict_holdout,E2,E2,E2__R02__day1_0,110.0,120.0,4017.0,8.353247691945272,4241.658535995938,0.05495705758598923,0.0742,0.012617328854850908,2,4173.613682785179,4312.500174963435,False,1.0332772754582245,4063.475823259464,4435.27201680142,False,1.0914970851835226,3662.897239337457,5007.239217772437,True,1.367016023271825
heteroscedastic,half_normal_2.0,quadratic_z,strict_holdout,E2,E2,E2__R02__day1_0,110.0,130.0,3302.0,8.101342033012624,3296.8791504209676,-0.0009415914674484327,0.51735,0.012617328854850908,2,3209.6204658148467,3388.0460959238317,True,1.055590881230154,3095.9028618644666,3517.5102248847015,True,1.1361823616023685,2801.344112655508,3943.391145422011,True,1.4076782383167878
heteroscedastic,half_normal_2.0,quadratic_z,strict_holdout,E2,E2,E2__R02__day1_1,110.0,120.0,4863.0,8.504433383890683,4951.93052158276,0.015022573486897173,0.23635,0.012617328854850908,2,4870.842855350447,5031.622608107593,False,1.0330086101177614,4730.355988398495,5164.743392869867,True,1.0918297492909066,4103.896311422635,5675.796635992689,True,1.3830263255421156
heteroscedastic,half_normal_2.0,quadratic_z,strict_holdout,E2,E2,E2__R02__day1_1,110.0,130.0,3845.0,8.252527724958034,3847.7089701156465,-0.0020011569817111052,0.49265,0.012617328854850908,2,3744.8536646029715,3952.3659990047395,True,1.0554126684209884,3604.0448784887535,4099.850108939026,True,1.1375691055928727,3179.2470223308655,4531.683989648864,True,1.4253953712368215
heteroscedastic,half_normal_2.0,quadratic_z,strict_holdout,E2,E2,E2__R03__day1_0,110.0,120.0,6977.0,8.666306167324596,5858.298848606511,-0.18406813661464128,0.98125,0.012617328854850908,2,5760.512083810874,5953.142466609956,False,1.0334398018781077,5586.291127715681,6102.391930601451,False,1.0923870222812415,4623.639689366709,6720.4800158711905,False,1.453504266633649
heteroscedastic,half_normal_2.0,quadratic_z,strict_holdout,E2,E2,E2__R03__day1_0,110.0,130.0,5128.0,8.414400508391948,4550.5598646138815,-0.12807049020855743,0.96335,0.012617328854850908,2,4427.656691839443,4676.886034365971,False,1.0562892202066794,4250.394549101898,4837.058932591254,False,1.1380258648254946,3557.591443275365,5292.42021719334,True,1.4876413724226782
heteroscedastic,half_normal_2.0,quadratic_z,strict_holdout,E3,E3,E3__R03__day1_0,110.0,120.0,3839.0,8.329573177605265,4147.540825690181,0.07660598260446783,0.1084,0.0332815547561197,5,3988.2610372120575,4314.807018632116,False,1.081876782480699,3824.6261386781393,4505.385337425801,True,1.1779936584815958,3530.285437255708,4840.602628248368,True,1.3711646591419089
heteroscedastic,half_normal_2.0,quadratic_z,strict_holdout,E3,E3,E3__R03__day1_0,110.0,130.0,2959.0,8.132406809486918,3397.890385650704,0.13980015708670823,0.0759,0.0332815547561197,5,3197.161688278059,3613.7940732870225,False,1.1303132045327853,3013.0396131006296,3848.4553358925773,False,1.2772667571841998,2748.3608594203465,4251.201850126736,True,1.5468135618200267
heteroscedastic,half_normal_2.0,quadratic_z,e2_same_formulation_anchor,E2__R01__day1_0,E2,E2__R01__day1_0,110.0,120.0,1955.0,7.6562994287302075,1933.027213226524,0.07815395631074118,0.60225,0.0389790730914868,5,1888.2855107915468,2034.0226439212772,True,1.0771796067368218,1776.2505465609895,2666.1964259703254,True,1.50102497146721,1425.1489122237058,7091.302205497522,True,4.975832451384139
heteroscedastic,half_normal_2.0,quadratic_z,e2_same_formulation_anchor,E2__R01__day1_0,E2,E2__R01__day1_0,110.0,130.0,1536.0,7.388379060216206,1480.3412751288647,0.05144214650858814,0.712,0.0389790730914868,5,1443.0463881126764,1560.7923413995309,True,1.08159540417883,1356.2305962062708,2035.7242859395556,True,1.501016340166639,1093.2347622831978,5520.258721813816,True,5.049472366104488
heteroscedastic,half_normal_2.0,quadratic_z,e2_same_formulation_anchor,E2__R02__day1_0,E2,E2__R02__day1_0,110.0,120.0,4017.0,8.33957356332652,4192.449890549972,0.04128292896723629,0.1883,0.030884272421155927,5,4083.296622496954,4299.396348877484,False,1.052922857768874,3808.636599956617,4583.240486250242,True,1.2033808860373942,3023.419114358574,5614.086951005835,True,1.8568669240542517
heteroscedastic,half_normal_2.0,quadratic_z,e2_same_formulation_anchor,E2__R02__day1_0,E2,E2__R02__day1_0,110.0,130.0,3302.0,8.073439011173836,3210.905085415782,-0.02884461330623722,0.75075,0.030884272421155927,5,3126.441171177291,3301.4153757203044,False,1.0559659353760127,2928.07976147673,3506.501871264401,True,1.1975431535020595,2358.2483202675025,4330.932923678619,True,1.8365041910375872
heteroscedastic,half_normal_2.0,quadratic_z,e2_same_formulation_anchor,E2__R02__day1_1,E2,E2__R02__day1_1,110.0,120.0,4863.0,8.490828037443164,4908.395417001639,0.0014172270393775221,0.3707,0.031428119274963584,5,4776.263975150872,5038.950496794145,True,1.0549983256808946,4455.190546372461,5348.426110476164,True,1.2004932347576023,3483.2926554416445,6365.408782351101,True,1.8274114213191297
heteroscedastic,half_normal_2.0,quadratic_z,e2_same_formulation_anchor,E2__R02__day1_1,E2,E2__R02__day1_1,110.0,130.0,3845.0,8.228880119176779,3771.8312355734174,-0.025648762762966015,0.6778,0.031428119274963584,5,3672.725602837719,3891.4507292050575,True,1.0595538981181554,3424.104298345015,4132.326637263295,True,1.2068343359927989,2673.1552863954503,4990.374788982345,True,1.866848070660157
heteroscedastic,half_normal_2.0,quadratic_z,e2_same_formulation_anchor,E2__R03__day1_0,E2,E2__R03__day1_0,110.0,120.0,6977.0,8.659790749868481,5798.695285656024,-0.19058355407075567,0.98455,0.025283371236504208,5,5668.292381716246,5925.6061340034175,False,1.0453952857331719,5447.71906854921,6129.5869337108,False,1.1251657540672668,4853.456105258925,6628.24026269437,False,1.3656742986739678
heteroscedastic,half_normal_2.0,quadratic_z,e2_same_formulation_anchor,E2__R03__day1_0,E2,E2__R03__day1_0,110.0,130.0,5128.0,8.396022098577076,4452.24557526934,-0.14644890002342947,0.97575,0.025283371236504208,5,4350.064026721024,4558.819056997474,False,1.0479889557933255,4176.871046053976,4725.567763311642,False,1.1313654913469349,3737.6991639409785,5117.687706406039,False,1.3692080293080677
heteroscedastic,half_normal_2.0,quadratic_z,loro_anchor,E1__R01__day1_1@80,E1,E1__R01__day1_1,80.0,90.0,2288.0,7.712117939511351,2227.913787785441,-0.023315412988337947,0.70855,0.04070313317887145,5,2148.3414286803077,2309.1650951177035,True,1.0748594540376142,2013.0695577248823,2473.0168731095837,True,1.2284805875781668,1658.3301672713653,3071.2384677669434,True,1.8520066319606263
heteroscedastic,half_normal_2.0,quadratic_z,loro_anchor,E1__R01__day1_1@80,E1,E1__R01__day1_1,80.0,100.0,1512.0,7.294277325623712,1467.086007398191,-0.026911231115765766,0.7137,0.04070313317887145,5,1412.5443040019709,1524.404373822442,True,1.0791904859221428,1324.0017403428753,1632.6165710056023,True,1.2330924660135305,1098.3946878221475,1990.0687163502341,True,1.811797469902246
heteroscedastic,half_normal_2.0,quadratic_z,loro_anchor,E1__R01__day1_1@80,E1,E1__R01__day1_1,80.0,110.0,1073.0,6.939577256110415,1028.7299819292016,-0.038636486520283064,0.7626,0.04070313317887145,5,989.9133580309957,1069.6251153959404,False,1.0805239738591836,928.5297815606215,1143.1539955251342,True,1.231144135844285,770.3695726419405,1391.2101393392666,True,1.8058996470592512
heteroscedastic,half_normal_2.0,quadratic_z,loro_anchor,E1__R01__day1_1@80,E1,E1__R01__day1_1,80.0,120.0,780.0,6.640126160447366,761.947770303621,-0.019167759236271564,0.67,0.04070313317887145,5,733.7522714863557,792.8597914400722,True,1.0805551440869585,689.1443040312975,848.3052142934296,True,1.230954401467278,567.8046726458988,1038.0273554945718,True,1.8281416224658633
heteroscedastic,half_normal_2.0,quadratic_z,loro_anchor,E1__R01__day1_1@80,E1,E1__R01__day1_1,80.0,130.0,599.0,6.389112845485803,593.0813787467512,-0.006148752629646204,0.5789,0.04070313317887145,5,570.0239183858912,617.3706110889856,True,1.0830608877556642,535.9013431629334,658.8638438014309,True,1.229449883280312,439.78757393700596,805.8640966773826,True,1.8323939657122112
heteroscedastic,half_normal_2.0,quadratic_z,loro_anchor,E1__R01__day1_1@90,E1,E1__R01__day1_1,90.0,80.0,3636.0,8.226955680082186,3733.8176535928255,0.028316224784816768,0.2996,0.04142379412380064,5,3598.390285564605,3877.5610605291854,True,1.077582127787669,3364.4685138696173,4152.313073759248,True,1.234166126578934,2804.6195031326442,4998.425934266558,True,1.7822117861918607
heteroscedastic,half_normal_2.0,quadratic_z,loro_anchor,E1__R01__day1_1@90,E1,E1__R01__day1_1,90.0,100.0,1512.0,7.319087494092327,1507.1858009817356,-0.002101062647151153,0.533,0.04142379412380064,5,1454.7582392195307,1563.2750191412758,True,1.0745943738252781,1362.6175788908295,1672.4528563726874,True,1.227382416227203,1123.6634553411568,2018.2293768916993,True,1.7961155248916967
heteroscedastic,half_normal_2.0,quadratic_z,loro_anchor,E1__R01__day1_1@90,E1,E1__R01__day1_1,90.0,110.0,1073.0,6.9643444636634495,1056.3466099908903,-0.013869278967248988,0.6327,0.04142379412380064,5,1019.8048426964442,1096.0686100715488,True,1.0747827076143874,956.766199334856,1168.8506269976692,True,1.2216679767849807,786.7149441439295,1417.2803051938824,True,1.8015169480937063
heteroscedastic,half_normal_2.0,quadratic_z,loro_anchor,E1__R01__day1_1@90,E1,E1__R01__day1_1,90.0,120.0,780.0,6.6647934804081075,782.6747179467127,0.005499560724469887,0.4705,0.04142379412380064,5,754.615662891884,813.8154612658024,True,1.0784502645320788,705.2454837579111,869.4404739234099,True,1.2328196265654667,587.1698467518568,1042.5583864684331,True,1.7755652682707115
heteroscedastic,half_normal_2.0,quadratic_z,loro_anchor,E1__R01__day1_1@90,E1,E1__R01__day1_1,90.0,130.0,599.0,6.413631876979488,609.0233709911078,0.018370278864038525,0.38785,0.04142379412380064,5,584.6428606784865,634.74790743223,True,1.0857019731594701,547.8641178986395,679.8631306399259,True,1.2409338528092975,459.0357757259915,821.2752012978466,True,1.789131141247003
heteroscedastic,half_normal_2.0,quadratic_z,loro_anchor,E1__R01__day1_1@100,E1,E1__R01__day1_1,100.0,80.0,3636.0,8.23290263074962,3751.0857630905975,0.034263175452251105,0.2808,0.04049074987278918,5,3611.2349332674235,3899.9918820834328,True,1.0799607209588946,3385.4595359342798,4162.967958357977,True,1.2296611181350687,2799.1981030136053,5025.670271803292,True,1.7953964267097338
heteroscedastic,half_normal_2.0,quadratic_z,loro_anchor,E1__R01__day1_1@100,E1,E1__R01__day1_1,100.0,90.0,2288.0,7.7428452537748145,2297.649473291125,0.0074119012751259206,0.45425,0.04049074987278918,5,2220.4991828828297,2382.783104353098,True,1.0730844319697423,2087.260476432822,2550.6485729560964,True,1.222007795268186,1750.810407815362,3082.16846369441,True,1.7604238870959759
heteroscedastic,half_normal_2.0,quadratic_z,loro_anchor,E1__R01__day1_1@100,E1,E1__R01__day1_1,100.0,110.0,1073.0,6.969969220175367,1061.1826902823536,-0.008244522455331804,0.6101,0.04049074987278918,5,1026.6412990661383,1099.019329336362,True,1.0704998233911502,961.6507339115426,1178.694994767157,True,1.2256996778578646,803.9790123229727,1429.816372566723,True,1.7784249969852948
heteroscedastic,half_normal_2.0,quadratic_z,loro_anchor,E1__R01__day1_1@100,E1,E1__R01__day1_1,100.0,120.0,780.0,6.67013838864773,785.9909805821303,0.01084446896409208,0.43495,0.04049074987278918,5,758.8025357180717,816.4922560256431,True,1.0760273161883656,712.5396343675193,873.8316071222532,True,1.2263621067169177,592.9175191592742,1050.1123087214949,True,1.771093406399087
heteroscedastic,half_normal_2.0,quadratic_z,loro_anchor,E1__R01__day1_1@100,E1,E1__R01__day1_1,100.0,130.0,599.0,6.418632495215065,611.5622138788495,0.023370897099615817,0.3619,0.04049074987278918,5,587.1642809104056,637.8284009134522,True,1.0862861070576215,552.2382089241358,681.7161144915972,True,1.234460244646434,456.55346452606335,821.805222759304,True,1.800019683592587
heteroscedastic,half_normal_2.0,quadratic_z,loro_anchor,E1__R01__day1_1@110,E1,E1__R01__day1_1,110.0,80.0,3636.0,8.242110947834568,3794.1653975741187,0.04347149253719884,0.23025,0.04116112493344424,5,3654.3962967864936,3944.63194430627,False,1.079420956007151,3415.377187683956,4231.6319363148805,True,1.2389940272407935,2772.093570589912,5313.395483990006,True,1.916744636747343
heteroscedastic,half_normal_2.0,quadratic_z,loro_anchor,E1__R01__day1_1@110,E1,E1__R01__day1_1,110.0,90.0,2288.0,7.752079608470814,2325.324760454695,0.01664625597112579,0.359,0.04116112493344424,5,2242.11226097527,2406.980137276347,True,1.0735323913840793,2096.710916775216,2581.1511506379316,True,1.2310476995120503,1702.6383128337607,3260.8632738059905,True,1.9151826017463576
heteroscedastic,half_normal_2.0,quadratic_z,loro_anchor,E1__R01__day1_1@110,E1,E1__R01__day1_1,110.0,100.0,1512.0,7.334193386944424,1530.9365788665352,0.013004830204946138,0.37905,0.04116112493344424,5,1477.453949683446,1584.8312964350941,True,1.072677288368043,1377.9539406367592,1701.5603341683577,True,1.2348455808196743,1106.495793469657,2154.4960833875703,True,1.9471344546477503
heteroscedastic,half_normal_2.0,quadratic_z,loro_anchor,E1__R01__day1_1@110,E1,E1__R01__day1_1,110.0,120.0,780.0,6.679544076955141,794.5156776489229,0.020250157271503255,0.3363,0.04116112493344424,5,767.2675839477055,823.8683754273451,True,1.073769298565202,716.8799894438345,884.8013478605543,True,1.2342391486572188,575.1058919005254,1101.1309015884667,True,1.914657660608573
heteroscedastic,half_normal_2.0,quadratic_z,loro_anchor,E1__R01__day1_1@110,E1,E1__R01__day1_1,110.0,130.0,599.0,6.4281184358085275,617.4873982292337,0.032856837693078234,0.29385,0.04116112493344424,5,593.7804401293827,643.8228476902311,True,1.0842776288655525,554.9767943896782,689.5760824252048,True,1.2425313804040201,447.63319907454627,875.908048029452,True,1.9567539892937726
heteroscedastic,half_normal_2.0,quadratic_z,loro_anchor,E1__R01__day1_1@120,E1,E1__R01__day1_1,120.0,80.0,3636.0,8.223210357869736,3723.254051462778,0.024570902572365938,0.3266,0.04059548154452931,5,3580.553694175087,3863.8047107224415,True,1.0791081605641475,3360.335111087145,4108.743944381225,True,1.2227185112653698,2852.4913774851443,4996.766486614047,True,1.7517201019620154
heteroscedastic,half_normal_2.0,quadratic_z,loro_anchor,E1__R01__day1_1@120,E1,E1__R01__day1_1,120.0,90.0,2288.0,7.733087506025669,2279.5703459232154,-0.002345846474019808,0.5319,0.04059548154452931,5,2194.1029201673796,2362.1250822126017,True,1.0765789792724967,2057.270095708795,2521.6169335838135,True,1.225710196655066,1744.2670078928786,3026.27127097613,True,1.7349816612262516
heteroscedastic,half_normal_2.0,quadratic_z,loro_anchor,E1__R01__day1_1@120,E1,E1__R01__day1_1,120.0,100.0,1512.0,7.315255636205131,1501.3030337120426,-0.005932920534347019,0.5598,0.04059548154452931,5,1444.8258696367634,1556.3196969915834,True,1.0771676571536264,1356.642374132384,1658.3266527595897,True,1.2223756860168415,1146.894527239138,1995.160318581206,True,1.7396197045111514
heteroscedastic,half_normal_2.0,quadratic_z,loro_anchor,E1__R01__day1_1@120,E1,E1__R01__day1_1,120.0,110.0,1073.0,6.960545127071702,1052.4031225831905,-0.017668615558996237,0.66305,0.04059548154452931,5,1015.3373550306102,1090.2813240663318,True,1.073811889875225,950.4684173136496,1163.5529616631761,True,1.2241889793158796,797.4907156965834,1393.0835326591814,True,1.7468335433126219
heteroscedastic,half_normal_2.0,quadratic_z,loro_anchor,E1__R01__day1_1@120,E1,E1__R01__day1_1,120.0,130.0,599.0,6.410013294027259,606.5705965175935,0.01475169591180947,0.3943,0.04059548154452931,5,585.5149701152457,629.0755999238354,True,1.0743971239540056,548.9551282436146,670.2295331707674,True,1.2209186119003406,462.43268330668997,792.3929528682812,True,1.713531464087192
heteroscedastic,half_normal_2.0,quadratic_z,loro_anchor,E1__R01__day1_1@130,E1,E1__R01__day1_1,130.0,80.0,3636.0,8.209974407279367,3673.363942642177,0.011334951981996966,0.42505,0.041389994545939494,5,3525.1141293818264,3822.9347577976732,True,1.0844853861421144,3308.333324277953,4087.4525798884574,True,1.23550204264274,2765.2011216343067,4926.985634824036,True,1.7817820180515689
heteroscedastic,half_normal_2.0,quadratic_z,loro_anchor,E1__R01__day1_1@130,E1,E1__R01__day1_1,130.0,90.0,2288.0,7.71993400133602,2250.8692990490417,-0.015499351163668962,0.6093,0.041389994545939494,5,2156.5990203052934,2347.7528742837235,True,1.088636715577924,2020.088396076062,2504.5463418142767,True,1.2398201715723203,1674.1786738564795,3002.085550775156,True,1.793169150733378
heteroscedastic,half_normal_2.0,quadratic_z,loro_anchor,E1__R01__day1_1@130,E1,E1__R01__day1_1,130.0,100.0,1512.0,7.302146231046243,1482.7607668609428,-0.01904232569323483,0.6251,0.041389994545939494,5,1419.0648510110666,1547.4605336110715,True,1.0904790802961009,1330.8595705105668,1653.1319176651607,True,1.242153533171767,1116.0944980360198,2007.4914074781266,True,1.7986751220534543
heteroscedastic,half_normal_2.0,quadratic_z,loro_anchor,E1__R01__day1_1@130,E1,E1__R01__day1_1,130.0,110.0,1073.0,6.947447064660283,1039.457484346842,-0.030766677970415657,0.7062,0.041389994545939494,5,997.2572944334748,1082.977284156562,True,1.0859557410124367,934.3837488866474,1156.1156002274345,True,1.2373027694509764,780.0032432133073,1407.1301938964784,True,1.8040055681046325
heteroscedastic,half_normal_2.0,quadratic_z,loro_anchor,E1__R01__day1_1@130,E1,E1__R01__day1_1,130.0,120.0,780.0,6.647952552530746,770.0946746626502,-0.011341367152891912,0.60435,0.041389994545939494,5,741.1162401353799,799.3363850456093,True,1.0785573729967033,693.8393578348268,854.6392726285089,True,1.231753810126121,580.5899642848378,1045.0808391617961,True,1.8000325590352073
heteroscedastic,half_normal_2.0,quadratic_z,loro_anchor,E2__R01__day1_0@80,E2,E2__R01__day1_0,80.0,90.0,5527.0,8.771299440991086,5941.814240164857,0.15389898915782396,0.1174,0.0386799835444606,5,5793.003425893454,6255.737741082473,False,1.0798781359459755,5446.143356452706,7972.7830420367445,True,1.4639319092822671,4250.33223502982,20102.597350456184,True,4.7296531750570665
heteroscedastic,half_normal_2.0,quadratic_z,loro_anchor,E2__R01__day1_0@80,E2,E2__R01__day1_0,80.0,100.0,3705.0,8.36179724082469,3949.872955964985,0.14435870309450216,0.13085,0.0386799835444606,5,3846.1732340947237,4153.674120382245,False,1.0799498274184984,3626.125825009638,5349.331021014934,True,1.4752193605969854,2867.420571284864,13201.623364613826,True,4.604006645142504
heteroscedastic,half_normal_2.0,quadratic_z,loro_anchor,E2__R01__day1_0@80,E2,E2__R01__day1_0,80.0,110.0,2622.0,8.005630397406529,2766.3287539429334,0.1339377330828837,0.15615,0.0386799835444606,5,2689.8059321606174,2906.9113394036253,False,1.0807141528863442,2533.1326553797176,3708.1128467786284,True,1.4638447137395498,2027.7159631172638,9365.979063511848,True,4.61897979493798
heteroscedastic,half_normal_2.0,quadratic_z,loro_anchor,E2__R01__day1_0@80,E2,E2__R01__day1_0,80.0,120.0,1955.0,7.696352345151338,2031.3506092582393,0.11820687273187147,0.20245,0.0386799835444606,5,1974.9822666421999,2139.898710038463,False,1.0835027464204265,1861.483222224314,2776.285296206812,True,1.4914371846389178,1496.0028259082858,7309.786072320467,True,4.886211406641154
heteroscedastic,half_normal_2.0,quadratic_z,loro_anchor,E2__R01__day1_0@80,E2,E2__R01__day1_0,80.0,130.0,1536.0,7.428386103450877,1552.966291255077,0.09144918974325922,0.3805,0.0386799835444606,5,1509.726988764448,1633.8844336187117,True,1.0822383422819204,1422.9612191199838,2085.263627620407,True,1.4654395352460958,1106.5490009447412,5323.901895558829,True,4.811266280131677
heteroscedastic,half_normal_2.0,quadratic_z,loro_anchor,E2__R01__day1_0@90,E2,E2__R01__day1_0,90.0,80.0,9462.0,9.18793904541719,8895.506911282519,0.03289998922609705,0.7633,0.039246887361254895,5,8682.893828866314,9394.274082935728,False,1.081928936146199,8183.618286069668,12449.790450593846,True,1.5213063482917022,6305.491242966169,35710.17051734879,True,5.663344716747296
heteroscedastic,half_normal_2.0,quadratic_z,loro_anchor,E2__R01__day1_0@90,E2,E2__R01__day1_0,90.0,100.0,3705.0,8.308039258751137,3687.9815955069926,0.09060072102094985,0.548,0.039246887361254895,5,3604.315684688678,3901.1930894039688,True,1.0823672038430046,3393.7262742254393,5265.152765052463,True,1.5514370752408855,2592.695728411818,14241.40124031025,True,5.4928933944107525
heteroscedastic,half_normal_2.0,quadratic_z,loro_anchor,E2__R01__day1_0@90,E2,E2__R01__day1_0,90.0,110.0,2622.0,7.951866472147821,2583.13759646576,0.08017380782417582,0.62475,0.039246887361254895,5,2521.417178280262,2724.4405131078092,True,1.0805195334498434,2372.644692851815,3653.7591294842478,True,1.5399520798424267,1839.042630707703,9928.891579820232,True,5.398945850428373
heteroscedastic,half_normal_2.0,quadratic_z,loro_anchor,E2__R01__day1_0@90,E2,E2__R01__day1_0,90.0,120.0,1955.0,7.642601793010574,1896.7720815661557,0.06445632059110729,0.6868,0.039246887361254895,5,1850.6701983478629,2005.8048169859258,True,1.0838261829560747,1744.322987939686,2662.0314893881505,True,1.526111567521345,1360.6639399592873,7581.196086054967,True,5.5716888376433396
heteroscedastic,half_normal_2.0,quadratic_z,loro_anchor,E2__R01__day1_0@90,E2,E2__R01__day1_0,90.0,130.0,1536.0,7.374665423519118,1451.2957824280334,0.03772850981150011,0.7518,0.039246887361254895,5,1413.6946967154959,1534.7552282748043,False,1.0856341414030726,1332.1522300210186,2061.6002285642253,True,1.547571052395189,1039.9039574443416,5752.074612039539,True,5.531351785770471
heteroscedastic,half_normal_2.0,quadratic_z,loro_anchor,E2__R01__day1_0@100,E2,E2__R01__day1_0,100.0,80.0,9462.0,9.197933508177142,8990.845015954452,0.04289445198604902,0.74285,0.0386733088488938,5,8767.612311057586,9497.652801926382,True,1.0832655989987239,8254.924780585354,12998.686796079777,True,1.5746584180453365,6585.612734932307,36625.964455893736,True,5.5615120308574015
heteroscedastic,half_normal_2.0,quadratic_z,loro_anchor,E2__R01__day1_0@100,E2,E2__R01__day1_0,100.0,90.0,5527.0,8.727422069262667,5605.682526923269,0.11002161742940508,0.3124,0.0386733088488938,5,5479.445618211715,5931.381247318479,True,1.0824783491973518,5162.195849966407,8019.553848239829,True,1.5535160000355308,3969.81588967184,23195.737051540276,True,5.843025897469951
heteroscedastic,half_normal_2.0,quadratic_z,loro_anchor,E2__R01__day1_0@100,E2,E2__R01__day1_0,100.0,110.0,2622.0,7.9616099315521245,2606.448200686554,0.08991726722847915,0.5614,0.0386733088488938,5,2547.105960626243,2755.736264582338,True,1.0819087651558872,2401.0231066089914,3760.6506628345383,True,1.5662700839833956,1869.0990560975933,10253.648780573332,True,5.485877673054663
heteroscedastic,half_normal_2.0,quadratic_z,loro_anchor,E2__R01__day1_0@100,E2,E2__R01__day1_0,100.0,120.0,1955.0,7.652362469829585,1913.8360559831367,0.07421699741011878,0.6515,0.0386733088488938,5,1868.5101250449093,2020.5659683078359,True,1.0813781211162943,1757.6195985805728,2742.409775544683,True,1.5602976763341805,1347.9812491078037,7559.978696644222,True,5.608370814985735
heteroscedastic,half_normal_2.0,quadratic_z,loro_anchor,E2__R01__day1_0@100,E2,E2__R01__day1_0,100.0,130.0,1536.0,7.384481918199046,1465.5322358936435,0.04754500449142807,0.7304,0.0386733088488938,5,1428.5880225893616,1549.706434639482,True,1.084781903624384,1348.4264363632876,2091.142822917838,True,1.550802302984848,1052.0905700312492,5896.6686052037,True,5.604715766085193
heteroscedastic,half_normal_2.0,quadratic_z,loro_anchor,E2__R01__day1_0@110,E2,E2__R01__day1_0,110.0,80.0,9462.0,9.213066590167589,9078.190647498197,0.05802753397649596,0.7152,0.03904926087855758,5,8842.866201701763,9610.46855328231,True,1.0868047004299155,8322.924871955342,13296.993933118236,True,1.597634742315572,6508.134799652112,36141.23715247152,True,5.553240408358386
heteroscedastic,half_normal_2.0,quadratic_z,loro_anchor,E2__R01__day1_0@110,E2,E2__R01__day1_0,110.0,90.0,5527.0,8.742612216812072,5668.774251606739,0.12521176497880937,0.24235,0.03904926087855758,5,5535.189937408907,5990.807726779795,False,1.0823129458108838,5200.661148853957,8330.416470876498,True,1.6017995082629504,4058.3755677165404,24010.959550370822,True,5.91639663449893
heteroscedastic,half_normal_2.0,quadratic_z,loro_anchor,E2__R01__day1_0@110,E2,E2__R01__day1_0,110.0,100.0,3705.0,8.333018471156796,3760.5624426236504,0.11557993342660922,0.3022,0.03904926087855758,5,3674.6827873914613,3975.2259057935007,True,1.0817874999804773,3454.206718816083,5582.8984304141095,True,1.6162606597927143,2679.9880306103764,15611.202602924248,True,5.825101614117561
heteroscedastic,half_normal_2.0,quadratic_z,loro_anchor,E2__R01__day1_0@110,E2,E2__R01__day1_0,110.0,120.0,1955.0,7.667510111229491,1932.917484815162,0.0893646388100251,0.5979,0.03904926087855758,5,1889.5229987497685,2047.6789895175893,True,1.0837015431262107,1776.1897364147724,2826.621505600952,True,1.5913961485367376,1364.5797921127566,7907.065325140687,True,5.794505657231158
heteroscedastic,half_normal_2.0,quadratic_z,loro_anchor,E2__R01__day1_0@110,E2,E2__R01__day1_0,110.0,130.0,1536.0,7.399560904671095,1480.6108722312033,0.06262399096347693,0.70505,0.03904926087855758,5,1444.4375527670018,1568.0046059381964,True,1.0855468295839348,1358.9214002884382,2161.813314947712,True,1.5908302823760487,1054.926589282737,6103.710316379742,True,5.785910013444405
heteroscedastic,half_normal_2.0,quadratic_z,loro_anchor,E2__R01__day1_0@120,E2,E2__R01__day1_0,120.0,80.0,9462.0,9.221105978180876,9227.853402459003,0.06606692198978337,0.66285,0.039224795863523225,5,8989.181631759699,9767.571558106893,True,1.086591856548661,8485.89139033757,13138.440187079237,True,1.5482687183622543,6801.6048726792005,34583.468228816906,True,5.084604130376987
heteroscedastic,half_normal_2.0,quadratic_z,loro_anchor,E2__R01__day1_0@120,E2,E2__R01__day1_0,120.0,90.0,5527.0,8.750610647896346,5759.875454711784,0.13321019606308404,0.18005,0.039224795863523225,5,5619.444668943863,6068.637736843751,False,1.0799354908470538,5291.1448159922575,8100.226945137766,True,1.5309025223908406,4224.28232082519,21165.435713879077,True,5.010421677911084
heteroscedastic,half_normal_2.0,quadratic_z,loro_anchor,E2__R01__day1_0@120,E2,E2__R01__day1_0,120.0,100.0,3705.0,8.340986350912788,3823.099940178921,0.12354781318260066,0.2162,0.039224795863523225,5,3731.4668162734315,4032.2204863791367,False,1.0805993152060411,3513.028890450076,5449.3491509556015,True,1.5511825609431442,2824.2607468460114,14253.692576678139,True,5.04687557358007
heteroscedastic,half_normal_2.0,quadratic_z,loro_anchor,E2__R01__day1_0@120,E2,E2__R01__day1_0,120.0,110.0,2622.0,7.984748234934133,2676.063740998851,0.11305557061048788,0.2673,0.039224795863523225,5,2614.94997709964,2824.9685194550525,True,1.0803145544636206,2462.287850558089,3736.4281879732603,True,1.5174619763186428,1957.4945518263419,9623.859025920843,True,4.916416761896878
heteroscedastic,half_normal_2.0,quadratic_z,loro_anchor,E2__R01__day1_0@120,E2,E2__R01__day1_0,120.0,130.0,1536.0,7.407486165782793,1502.6611874356777,0.0705492520751756,0.65745,0.039224795863523225,5,1467.8732041426092,1585.058293671477,True,1.0798332507182158,1382.489465452221,2077.5818906786303,True,1.5027831622565313,1079.4324119968787,5563.215069880939,True,5.153833633353067
heteroscedastic,half_normal_2.0,quadratic_z,loro_anchor,E2__R01__day1_0@130,E2,E2__R01__day1_0,130.0,80.0,9462.0,9.245784919013715,9479.26269837498,0.09074586282262231,0.48165,0.03906978641589851,5,9221.914087392977,10027.601904774756,True,1.0873666583473394,8703.726679751104,13403.27724767099,True,1.5399469377701414,7002.969304536454,36391.029783106125,True,5.1965142499671355
heteroscedastic,half_normal_2.0,quadratic_z,loro_anchor,E2__R01__day1_0@130,E2,E2__R01__day1_0,130.0,90.0,5527.0,8.775195326965221,5921.387385953986,0.1577948751319589,0.1228,0.03906978641589851,5,5764.040172591893,6254.762982120805,False,1.0851352167638086,5427.668530911169,8173.560970076537,True,1.5059064354293576,4305.347591056921,21638.43164974387,True,5.025943014378507
heteroscedastic,half_normal_2.0,quadratic_z,loro_anchor,E2__R01__day1_0@130,E2,E2__R01__day1_0,130.0,100.0,3705.0,8.365504303240263,3931.7468418598446,0.14806576551007566,0.1381,0.03906978641589851,5,3828.417640108518,4153.6645256190895,False,1.0849559572871867,3615.649792231404,5479.398617949186,True,1.5154671864853277,2868.6152881274165,14965.619828786035,True,5.2170187793133245
heteroscedastic,half_normal_2.0,quadratic_z,loro_anchor,E2__R01__day1_0@130,E2,E2__R01__day1_0,130.0,110.0,2622.0,8.009223125175698,2752.6351818623007,0.13753046085205245,0.16155,0.03906978641589851,5,2681.0338105292426,2907.4958554089208,False,1.084468179397922,2530.990782819918,3823.9887233122777,True,1.5108663173604129,2005.3436205826754,10266.788134540144,True,5.119715159617887
heteroscedastic,half_normal_2.0,quadratic_z,loro_anchor,E2__R01__day1_0@130,E2,E2__R01__day1_0,130.0,120.0,1955.0,7.699894736726111,2018.1985129282477,0.12174926430664446,0.21525,0.03906978641589851,5,1969.174024940189,2131.8175330719955,False,1.082594786479954,1853.5072496067937,2792.251297562306,True,1.506469045726505,1449.0803340312818,7752.954443585575,True,5.350258547790221
heteroscedastic,half_normal_2.0,quadratic_z,loro_anchor,E2__R02__day1_0@80,E2,E2__R02__day1_0,80.0,90.0,11540.0,9.365631961224253,11697.074211601052,0.012057421162161575,0.3436,0.029601882211839826,5,11389.291842395767,11988.605242218518,True,1.0526207781937638,10737.248135941412,12745.784735038096,True,1.1870625111450477,8826.411128699687,15380.678124681783,True,1.7425744054308148
heteroscedastic,half_normal_2.0,quadratic_z,loro_anchor,E2__R02__day1_0@80,E2,E2__R02__day1_0,80.0,100.0,7544.0,8.95396123208402,7749.704887864585,0.025453407770726244,0.2566,0.029601882211839826,5,7533.685281614449,7942.20441997588,True,1.0542256708490865,7091.069593571281,8431.340199070662,True,1.1890082430885267,5862.426908671443,10161.75643276219,True,1.7333702562212532
heteroscedastic,half_normal_2.0,quadratic_z,loro_anchor,E2__R02__day1_0@80,E2,E2__R02__day1_0,80.0,110.0,5710.0,8.597264632419572,5423.528512686088,-0.05270967023048456,0.8431,0.029601882211839826,5,5268.854320710271,5564.39820092604,False,1.0560926270164797,4961.551218896916,5910.553756120925,True,1.1912713374014101,4105.6050029059725,7084.172664159396,True,1.7254881215180649
heteroscedastic,half_normal_2.0,quadratic_z,loro_anchor,E2__R02__day1_0@80,E2,E2__R02__day1_0,80.0,120.0,4017.0,8.288857096324405,3985.350717031751,-0.009433538034878453,0.593,0.029601882211839826,5,3875.033423208054,4089.5839471227573,True,1.0553673995764097,3652.108969567038,4332.862212662158,True,1.1864000359156381,3026.237965605567,5301.526184541783,True,1.7518537024503023
heteroscedastic,half_normal_2.0,quadratic_z,loro_anchor,E2__R02__day1_0@80,E2,E2__R02__day1_0,80.0,130.0,3302.0,8.022957783782388,3053.69416995039,-0.07932584069768467,0.8907,0.029601882211839826,5,2968.8136312772685,3135.142176781172,False,1.0560252566047215,2793.038908057949,3327.5007605498267,True,1.1913549614185286,2300.7093509133883,4001.7444130206527,True,1.7393524355572982
heteroscedastic,half_normal_2.0,quadratic_z,loro_anchor,E2__R02__day1_0@90,E2,E2__R02__day1_0,90.0,80.0,18780.0,9.827774320452018,18525.93771918931,-0.012773432310234867,0.6572,0.03012420610396533,5,18043.44097341364,19029.47468573717,True,1.0546477644578114,17002.841343217453,20264.21978015236,True,1.1918137310759471,13902.587954837254,25160.490265894,True,1.8097702634666435
heteroscedastic,half_normal_2.0,quadratic_z,loro_anchor,E2__R02__day1_0@90,E2,E2__R02__day1_0,90.0,100.0,7544.0,8.94222314927055,7647.713422396755,0.013715324957257025,0.32975,0.03012420610396533,5,7452.8181416128955,7838.837143007515,True,1.0517950383411716,6995.629210563316,8326.173711429514,True,1.1901965442732574,5698.868248561656,10274.854708834018,True,1.8029640729854213
heteroscedastic,half_normal_2.0,quadratic_z,loro_anchor,E2__R02__day1_0@90,E2,E2__R02__day1_0,90.0,110.0,5710.0,8.585493165559006,5352.961557897041,-0.0644811370910503,0.86785,0.03012420610396533,5,5213.229045078697,5487.127920189765,False,1.0525391984013497,4902.348407362813,5842.033045078623,True,1.1916805089382267,4002.28251099676,7188.052985574158,True,1.7959884055720965
heteroscedastic,half_normal_2.0,quadratic_z,loro_anchor,E2__R02__day1_0@90,E2,E2__R02__day1_0,90.0,120.0,4017.0,8.27689442221804,3933.337121503555,-0.021396212141242543,0.72325,0.03012420610396533,5,3826.94356557934,4034.7848076724986,True,1.054309983549939,3587.9536015097074,4288.531391651274,True,1.1952583193513941,2939.23405771225,5262.8324408773215,True,1.790545542662105
heteroscedastic,half_normal_2.0,quadratic_z,loro_anchor,E2__R02__day1_0@90,E2,E2__R02__day1_0,90.0,130.0,3302.0,8.010669399668542,3012.134552546314,-0.09161422481153103,0.9035,0.03012420610396533,5,2930.1734194856263,3094.4292193358306,False,1.0560566820918873,2748.0253823030885,3291.2596029839656,False,1.1976816605040228,2215.9561224400163,4070.097864198804,True,1.8367231295704403
heteroscedastic,half_normal_2.0,quadratic_z,loro_anchor,E2__R02__day1_0@100,E2,E2__R02__day1_0,100.0,80.0,18780.0,9.813166933720094,18274.202481505516,-0.027380819042159388,0.7428,0.02974146863332471,5,17812.23979685137,18803.807735879815,True,1.0556677852048522,16782.22655036136,20026.353154353084,True,1.193307282216487,13674.122074169336,24916.632684294233,True,1.8221742170462412
heteroscedastic,half_normal_2.0,quadratic_z,loro_anchor,E2__R02__day1_0@100,E2,E2__R02__day1_0,100.0,90.0,11540.0,9.339053844250447,11380.621505003297,-0.014520695811643947,0.67975,0.02974146863332471,5,11102.269959710267,11663.576001692405,True,1.050557772781521,10437.496326049946,12419.745756205242,True,1.1899161799183575,8455.786790864255,15393.131171378707,True,1.8204256507519387
heteroscedastic,half_normal_2.0,quadratic_z,loro_anchor,E2__R02__day1_0@100,E2,E2__R02__day1_0,100.0,110.0,5710.0,8.570798460380502,5280.657135288153,-0.07917584226955476,0.88945,0.02974146863332471,5,5152.188531194125,5413.07074665503,False,1.0506352230477172,4844.271408399835,5762.538908835519,True,1.1895574015203674,3890.662359644988,7125.403422398104,True,1.831411406012697
heteroscedastic,half_normal_2.0,quadratic_z,loro_anchor,E2__R02__day1_0@100,E2,E2__R02__day1_0,100.0,120.0,4017.0,8.262259225024847,3877.5881334317987,-0.03603140933443605,0.7936,0.02974146863332471,5,3778.6123604026784,3977.2916286380723,False,1.052579955096061,3545.8746033006096,4230.19490935183,True,1.1929905545487236,2824.835234376531,5262.283568927336,True,1.86286389552514
heteroscedastic,half_normal_2.0,quadratic_z,loro_anchor,E2__R02__day1_0@100,E2,E2__R02__day1_0,100.0,130.0,3302.0,7.996127342695071,2970.3805905888935,-0.10615628178500192,0.9153,0.02974146863332471,5,2894.433166940348,3055.9582362013357,False,1.0558054237029535,2723.108450211246,3251.0132148098232,False,1.1938610871548745,2168.7294469965364,4006.3445497814464,True,1.8473233511583542
heteroscedastic,half_normal_2.0,quadratic_z,loro_anchor,E2__R02__day1_0@110,E2,E2__R02__day1_0,110.0,80.0,18780.0,9.888388919587673,19736.100464265583,0.04784116682541928,0.16105,0.028111018203448378,5,19224.183293807033,20301.519195028097,False,1.0560406590363773,18121.77364079924,21495.6460378085,True,1.1861778247474266,14678.79103645857,25848.638449945738,True,1.7609514561344983
heteroscedastic,half_normal_2.0,quadratic_z,loro_anchor,E2__R02__day1_0@110,E2,E2__R02__day1_0,110.0,90.0,11540.0,9.41440087764886,12297.473206092629,0.060826337586769696,0.1321,0.028111018203448378,5,11998.657283860259,12600.29304638716,False,1.050141924074803,11255.018375496582,13311.220345371345,True,1.1826920135778136,9134.394794070211,16045.820511484906,True,1.7566375083657866
heteroscedastic,half_normal_2.0,quadratic_z,loro_anchor,E2__R02__day1_0@110,E2,E2__R02__day1_0,110.0,100.0,7544.0,9.002914991133741,8154.342134421854,0.07440716682044801,0.11385,0.028111018203448378,5,7957.47138890865,8347.037921643954,False,1.0489560708038854,7457.442207687398,8831.692071620431,True,1.1842789827477855,5993.356100219968,10569.774522343838,True,1.7635819306575005
heteroscedastic,half_normal_2.0,quadratic_z,loro_anchor,E2__R02__day1_0@110,E2,E2__R02__day1_0,110.0,120.0,4017.0,8.337625212042925,4192.553883006518,0.03933457768364157,0.18345,0.028111018203448378,5,4088.748243632913,4291.83237075929,False,1.0496690221616418,3840.1456500511617,4545.25421401025,True,1.1836150574001518,3120.568990369493,5488.398520419695,True,1.7587813431965937
heteroscedastic,half_normal_2.0,quadratic_z,loro_anchor,E2__R02__day1_0@110,E2,E2__R02__day1_0,110.0,130.0,3302.0,8.071408464402584,3210.0794765160676,-0.030875160077489028,0.76245,0.028111018203448378,5,3128.0405272534117,3294.0397202123136,False,1.0530681081375433,2944.1235514746922,3486.869565125714,True,1.184348925634987,2388.779957316781,4230.137992759882,True,1.7708361876543135
heteroscedastic,half_normal_2.0,quadratic_z,loro_anchor,E2__R02__day1_0@120,E2,E2__R02__day1_0,120.0,80.0,18780.0,9.848419158581596,18927.840687383243,0.007871405819342314,0.4064,0.02934188272594051,5,18435.289662495892,19462.991958785013,True,1.0557464685992888,17335.307052840875,20648.870138237402,True,1.1911453356606976,14026.84575426067,25049.7755096936,True,1.7858452248314418
heteroscedastic,half_normal_2.0,quadratic_z,loro_anchor,E2__R02__day1_0@120,E2,E2__R02__day1_0,120.0,90.0,11540.0,9.37438330746756,11785.585535390208,0.020808767405469553,0.27345,0.02934188272594051,5,11490.229115472277,12089.806151746645,True,1.0521814691638307,10800.191793583796,12873.101326271062,True,1.1919326593735813,8654.911747831531,15898.1101161772,True,1.8368887609004723
heteroscedastic,half_normal_2.0,quadratic_z,loro_anchor,E2__R02__day1_0@120,E2,E2__R02__day1_0,120.0,100.0,7544.0,8.962875991577029,7812.176191414364,0.03436816726373593,0.20455,0.02934188272594051,5,7619.608854594993,8009.035381810113,False,1.0511084669366297,7164.589260168189,8497.661983380913,True,1.1860640819459103,5769.197868627881,10533.89206846196,True,1.8258850378046216
heteroscedastic,half_normal_2.0,quadratic_z,loro_anchor,E2__R02__day1_0@120,E2,E2__R02__day1_0,120.0,110.0,5710.0,8.606170656975326,5469.506910034356,-0.04380364567473016,0.8247,0.02934188272594051,5,5336.56068893237,5601.817959542436,False,1.0497056598944314,5008.1096614733915,5948.207141224614,True,1.1877150348729875,4033.191690712154,7382.120982994861,True,1.8303422076354063
heteroscedastic,half_normal_2.0,quadratic_z,loro_anchor,E2__R02__day1_0@120,E2,E2__R02__day1_0,120.0,130.0,3302.0,8.031427420698366,3076.5908583386886,-0.0708562037817071,0.88,0.02934188272594051,5,3001.9191024133243,3155.280960780205,False,1.0510879384602967,2821.982531600315,3359.4179128266237,True,1.1904460340232992,2238.214362452859,4139.655445852431,True,1.8495348413883745
heteroscedastic,half_normal_2.0,quadratic_z,loro_anchor,E2__R02__day1_0@130,E2,E2__R02__day1_0,130.0,80.0,18780.0,9.916753296530425,20295.823501628947,0.07620554376817168,0.1148,0.029871002478961618,5,19762.022350003375,20877.775845731878,False,1.0564594794989852,18541.32248117854,22149.03793581171,True,1.194577029674954,14876.316794169092,26979.62319538451,True,1.8135956345027162
heteroscedastic,half_normal_2.0,quadratic_z,loro_anchor,E2__R02__day1_0@130,E2,E2__R02__day1_0,130.0,90.0,11540.0,9.442791366441227,12647.096718750889,0.0892168263791362,0.0997,0.029871002478961618,5,12315.883022666632,13000.954571810227,False,1.0556250451455866,11541.777376983293,13801.500488003305,False,1.1957864059591352,9516.65078459423,16852.38040842176,True,1.7708310192176824
heteroscedastic,half_normal_2.0,quadratic_z,loro_anchor,E2__R02__day1_0@130,E2,E2__R02__day1_0,130.0,100.0,7544.0,9.031296288593913,8380.48341110103,0.1027884642806196,0.09095,0.029871002478961618,5,8143.897739294578,8603.77763147267,False,1.0564692616361273,7621.4182742207295,9106.677240270743,False,1.1948796027996347,6080.353247676491,11127.807625145011,True,1.8301251871175943
heteroscedastic,half_normal_2.0,quadratic_z,loro_anchor,E2__R02__day1_0@130,E2,E2__R02__day1_0,130.0,110.0,5710.0,8.67455074022782,5870.772378185837,0.024576437577763954,0.2488,0.029871002478961618,5,5711.707478684803,6018.695741329887,False,1.0537471962264728,5353.627641774243,6371.159915125254,True,1.1900640727067435,4332.166775772456,7676.008878528474,True,1.7718636598794808
heteroscedastic,half_normal_2.0,quadratic_z,loro_anchor,E2__R02__day1_0@130,E2,E2__R02__day1_0,130.0,120.0,4017.0,8.365902814655868,4310.3738129776475,0.06761218029658522,0.1275,0.029871002478961618,5,4198.23461240496,4415.432134150179,False,1.0517354416314522,3927.8152885959566,4689.696739270898,True,1.1939707941172777,3128.8772319662075,5739.705242036174,True,1.8344296744520414
heteroscedastic,half_normal_2.0,quadratic_z,loro_anchor,E2__R02__day1_1@80,E2,E2__R02__day1_1,80.0,90.0,15300.0,9.622073767835705,15229.01398177468,-0.013534339544822416,0.5636,0.030539906594857325,5,14780.33661720492,15602.742807678222,True,1.0556419120736389,13817.448126432228,16506.004774768226,True,1.194576930829427,10983.274857200138,19851.12271755631,True,1.8073956061058432
heteroscedastic,half_normal_2.0,quadratic_z,loro_anchor,E2__R02__day1_1@80,E2,E2__R02__day1_1,80.0,100.0,10330.0,9.211549065349677,10102.52626967591,-0.03125849676400705,0.73455,0.030539906594857325,5,9785.32725217098,10355.41957701825,True,1.0582599140688718,9157.599437389945,10923.129140685804,True,1.192793942928679,7137.385803572013,12947.721687368698,True,1.8140705916287743
heteroscedastic,half_normal_2.0,quadratic_z,loro_anchor,E2__R02__day1_1@80,E2,E2__R02__day1_1,80.0,110.0,6671.0,8.857022739634749,7083.830981786725,0.0514976869252326,0.15985,0.030539906594857325,5,6862.286293070001,7266.462810361815,False,1.0588982301277605,6421.432517193717,7677.809995417314,True,1.1956537696004093,5128.690076039204,9161.226756919748,True,1.7862702992563748
heteroscedastic,half_normal_2.0,quadratic_z,loro_anchor,E2__R02__day1_1@80,E2,E2__R02__day1_1,80.0,120.0,4863.0,8.55165095011998,5218.161845298195,0.062240139716193355,0.1355,0.030539906594857325,5,5064.712735286215,5354.2426191976765,False,1.0571661018194154,4734.145776299296,5666.875242887434,True,1.1970217037374917,3768.732723448441,6712.174126700038,True,1.7810162246152357
heteroscedastic,half_normal_2.0,quadratic_z,loro_anchor,E2__R02__day1_1@80,E2,E2__R02__day1_1,80.0,130.0,3845.0,8.289517635903685,4010.2199050676254,0.03498875396394041,0.19815,0.030539906594857325,5,3894.2990241901807,4117.730240155778,False,1.0573739239276985,3636.893141071355,4348.690526396591,True,1.1957157820467486,2875.861374839306,5212.193779783277,True,1.8123939579926789
heteroscedastic,half_normal_2.0,quadratic_z,loro_anchor,E2__R02__day1_1@90,E2,E2__R02__day1_1,90.0,80.0,24470.0,10.1001395801174,24521.01217595407,-0.00506357631931742,0.4705,0.03177910808094197,5,23859.463645762302,25205.143883749268,True,1.056400271940982,22210.394910068113,26675.08411184999,True,1.2010180016996457,17750.31714362348,31424.141445161997,True,1.7703425347783501
heteroscedastic,half_normal_2.0,quadratic_z,loro_anchor,E2__R02__day1_1@90,E2,E2__R02__day1_1,90.0,100.0,10330.0,9.215708420062702,10141.892581224094,-0.027099142050982294,0.7144,0.03177910808094197,5,9840.892378851755,10387.693089047509,True,1.0555641388143657,9165.940822959885,11006.232334183704,True,1.200774971906217,7352.32578302322,13128.574546364196,True,1.7856355844131035
heteroscedastic,half_normal_2.0,quadratic_z,loro_anchor,E2__R02__day1_1@90,E2,E2__R02__day1_1,90.0,110.0,6671.0,8.861090683878844,7112.252445044816,0.055565631169328,0.14555,0.03177910808094197,5,6909.062433066274,7291.513762561032,False,1.055355025837424,6453.332591495202,7748.587300342731,True,1.2007109800220952,5208.760856575046,9221.985429472215,True,1.7704758738983486
heteroscedastic,half_normal_2.0,quadratic_z,loro_anchor,E2__R02__day1_1@90,E2,E2__R02__day1_1,90.0,120.0,4863.0,8.555428223963869,5236.279691216466,0.06601741356008262,0.12795,0.03177910808094197,5,5092.189369907385,5375.023785675814,False,1.0555427921514184,4754.297570724447,5687.642826705071,True,1.1963161207510205,3755.6478015830808,6683.518564366655,True,1.779591409383334
heteroscedastic,half_normal_2.0,quadratic_z,loro_anchor,E2__R02__day1_1@90,E2,E2__R02__day1_1,90.0,130.0,3845.0,8.292834604525769,4021.662369605106,0.03830572258602416,0.1901,0.03177910808094197,5,3907.7630918049745,4144.187105800841,False,1.0605011123861818,3641.8739268910167,4389.318757438576,True,1.205236327657733,2894.0378439033393,5198.192147684247,True,1.796172831200153
heteroscedastic,half_normal_2.0,quadratic_z,loro_anchor,E2__R02__day1_1@100,E2,E2__R02__day1_1,100.0,80.0,24470.0,10.114403635423338,24946.0395546146,0.009200478986620908,0.2964,0.03059795221731081,5,24274.54667659199,25655.015867587652,True,1.0568689998370537,22610.207618114826,27175.839072637587,True,1.2019278872461512,17282.436688477366,32454.039701856513,True,1.8778624962933863
heteroscedastic,half_normal_2.0,quadratic_z,loro_anchor,E2__R02__day1_1@100,E2,E2__R02__day1_1,100.0,90.0,15300.0,9.64030128927845,15551.801882010766,0.004693181897922116,0.31195,0.03059795221731081,5,15141.711989990175,15919.304020060248,True,1.0513543006619146,14057.852973404155,16849.846691143808,True,1.1986074063387762,10874.344211881427,20393.983505288386,True,1.8754219204322864
heteroscedastic,half_normal_2.0,quadratic_z,loro_anchor,E2__R02__day1_1@100,E2,E2__R02__day1_1,100.0,110.0,6671.0,8.875278710458675,7238.41767214087,0.06975365774915865,0.1192,0.03059795221731081,5,7038.307470023954,7410.262241521254,False,1.0528471899077227,6555.25416404158,7832.3210180133265,True,1.1948157648832312,5041.965400048609,9264.724093090428,True,1.837522346543891
heteroscedastic,half_normal_2.0,quadratic_z,loro_anchor,E2__R02__day1_1@100,E2,E2__R02__day1_1,100.0,120.0,4863.0,8.569638881627233,5327.253314603658,0.08022807122344666,0.10645,0.03059795221731081,5,5186.278678278981,5465.934997581209,False,1.053922347149118,4832.743537853734,5789.628298005983,True,1.1980003185886439,3705.1623396728532,6989.97405385199,True,1.8865500113199274
heteroscedastic,half_normal_2.0,quadratic_z,loro_anchor,E2__R02__day1_1@100,E2,E2__R02__day1_1,100.0,130.0,3845.0,8.307086160095368,4091.256769898068,0.052557278155623166,0.1466,0.03059795221731081,5,3979.6333876085296,4215.785250474891,False,1.0593401049457651,3707.2688860157014,4463.295874266501,True,1.203930983021661,2856.9992951457443,5315.237641250392,True,1.8604266547357495
heteroscedastic,half_normal_2.0,quadratic_z,loro_anchor,E2__R02__day1_1@110,E2,E2__R02__day1_1,110.0,80.0,24470.0,10.036522540692232,22982.718109709494,-0.06868061574448525,0.865,0.02987018126687064,5,22380.335654446124,23634.596150843445,False,1.0560429707473198,20945.77541149051,25004.73484624847,True,1.1937841571876722,16643.18964062391,29878.08182068816,True,1.7952136859487295
heteroscedastic,half_normal_2.0,quadratic_z,loro_anchor,E2__R02__day1_1@110,E2,E2__R02__day1_1,110.0,90.0,15300.0,9.562342987419184,14317.656528489415,-0.07326511996134322,0.87895,0.02987018126687064,5,13929.516767069603,14669.812164848887,False,1.0531458061437848,12989.453567344564,15504.686784575624,True,1.1936365686355233,10303.468552302433,18401.6151493046,True,1.78596314977761
heteroscedastic,half_normal_2.0,quadratic_z,loro_anchor,E2__R02__day1_1@110,E2,E2__R02__day1_1,110.0,100.0,10330.0,9.151935363515953,9506.019749955129,-0.09087219859773121,0.90135,0.02987018126687064,5,9251.478290332034,9729.117049396933,False,1.0516283716045727,8659.277653883702,10312.308058565544,False,1.1908970321491488,6768.330385690289,12468.53742053937,True,1.8421880596875924
heteroscedastic,half_normal_2.0,quadratic_z,loro_anchor,E2__R02__day1_1@110,E2,E2__R02__day1_1,110.0,120.0,4863.0,8.491858982619801,4906.428200576584,0.00244817221601501,0.37,0.02987018126687064,5,4781.651227774626,5029.197587288093,True,1.0517700576059528,4474.745663673711,5321.0372143435,True,1.189126179291047,3526.175426018466,6368.899413972798,True,1.8061776980744704
heteroscedastic,half_normal_2.0,quadratic_z,loro_anchor,E2__R02__day1_1@110,E2,E2__R02__day1_1,110.0,130.0,3845.0,8.229469872267146,3769.8409473924085,-0.02505900967259933,0.6904,0.02987018126687064,5,3675.6621114397235,3883.9934102093166,True,1.0566785772068672,3449.298375171746,4109.83139366608,True,1.1914977907532993,2759.191959748137,4908.578645112029,True,1.778991355701142
heteroscedastic,half_normal_2.0,quadratic_z,loro_anchor,E2__R02__day1_1@120,E2,E2__R02__day1_1,120.0,80.0,24470.0,10.026914284117657,22745.895307068953,-0.07828887231906023,0.88115,0.031622932236853474,5,22115.638664797698,23396.827081835323,False,1.057931332504403,20719.742952914596,24789.20313926119,True,1.1964049551963267,16713.052402399233,29086.990277850102,True,1.740375700232624
heteroscedastic,half_normal_2.0,quadratic_z,loro_anchor,E2__R02__day1_1@120,E2,E2__R02__day1_1,120.0,90.0,15300.0,9.5525326928825,14178.772606920475,-0.08307541449802791,0.89235,0.031622932236853474,5,13777.625378525197,14533.204926519427,False,1.0548410576739828,12884.940297855374,15395.096874016079,True,1.1948132096955473,10309.183660470426,18246.58876260186,True,1.7699353667125604
heteroscedastic,half_normal_2.0,quadratic_z,loro_anchor,E2__R02__day1_1@120,E2,E2__R02__day1_1,120.0,100.0,10330.0,9.14207098484821,9410.197738940067,-0.10073657726547403,0.91465,0.031622932236853474,5,9139.160949431653,9639.813763214379,False,1.0547810479050443,8525.804565780529,10192.253051252641,False,1.1954593812953005,6887.437758659516,11954.743744044486,True,1.7357316556529154
heteroscedastic,half_normal_2.0,quadratic_z,loro_anchor,E2__R02__day1_1@120,E2,E2__R02__day1_1,120.0,110.0,6671.0,8.787588982018505,6601.31461611795,-0.017936070691010997,0.6543,0.031622932236853474,5,6413.252059556045,6762.827202585529,True,1.0545082494471119,6007.965910801842,7154.745287821282,True,1.190876478669365,4798.849237512014,8385.527487830617,True,1.747403819707854
heteroscedastic,half_normal_2.0,quadratic_z,loro_anchor,E2__R02__day1_1@120,E2,E2__R02__day1_1,120.0,130.0,3845.0,8.2201264188422,3733.7326718219156,-0.034402463097544356,0.76205,0.031622932236853474,5,3633.3644766982247,3835.303482052749,False,1.0555790663583615,3401.337009594249,4063.2949263963073,True,1.1946169741295423,2682.8376022437315,4769.423316396742,True,1.7777532685571207
heteroscedastic,half_normal_2.0,quadratic_z,loro_anchor,E2__R02__day1_1@130,E2,E2__R02__day1_1,130.0,80.0,24470.0,10.05356020247668,23406.110834205054,-0.051642953960037374,0.82115,0.030724841802841376,5,22740.484917774844,24052.284250280194,False,1.057685635871379,21228.01746170118,25441.171767535452,True,1.1984713981621453,16605.76668583571,30267.499529964076,True,1.8227101525990648
heteroscedastic,half_normal_2.0,quadratic_z,loro_anchor,E2__R02__day1_1@130,E2,E2__R02__day1_1,130.0,90.0,15300.0,9.57949556421273,14590.384477928803,-0.05611254316779757,0.83595,0.030724841802841376,5,14135.077681444069,14964.597503692545,False,1.0586851972760951,13223.296146606632,15852.539702570002,True,1.1988342034249975,10275.739790049724,18936.574072060874,True,1.842842895885479
heteroscedastic,half_normal_2.0,quadratic_z,loro_anchor,E2__R02__day1_1@130,E2,E2__R02__day1_1,130.0,100.0,10330.0,9.169136430721307,9687.45412540688,-0.07367113139237702,0.87065,0.030724841802841376,5,9376.244082562476,9939.237647036336,False,1.060044678819837,8786.117968996516,10527.410489547246,True,1.1981867904227113,6952.173513959162,12509.437044152879,True,1.799356275995611
heteroscedastic,half_normal_2.0,quadratic_z,loro_anchor,E2__R02__day1_1@130,E2,E2__R02__day1_1,130.0,110.0,6671.0,8.81457446144138,6793.97654932511,0.00904940873186355,0.3276,0.030724841802841376,5,6578.4500405725485,6965.444758394562,True,1.0588276441160496,6149.28186779904,7375.23531664175,True,1.1993653039816672,4841.945900492224,8897.978972265042,True,1.837686573772022
heteroscedastic,half_normal_2.0,quadratic_z,loro_anchor,E2__R02__day1_1@130,E2,E2__R02__day1_1,130.0,120.0,4863.0,8.508995490313406,5000.320790897965,0.019584679909620206,0.25615,0.030724841802841376,5,4856.699430182159,5119.296655898092,True,1.0540690708764087,4535.276731426024,5420.697355740997,True,1.1952296798516573,3588.359157831439,6602.508421441855,True,1.8399798155745268
heteroscedastic,half_normal_2.0,quadratic_z,loro_anchor,E2__R03__day1_0@80,E2,E2__R03__day1_0,80.0,90.0,15560.0,9.733918627318422,16973.155087678253,0.08145982958603959,0.06585,0.02588692816759698,5,16547.838971021454,17334.00661939405,False,1.0475087804364867,15931.113988986444,17914.90892267868,False,1.1245233029569481,14375.31028797069,19331.204075260284,True,1.3447503871576743
heteroscedastic,half_normal_2.0,quadratic_z,loro_anchor,E2__R03__day1_0@80,E2,E2__R03__day1_0,80.0,100.0,10360.0,9.321505397347876,11235.636513034642,0.07579788153440248,0.07325,0.02588692816759698,5,10934.249754142887,11497.257508809136,False,1.0514902958433825,10526.050026515926,11878.816466198577,False,1.1285160564765442,9529.400155535744,12908.121564467872,True,1.3545576168264262
heteroscedastic,half_normal_2.0,quadratic_z,loro_anchor,E2__R03__day1_0@80,E2,E2__R03__day1_0,80.0,110.0,7895.0,8.965387582230525,7872.646119152167,-0.008597344459218448,0.53425,0.02588692816759698,5,7655.700635636824,8052.386394532567,True,1.0518157354598212,7359.89000160867,8318.554109959388,True,1.130255222311907,6674.218072974135,8997.181969031843,True,1.3480503439742355
heteroscedastic,half_normal_2.0,quadratic_z,loro_anchor,E2__R03__day1_0@80,E2,E2__R03__day1_0,80.0,120.0,6977.0,8.658683916807364,5787.801238050893,-0.1916903871318727,0.9849,0.02588692816759698,5,5638.200174319261,5923.839738809801,False,1.0506614798445013,5420.60180702816,6125.904726291553,False,1.1301152426191723,4904.635442937889,6633.7019575490085,False,1.3525372139739307
heteroscedastic,half_normal_2.0,quadratic_z,loro_anchor,E2__R03__day1_0@80,E2,E2__R03__day1_0,80.0,130.0,5128.0,8.39544605680983,4448.762543805101,-0.1470249417906757,0.97575,0.02588692816759698,5,4333.367106968793,4553.891065609348,False,1.050889747671254,4175.0661578002755,4714.444665896727,False,1.1291904098546393,3778.241474656165,5110.797071116441,False,1.3526920143666952
heteroscedastic,half_normal_2.0,quadratic_z,loro_anchor,E2__R03__day1_0@90,E2,E2__R03__day1_0,90.0,80.0,27350.0,10.12395255177999,25009.041083348933,-0.09251925607013689,0.9517,0.025780436260126327,5,24455.12715689715,25611.805451296546,False,1.0472979873291386,23564.417011216705,26501.317581362804,False,1.12463285506907,21324.882749850014,28386.36369657418,True,1.3311380901624807
heteroscedastic,half_normal_2.0,quadratic_z,loro_anchor,E2__R03__day1_0@90,E2,E2__R03__day1_0,90.0,100.0,10360.0,9.234958050287913,10292.61531753747,-0.010749465525559998,0.59525,0.025780436260126327,5,10049.265981471593,10511.731539589417,True,1.0460198345800078,9690.560369462779,10879.891178812135,True,1.1227308601365527,8775.210717107753,11683.808006947118,True,1.3314561192438257
heteroscedastic,half_normal_2.0,quadratic_z,loro_anchor,E2__R03__day1_0@90,E2,E2__R03__day1_0,90.0,110.0,7895.0,8.87882907496478,7210.870187164134,-0.09515585172496266,0.9543,0.025780436260126327,5,7035.840665687953,7366.815155854584,False,1.0470412145318628,6777.207417833867,7618.594722994672,False,1.1241495579649428,6175.411637727051,8198.135279842994,True,1.3275447469377823
heteroscedastic,half_normal_2.0,quadratic_z,loro_anchor,E2__R03__day1_0@90,E2,E2__R03__day1_0,90.0,120.0,6977.0,8.57207762149884,5303.637407375233,-0.27829668244039674,0.99495,0.025780436260126327,5,5179.487235800646,5423.198958671417,False,1.0470532529139631,4991.980011322392,5608.536096085341,False,1.123509325631218,4543.798134894414,5996.707244908871,False,1.31975652678246
heteroscedastic,half_normal_2.0,quadratic_z,loro_anchor,E2__R03__day1_0@90,E2,E2__R03__day1_0,90.0,130.0,5128.0,8.308760770459655,4071.8824218545255,-0.23371022814085052,0.9925,0.025780436260126327,5,3973.2619764281935,4173.026678442028,False,1.0502772541048038,3828.7868422012616,4316.697168982634,False,1.1274320945223635,3481.2082088304523,4609.438645169762,False,1.3240916281529596
heteroscedastic,half_normal_2.0,quadratic_z,loro_anchor,E2__R03__day1_0@100,E2,E2__R03__day1_0,100.0,80.0,27350.0,10.12773045056528,25131.034414644295,-0.08874135728484589,0.9414,0.025412076614096953,5,24538.9138300865,25782.119676570688,False,1.050662627331122,23622.03025028152,26703.317857046575,False,1.1304412691931225,21119.766313881595,28761.8926607124,True,1.361847107266892
heteroscedastic,half_normal_2.0,quadratic_z,loro_anchor,E2__R03__day1_0@100,E2,E2__R03__day1_0,100.0,90.0,15560.0,9.651575626478275,15623.90923061923,-0.0008831712541077508,0.4373,0.025412076614096953,5,15277.03041672865,15969.998664558465,True,1.0453601406115551,14704.634031173953,16520.623022682237,True,1.123497734636467,13157.319313411292,17903.70701086212,True,1.3607412410074156
heteroscedastic,half_normal_2.0,quadratic_z,loro_anchor,E2__R03__day1_0@100,E2,E2__R03__day1_0,100.0,110.0,7895.0,8.883351570399672,7248.645051758797,-0.09063335629007163,0.94545,0.025412076614096953,5,7087.782877738779,7401.3337517532655,False,1.0442382165795856,6821.672339227678,7657.001424561973,False,1.1224522439359594,6107.337719667012,8323.953389595803,True,1.3629430320826676
heteroscedastic,half_normal_2.0,quadratic_z,loro_anchor,E2__R03__day1_0@100,E2,E2__R03__day1_0,100.0,120.0,6977.0,8.576487923943562,5331.79590378646,-0.273886379995675,0.9921,0.025412076614096953,5,5211.971731851652,5450.2958055190675,False,1.045726279022382,5016.56823946645,5642.22819080016,False,1.124718716355038,4498.186753883859,6140.44719954577,False,1.3650938779373571
heteroscedastic,half_normal_2.0,quadratic_z,loro_anchor,E2__R03__day1_0@100,E2,E2__R03__day1_0,100.0,130.0,5128.0,8.312921299529354,4094.313516051409,-0.22954969907115164,0.9887,0.025412076614096953,5,3998.410624421167,4197.717376051183,False,1.0498464941076102,3846.562311923833,4348.487952734143,False,1.1304868087680282,3432.627485720103,4721.591987773324,False,1.3755037525672027
heteroscedastic,half_normal_2.0,quadratic_z,loro_anchor,E2__R03__day1_0@110,E2,E2__R03__day1_0,110.0,80.0,27350.0,10.21219155647949,27357.09710873685,-0.0042802513706359235,0.49725,0.025733457100171664,5,26703.516943854753,28073.73996793443,True,1.051312455470215,25686.992989108465,29066.92081379265,True,1.1315812958767617,22826.521681677918,31495.207066910447,True,1.379763746142304
heteroscedastic,half_normal_2.0,quadratic_z,loro_anchor,E2__R03__day1_0@110,E2,E2__R03__day1_0,110.0,90.0,15560.0,9.735750456508287,16998.44494478407,0.08329165877590405,0.0624,0.025733457100171664,5,16610.0673180083,17388.850936535044,False,1.0468862409535453,15975.479956729389,17975.299483275765,False,1.1251805599558207,14271.57845736249,19465.48454681819,True,1.3639335414069944
heteroscedastic,half_normal_2.0,quadratic_z,loro_anchor,E2__R03__day1_0@110,E2,E2__R03__day1_0,110.0,100.0,10360.0,9.323470415572112,11258.588348181205,0.07776289975863904,0.0677,0.025733457100171664,5,10998.415336355565,11502.149783460234,False,1.0458006387010645,10581.84994035285,11887.449163693584,False,1.1233809996078248,9485.66018743981,12892.006998335077,True,1.3591048744720682
heteroscedastic,half_normal_2.0,quadratic_z,loro_anchor,E2__R03__day1_0@110,E2,E2__R03__day1_0,110.0,120.0,6977.0,8.660620201562732,5802.52302291087,-0.18975410237650436,0.9839,0.025733457100171664,5,5669.832321610515,5933.479112895261,False,1.0464999273928894,5457.238018874222,6139.630505394227,False,1.1250435630917885,4852.717025941398,6647.14138926937,False,1.369777251328572
heteroscedastic,half_normal_2.0,quadratic_z,loro_anchor,E2__R03__day1_0@110,E2,E2__R03__day1_0,110.0,130.0,5128.0,8.397248353115186,4455.362107215326,-0.14522264548531894,0.9745,0.025733457100171664,5,4350.6390375188,4570.819626822368,False,1.050608792732467,4181.350414055134,4735.2007470403605,False,1.1324572872733942,3736.3623385977116,5133.606544084273,True,1.373958433060044
heteroscedastic,half_normal_2.0,quadratic_z,loro_anchor,E2__R03__day1_0@120,E2,E2__R03__day1_0,120.0,80.0,27350.0,10.393061462644143,32834.62107767408,0.17658965479401623,0.027,0.02589753231394678,5,32030.238798545124,33688.67192106662,False,1.0517771076560574,30754.548094354897,34905.234237031946,False,1.1349617015975246,27099.362058589013,37759.67388718811,True,1.3933787004118927
heteroscedastic,half_normal_2.0,quadratic_z,loro_anchor,E2__R03__day1_0@120,E2,E2__R03__day1_0,120.0,90.0,15560.0,9.9166129754814,20415.81070168809,0.26415417774901684,0.01545,0.02589753231394678,5,19916.972142766557,20893.617338249584,False,1.0490358267553095,19156.99357507009,21622.947087665823,False,1.1287234086566065,16882.78825075413,23415.109235716594,False,1.3869219282940823
heteroscedastic,half_normal_2.0,quadratic_z,loro_anchor,E2__R03__day1_0@120,E2,E2__R03__day1_0,120.0,100.0,10360.0,9.504354673052628,13523.616575578062,0.2586471572391549,0.0153,0.02589753231394678,5,13189.985007507008,13817.787160565022,False,1.0475968814748995,12667.608278411271,14295.567371487581,False,1.128513532886137,11257.259650583408,15468.257724414741,False,1.3740695519635722
heteroscedastic,half_normal_2.0,quadratic_z,loro_anchor,E2__R03__day1_0@120,E2,E2__R03__day1_0,120.0,110.0,7895.0,9.148313049001883,9471.96659507032,0.17432812231214,0.0276,0.02589753231394678,5,9236.017823593342,9665.53676272686,False,1.0465047759042123,8857.150640902513,10001.748674668474,False,1.1292286966962244,7783.725089944241,10863.596655457644,True,1.3956809278236555
heteroscedastic,half_normal_2.0,quadratic_z,loro_anchor,E2__R03__day1_0@120,E2,E2__R03__day1_0,120.0,130.0,5128.0,8.57833111864854,5350.753158728731,0.03586012004803507,0.15615,0.02589753231394678,5,5229.071960661882,5475.454620556656,False,1.047117856045643,5021.655223135886,5671.002755224365,True,1.129309461369787,4445.071884288947,6117.98433881118,True,1.3763521711392612
heteroscedastic,half_normal_2.0,quadratic_z,loro_anchor,E2__R03__day1_0@130,E2,E2__R03__day1_0,130.0,80.0,27350.0,10.350208912794727,31447.2651487324,0.13373710494460056,0.03255,0.02589510263153561,5,30664.200877071096,32237.346532196014,False,1.0513023529108572,29483.61076294562,33333.474126382316,False,1.1305763868065686,26537.214696248928,36033.660974818114,True,1.3578539190064858
heteroscedastic,half_normal_2.0,quadratic_z,loro_anchor,E2__R03__day1_0@130,E2,E2__R03__day1_0,130.0,90.0,15560.0,9.873398025255318,19529.91127497938,0.22093922752293516,0.0186,0.02589510263153561,5,19021.062686099573,19995.40236002272,False,1.051224250190563,18284.63728305955,20701.003533745297,False,1.1321528129477567,16279.14937166585,22410.519397834174,False,1.3766394598504075
heteroscedastic,half_normal_2.0,quadratic_z,loro_anchor,E2__R03__day1_0@130,E2,E2__R03__day1_0,130.0,100.0,10360.0,9.460967666578174,12940.502665994287,0.21526015076470095,0.0187,0.02589510263153561,5,12575.594202233435,13245.055281929355,False,1.053234946113085,12100.289401812994,13692.461060523883,False,1.1315812875080766,10856.541877587872,14869.463254737899,False,1.3696316398349881
heteroscedastic,half_normal_2.0,quadratic_z,loro_anchor,E2__R03__day1_0@130,E2,E2__R03__day1_0,130.0,110.0,7895.0,9.10491639329483,9060.624824575154,0.13093146660508737,0.0332,0.02589510263153561,5,8815.442145994175,9269.992246474434,False,1.0515629384156087,8489.44598456351,9573.44335392893,False,1.1276876454996556,7633.55419906252,10370.177875361689,True,1.358499278964346
heteroscedastic,half_normal_2.0,quadratic_z,loro_anchor,E2__R03__day1_0@130,E2,E2__R03__day1_0,130.0,120.0,6977.0,8.79835039987888,6668.753993870829,-0.052023904060357395,0.87105,0.02589510263153561,5,6500.546177670065,6814.764777683396,False,1.0483372614277702,6245.01583083997,7045.8240684297,True,1.1282315784749612,5629.695325544012,7622.220404775359,True,1.3539312456556083
heteroscedastic,half_normal_2.0,quadratic_z,loro_anchor,E3__R03__day1_0@80,E3,E3__R03__day1_0,80.0,90.0,11550.0,9.341923794217932,11520.819281119488,-0.012516921732007802,0.52885,0.037939034419645995,5,11103.802054678477,11880.324399126457,True,1.0699330139914374,10309.36253568165,12738.533206181935,True,1.2356276309124548,7519.376591621089,16603.4745362435,True,2.208091898834393
heteroscedastic,half_normal_2.0,quadratic_z,loro_anchor,E3__R03__day1_0@80,E3,E3__R03__day1_0,80.0,100.0,7546.0,8.93023421011471,7637.690370584785,0.0014613095904536522,0.40495,0.037939034419645995,5,7341.472165965205,7890.618036795371,True,1.0748005111803034,6804.834498847389,8461.047610872272,True,1.2433877138827425,5122.88004244606,11047.920245167594,True,2.1565838266032213
heteroscedastic,half_normal_2.0,quadratic_z,loro_anchor,E3__R03__day1_0@80,E3,E3__R03__day1_0,80.0,110.0,5376.0,8.577452550612094,5363.471742621071,-0.012247331590891974,0.5199,0.037939034419645995,5,5156.242812905554,5544.869599577075,True,1.07537014853118,4778.211755850653,5947.794200799579,True,1.244774092214904,3527.1385018937776,7684.240415303709,True,2.178604670947261
heteroscedastic,half_normal_2.0,quadratic_z,loro_anchor,E3__R03__day1_0@80,E3,E3__R03__day1_0,80.0,120.0,3839.0,8.276301107857924,3965.256070772777,0.023333912857125938,0.269,0.037939034419645995,5,3821.1811915772278,4094.964022669949,True,1.0716487435079505,3546.8600866622933,4401.303854859401,True,1.2409014585633589,2613.88661071302,5712.382622468956,True,2.185398019583842
heteroscedastic,half_normal_2.0,quadratic_z,loro_anchor,E3__R03__day1_0@80,E3,E3__R03__day1_0,80.0,130.0,2959.0,8.02049349940345,3065.586685150136,0.02788684700324051,0.244,0.037939034419645995,5,2963.5450800570593,3172.295071551814,False,1.0704392833095475,2745.628760692084,3394.0836989755035,True,1.2361772092305605,2052.0899867281005,4421.611943184723,True,2.154687158838801
heteroscedastic,half_normal_2.0,quadratic_z,loro_anchor,E3__R03__day1_0@90,E3,E3__R03__day1_0,90.0,80.0,18570.0,9.829378811516788,18607.159641562765,7.61571700369501e-05,0.48005,0.038308164595354716,5,18039.151912180743,19303.079982023068,True,1.0700658254886621,16826.39171916174,20688.994992440563,True,1.229556243414928,12915.546110268226,26335.359060302624,True,2.0390434005237505
heteroscedastic,half_normal_2.0,quadratic_z,loro_anchor,E3__R03__day1_0@90,E3,E3__R03__day1_0,90.0,100.0,7546.0,8.938632723191537,7658.214664277505,0.009859822667280582,0.35655,0.038308164595354716,5,7402.557572813396,7902.77420247714,True,1.0675734872364704,6891.368088161869,8471.14138192092,True,1.2292394301898948,5241.55901540025,10874.835250014472,True,2.0747329598051008
heteroscedastic,half_normal_2.0,quadratic_z,loro_anchor,E3__R03__day1_0@90,E3,E3__R03__day1_0,90.0,110.0,5376.0,8.58585531884281,5380.329115169869,-0.003844563360175357,0.49025,0.038308164595354716,5,5201.517785284232,5556.2246465296685,True,1.0681929536507495,4837.770407786251,5950.914704956595,True,1.2300944863730554,3662.841044369912,7437.600177461303,True,2.0305549947065016
heteroscedastic,half_normal_2.0,quadratic_z,loro_anchor,E3__R03__day1_0@90,E3,E3__R03__day1_0,90.0,120.0,3839.0,8.284712036184196,3975.0920683389454,0.031744841183398265,0.23805,0.038308164595354716,5,3850.5546869764576,4117.575335008676,False,1.0693460214798012,3580.4064313225767,4416.637586331251,True,1.2335576061122695,2765.5984746453437,5598.507589888473,True,2.0243385441577586
heteroscedastic,half_normal_2.0,quadratic_z,loro_anchor,E3__R03__day1_0@90,E3,E3__R03__day1_0,90.0,130.0,2959.0,8.028915903101707,3071.4290975109575,0.03630925070149704,0.2337,0.038308164595354716,5,2970.9479860833685,3195.1950998080065,False,1.0754799864471087,2769.123200131743,3414.223430301596,True,1.232961910159563,2093.9135490055714,4270.740540166164,True,2.039597356917814
heteroscedastic,half_normal_2.0,quadratic_z,loro_anchor,E3__R03__day1_0@100,E3,E3__R03__day1_0,100.0,80.0,18570.0,9.81564885919228,18383.85851458856,-0.013653795154471737,0.57705,0.03792221661333127,5,17792.37463860589,19136.874431921988,True,1.0755660680839534,16564.196336233224,20489.973653677276,True,1.237003790449926,12760.213770146493,25239.77347242324,True,1.9780055355713273
heteroscedastic,half_normal_2.0,quadratic_z,loro_anchor,E3__R03__day1_0@100,E3,E3__R03__day1_0,100.0,90.0,11550.0,9.335463426897556,11386.74485604178,-0.018977289052383384,0.6386,0.03792221661333127,5,11043.831110279823,11779.861510595363,True,1.0666462926647282,10267.414870211704,12623.137669960428,True,1.2294367987976462,8029.671079396907,15649.774866262736,True,1.9489932665384047
heteroscedastic,half_normal_2.0,quadratic_z,loro_anchor,E3__R03__day1_0@100,E3,E3__R03__day1_0,100.0,110.0,5376.0,8.570786881862592,5302.471654341134,-0.018913000340393893,0.64305,0.03792221661333127,5,5136.847223848455,5478.6590526968985,True,1.0665411708686876,4781.097319645154,5857.892131036464,True,1.2252191786531608,3702.6924393431677,7283.6308355364,True,1.9671174300473266
heteroscedastic,half_normal_2.0,quadratic_z,loro_anchor,E3__R03__day1_0@100,E3,E3__R03__day1_0,100.0,120.0,3839.0,8.27036656870336,3920.317788004242,0.017399373702561505,0.30435,0.03792221661333127,5,3797.805008587571,4058.677268926738,True,1.0686902723413352,3531.9079398934186,4341.610004422913,True,1.2292534455340103,2759.1559112674977,5367.566995254148,True,1.945365600158638
heteroscedastic,half_normal_2.0,quadratic_z,loro_anchor,E3__R03__day1_0@100,E3,E3__R03__day1_0,100.0,130.0,2959.0,8.015737514571711,3037.3271025592053,0.0231308621715014,0.2974,0.03792221661333127,5,2934.0480164457176,3165.4776779923,True,1.0788772577167753,2739.6525366394335,3376.658489908867,True,1.2325134099124886,2124.1641516165905,4128.5581156526405,True,1.9436153804359284
heteroscedastic,half_normal_2.0,quadratic_z,loro_anchor,E3__R03__day1_0@110,E3,E3__R03__day1_0,110.0,80.0,18570.0,9.829666495540538,18594.0317540443,0.0003638411937867403,0.48785,0.03656615592213687,5,17993.897090382667,19292.762847425834,True,1.0721836826407873,16796.865179412536,20633.11144750081,True,1.2283906090280619,12946.851779870962,25723.841056782843,True,1.9868800148602015
heteroscedastic,half_normal_2.0,quadratic_z,loro_anchor,E3__R03__day1_0@110,E3,E3__R03__day1_0,110.0,90.0,11550.0,9.35111161431169,11539.17791982449,-0.0033291016382488436,0.5129,0.03656615592213687,5,11190.301678752767,11913.194109746903,True,1.0645999055027002,10425.522067536614,12734.488411750877,True,1.2214724911862216,8158.718529379185,15882.381239065327,True,1.9466759616566711
heteroscedastic,half_normal_2.0,quadratic_z,loro_anchor,E3__R03__day1_0@110,E3,E3__R03__day1_0,110.0,100.0,7546.0,8.939598192982398,7650.964918305018,0.010825292458141789,0.35125,0.03656615592213687,5,7419.9199960177975,7882.695088371158,True,1.0623692833078695,6921.201921670216,8433.416372822952,True,1.2184901507378376,5432.735362188672,10645.488691172506,True,1.9595080528427922
heteroscedastic,half_normal_2.0,quadratic_z,loro_anchor,E3__R03__day1_0@110,E3,E3__R03__day1_0,110.0,120.0,3839.0,8.285241614417147,3972.126018135389,0.03227441941634979,0.2314,0.03656615592213687,5,3857.0442986269,4107.207861376059,False,1.064858877259516,3603.451370105043,4392.209335181121,True,1.2188895822543278,2863.0872123405475,5554.571411813024,True,1.9400636445413106
heteroscedastic,half_normal_2.0,quadratic_z,loro_anchor,E3__R03__day1_0@110,E3,E3__R03__day1_0,110.0,130.0,2959.0,8.028909085583445,3068.4316434083894,0.03630243318323512,0.22945,0.03656615592213687,5,2972.8611349800294,3191.538105321956,False,1.0735577480457714,2776.8441891417274,3401.413052231183,True,1.2249203846336436,2140.2186274983005,4231.670254175774,True,1.9772140097304778
heteroscedastic,half_normal_2.0,quadratic_z,loro_anchor,E3__R03__day1_0@120,E3,E3__R03__day1_0,120.0,80.0,18570.0,9.794459073794817,17969.22988566395,-0.03484358055193404,0.7391,0.03691604999113937,5,17375.541166089424,18613.68690185435,True,1.0712579668126436,16221.569235900739,19878.12481717663,True,1.2254131846371183,12754.489754352986,24408.96409926961,True,1.913754651842428
heteroscedastic,half_normal_2.0,quadratic_z,loro_anchor,E3__R03__day1_0@120,E3,E3__R03__day1_0,120.0,90.0,11550.0,9.315616965089466,11151.878649863094,-0.03882375086047318,0.76685,0.03691604999113937,5,10776.069006837755,11505.252128239397,False,1.067666894202232,10022.396948604754,12322.519340704774,True,1.2294982331966235,7760.050204239489,15210.485687741484,True,1.960101453909622
heteroscedastic,half_normal_2.0,quadratic_z,loro_anchor,E3__R03__day1_0@120,E3,E3__R03__day1_0,120.0,100.0,7546.0,8.904043357277667,7392.400979181119,-0.024729543246589714,0.69595,0.03691604999113937,5,7137.885513419072,7625.611929047983,True,1.0683292572726188,6645.234059602406,8178.328765975394,True,1.2307059002922036,5237.287304871663,10322.622413049763,True,1.9709864691684533
heteroscedastic,half_normal_2.0,quadratic_z,loro_anchor,E3__R03__day1_0@120,E3,E3__R03__day1_0,120.0,110.0,5376.0,8.551298763658712,5194.254457835017,-0.038401118544273416,0.76355,0.03691604999113937,5,5019.524033800463,5358.380573833638,False,1.0675077034697678,4678.554778634333,5759.237108860954,True,1.230986358257853,3675.9787593104857,7139.315531325101,True,1.942153640916098
heteroscedastic,half_normal_2.0,quadratic_z,loro_anchor,E3__R03__day1_0@120,E3,E3__R03__day1_0,120.0,130.0,2959.0,7.994221211503629,2968.3338405764616,0.001614559103419566,0.46985,0.03691604999113937,5,2874.5371533709467,3074.1364500137065,True,1.0694370209856885,2671.8104486508037,3289.171003731127,True,1.2310645036185386,2076.872682548049,4131.619486489995,True,1.9893465406945614
heteroscedastic,half_normal_2.0,quadratic_z,loro_anchor,E3__R03__day1_0@130,E3,E3__R03__day1_0,130.0,80.0,18570.0,9.789344376897741,17913.973489650725,-0.03995827744900993,0.7619,0.03694574889903188,5,17289.48941873641,18523.72888298622,False,1.0713866924787423,16134.806767707123,19708.350950252094,True,1.2214804449779475,13071.569836504947,24629.10953950955,True,1.8841738098455387
heteroscedastic,half_normal_2.0,quadratic_z,loro_anchor,E3__R03__day1_0@130,E3,E3__R03__day1_0,130.0,90.0,11550.0,9.30976686764368,11109.238566607963,-0.04467384830626031,0.78105,0.03694574889903188,5,10687.258955560961,11473.839974577446,False,1.0735998839634366,10012.914118045663,12184.465782330155,True,1.2168750913753308,8137.7313938126,15027.910359067455,True,1.8466953050937143
heteroscedastic,half_normal_2.0,quadratic_z,loro_anchor,E3__R03__day1_0@130,E3,E3__R03__day1_0,130.0,100.0,7546.0,8.8978828367147,7359.973825142683,-0.030890063809556167,0.70305,0.03694574889903188,5,7065.6003032316685,7611.457039018825,True,1.077255535603605,6609.44774965474,8109.559661997614,True,1.2269647887633632,5314.8554675389505,10104.789755185117,True,1.9012350979064627
heteroscedastic,half_normal_2.0,quadratic_z,loro_anchor,E3__R03__day1_0@130,E3,E3__R03__day1_0,130.0,110.0,5376.0,8.545190121478432,5170.660357789595,-0.04450976072455326,0.7755,0.03694574889903188,5,4971.907908279681,5342.21032361203,False,1.074478936891749,4646.26146871629,5696.542237337971,True,1.2260485716727993,3756.985081210096,7063.82456459279,True,1.880184353119014
heteroscedastic,half_normal_2.0,quadratic_z,loro_anchor,E3__R03__day1_0@130,E3,E3__R03__day1_0,130.0,120.0,3839.0,8.24436906961657,3823.1788758888256,-0.008598125384228439,0.54255,0.03694574889903188,5,3695.617412138942,3940.6599744201076,True,1.066306258184702,3462.1128431525703,4196.631925279723,True,1.2121591974045267,2775.0836292333775,5180.215170656615,True,1.866687949900688
heteroscedastic,half_cauchy_1.0,quadratic_z,lofo_anchor,E1@80,E1,E1__R01__day1_1,80.0,90.0,2288.0,7.71039129325067,2227.6399459092027,-0.025042059249018145,0.7002,0.040009712456606554,5,2149.3844001896755,2311.834892599145,True,1.075580009045908,2029.9763488102774,2460.1319877788205,True,1.2119017983734872,1748.0174061154887,2873.9360057169997,True,1.644111778099264
heteroscedastic,half_cauchy_1.0,quadratic_z,lofo_anchor,E1@80,E1,E1__R01__day1_1,80.0,100.0,1512.0,7.292536710853147,1466.7864075229406,-0.02865184588633074,0.71135,0.040009712456606554,5,1412.9381088574605,1524.646517416947,True,1.0790610769567373,1335.3778197847366,1617.012691050301,True,1.210902762568697,1150.1486950998274,1879.8796539394134,True,1.6344666232710452
heteroscedastic,half_cauchy_1.0,quadratic_z,lofo_anchor,E1@80,E1,E1__R01__day1_1,80.0,110.0,1073.0,6.9379967473878,1028.1323625116775,-0.04021699524289879,0.76915,0.040009712456606554,5,990.1414692023167,1068.25077472473,False,1.078887015595196,934.1386111124318,1133.4782924746216,True,1.2133941140970539,805.7416955810669,1321.6398999957435,True,1.6402774080626825
heteroscedastic,half_cauchy_1.0,quadratic_z,lofo_anchor,E1@80,E1,E1__R01__day1_1,80.0,120.0,780.0,6.638853658287561,762.3261133046833,-0.02044026139607702,0.66705,0.040009712456606554,5,735.0911309519443,792.8417957039463,True,1.0785625922016158,693.3535196053373,841.9874655193012,True,1.2143696421971977,600.3198652621229,975.4669330941502,True,1.6249119670031635
heteroscedastic,half_cauchy_1.0,quadratic_z,lofo_anchor,E1@80,E1,E1__R01__day1_1,80.0,130.0,599.0,6.388273920613729,593.605395318276,-0.006987677501720135,0.5685,0.040009712456606554,5,571.271431797869,618.5777211211506,True,1.0828087782622042,539.5972821911579,656.4076424456998,True,1.2164769247543405,468.9781456917679,766.3479852614417,True,1.6340803773084935
heteroscedastic,half_cauchy_1.0,quadratic_z,lofo_anchor,E1@90,E1,E1__R01__day1_1,90.0,80.0,3636.0,8.226518256386163,3736.5648992798992,0.027878801088792926,0.29405,0.04092599020288281,5,3603.8340163984262,3876.6842742202793,True,1.0757111056114987,3390.365716715737,4119.472423084893,True,1.2150525245032993,2926.682490004165,4768.217160401663,True,1.6292225674247558
heteroscedastic,half_cauchy_1.0,quadratic_z,lofo_anchor,E1@90,E1,E1__R01__day1_1,90.0,100.0,1512.0,7.318376150003588,1506.3882479156757,-0.002812406735889894,0.53875,0.04092599020288281,5,1452.9843351865122,1560.8433723769517,True,1.0742327598298533,1367.522577631952,1657.1151739000074,True,1.2117643986321045,1194.9718827673512,1927.7064046185928,True,1.6131813914770559
heteroscedastic,half_cauchy_1.0,quadratic_z,lofo_anchor,E1@90,E1,E1__R01__day1_1,90.0,110.0,1073.0,6.963923499314291,1056.8961235579923,-0.014290243316407825,0.629,0.04092599020288281,5,1020.6482241695203,1096.1468774767554,True,1.073971277781497,961.210415880097,1162.1313547177972,True,1.2090290903201817,835.7691680543204,1343.0632758688282,True,1.6069787295402318
heteroscedastic,half_cauchy_1.0,quadratic_z,lofo_anchor,E1@90,E1,E1__R01__day1_1,90.0,120.0,780.0,6.664891263810896,783.5727856249116,0.005597344127258097,0.4609,0.04092599020288281,5,756.0714640317755,814.468416234857,True,1.0772373445913141,711.2310272743107,865.2126827221284,True,1.2165001940901397,614.8605934948486,1006.2873938307632,True,1.6366106471567106
heteroscedastic,half_cauchy_1.0,quadratic_z,lofo_anchor,E1@90,E1,E1__R01__day1_1,90.0,130.0,599.0,6.414442138147601,609.5667056603623,0.01918054003215186,0.3823,0.04092599020288281,5,584.863845198939,636.7414658855685,True,1.0887003378863052,550.4771476491991,677.2808378096825,True,1.230352323801262,477.54305852213133,785.678315696716,True,1.6452512536318322
heteroscedastic,half_cauchy_1.0,quadratic_z,lofo_anchor,E1@100,E1,E1__R01__day1_1,100.0,80.0,3636.0,8.229424557773507,3748.0451403884845,0.030785102476137638,0.2842,0.0402511688430234,5,3610.239142747164,3891.757020036235,True,1.0779776259017717,3404.5545743361195,4131.047016791934,True,1.2133883968059107,2938.412289038279,4776.650286742193,True,1.625588861223268
heteroscedastic,half_cauchy_1.0,quadratic_z,lofo_anchor,E1@100,E1,E1__R01__day1_1,100.0,90.0,2288.0,7.739455134211143,2296.0470015421006,0.0040217817114545085,0.46415,0.0402511688430234,5,2218.4786708641777,2378.640598536406,True,1.0721944861475001,2089.716261024172,2524.2657496228207,True,1.2079466464914599,1821.651659295105,2935.7336445636124,True,1.6115779488267288
heteroscedastic,half_cauchy_1.0,quadratic_z,lofo_anchor,E1@100,E1,E1__R01__day1_1,100.0,110.0,1073.0,6.967070483828353,1059.8182592709938,-0.011143258802345457,0.61245,0.0402511688430234,5,1024.379764220694,1098.582610734582,True,1.0724368531140778,964.3949073418986,1165.1363812546656,True,1.2081527726707497,828.0652447566048,1346.5923307883913,True,1.6261910994515878
heteroscedastic,half_cauchy_1.0,quadratic_z,lofo_anchor,E1@100,E1,E1__R01__day1_1,100.0,120.0,780.0,6.667610710168732,785.5554828966526,0.008316790485094039,0.44155,0.0402511688430234,5,758.0319307847317,815.9743665099583,True,1.0764379881270216,714.4729472103525,866.4010128824214,True,1.2126435525169559,616.3219513789035,1006.7139171135607,True,1.6334221340992792
heteroscedastic,half_cauchy_1.0,quadratic_z,lofo_anchor,E1@100,E1,E1__R01__day1_1,100.0,130.0,599.0,6.41654186357067,611.5345089580861,0.021280265455220437,0.3634,0.0402511688430234,5,587.1239729920446,638.3657789081403,True,1.087275955800207,554.5970374486587,678.8535913798254,True,1.2240483550052672,476.1966302125677,784.8477673671625,True,1.6481590115764095
heteroscedastic,half_cauchy_1.0,quadratic_z,lofo_anchor,E1@110,E1,E1__R01__day1_1,110.0,80.0,3636.0,8.243331119841452,3795.2291228301733,0.044691664544082244,0.23365,0.04183963127537021,5,3649.540192362438,3944.3712674017256,False,1.0807858139653577,3430.6639271009985,4182.435840607798,True,1.2191330685492316,2938.590215980907,4918.899046987376,True,1.6738975785861447
heteroscedastic,half_cauchy_1.0,quadratic_z,lofo_anchor,E1@110,E1,E1__R01__day1_1,110.0,90.0,2288.0,7.753212692216303,2323.479135356626,0.017779339716614828,0.36825,0.04183963127537021,5,2240.232164748581,2408.4652912914526,True,1.0750962909961397,2104.7895056835077,2561.0395703381723,True,1.216767550114947,1778.8546473492563,3065.760149117143,True,1.7234461251151447
heteroscedastic,half_cauchy_1.0,quadratic_z,lofo_anchor,E1@110,E1,E1__R01__day1_1,110.0,100.0,1512.0,7.335496840063151,1530.384733513803,0.014308283323672732,0.3905,0.04183963127537021,5,1476.3156848236613,1586.756037769493,True,1.074808087512139,1389.0812398767841,1687.1699403804782,True,1.214594144637743,1174.6162920303952,1996.522493863136,True,1.699723141428616
heteroscedastic,half_cauchy_1.0,quadratic_z,lofo_anchor,E1@110,E1,E1__R01__day1_1,110.0,120.0,780.0,6.681808825526803,795.431178883029,0.022514905843165067,0.3377,0.04183963127537021,5,767.5653423513144,825.2440418654672,True,1.0751450024273677,721.1051352027631,878.7880253033762,True,1.2186683777481009,615.2054983701214,1025.8273442640996,True,1.6674547724001951
heteroscedastic,half_cauchy_1.0,quadratic_z,lofo_anchor,E1@110,E1,E1__R01__day1_1,110.0,130.0,599.0,6.431112045400113,619.5428846748149,0.03585044728466347,0.28005,0.04183963127537021,5,595.3398063136898,646.8401202855334,True,1.0865057458373741,561.0717708473409,689.1456741949496,True,1.2282665248942914,476.47691327861213,803.4345317579152,True,1.6861982382934888
heteroscedastic,half_cauchy_1.0,quadratic_z,lofo_anchor,E1@120,E1,E1__R01__day1_1,120.0,80.0,3636.0,8.222601549379464,3720.041112057493,0.023962094082094154,0.33425,0.04056411030932163,5,3577.2313330733464,3861.0409648337863,True,1.0793377909716024,3368.333564472576,4100.098177773261,True,1.2172482621730092,2920.55743032139,4838.8149754277965,True,1.6568121294897167
heteroscedastic,half_cauchy_1.0,quadratic_z,lofo_anchor,E1@120,E1,E1__R01__day1_1,120.0,90.0,2288.0,7.732704753674128,2278.393274239762,-0.0027285988255609794,0.53415,0.04056411030932163,5,2193.731800870056,2363.3854509415078,True,1.0773356387522695,2067.481382725672,2509.5577249603193,True,1.2138236145332704,1797.3703167994827,2932.6122572094982,True,1.6316127120823398
heteroscedastic,half_cauchy_1.0,quadratic_z,lofo_anchor,E1@120,E1,E1__R01__day1_1,120.0,100.0,1512.0,7.315066302579007,1501.485408045452,-0.0061222541604708525,0.55975,0.04056411030932163,5,1445.6951578829674,1557.5086521582637,True,1.0773423730899345,1361.6416843384172,1655.0896133215715,True,1.2155103889359353,1167.849794805565,1937.6419744200762,True,1.6591534142819058
heteroscedastic,half_cauchy_1.0,quadratic_z,lofo_anchor,E1@120,E1,E1__R01__day1_1,120.0,110.0,1073.0,6.960520695060311,1052.6591546022598,-0.017693047570387144,0.6615,0.04056411030932163,5,1014.804528786955,1089.924604778324,True,1.074024182845502,955.0492790843593,1159.740291822887,True,1.21432507957576,822.8497105618374,1372.386291364062,True,1.6678456269092004
heteroscedastic,half_cauchy_1.0,quadratic_z,lofo_anchor,E1@120,E1,E1__R01__day1_1,120.0,130.0,599.0,6.410246813271034,606.506240162055,0.014985215155585152,0.3975,0.04056411030932163,5,585.0016971149039,630.0327278823332,True,1.076975897658951,551.0566399737606,670.7612526946971,True,1.217227420990039,475.37134319071686,789.6735496032342,True,1.6611719677986998
heteroscedastic,half_cauchy_1.0,quadratic_z,lofo_anchor,E1@130,E1,E1__R01__day1_1,130.0,80.0,3636.0,8.210939784226886,3674.683281285756,0.012300328929516269,0.4227,0.04035185325314459,5,3529.216224111299,3820.5420504555464,True,1.0825468908235019,3328.5472291260726,4059.683770146682,True,1.2196563517629802,2907.985693725751,4686.367397133314,True,1.6115510496645793
heteroscedastic,half_cauchy_1.0,quadratic_z,lofo_anchor,E1@130,E1,E1__R01__day1_1,130.0,90.0,2288.0,7.721018571423567,2248.7612931940666,-0.014414781076121486,0.6199,0.04035185325314459,5,2157.6184181292588,2341.5946134382125,True,1.0852681798426935,2034.9494689581952,2476.7075261393747,True,1.2170855168248185,1798.1742852515329,2854.8303668122376,True,1.5876271784260874
heteroscedastic,half_cauchy_1.0,quadratic_z,lofo_anchor,E1@130,E1,E1__R01__day1_1,130.0,100.0,1512.0,7.303348612591795,1480.3522171872112,-0.017839944147683084,0.63425,0.04035185325314459,5,1422.071107855288,1544.421680018136,True,1.0860368876682773,1341.4112934877908,1636.4484691138634,True,1.2199453493931374,1175.8146469993503,1898.7706163685139,True,1.614855386615679
heteroscedastic,half_cauchy_1.0,quadratic_z,lofo_anchor,E1@130,E1,E1__R01__day1_1,130.0,110.0,1073.0,6.948765602372636,1038.964446840808,-0.029448140258062416,0.71555,0.04035185325314459,5,998.1345377966552,1080.437836513223,True,1.0824571193561234,942.7276594205522,1147.7220197344552,True,1.2174481232892889,830.6724983011756,1338.4750692550983,True,1.6113150152345717
heteroscedastic,half_cauchy_1.0,quadratic_z,lofo_anchor,E1@130,E1,E1__R01__day1_1,130.0,120.0,780.0,6.649385383203594,770.4553301902106,-0.00990853648004375,0.6039,0.04035185325314459,5,742.5127404603877,798.1510145725825,True,1.074932416752468,700.8267319522099,848.1253647034774,True,1.2101783879461263,609.6203573606966,989.4283835698351,True,1.6230238567712656
heteroscedastic,half_cauchy_1.0,quadratic_z,lofo_anchor,E2@80,E2,E2__R01__day1_0,80.0,90.0,5527.0,8.70626257283947,5919.798460962971,0.08886212100620838,0.03005,0.012076858401224185,2,5847.520004773358,5995.334925828162,False,1.0252782240905791,5747.830500029584,6138.63992000473,False,1.0679925095169618,5469.866204040527,7749.893602091682,True,1.416834217328191
heteroscedastic,half_cauchy_1.0,quadratic_z,lofo_anchor,E2@80,E2,E2__R01__day1_0,80.0,100.0,3705.0,8.296417006041994,3930.3632176188494,0.07897846831180644,0.0377,0.012076858401224185,2,3876.3566852832273,3985.0024647704245,False,1.028027807631758,3808.371004342571,4081.4077691830385,False,1.071693846142913,3629.1166796820994,5125.67978569723,True,1.4123766850467385
heteroscedastic,half_cauchy_1.0,quadratic_z,lofo_anchor,E2@80,E2,E2__R01__day1_0,80.0,110.0,2622.0,7.939266554299221,2750.311710322409,0.06757388997557534,0.0522,0.012076858401224185,2,2710.5807283086237,2790.334449351178,False,1.0294231122540003,2662.9817233448603,2858.5514108361167,False,1.073440116309026,2543.819376806953,3709.182961521847,True,1.4581156961614463
heteroscedastic,half_cauchy_1.0,quadratic_z,lofo_anchor,E2@80,E2,E2__R01__day1_0,80.0,120.0,1955.0,7.628462451791407,2015.3335114518354,0.05031697937194046,0.1136,0.012076858401224185,2,1985.7452441849073,2044.8231665137346,False,1.0297510078404226,1949.2468363993603,2094.5222091620867,True,1.0745289770643305,1850.868888783446,2628.0248462850914,True,1.4198870931438372
heteroscedastic,half_cauchy_1.0,quadratic_z,lofo_anchor,E2@80,E2,E2__R01__day1_0,80.0,130.0,1536.0,7.358511078315618,1538.5859881604504,0.021574164608000324,0.46935,0.012076858401224185,2,1515.1192280562236,1561.446673155227,True,1.0305767653404003,1488.3020474988323,1596.850246423252,True,1.0729342535722775,1419.3177680130648,1984.6375019047798,True,1.398303851774588
heteroscedastic,half_cauchy_1.0,quadratic_z,lofo_anchor,E2@80,E2,E2__R02__day1_0,80.0,90.0,11540.0,9.372013496846261,11742.011518075966,0.018438956784169847,0.18905,0.012076858401224185,2,11597.838680201212,11881.701541432416,False,1.0244754966040173,11395.636617455071,12107.09410900921,True,1.062432448088453,10715.104782920467,12928.0808056168,True,1.206528640412714
heteroscedastic,half_cauchy_1.0,quadratic_z,lofo_anchor,E2@80,E2,E2__R02__day1_0,80.0,100.0,7544.0,8.962167930048786,7796.732107479735,0.03366010573549261,0.0967,0.012076858401224185,2,7686.677268182289,7899.79425602273,False,1.0277255022430307,7547.696585767801,8049.556949204798,False,1.066491857182405,7125.136552203119,8656.49355235905,True,1.214923179217166
heteroscedastic,half_cauchy_1.0,quadratic_z,lofo_anchor,E2@80,E2,E2__R02__day1_0,80.0,110.0,5710.0,8.60501747830601,5454.801161752775,-0.04495682434404635,0.9382,0.012076858401224185,2,5374.133202930727,5528.810179453059,False,1.0287817533882453,5273.912410455441,5632.552606519592,False,1.0680026834259044,4974.349440107499,6027.96251793155,True,1.2118092205844877
heteroscedastic,half_cauchy_1.0,quadratic_z,lofo_anchor,E2@80,E2,E2__R02__day1_0,80.0,120.0,4017.0,8.294213375798197,3996.1928089042485,-0.0040772585610859835,0.59945,0.012076858401224185,2,3936.9895120975502,4052.162999925389,True,1.0292542023477418,3864.4645239779397,4128.506262443411,True,1.068325569254722,3646.8330452963173,4403.122809486788,True,1.2073826124741118
heteroscedastic,half_cauchy_1.0,quadratic_z,lofo_anchor,E2@80,E2,E2__R02__day1_0,80.0,130.0,3302.0,8.024262002322407,3051.7464283981362,-0.0780216221576655,0.96765,0.012076858401224185,2,3005.0297125582388,3095.3941324104107,False,1.0300710570263356,2950.4212582418413,3154.2461886231945,False,1.0690833316808506,2798.1204084871893,3373.6288396140053,True,1.20567679267168
heteroscedastic,half_cauchy_1.0,quadratic_z,lofo_anchor,E2@80,E2,E2__R02__day1_1,80.0,90.0,15300.0,9.631460457996273,15292.08658608289,-0.004147649384254493,0.5131,0.012076858401224185,2,15100.369440219241,15469.074210936269,True,1.024416937093936,14814.010514860658,15748.79520983743,True,1.063101392701122,13714.81234391073,16628.837958769032,True,1.212472875442011
heteroscedastic,half_cauchy_1.0,quadratic_z,lofo_anchor,E2@80,E2,E2__R02__day1_1,80.0,100.0,10330.0,9.221614891198794,10153.082777445252,-0.021192670914890854,0.80525,0.012076858401224185,2,10008.095084729592,10283.799998337883,False,1.0275481908669077,9810.836948021513,10463.998848294912,True,1.066575553516371,9158.202214400919,11063.331400012128,True,1.2080243634078605
heteroscedastic,half_cauchy_1.0,quadratic_z,lofo_anchor,E2@80,E2,E2__R02__day1_1,80.0,110.0,6671.0,8.86446443945602,7103.448083387776,0.058939386746503786,0.0448,0.012076858401224185,2,6997.595032346754,7198.852175551584,False,1.0287609017490307,6859.759151932817,7331.638412243548,False,1.0687894793183481,6405.467215268885,7756.4436250241,True,1.21090989374434
heteroscedastic,half_cauchy_1.0,quadratic_z,lofo_anchor,E2@80,E2,E2__R02__day1_1,80.0,120.0,4863.0,8.553660336948207,5204.504690770194,0.06424952654442073,0.04085,0.012076858401224185,2,5125.643588503105,5275.606133889685,False,1.029257310383997,5026.944382934443,5370.337252889468,False,1.0683104573666622,4680.350674055858,5683.383612602982,True,1.214307219351563
heteroscedastic,half_cauchy_1.0,quadratic_z,lofo_anchor,E2@80,E2,E2__R02__day1_1,80.0,130.0,3845.0,8.283708963472417,3973.883747972322,0.029180081532672375,0.1101,0.012076858401224185,2,3912.3224335928935,4030.519227308398,False,1.0302114142486356,3835.6140187076053,4103.577604435565,True,1.0698619789220212,3601.408991554764,4345.141913142256,True,1.2065116523370525
heteroscedastic,half_cauchy_1.0,quadratic_z,lofo_anchor,E2@80,E2,E2__R03__day1_0,80.0,90.0,15560.0,9.741788816814367,17090.074706603275,0.08933001908198435,0.02765,0.012076858401224185,2,16871.172369245225,17289.939407761598,False,1.024821454570623,16553.275998776142,17581.046028847017,False,1.062088617996031,15448.073117341046,18458.59003279791,True,1.1948797686669055
heteroscedastic,half_cauchy_1.0,quadratic_z,lofo_anchor,E2@80,E2,E2__R03__day1_0,80.0,100.0,10360.0,9.331943250016892,11343.976340767886,0.08623573420341835,0.03005,0.012076858401224185,2,11179.854945003255,11489.274045862434,False,1.0276764861781567,10952.61618440591,11686.21994234173,False,1.0669797741091585,10190.576575729927,12268.167795216059,True,1.2038737655368945
heteroscedastic,half_cauchy_1.0,quadratic_z,lofo_anchor,E2@80,E2,E2__R03__day1_0,80.0,110.0,7895.0,8.974792798274116,7937.691147379639,0.0008078715843726769,0.39725,0.012076858401224185,2,7818.9768981031,8042.921742501688,True,1.0286411953017685,7663.375582714461,8180.2871399472815,True,1.0674522019250585,7136.357608069146,8561.214549286327,True,1.1996616508687963
heteroscedastic,half_cauchy_1.0,quadratic_z,lofo_anchor,E2@80,E2,E2__R03__day1_0,80.0,120.0,6977.0,8.663988695766303,5816.890356617116,-0.18638560817293381,0.9917,0.012076858401224185,2,5725.061915875507,5896.435470165061,False,1.0299339215553875,5608.650585341034,5996.915404514831,False,1.0692260666386635,5219.122221918742,6292.9753175613205,False,1.20575358268728
heteroscedastic,half_cauchy_1.0,quadratic_z,lofo_anchor,E2@80,E2,E2__R03__day1_0,80.0,130.0,5128.0,8.394037322290512,4441.58736751415,-0.1484336763099936,0.98825,0.012076858401224185,2,4373.1002651387535,4504.17490387022,False,1.0299729324242484,4288.509363833505,4582.846282625083,False,1.068633852422901,4009.958432938596,4816.097414045068,False,1.20103424875547
heteroscedastic,half_cauchy_1.0,quadratic_z,lofo_anchor,E2@90,E2,E2__R01__day1_0,90.0,80.0,9462.0,9.112762830958713,8847.920916766774,-0.042276225232379616,0.9378,0.012213230488341841,2,8741.91783691057,8972.905978612385,False,1.0264230510982986,8589.588214002257,9199.399849436104,False,1.070994280545343,8114.991615328638,12641.495096353932,True,1.5577952135495807
heteroscedastic,half_cauchy_1.0,quadratic_z,lofo_anchor,E2@90,E2,E2__R01__day1_0,90.0,100.0,3705.0,8.233267318776079,3672.595620419261,0.015828781045891915,0.6996,0.012213230488341841,2,3629.7631693922085,3719.194463808897,True,1.0246383276933364,3568.243807772679,3813.818419582289,True,1.068822262445934,3389.477483011559,5389.248351932055,True,1.5899938497728845
heteroscedastic,half_cauchy_1.0,quadratic_z,lofo_anchor,E2@90,E2,E2__R01__day1_0,90.0,110.0,2622.0,7.87622958550687,2570.508560025597,0.004536921183224685,0.8228,0.012213230488341841,2,2538.2425651287067,2603.749374835526,False,1.025807939164986,2495.326804791497,2669.32851398975,True,1.0697310303660974,2356.8027007114742,3638.4941457816076,True,1.5438263647114863
heteroscedastic,half_cauchy_1.0,quadratic_z,lofo_anchor,E2@90,E2,E2__R01__day1_0,90.0,120.0,1955.0,7.565530440047548,1884.13000139773,-0.012615032371918744,0.8963,0.012213230488341841,2,1859.2210118680769,1909.1594897182674,False,1.0268598932194803,1826.4265148333166,1957.9155620933432,True,1.071992519924639,1725.871137949814,2599.5448098485235,True,1.5062218451237088
heteroscedastic,half_cauchy_1.0,quadratic_z,lofo_anchor,E2@90,E2,E2__R01__day1_0,90.0,130.0,1536.0,7.2956769868715785,1438.727420898077,-0.041259926836039185,0.93535,0.012213230488341841,2,1417.3933034269842,1459.5395874961864,False,1.0297350664542444,1390.7980734233506,1495.4160234281658,False,1.0752215235295124,1314.0052079499226,1989.040543324695,True,1.5137234854859862
heteroscedastic,half_cauchy_1.0,quadratic_z,lofo_anchor,E2@90,E2,E2__R02__day1_0,90.0,80.0,18780.0,9.824183630810126,18453.849725148644,-0.016364121952127775,0.8039,0.012213230488341841,2,18233.25491393385,18694.424775014024,False,1.0252927885480143,17902.9775561034,19048.68024907097,True,1.0639950918430876,16850.009513469267,20328.245196749456,True,1.2064233661411181
heteroscedastic,half_cauchy_1.0,quadratic_z,lofo_anchor,E2@90,E2,E2__R02__day1_0,90.0,100.0,7544.0,8.944688118627488,7663.355266869074,0.016180294314194654,0.2029,0.012213230488341841,2,7572.037832139267,7751.25723479472,False,1.0236685825703038,7435.0869619036985,7897.944486955641,True,1.0622531420847607,7011.346406424872,8445.270679585825,True,1.204514823550434
heteroscedastic,half_cauchy_1.0,quadratic_z,lofo_anchor,E2@90,E2,E2__R02__day1_0,90.0,110.0,5710.0,8.58765038535828,5362.199076867322,-0.062323917291776,0.9591,0.012213230488341841,2,5296.763178400701,5424.4968500621835,False,1.02411542056144,5199.603827877888,5522.997893074722,False,1.0621959049000895,4908.767416940149,5916.720687192204,True,1.2053373453330893
heteroscedastic,half_cauchy_1.0,quadratic_z,lofo_anchor,E2@90,E2,E2__R02__day1_0,90.0,120.0,4017.0,8.27695123989896,3930.2355978002875,-0.02133939446032329,0.8502,0.012213230488341841,2,3878.863371768131,3978.0353040606824,False,1.0255672661776032,3809.423994545547,4055.2545361601674,True,1.0645322080100845,3609.4497026584086,4357.308396052483,True,1.2071946570811796
heteroscedastic,half_cauchy_1.0,quadratic_z,lofo_anchor,E2@90,E2,E2__R02__day1_0,90.0,130.0,3302.0,8.007097786722989,3000.1211223338523,-0.095185837757084,0.9748,0.012213230488341841,2,2957.1874399867083,3041.792198767401,False,1.0286098735699596,2901.236277818817,3098.7464028234285,False,1.0680779178568325,2745.2478762368346,3303.1267659743353,True,1.2032162175833234
heteroscedastic,half_cauchy_1.0,quadratic_z,lofo_anchor,E2@90,E2,E2__R02__day1_1,90.0,80.0,24470.0,10.101871983133973,24455.339150883323,-0.003331173302743906,0.51485,0.012213230488341841,2,24165.050424213176,24760.739694217064,True,1.0246508597973796,23708.947872258483,25189.119196225776,True,1.0624309156164293,22061.02416618544,26559.553121679037,True,1.20391296984248
heteroscedastic,half_cauchy_1.0,quadratic_z,lofo_anchor,E2@90,E2,E2__R02__day1_1,90.0,100.0,10330.0,9.222376470951339,10156.616968605615,-0.020431091162345538,0.82065,0.012213230488341841,2,10033.41386491662,10270.596447970222,False,1.0236392703666843,9846.12410922381,10445.99013012156,True,1.0609240767477017,9147.405709441811,10997.639003862934,True,1.2022686380370493
heteroscedastic,half_cauchy_1.0,quadratic_z,lofo_anchor,E2@90,E2,E2__R02__day1_1,90.0,110.0,6671.0,8.865338737682132,7106.523160685477,0.05981368497261563,0.04215,0.012213230488341841,2,7017.851893647297,7188.564877757904,False,1.0243255324702905,6890.467741578498,7312.687964486161,False,1.0612759886182905,6394.77274171723,7715.657493523793,True,1.2065569497395239
heteroscedastic,half_cauchy_1.0,quadratic_z,lofo_anchor,E2@90,E2,E2__R02__day1_1,90.0,120.0,4863.0,8.55463959222281,5208.659530130716,0.06522878181902314,0.04025,0.012213230488341841,2,5138.619500636465,5271.373119295353,False,1.025834490886598,5040.399832144217,5359.863716601213,False,1.0633806632600207,4684.86981847985,5656.705813799323,True,1.2074414088276233
heteroscedastic,half_cauchy_1.0,quadratic_z,lofo_anchor,E2@90,E2,E2__R02__day1_1,90.0,130.0,3845.0,8.284786139046837,3977.1983381762984,0.030257257107091817,0.1051,0.012213230488341841,2,3918.842668173341,4030.802375953817,False,1.0285695847628051,3840.017616971181,4100.9376406392585,True,1.0679476111033779,3576.507422140492,4331.785361135477,True,1.2111775119826147
heteroscedastic,half_cauchy_1.0,quadratic_z,lofo_anchor,E2@90,E2,E2__R03__day1_0,90.0,80.0,27350.0,10.117643107101447,24870.81997520548,-0.09882870074867967,0.977,0.012213230488341841,2,24562.711343982646,25185.42432049656,False,1.025351964113134,24076.856677347238,25639.674621997758,False,1.0649095505112551,22090.460787333555,27152.458872341045,False,1.229148596479707
heteroscedastic,half_cauchy_1.0,quadratic_z,lofo_anchor,E2@90,E2,E2__R03__day1_0,90.0,100.0,10360.0,9.23814759491881,10327.807921544603,-0.0075599208946623975,0.5828,0.012213230488341841,2,10201.029715968181,10444.107728997235,True,1.02382877217273,10002.613212524968,10633.864573149734,True,1.0631086444324704,9191.391356007418,11354.979144103965,True,1.2353928479699046
heteroscedastic,half_cauchy_1.0,quadratic_z,lofo_anchor,E2@90,E2,E2__R03__day1_0,90.0,110.0,7895.0,8.881109861649604,7227.700504743178,-0.09287506504013976,0.9738,0.012213230488341841,2,7133.433232810103,7311.605333498511,False,1.0249770474992193,6991.774236035464,7443.256821827535,False,1.06457339304023,6414.374383150273,7921.288426950114,True,1.2349276724100027
heteroscedastic,half_cauchy_1.0,quadratic_z,lofo_anchor,E2@90,E2,E2__R03__day1_0,90.0,120.0,6977.0,8.570410716190283,5297.322259663748,-0.2799635877489539,0.99365,0.012213230488341841,2,5223.991024425607,5363.184219212846,False,1.026644991183258,5117.503028223882,5458.607386097345,False,1.0666544515933287,4714.036995413472,5801.041430349408,False,1.2305888638535376
heteroscedastic,half_cauchy_1.0,quadratic_z,lofo_anchor,E2@90,E2,E2__R03__day1_0,90.0,130.0,5128.0,8.300557263014312,4043.962212258194,-0.2419137355861931,0.9912,0.012213230488341841,2,3984.0459539908466,4099.6811393556345,False,1.0290245611371414,3904.3887515266624,4175.197748615367,False,1.069360151952803,3610.0796212696164,4449.678112358507,False,1.2325706297839534
heteroscedastic,half_cauchy_1.0,quadratic_z,lofo_anchor,E2@100,E2,E2__R01__day1_0,100.0,80.0,9462.0,9.121727992870893,8937.234256781076,-0.03331106332020006,0.93405,0.011960138436755582,2,8821.156762756715,9072.150908788019,False,1.0284536544108378,8674.585235191165,9279.737113044002,False,1.0697614769404593,8249.771071539744,12398.641026810772,True,1.5029072830376953
heteroscedastic,half_cauchy_1.0,quadratic_z,lofo_anchor,E2@100,E2,E2__R01__day1_0,100.0,90.0,5527.0,8.651798150564092,5586.292162483289,0.03439769873082987,0.25655,0.011960138436755582,2,5524.771176868878,5659.397882011672,True,1.0243678336772477,5434.516780734398,5786.767586249703,True,1.0648173185818561,5165.120294008818,7790.156525961055,True,1.5082236390500134
heteroscedastic,half_cauchy_1.0,quadratic_z,lofo_anchor,E2@100,E2,E2__R01__day1_0,100.0,110.0,2622.0,7.884863497748558,2594.8375859848848,0.013170833424912765,0.72765,0.011960138436755582,2,2566.37947335523,2626.1646232530966,True,1.023295522162085,2523.6296332595275,2686.5098982969707,True,1.0645420638951153,2396.3285007506042,3554.149650818424,True,1.4831646202535063
heteroscedastic,half_cauchy_1.0,quadratic_z,lofo_anchor,E2@100,E2,E2__R01__day1_0,100.0,120.0,1955.0,7.5741370047567615,1901.6861516349272,-0.0040084676627047955,0.87225,0.011960138436755582,2,1878.773931030269,1925.5264797910197,False,1.0248846058530912,1847.3039954972025,1969.193767195399,True,1.065982519387877,1749.4912922694352,2670.863982940735,True,1.5266517728568385
heteroscedastic,half_cauchy_1.0,quadratic_z,lofo_anchor,E2@100,E2,E2__R01__day1_0,100.0,130.0,1536.0,7.304288243200982,1452.2631701269916,-0.032648670506636,0.9304,0.011960138436755582,2,1432.4667368731546,1472.8683290908202,False,1.0282042096878674,1408.4019410817955,1508.2935508801081,False,1.0709254985274912,1338.1005290570267,2052.416674931846,True,1.5338284608393402
heteroscedastic,half_cauchy_1.0,quadratic_z,lofo_anchor,E2@100,E2,E2__R02__day1_0,100.0,80.0,18780.0,9.808886358577354,18175.8303210938,-0.03166139418489955,0.9,0.011960138436755582,2,17946.396404888477,18437.47081518638,False,1.0273633992707383,17624.360873770343,18780.01155504587,True,1.0655712107549633,16623.617850346072,19899.23093497126,True,1.1970457402301866
heteroscedastic,half_cauchy_1.0,quadratic_z,lofo_anchor,E2@100,E2,E2__R02__day1_0,100.0,90.0,11540.0,9.338956516270551,11363.611918175518,-0.01461802379153987,0.7991,0.011960138436755582,2,11241.477237562038,11496.192758199575,False,1.022658545247633,11046.47141497314,11695.466038725615,True,1.0587513061295557,10414.025962946278,12388.626891253183,True,1.1896097566236776
heteroscedastic,half_cauchy_1.0,quadratic_z,lofo_anchor,E2@100,E2,E2__R02__day1_0,100.0,110.0,5710.0,8.572021863455017,5280.1960033068835,-0.07795243919503925,0.97095,0.011960138436755582,2,5219.796479677576,5336.435109900182,False,1.0223454363933,5130.404443856292,5431.909136571497,False,1.0587682113592933,4843.481772246014,5770.290618629255,True,1.1913517774948623
heteroscedastic,half_cauchy_1.0,quadratic_z,lofo_anchor,E2@100,E2,E2__R02__day1_0,100.0,120.0,4017.0,8.261295370463221,3869.867206028268,-0.03699526389606156,0.92765,0.011960138436755582,2,3822.9734420577106,3914.1126204651655,False,1.0238398670011162,3757.8484870149355,3982.5560734058413,False,1.0597968723772053,3544.10261904419,4227.903011897584,True,1.1929403480528475
heteroscedastic,half_cauchy_1.0,quadratic_z,lofo_anchor,E2@100,E2,E2__R02__day1_0,100.0,130.0,3302.0,7.991446608907442,2954.7162432194045,-0.11083701557263126,0.9797,0.011960138436755582,2,2913.7389799303414,2992.2160230723525,False,1.0269334500044638,2859.9736504678613,3044.6586641683757,False,1.0645757745601263,2704.110711023759,3231.210476267349,False,1.1949253642222486
heteroscedastic,half_cauchy_1.0,quadratic_z,lofo_anchor,E2@100,E2,E2__R02__day1_1,100.0,80.0,24470.0,10.1194130628533,24876.005810273506,0.01420990641658193,0.20475,0.011960138436755582,2,24558.424940104764,25229.88848650714,False,1.0273414743836382,24098.96508569936,25680.88540393903,True,1.0656426660901883,22420.8356452474,26954.97849753848,True,1.2022289857538024
heteroscedastic,half_cauchy_1.0,quadratic_z,lofo_anchor,E2@100,E2,E2__R02__day1_1,100.0,90.0,15300.0,9.649483220546498,15556.163709060094,0.013875113165971342,0.18315,0.011960138436755582,2,15385.35360141109,15738.125446145972,False,1.0229290696771849,15110.01569288073,15993.643539438983,True,1.0584796114390924,13955.752592292034,16879.039176364524,True,1.2094682149701526
heteroscedastic,half_cauchy_1.0,quadratic_z,lofo_anchor,E2@100,E2,E2__R02__day1_1,100.0,110.0,6671.0,8.882548567730964,7229.226545041284,0.07702351502144822,0.0311,0.011960138436755582,2,7145.408114888157,7305.52533804779,False,1.0224084083911196,7015.839577912444,7428.079404911035,False,1.0587584454320225,6544.163781828064,7806.240161416371,True,1.1928552557154606
heteroscedastic,half_cauchy_1.0,quadratic_z,lofo_anchor,E2@100,E2,E2__R02__day1_1,100.0,120.0,4863.0,8.571822074739167,5297.113017076893,0.08241126433538071,0.0289,0.011960138436755582,2,5233.764617259193,5355.7958309912265,False,1.0233161448127825,5138.211426084403,5445.914849636006,False,1.0598853176787413,4795.744478320156,5738.09310684928,True,1.1964968385595072
heteroscedastic,half_cauchy_1.0,quadratic_z,lofo_anchor,E2@100,E2,E2__R02__day1_1,100.0,130.0,3845.0,8.30197331318339,4045.129616805682,0.047444431243645724,0.05705,0.011960138436755582,2,3989.2642095550473,4096.480722004324,False,1.026876262593105,3912.7121269542513,4170.14571120855,False,1.065794154004039,3635.1014334566075,4391.550469842878,True,1.208095716236167
heteroscedastic,half_cauchy_1.0,quadratic_z,lofo_anchor,E2@100,E2,E2__R03__day1_0,100.0,80.0,27350.0,10.12214452452839,24951.97751674506,-0.09432728332173745,0.97825,0.011960138436755582,2,24627.564641715253,25307.634136830984,False,1.0276141593783008,24164.878848463995,25763.08785596552,False,1.066137679295798,22470.574765578534,27089.942812179754,False,1.205574093889106
heteroscedastic,half_cauchy_1.0,quadratic_z,lofo_anchor,E2@100,E2,E2__R03__day1_0,100.0,90.0,15560.0,9.65221468222159,15603.490529555718,-0.00024411551079239757,0.4204,0.011960138436755582,2,15432.004805139937,15783.820617702306,True,1.0227978034613616,15151.148884729771,16061.361295584551,True,1.0600754713573004,14116.165559296993,16970.620356712934,True,1.2022117681622102
heteroscedastic,half_cauchy_1.0,quadratic_z,lofo_anchor,E2@100,E2,E2__R03__day1_0,100.0,110.0,7895.0,8.885280029406054,7249.205038611265,-0.08870489728368902,0.9755,0.011960138436755582,2,7165.552685234278,7327.474012446904,False,1.0225971860546486,7037.590942923316,7455.616114190907,False,1.0593989015073315,6572.215642207325,7881.454347401079,False,1.1992081173943399
heteroscedastic,half_cauchy_1.0,quadratic_z,lofo_anchor,E2@100,E2,E2__R03__day1_0,100.0,120.0,6977.0,8.574553536414259,5313.14138073006,-0.2758207675249782,0.99395,0.011960138436755582,2,5247.508173775418,5373.3780444470485,False,1.0239865983059673,5152.363991957229,5466.998361741979,False,1.0610660213983116,4795.641035551802,5755.278731759004,False,1.2001062400402915
heteroscedastic,half_cauchy_1.0,quadratic_z,lofo_anchor,E2@100,E2,E2__R03__day1_0,100.0,130.0,5128.0,8.304704774858479,4056.0089715084655,-0.23776622374202638,0.99265,0.011960138436755582,2,3998.9618893472816,4109.284317704842,False,1.0275877668780602,3923.805737383447,4183.9748332465,False,1.06630529472556,3656.049730394211,4430.707904143684,False,1.2118839268813626
heteroscedastic,half_cauchy_1.0,quadratic_z,lofo_anchor,E2@110,E2,E2__R01__day1_0,110.0,80.0,9462.0,9.134883110072646,9036.992568573756,-0.02015594611844662,0.91155,0.012111545753142706,2,8913.857073516006,9181.405620046296,False,1.0300149020029954,8761.74152050253,9414.393194317703,False,1.0744888070810996,8321.174328054314,13081.721934606108,True,1.5721004534782919
heteroscedastic,half_cauchy_1.0,quadratic_z,lofo_anchor,E2@110,E2,E2__R01__day1_0,110.0,90.0,5527.0,8.665150086297201,5648.588321381813,0.04774963446393876,0.13615,0.012111545753142706,2,5584.249189890531,5727.207416401669,False,1.0256002591664326,5492.8710055402325,5863.976677272354,True,1.0675613301965066,5197.376894447504,8386.660791176506,True,1.613633369582298
heteroscedastic,half_cauchy_1.0,quadratic_z,lofo_anchor,E2@110,E2,E2__R01__day1_0,110.0,100.0,3705.0,8.255446504606342,3749.3861384624356,0.0380079668761546,0.22495,0.012111545753142706,2,3710.957728037279,3798.350706339116,False,1.0235499794679848,3647.9549288434155,3891.731759529269,True,1.0668256147460524,3455.8247723204254,5323.402708748495,True,1.540414534725983
heteroscedastic,half_cauchy_1.0,quadratic_z,lofo_anchor,E2@110,E2,E2__R01__day1_0,110.0,120.0,1955.0,7.587708209755985,1923.7114462818595,0.0095627373365188,0.7909,0.012111545753142706,2,1902.0705767574714,1947.7090694175968,False,1.0239941110586586,1869.5213395326123,1995.2882926485602,True,1.0672722747028875,1764.616996339784,2669.544001910974,True,1.5128177998105052
heteroscedastic,half_cauchy_1.0,quadratic_z,lofo_anchor,E2@110,E2,E2__R01__day1_0,110.0,130.0,1536.0,7.3178366971160616,1468.8637308645614,-0.01910021659155614,0.91015,0.012111545753142706,2,1450.0474852726975,1489.292172849228,False,1.0270644154588844,1424.789333083633,1528.3648644904436,False,1.0726953304616935,1356.265155576517,2047.5091767153663,True,1.509667315640073
heteroscedastic,half_cauchy_1.0,quadratic_z,lofo_anchor,E2@110,E2,E2__R02__day1_0,110.0,80.0,18780.0,9.88593944987478,19648.664233512165,0.04539169711252633,0.0635,0.012111545753142706,2,19396.314363862904,19936.714344558888,False,1.0278609621682973,19030.81848178038,20311.147100087266,False,1.067276592414175,17859.191988967097,21447.203808241764,True,1.2009056076832163
heteroscedastic,half_cauchy_1.0,quadratic_z,lofo_anchor,E2@110,E2,E2__R02__day1_0,110.0,90.0,11540.0,9.416206426099334,12288.24965188815,0.06263188603724323,0.03875,0.012111545753142706,2,12151.898153312684,12435.352877503241,False,1.0233259627931695,11935.475416855275,12662.076346380325,False,1.0608774182969658,11187.542419225183,13461.53232582795,True,1.2032608969325596
heteroscedastic,half_cauchy_1.0,quadratic_z,lofo_anchor,E2@110,E2,E2__R02__day1_0,110.0,100.0,7544.0,9.006502844408475,8158.095822336969,0.077995020095182,0.0303,0.012111545753142706,2,8072.2879126684375,8250.551155492834,False,1.0220833603499988,7927.901687818648,8401.898459937593,False,1.059788427100105,7442.763426232581,8910.13963267157,True,1.197154755889071
heteroscedastic,half_cauchy_1.0,quadratic_z,lofo_anchor,E2@110,E2,E2__R02__day1_0,110.0,120.0,4017.0,8.338764549558118,4184.937618336446,0.040473915198834476,0.06795,0.012111545753142706,2,4138.803058749439,4231.22301819397,False,1.0223301177013377,4062.7882605214268,4310.353839045223,False,1.0609348956059117,3811.8285972899635,4593.232216965266,True,1.2049944271447162
heteroscedastic,half_cauchy_1.0,quadratic_z,lofo_anchor,E2@110,E2,E2__R02__day1_0,110.0,130.0,3302.0,8.068893036918197,3195.350598907071,-0.03339058756187541,0.90745,0.012111545753142706,2,3154.0269713114226,3234.865566955849,False,1.025630280393834,3094.6292881452086,3295.387336468375,False,1.0648730525146333,2904.6730861759947,3508.3324312326135,True,1.2078235061734046
heteroscedastic,half_cauchy_1.0,quadratic_z,lofo_anchor,E2@110,E2,E2__R02__day1_1,110.0,80.0,24470.0,10.03906764060574,22957.760031268772,-0.0661355158309771,0.95995,0.012111545753142706,2,22641.638782483533,23297.646784219196,False,1.0289735212206979,22198.32914277266,23746.982175383855,False,1.0697643963494163,20510.441913391005,25201.941523429687,True,1.2287371295971765
heteroscedastic,half_cauchy_1.0,quadratic_z,lofo_anchor,E2@110,E2,E2__R02__day1_1,110.0,90.0,15300.0,9.569334616830293,14353.63570989701,-0.06627349055023402,0.96135,0.012111545753142706,2,14187.432918253642,14530.515207390341,False,1.024182125907731,13915.301722666078,14799.93992454746,False,1.0635730521344307,12894.2096244495,15736.698714104774,True,1.2204469426544342
heteroscedastic,half_cauchy_1.0,quadratic_z,lofo_anchor,E2@110,E2,E2__R02__day1_1,110.0,100.0,10330.0,9.159631035139435,9528.708451875997,-0.08317652697424904,0.9716,0.012111545753142706,2,9421.12037673357,9638.01868007637,False,1.0230225593845985,9240.234376425127,9816.24646071363,False,1.0623373889474166,8602.181111086544,10431.720283808625,True,1.2126831729181056
heteroscedastic,half_cauchy_1.0,quadratic_z,lofo_anchor,E2@110,E2,E2__R02__day1_1,110.0,120.0,4863.0,8.491892740289074,4888.930332658224,0.002481929885288281,0.3667,0.012111545753142706,2,4830.959052687575,4942.86027308625,True,1.023163355180256,4735.437093441801,5032.6842925881465,True,1.0627708051613671,4363.647848048965,5342.924689436516,True,1.224417018853938
heteroscedastic,half_cauchy_1.0,quadratic_z,lofo_anchor,E2@110,E2,E2__R02__day1_1,110.0,130.0,3845.0,8.222021227649156,3733.2728725682177,-0.03250765429058866,0.89265,0.012111545753142706,2,3683.412278510276,3779.890429534852,False,1.026192601785971,3610.063448555257,3852.092110901742,True,1.0670427724596765,3330.5688744339363,4099.973251349306,True,1.2310129007754382
heteroscedastic,half_cauchy_1.0,quadratic_z,lofo_anchor,E2@110,E2,E2__R03__day1_0,110.0,80.0,27350.0,10.204644512303897,27162.06469799675,-0.011827295546229522,0.63255,0.012111545753142706,2,26790.363653466007,27562.92898318289,True,1.028837433478322,26243.7546504651,28092.351522145556,True,1.0704394967984392,23707.965971395613,29641.019305306694,True,1.250255687943432
heteroscedastic,half_cauchy_1.0,quadratic_z,lofo_anchor,E2@110,E2,E2__R03__day1_0,110.0,90.0,15560.0,9.73491148852845,16987.66395288708,0.08245269079606743,0.03525,0.012111545753142706,2,16787.13825608926,17195.398135429452,False,1.0243198020479818,16461.37110814859,17494.757634653128,False,1.0627764552366479,14875.555705609979,18561.520831723716,True,1.2477867179592934
heteroscedastic,half_cauchy_1.0,quadratic_z,lofo_anchor,E2@110,E2,E2__R03__day1_0,110.0,100.0,10360.0,9.325207906837589,11276.856913908776,0.07950039102411566,0.036,0.012111545753142706,2,11146.586527544807,11407.736156541176,False,1.0234286638650343,10923.814533776896,11612.091354265685,False,1.0630070034932035,9939.117534093024,12329.22232166744,True,1.2404745470989664
heteroscedastic,half_cauchy_1.0,quadratic_z,lofo_anchor,E2@110,E2,E2__R03__day1_0,110.0,120.0,6977.0,8.657469611987233,5784.781571622643,-0.19290469195200366,0.9894,0.012111545753142706,2,5715.280838942272,5849.5885724914615,False,1.0234997609625858,5601.4344621684595,5956.982372711929,False,1.0634744390824895,5087.913312378361,6317.217269915882,False,1.2416125987340927
heteroscedastic,half_cauchy_1.0,quadratic_z,lofo_anchor,E2@110,E2,E2__R03__day1_0,110.0,130.0,5128.0,8.387598099347311,4416.927821835089,-0.1548728992531938,0.9859,0.012111545753142706,2,4357.305066548473,4471.245499809307,False,1.026149289875425,4266.388297651744,4553.026943066047,False,1.0671853158729296,3850.0931276443753,4825.343746478553,False,1.253305721836103
heteroscedastic,half_cauchy_1.0,quadratic_z,lofo_anchor,E2@120,E2,E2__R01__day1_0,120.0,80.0,9462.0,9.142531697669478,9194.279215027193,-0.01250735852161533,0.8595,0.012141532409838701,2,9069.390170785084,9338.59240520424,False,1.029682506690067,8918.986598571635,9549.986874484392,True,1.0707479789255216,8482.897136724716,11297.303901876758,True,1.3317742417231169
heteroscedastic,half_cauchy_1.0,quadratic_z,lofo_anchor,E2@120,E2,E2__R01__day1_0,120.0,90.0,5527.0,8.672694009223575,5746.3663620368725,0.05529355739031239,0.06605,0.012141532409838701,2,5677.892017116826,5825.8943608964655,False,1.0260664245345748,5582.6847825552495,5954.049357447356,False,1.0665207851341607,5306.965359731563,6982.463277300634,True,1.315716761651111
heteroscedastic,half_cauchy_1.0,quadratic_z,lofo_anchor,E2@120,E2,E2__R01__day1_0,120.0,100.0,3705.0,8.262918541156663,3814.1691160088435,0.0454800034264764,0.09585,0.012141532409838701,2,3771.0225333345375,3863.9373228588374,False,1.024639149913045,3708.119641714487,3946.9215668027064,False,1.0643997357587434,3512.8024788215885,4690.454095164408,True,1.3352456118562854
heteroscedastic,half_cauchy_1.0,quadratic_z,lofo_anchor,E2@120,E2,E2__R01__day1_0,120.0,110.0,2622.0,7.905842757872247,2668.9727935173373,0.0341500935486021,0.16445,0.012141532409838701,2,2640.069064370681,2701.869066041618,False,1.023408479158733,2595.4572320956645,2761.089925714621,True,1.0638163833218777,2461.768965776823,3255.479623826565,True,1.3224147631576315
heteroscedastic,half_cauchy_1.0,quadratic_z,lofo_anchor,E2@120,E2,E2__R01__day1_0,120.0,130.0,1536.0,7.3252466399405325,1494.00238634537,-0.011690273767085202,0.87385,0.012141532409838701,2,1476.691149592548,1512.435488276517,False,1.0242056971045241,1451.3023094159992,1547.1624905085635,True,1.0660511462502518,1375.0095893231533,1818.2283774895504,True,1.3223386888411237
heteroscedastic,half_cauchy_1.0,quadratic_z,lofo_anchor,E2@120,E2,E2__R02__day1_0,120.0,80.0,18780.0,9.845037616149021,18859.375306377842,0.004489863386767823,0.41465,0.012141532409838701,2,18610.938552369807,19146.766953003887,True,1.0287910466807624,18264.356157901027,19522.838036810506,True,1.0689037088430335,17144.3872547049,20667.349819174247,True,1.205487808466444
heteroscedastic,half_cauchy_1.0,quadratic_z,lofo_anchor,E2@120,E2,E2__R02__day1_0,120.0,90.0,11540.0,9.375199927703116,11795.579227155222,0.021625387641025284,0.1455,0.012141532409838701,2,11653.749907806628,11952.23797951444,False,1.0256130493677285,11444.454244567047,12168.570554039175,True,1.0632722447045375,10697.159889670096,12963.340072942725,True,1.2118487716969628
heteroscedastic,half_cauchy_1.0,quadratic_z,lofo_anchor,E2@120,E2,E2__R02__day1_0,120.0,100.0,7544.0,8.965424459636205,7830.077980037626,0.03691663532291223,0.0737,0.012141532409838701,2,7741.362539543797,7927.031029683554,False,1.0239839549163783,7603.944617033557,8074.840618270657,False,1.0619278578360827,7133.017870158161,8613.42478332482,True,1.2075428577517127
heteroscedastic,half_cauchy_1.0,quadratic_z,lofo_anchor,E2@120,E2,E2__R02__day1_0,120.0,110.0,5710.0,8.608348676351792,5480.930384891243,-0.041625626298264606,0.9333,0.012141532409838701,2,5418.026934463479,5544.89386131087,False,1.0234157061937816,5320.694525014273,5648.012793908802,False,1.061517959235529,4978.266167434431,6036.200226712001,True,1.212510545578719
heteroscedastic,half_cauchy_1.0,quadratic_z,lofo_anchor,E2@120,E2,E2__R02__day1_0,120.0,130.0,3302.0,8.027752558420076,3067.055980744526,-0.07453106605999693,0.9658,0.012141532409838701,2,3030.57041863849,3102.729055635945,False,1.0238102492367995,2975.243970394508,3159.8125433820733,False,1.0620347691900682,2797.708075012393,3377.699648322545,True,1.2073095397230045
heteroscedastic,half_cauchy_1.0,quadratic_z,lofo_anchor,E2@120,E2,E2__R02__day1_1,120.0,80.0,24470.0,10.035310582248425,22838.344738572447,-0.06989257418829276,0.9646,0.012141532409838701,2,22529.787511498413,23184.223246185702,False,1.0290475768736518,22106.662024505004,23617.498193603253,False,1.0683430256193134,20587.87169824596,24974.33208512296,True,1.2130604100884657
heteroscedastic,half_cauchy_1.0,quadratic_z,lofo_anchor,E2@120,E2,E2__R02__day1_1,120.0,90.0,15300.0,9.56547289380252,14276.539955712286,-0.07013521357800734,0.9661,0.012141532409838701,2,14105.07572925824,14464.390507550406,False,1.0254741474054505,13843.198853633592,14725.453890021485,False,1.0637320207356782,12906.184215213196,15586.72852455648,True,1.2076945644541153
heteroscedastic,half_cauchy_1.0,quadratic_z,lofo_anchor,E2@120,E2,E2__R02__day1_1,120.0,100.0,10330.0,9.15569742573561,9479.96159430724,-0.08711013637807419,0.9734,0.012141532409838701,2,9368.537435394328,9599.1789366836,False,1.0246187308189545,9195.35237805072,9775.289339551004,False,1.0630684869548437,8590.232243307666,10377.674433550801,True,1.2080784476619553
heteroscedastic,half_cauchy_1.0,quadratic_z,lofo_anchor,E2@120,E2,E2__R02__day1_1,120.0,110.0,6671.0,8.798621642451193,6634.163884553494,-0.006903410258322751,0.6448,0.012141532409838701,2,6557.887818879381,6710.4725755091395,True,1.0232673630357758,6440.35850645051,6833.980627385935,True,1.0611180449878967,6031.233846001738,7274.377759289199,True,1.2061176775812754
heteroscedastic,half_cauchy_1.0,quadratic_z,lofo_anchor,E2@120,E2,E2__R02__day1_1,120.0,130.0,3845.0,8.21802552451948,3712.4312832054306,-0.03650335742026556,0.92145,0.012141532409838701,2,3667.141743490299,3755.2489584203445,False,1.0240261274564715,3599.031640711851,3820.2294853896055,False,1.061460377890427,3360.417125208242,4043.613678408471,True,1.2033070680646205
heteroscedastic,half_cauchy_1.0,quadratic_z,lofo_anchor,E2@120,E2,E2__R03__day1_0,120.0,80.0,27350.0,10.38716414673102,32754.21726755831,0.17069233888089386,0.02175,0.012141532409838701,2,32289.43193337889,33266.128500375184,False,1.0302481805505732,31607.86066809968,33895.15853622243,False,1.0723648427883388,28297.296915410563,35967.0426144665,False,1.2710416377219067
heteroscedastic,half_cauchy_1.0,quadratic_z,lofo_anchor,E2@120,E2,E2__R03__day1_0,120.0,90.0,15560.0,9.917326458285116,20470.815457019125,0.26486766055273314,0.01595,0.012141532409838701,2,20216.15628608487,20739.842769873347,False,1.0259043547337896,19789.244543710895,21123.395912529795,False,1.0674180040512409,17556.819706637467,22292.25266528767,False,1.2697204298828646
heteroscedastic,half_cauchy_1.0,quadratic_z,lofo_anchor,E2@120,E2,E2__R03__day1_0,120.0,100.0,10360.0,9.507550990218206,13595.899533191472,0.2618434744047331,0.0172,0.012141532409838701,2,13432.248630140539,13764.32100360517,False,1.0247220240339727,13151.405411757372,14009.532915398608,False,1.0652498707760971,11501.768231722503,14873.725321013257,False,1.2931685825480914
heteroscedastic,half_cauchy_1.0,quadratic_z,lofo_anchor,E2@120,E2,E2__R03__day1_0,120.0,110.0,7895.0,9.150475206933791,9513.638059503335,0.17649028024404778,0.02135,0.012141532409838701,2,9401.467345480805,9623.418428560308,False,1.0236081321056965,9208.001682591419,9801.50429895744,False,1.064455094256563,8199.73099784168,10424.467759301144,False,1.2713182617874972
heteroscedastic,half_cauchy_1.0,quadratic_z,lofo_anchor,E2@120,E2,E2__R03__day1_0,120.0,130.0,5128.0,8.569879089002075,5324.491552442427,0.027408090401570107,0.09165,0.012141532409838701,2,5258.113240734858,5386.385075388578,False,1.0243950308372958,5143.984865722881,5483.587973490864,False,1.0660194609107307,4530.255220386707,5813.578204901155,True,1.2832782971562697
heteroscedastic,half_cauchy_1.0,quadratic_z,lofo_anchor,E2@130,E2,E2__R01__day1_0,130.0,80.0,9462.0,9.183886956893542,9463.06132261888,0.02884790070244847,0.4986,0.012451515410089946,2,9324.783657594533,9625.810771694745,True,1.0322824770154364,9156.650395157165,9889.139161916346,True,1.0799952750349173,8617.216977987058,15279.688309958696,True,1.773158126224641
heteroscedastic,half_cauchy_1.0,quadratic_z,lofo_anchor,E2@130,E2,E2__R01__day1_0,130.0,90.0,5527.0,8.714030557281326,5915.387995749766,0.09663010544806383,0.03665,0.012451515410089946,2,5833.080004032678,6009.393912581531,False,1.0302265541406872,5728.798286845341,6172.502027488239,False,1.0774514511466995,5374.79226207722,9579.984327935505,True,1.7823915531635985
heteroscedastic,half_cauchy_1.0,quadratic_z,lofo_anchor,E2@130,E2,E2__R01__day1_0,130.0,100.0,3705.0,8.304260000854146,3927.002075042534,0.08682146312395922,0.0437,0.012451515410089946,2,3873.875289388677,3989.383364807277,False,1.02981718996866,3805.2799665728803,4099.406336202637,False,1.077294278532324,3574.5690838554374,6202.989536626744,True,1.735311135723347
heteroscedastic,half_cauchy_1.0,quadratic_z,lofo_anchor,E2@130,E2,E2__R01__day1_0,130.0,110.0,2622.0,7.947209177511921,2747.7343948442676,0.07551651318827535,0.057,0.012451515410089946,2,2712.7403586138807,2788.9083702747757,False,1.0280778849398673,2664.3445748911868,2866.791565585621,False,1.0759837870079931,2502.7668707858948,4393.486004523501,True,1.7554515587558102
heteroscedastic,half_cauchy_1.0,quadratic_z,lofo_anchor,E2@130,E2,E2__R01__day1_0,130.0,120.0,1955.0,7.636525320996015,2013.5094054065244,0.05837984857654899,0.10455,0.012451515410089946,2,1989.043352010438,2041.5610062833289,False,1.0264034739211734,1953.0637239225857,2096.6012717149774,True,1.0734935302080708,1834.3373063355402,3194.9653764913173,True,1.7417545646901262
heteroscedastic,half_cauchy_1.0,quadratic_z,lofo_anchor,E2@130,E2,E2__R02__day1_0,130.0,80.0,18780.0,9.920209622824439,20309.38033729015,0.07966187006218561,0.0325,0.012451515410089946,2,20023.51663692482,20633.786937072604,False,1.0304776783825476,19636.834802648613,21039.32339950787,False,1.0714213166711617,18389.70799753088,22321.59987525909,True,1.2138093697983747
heteroscedastic,half_cauchy_1.0,quadratic_z,lofo_anchor,E2@130,E2,E2__R02__day1_0,130.0,90.0,11540.0,9.450353223212227,12702.030924079152,0.09677868315013605,0.02265,0.012451515410089946,2,12530.977321718072,12890.36684400228,False,1.0286800871996897,12294.493340424357,13141.207788703134,False,1.0688694055813406,11620.281497985432,13948.163372522045,False,1.200329215341314
heteroscedastic,half_cauchy_1.0,quadratic_z,lofo_anchor,E2@130,E2,E2__R02__day1_0,130.0,100.0,7544.0,9.040582666785044,8430.930491660365,0.11207484247175081,0.0193,0.012451515410089946,2,8317.464899012504,8554.685945429293,False,1.0285208352902042,8155.604991138382,8724.534408245765,False,1.0697593149405304,7692.785526211883,9272.419258638798,False,1.2053396298446875
heteroscedastic,half_cauchy_1.0,quadratic_z,lofo_anchor,E2@130,E2,E2__R02__day1_0,130.0,110.0,5710.0,8.68353184344282,5900.031901147893,0.03355754079276352,0.0967,0.012451515410089946,2,5824.418175655835,5980.825552392594,False,1.0268537340588781,5714.512954474904,6096.44889268699,False,1.0668361313124681,5405.969981830976,6455.704902675844,True,1.1941806788370897
heteroscedastic,half_cauchy_1.0,quadratic_z,lofo_anchor,E2@130,E2,E2__R02__day1_0,130.0,120.0,4017.0,8.372847986926912,4324.799991060951,0.07455735256762885,0.03275,0.012451515410089946,2,4274.163210051305,4378.35341239021,False,1.0243767486683446,4196.964015961999,4459.527153316027,False,1.0625602545924722,3945.6504742706156,4751.791765083682,True,1.2043113793454014
heteroscedastic,half_cauchy_1.0,quadratic_z,lofo_anchor,E2@130,E2,E2__R02__day1_1,130.0,80.0,24470.0,10.070184090178655,23649.46137187341,-0.03501906625806228,0.8939,0.012451515410089946,2,23312.1770999483,24020.986280274443,False,1.0304051044776816,22857.87227219804,24502.744160953524,True,1.0719608487250203,21194.228984458132,26007.54001822184,True,1.2271047952389935
heteroscedastic,half_cauchy_1.0,quadratic_z,lofo_anchor,E2@130,E2,E2__R02__day1_1,130.0,90.0,15300.0,9.60032769056644,14785.28654594369,-0.035280416814087445,0.8999,0.012451515410089946,2,14582.554386435348,15005.820704455495,False,1.0290255264478128,14295.93312785326,15300.200440532606,True,1.0702484618316168,13215.687841700255,16230.762228144906,True,1.2281435837891845
heteroscedastic,half_cauchy_1.0,quadratic_z,lofo_anchor,E2@130,E2,E2__R02__day1_1,130.0,100.0,10330.0,9.190557134139258,9815.478798144148,-0.05225042797442647,0.9418,0.012451515410089946,2,9684.730915532995,9961.45582923337,False,1.028573319807631,9489.02225363725,10158.660167962978,False,1.0705697485395875,8843.657192552902,10807.445163865761,True,1.2220560938258138
heteroscedastic,half_cauchy_1.0,quadratic_z,lofo_anchor,E2@130,E2,E2__R02__day1_1,130.0,110.0,6671.0,8.833506310797034,6869.107149193679,0.027981258087518057,0.11695,0.012451515410089946,2,6779.040882246841,6963.57718597867,False,1.02722159475614,6644.609614144171,7101.957579950609,True,1.06882992265383,6177.40692382079,7590.663202475348,True,1.2287782391677777
heteroscedastic,half_cauchy_1.0,quadratic_z,lofo_anchor,E2@130,E2,E2__R02__day1_1,130.0,120.0,4863.0,8.522822454281128,5034.86277317659,0.033411643877341746,0.08765,0.012451515410089946,2,4973.646264511587,5095.838893681569,False,1.0245680176416772,4878.967146386515,5193.782241341591,False,1.0645249466761086,4504.640923673123,5552.316567318831,True,1.2325769492835457
heteroscedastic,half_cauchy_1.0,quadratic_z,lofo_anchor,E2@130,E2,E2__R03__day1_0,130.0,80.0,27350.0,10.349320520937312,31522.091767109927,0.13284871308718493,0.0301,0.012451515410089946,2,31057.96741606499,32012.335452787454,False,1.0307286057692497,30387.01094912743,32622.606760145896,False,1.0735707705756647,26229.087384292496,34544.23298865161,True,1.3170200122684677
heteroscedastic,half_cauchy_1.0,quadratic_z,lofo_anchor,E2@130,E2,E2__R03__day1_0,130.0,90.0,15560.0,9.879464121325098,19704.77200518614,0.2270053235927154,0.02045,0.012451515410089946,2,19432.038183656845,19995.21392529192,False,1.0289818153048262,19010.557596030507,20380.519901301857,False,1.0720632363543827,16290.373932169574,21645.80478881752,False,1.328748184599511
heteroscedastic,half_cauchy_1.0,quadratic_z,lofo_anchor,E2@130,E2,E2__R03__day1_0,130.0,100.0,10360.0,9.469693564897918,13083.974809172309,0.22398604908444497,0.02065,0.012451515410089946,2,12901.633014466925,13271.254173028816,False,1.0286491762823686,12608.259270492365,13510.315882400762,False,1.0715448970834156,10959.40060008653,14332.147366169436,False,1.307749199902071
heteroscedastic,half_cauchy_1.0,quadratic_z,lofo_anchor,E2@130,E2,E2__R03__day1_0,130.0,110.0,7895.0,9.112642741555693,9155.881119525235,0.1386578148659492,0.02895,0.012451515410089946,2,9032.7960466892,9279.215197523074,False,1.0272804953815151,8832.448376899894,9451.517392866685,False,1.070090306735999,7685.022456154135,10015.120716752415,True,1.303199928678458
heteroscedastic,half_cauchy_1.0,quadratic_z,lofo_anchor,E2@130,E2,E2__R03__day1_0,130.0,120.0,6977.0,8.801958885039785,6712.639283729661,-0.048415418899452334,0.92835,0.012451515410089946,2,6626.08029407946,6794.033704639608,False,1.0253473249803835,6483.308613806005,6914.312071803477,False,1.0664789359370712,5618.455381208115,7368.458734063129,True,1.3114741034890478
heteroscedastic,half_cauchy_1.0,quadratic_z,lofo_anchor,E3@80,E3,E3__R03__day1_0,80.0,90.0,11550.0,9.345700735705082,11499.950906203032,-0.008739980244858003,0.5394,0.03727207763215584,5,11096.021440184983,11876.18235172071,True,1.0703099679233066,10404.13929942142,12648.679026474012,True,1.2157352629041993,8564.06686565837,15123.466761930615,True,1.765921144611239
heteroscedastic,half_cauchy_1.0,quadratic_z,lofo_anchor,E3@80,E3,E3__R03__day1_0,80.0,100.0,7546.0,8.933661366822204,7619.4078673832755,0.004888466297947147,0.4256,0.03727207763215584,5,7327.63178855193,7878.056267990329,True,1.075116285223056,6861.0160101232905,8371.45610216576,True,1.2201481660753808,5600.024538231114,9951.34296032109,True,1.777017742044472
heteroscedastic,half_cauchy_1.0,quadratic_z,lofo_anchor,E3@80,E3,E3__R03__day1_0,80.0,110.0,5376.0,8.581124509116314,5356.644258595462,-0.008575373086671334,0.5305,0.03727207763215584,5,5155.742091292085,5537.873271862085,True,1.0741175904076758,4850.618318898677,5891.340434764056,True,1.2145545263395765,4001.9247250515864,7106.803455384876,True,1.775846359852075
heteroscedastic,half_cauchy_1.0,quadratic_z,lofo_anchor,E3@80,E3,E3__R03__day1_0,80.0,120.0,3839.0,8.280724224629566,3962.2235648901083,0.027757029628768137,0.27175,0.03727207763215584,5,3821.539664445984,4096.741900491292,True,1.0720134448964838,3584.4220976222346,4362.24201355265,True,1.2170000894834319,2940.7045217100613,5233.00796338454,True,1.7795082521046592
heteroscedastic,half_cauchy_1.0,quadratic_z,lofo_anchor,E3@80,E3,E3__R03__day1_0,80.0,130.0,2959.0,8.026098801825372,3068.0776143659837,0.03349214942516188,0.2381,0.03727207763215584,5,2966.7130227087155,3178.0100314605584,False,1.071222597917112,2784.3166052240767,3381.7934433928567,True,1.2145865297961316,2263.63223770015,4072.294498347923,True,1.7990088807382303
heteroscedastic,half_cauchy_1.0,quadratic_z,lofo_anchor,E3@90,E3,E3__R03__day1_0,90.0,80.0,18570.0,9.831658177164256,18616.228727882128,0.0023555228175045073,0.4747,0.039469504151531845,5,18016.21789475307,19304.330668432103,True,1.0714974020187762,16898.851760302157,20544.35027938036,True,1.215724628559794,14009.217006147896,24349.69590548134,True,1.7381196889730215
heteroscedastic,half_cauchy_1.0,quadratic_z,lofo_anchor,E3@90,E3,E3__R03__day1_0,90.0,100.0,7546.0,8.939790437248181,7649.462058576299,0.011017536723924692,0.3678,0.039469504151531845,5,7391.112293673261,7899.497318246082,True,1.0687832905756276,6910.31838329339,8414.23940846687,True,1.2176341149214498,5794.535416973702,10030.64217985844,True,1.7310520098774578
heteroscedastic,half_cauchy_1.0,quadratic_z,lofo_anchor,E3@90,E3,E3__R03__day1_0,90.0,110.0,5376.0,8.587273805744235,5375.413989138314,-0.0024260764587502592,0.50165,0.039469504151531845,5,5194.597250594391,5552.915178937155,True,1.0689789623828418,4867.630388624285,5920.106916323327,True,1.2162194833360178,4067.362192666387,6974.911158031791,True,1.7148487957644463
heteroscedastic,half_cauchy_1.0,quadratic_z,lofo_anchor,E3@90,E3,E3__R03__day1_0,90.0,120.0,3839.0,8.286831893360826,3976.636949463282,0.03386469836002881,0.24315,0.039469504151531845,5,3845.336527185488,4115.392321401892,False,1.0702294304561337,3598.068664633264,4382.338549176056,True,1.2179696825276485,2976.4647734364507,5183.096383725415,True,1.7413598944567106
heteroscedastic,half_cauchy_1.0,quadratic_z,lofo_anchor,E3@90,E3,E3__R03__day1_0,90.0,130.0,2959.0,8.032112005343134,3079.3404108894624,0.0395053529429239,0.22855,0.039469504151531845,5,2974.390092749984,3203.6114111336447,False,1.0770649818066511,2790.8521308394484,3409.7052849586207,True,1.221743440750847,2328.2278980281944,4012.37159285264,True,1.7233586094603404
heteroscedastic,half_cauchy_1.0,quadratic_z,lofo_anchor,E3@100,E3,E3__R03__day1_0,100.0,80.0,18570.0,9.817383078139555,18377.55868390224,-0.011919576207196414,0.5782,0.03800178822987426,5,17758.057999885805,19122.847828478472,True,1.0768546779496635,16645.747179636273,20268.905906030155,True,1.2176627271394767,13619.83191958169,24446.64273486769,True,1.794929840486499
heteroscedastic,half_cauchy_1.0,quadratic_z,lofo_anchor,E3@100,E3,E3__R03__day1_0,100.0,90.0,11550.0,9.337350586245309,11383.324147247291,-0.01709012970463064,0.6414,0.03800178822987426,5,11024.916912635112,11764.947714604023,True,1.06712348109588,10325.069167196963,12517.873748868467,True,1.2123767450041019,8398.830219037043,15037.113675067434,True,1.7903819083024035
heteroscedastic,half_cauchy_1.0,quadratic_z,lofo_anchor,E3@100,E3,E3__R03__day1_0,100.0,110.0,5376.0,8.572943449441135,5301.560066664935,-0.01675643276185035,0.63915,0.03800178822987426,5,5133.507659081923,5479.793872443188,True,1.0674560624738982,4817.663784690326,5839.038514500798,True,1.2120062286322715,3945.7882138156656,7056.71913215117,True,1.7884181181957468
heteroscedastic,half_cauchy_1.0,quadratic_z,lofo_anchor,E3@100,E3,E3__R03__day1_0,100.0,120.0,3839.0,8.272642080351226,3923.104572387638,0.01967488535042783,0.30295,0.03800178822987426,5,3802.222809941867,4066.403379161157,True,1.0694805597737522,3569.7974941183384,4327.833235857355,True,1.2123469869055514,2940.682997029373,5156.370314481852,True,1.7534601042311353
heteroscedastic,half_cauchy_1.0,quadratic_z,lofo_anchor,E3@100,E3,E3__R03__day1_0,100.0,130.0,2959.0,8.018122859617735,3038.6045844806877,0.025516207217525455,0.2942,0.03800178822987426,5,2934.613506742861,3171.1343416329278,True,1.0805969284700057,2764.06576448392,3380.6009058239797,True,1.2230537164716027,2280.9212618896286,4089.6319248508953,True,1.7929737396822023
heteroscedastic,half_cauchy_1.0,quadratic_z,lofo_anchor,E3@110,E3,E3__R03__day1_0,110.0,80.0,18570.0,9.83244297165741,18629.772791727843,0.0031403173106596682,0.47175,0.03738907809217585,5,18005.21914271496,19350.36392911768,True,1.0747086039742524,16946.071801675924,20584.607029219802,True,1.2147126053829205,13925.201878442142,24654.774433487368,True,1.770514686157324
heteroscedastic,half_cauchy_1.0,quadratic_z,lofo_anchor,E3@110,E3,E3__R03__day1_0,110.0,90.0,11550.0,9.352609739554708,11546.463934168558,-0.0018309763952313318,0.50375,0.03738907809217585,5,11181.494714015702,11931.685022503847,True,1.06709213103216,10491.949422316218,12694.767796810735,True,1.2099532018148274,8586.744638555383,15393.276601287696,True,1.7926789778014678
heteroscedastic,half_cauchy_1.0,quadratic_z,lofo_anchor,E3@110,E3,E3__R03__day1_0,110.0,100.0,7546.0,8.940686621880324,7649.234078091087,0.011913721356068052,0.3663,0.03738907809217585,5,7401.520959131155,7893.360187515654,True,1.0664511025639565,6937.013329310198,8398.602940009665,True,1.210694363887694,5684.584931955838,10126.382990866758,True,1.7813759688840949
heteroscedastic,half_cauchy_1.0,quadratic_z,lofo_anchor,E3@110,E3,E3__R03__day1_0,110.0,120.0,3839.0,8.287619677657705,3977.7043257477676,0.03465248265690768,0.2327,0.03738907809217585,5,3856.4005492052224,4113.629325537507,False,1.0667017787831445,3607.89301198165,4383.666058097593,True,1.2150210783799953,2955.977302356003,5247.657994927791,True,1.7752700572989006
heteroscedastic,half_cauchy_1.0,quadratic_z,lofo_anchor,E3@110,E3,E3__R03__day1_0,110.0,130.0,2959.0,8.032782844830788,3079.8273434092234,0.040176192430577906,0.2211,0.03738907809217585,5,2978.841000516784,3204.0679189586936,False,1.0756089091035193,2805.8635230708037,3410.4966643268053,True,1.2154891484509114,2315.97288071074,4084.007163775651,True,1.7634088886750376
heteroscedastic,half_cauchy_1.0,quadratic_z,lofo_anchor,E3@120,E3,E3__R03__day1_0,120.0,80.0,18570.0,9.795739457581952,17976.388477577086,-0.03356319676479913,0.72945,0.038363559348164836,5,17357.080299078025,18648.813477174022,True,1.0744211097626029,16267.103040514497,19833.8232977874,True,1.219259707668274,13466.822243397028,23640.92481739286,True,1.7554939383702297
heteroscedastic,half_cauchy_1.0,quadratic_z,lofo_anchor,E3@120,E3,E3__R03__day1_0,120.0,90.0,11550.0,9.315146166553927,11140.026529229688,-0.03929454939601307,0.7652,0.038363559348164836,5,10745.701459670692,11510.830089360832,False,1.0712032278731842,10045.685867803088,12243.968291263393,True,1.2188285053294279,8370.185809216859,14606.113635982389,True,1.7450166542179766
heteroscedastic,half_cauchy_1.0,quadratic_z,lofo_anchor,E3@120,E3,E3__R03__day1_0,120.0,100.0,7546.0,8.9029347906385,7375.11519347918,-0.025838109885755856,0.7041,0.038363559348164836,5,7112.652598111548,7608.70567168035,True,1.069742345310174,6671.868849660716,8093.747365221284,True,1.2131154774771802,5498.605972222216,9759.618455663674,True,1.7749259548633207
heteroscedastic,half_cauchy_1.0,quadratic_z,lofo_anchor,E3@120,E3,E3__R03__day1_0,120.0,110.0,5376.0,8.550500918755496,5185.351428377183,-0.03919896344748963,0.77085,0.038363559348164836,5,5007.425099368815,5350.400011079123,False,1.0684932684771542,4693.6620464197595,5687.309766709266,True,1.2116998860298098,3894.302876655257,6802.361075185624,True,1.746746796702172
heteroscedastic,half_cauchy_1.0,quadratic_z,lofo_anchor,E3@120,E3,E3__R03__day1_0,120.0,130.0,2959.0,7.996349055781294,2973.939567481337,0.003742403381084003,0.45445,0.038363559348164836,5,2877.345872726284,3082.2382850918343,True,1.071208822793144,2697.494272162656,3274.572791950803,True,1.2139313235039741,2216.0469229849423,3935.178185522201,True,1.775764829122682
heteroscedastic,half_cauchy_1.0,quadratic_z,lofo_anchor,E3@130,E3,E3__R03__day1_0,130.0,80.0,18570.0,9.790865578684345,17893.36613668937,-0.03843707566240617,0.76085,0.038332747404498935,5,17251.914253568564,18526.845540680766,False,1.073900859253835,16168.896516453608,19744.061463369788,True,1.2211137255580837,13588.890374485165,23558.716886963284,True,1.7336748062371385
heteroscedastic,half_cauchy_1.0,quadratic_z,lofo_anchor,E3@130,E3,E3__R03__day1_0,130.0,90.0,11550.0,9.310356454506461,11087.125976903288,-0.04408426144347821,0.7793,0.038332747404498935,5,10653.193478146946,11469.05091651633,False,1.076583368174338,10008.518990455395,12195.61885837297,True,1.2185238265524898,8300.388459836933,14530.138980400923,True,1.7505372249392745
heteroscedastic,half_cauchy_1.0,quadratic_z,lofo_anchor,E3@130,E3,E3__R03__day1_0,130.0,100.0,7546.0,8.898176577597704,7342.971577874218,-0.030596322926552233,0.70275,0.038332747404498935,5,7041.343849016083,7613.082076996067,True,1.0811973169098787,6613.567370162301,8085.472964776875,True,1.2225584941124525,5560.511322634354,9791.9699897732,True,1.760983733620768
heteroscedastic,half_cauchy_1.0,quadratic_z,lofo_anchor,E3@130,E3,E3__R03__day1_0,130.0,110.0,5376.0,8.545729332858887,5156.691413754734,-0.04397054934409894,0.78135,0.038332747404498935,5,4954.4228927796985,5335.4936642355115,False,1.0769152693871096,4648.897284093615,5669.474411457052,True,1.219531012409197,3852.3347043319413,6792.397382226099,True,1.7631898325418254
heteroscedastic,half_cauchy_1.0,quadratic_z,lofo_anchor,E3@130,E3,E3__R03__day1_0,130.0,120.0,3839.0,8.245614654829948,3819.8057438161673,-0.007352540170849409,0.54595,0.038332747404498935,5,3678.6977948039935,3942.539457932331,True,1.0717214834828246,3453.070105556705,4191.429698215071,True,1.2138269916588695,2882.7355784472156,4976.412763352817,True,1.7262813837519426
heteroscedastic,half_cauchy_1.0,quadratic_z,strict_holdout,E1,E1,E1__R01__day1_1,110.0,120.0,780.0,6.720007458233486,828.1245406916828,0.06071353854984807,0.14565,0.032335498908291474,5,797.9298651722315,859.1566891820588,False,1.076732087219986,767.7778155391181,894.0769145325883,True,1.1644995419733317,717.4379638841506,957.1334843443364,True,1.334099298512855
heteroscedastic,half_cauchy_1.0,quadratic_z,strict_holdout,E1,E1,E1__R01__day1_1,110.0,130.0,599.0,6.52361340371755,680.0846552450496,0.1283518056021009,0.07345,0.032335498908291474,5,642.5926735616832,719.9317335892839,False,1.1203547180190139,608.9883133641155,762.6686556180221,False,1.252353516285001,564.4534551046312,831.8405894399302,True,1.473709801786463
heteroscedastic,half_cauchy_1.0,quadratic_z,strict_holdout,E2,E2,E2__R01__day1_0,110.0,120.0,1955.0,7.5925320071314495,1949.652524571723,0.014386534711983145,0.5507,0.011665912538422307,2,1920.4781674037633,1980.965896835739,True,1.0314961817627675,1883.5188102880934,2032.468005638932,True,1.079080280237847,1793.5009626259261,2370.1085343729515,True,1.3214983341312483
heteroscedastic,half_cauchy_1.0,quadratic_z,strict_holdout,E2,E2,E2__R01__day1_0,110.0,130.0,1536.0,7.340581570596419,1515.4590090310473,0.0036446568888015562,0.643,0.011665912538422307,2,1478.4152323288713,1556.0578215044923,True,1.052517444002058,1436.7506146670703,1613.105029534664,True,1.1227453206334346,1350.2690951795762,1873.8780235533688,True,1.3877811691336654
heteroscedastic,half_cauchy_1.0,quadratic_z,strict_holdout,E2,E2,E2__R02__day1_0,110.0,120.0,4017.0,8.351511368829563,4240.74700217198,0.05322073447027975,0.05465,0.011665912538422307,2,4179.500914796541,4303.164721094745,False,1.0295881754351104,4092.930165157696,4389.100107542404,False,1.0723613476002947,3867.2143763783915,4614.915475818826,True,1.1933435870551994
heteroscedastic,half_cauchy_1.0,quadratic_z,strict_holdout,E2,E2,E2__R02__day1_0,110.0,130.0,3302.0,8.09956093229453,3295.5725423050712,-0.0027226921855429964,0.52275,0.011665912538422307,2,3216.0707133013216,3379.098975774309,True,1.0506917530758015,3119.980773803534,3483.8911665065434,True,1.1166386651349043,2922.7255627996065,3705.09332515376,True,1.2676843054688798
heteroscedastic,half_cauchy_1.0,quadratic_z,strict_holdout,E2,E2,E2__R02__day1_1,110.0,120.0,4863.0,8.506147931562221,4954.732093658946,0.016737121158435286,0.2134,0.011665912538422307,2,4879.003330100285,5030.027036794966,False,1.0309538027496237,4776.930369783457,5129.25072593187,True,1.073754551327987,4499.0335234326,5409.977535880286,True,1.2024754889473837
heteroscedastic,half_cauchy_1.0,quadratic_z,strict_holdout,E2,E2,E2__R02__day1_1,110.0,130.0,3845.0,8.25419749502719,3848.435999121058,-0.000331386912554521,0.48985,0.011665912538422307,2,3753.274627705116,3947.302309753193,True,1.0516955728781063,3637.9697121566005,4068.1494398997274,True,1.1182471987893807,3397.160465400423,4322.227209218542,True,1.2723058722835696
heteroscedastic,half_cauchy_1.0,quadratic_z,strict_holdout,E2,E2,E2__R03__day1_0,110.0,120.0,6977.0,8.67215156325895,5861.481461314706,-0.17822274068028676,0.99115,0.011665912538422307,2,5774.366833151629,5947.463181878423,False,1.0299766803406079,5648.265765763654,6067.786114561313,False,1.0742741871922061,5265.51072265476,6378.8304882121965,False,1.21143623557111
heteroscedastic,half_cauchy_1.0,quadratic_z,strict_holdout,E2,E2,E2__R03__day1_0,110.0,130.0,5128.0,8.420201126723917,4554.647740223764,-0.122269871876588,0.97725,0.011665912538422307,2,4442.013816967618,4668.620443985181,False,1.0510143903992306,4307.674032192476,4812.456986571031,False,1.1171822544152987,3988.3786874558605,5097.267565645086,False,1.2780299878937955
heteroscedastic,half_cauchy_1.0,quadratic_z,strict_holdout,E3,E3,E3__R03__day1_0,110.0,120.0,3839.0,8.329429318162209,4145.12777609689,0.0764621231614111,0.1021,0.032992636213865084,5,3990.4322322488542,4308.742605234367,False,1.0797683946147674,3834.4402435091947,4489.735518545889,True,1.1708972453400348,3596.637679029656,4793.730035034074,True,1.3328365164453773
heteroscedastic,half_cauchy_1.0,quadratic_z,strict_holdout,E3,E3,E3__R03__day1_0,110.0,130.0,2959.0,8.131710046236003,3397.0010239363387,0.13910339383579373,0.06685,0.032992636213865084,5,3202.842151481798,3612.238799795834,False,1.1278229238130355,3025.8701292625437,3839.229834390017,False,1.2688019215569253,2787.101099432385,4204.557256945,True,1.5085772302272389
heteroscedastic,half_cauchy_1.0,quadratic_z,e2_same_formulation_anchor,E2__R01__day1_0,E2,E2__R01__day1_0,110.0,120.0,1955.0,7.6388239184738636,1932.3343421057102,0.060678446054397206,0.60295,0.03824992774471602,5,1886.6111033827253,2027.1619015284311,True,1.0744990835120687,1781.5212824619714,2481.296368677906,True,1.3927963662880753,1492.5561665304267,5966.396635107848,True,3.9974352516175267
heteroscedastic,half_cauchy_1.0,quadratic_z,e2_same_formulation_anchor,E2__R01__day1_0,E2,E2__R01__day1_0,110.0,130.0,1536.0,7.371056529289665,1479.7427524112052,0.034119615582047125,0.71845,0.03824992774471602,5,1441.9238336101653,1554.545241482841,True,1.0781049631385202,1363.5879671113375,1890.3333667526665,True,1.3862936696025567,1131.3933107662986,4703.407011314721,True,4.157181208830976
heteroscedastic,half_cauchy_1.0,quadratic_z,e2_same_formulation_anchor,E2__R02__day1_0,E2,E2__R02__day1_0,110.0,120.0,4017.0,8.339829427464592,4192.124622837524,0.04153879310530861,0.17905,0.029769833416287493,5,4084.993614777521,4300.673999666825,False,1.0527982183641797,3866.8483696637795,4541.130550745427,True,1.1743751284305664,3273.0842751564965,5388.0848431996565,True,1.6461796856550646
heteroscedastic,half_cauchy_1.0,quadratic_z,e2_same_formulation_anchor,E2__R02__day1_0,E2,E2__R02__day1_0,110.0,130.0,3302.0,8.073974314194755,3211.2002491255766,-0.02830931028531758,0.7517,0.029769833416287493,5,3128.527460933512,3301.1066318768567,False,1.055163067321087,2958.7450650124742,3489.2121590618935,True,1.179287867793092,2477.774086809164,4101.550555506618,True,1.655336770749962
heteroscedastic,half_cauchy_1.0,quadratic_z,e2_same_formulation_anchor,E2__R02__day1_1,E2,E2__R02__day1_1,110.0,120.0,4863.0,8.493869466102172,4908.954643600217,0.004458655698385883,0.3668,0.030650312878635323,5,4783.749678809017,5038.530395003899,True,1.053259625461488,4504.166263137066,5312.118290769602,True,1.1793788196152892,3741.766555108144,6114.270985657231,True,1.6340599809227052
heteroscedastic,half_cauchy_1.0,quadratic_z,e2_same_formulation_anchor,E2__R02__day1_1,E2,E2__R02__day1_1,110.0,130.0,3845.0,8.232325681452176,3773.5581709114485,-0.022203200487568964,0.68,0.030650312878635323,5,3672.103344046061,3889.1357110028343,True,1.0591030117136189,3457.692531688823,4094.3688969673935,True,1.1841333083967422,2907.4023340700073,4702.423824608016,True,1.6173970040208363
heteroscedastic,half_cauchy_1.0,quadratic_z,e2_same_formulation_anchor,E2__R03__day1_0,E2,E2__R03__day1_0,110.0,120.0,6977.0,8.663194934056335,5800.840059419467,-0.18717936988290163,0.98885,0.0259031730901804,5,5673.354951213395,5931.104616327157,False,1.0454316127459353,5482.942513858563,6122.799852201343,False,1.1166996255615467,5070.448148577641,6509.093243745438,False,1.2837313493820786
heteroscedastic,half_cauchy_1.0,quadratic_z,e2_same_formulation_anchor,E2__R03__day1_0,E2,E2__R03__day1_0,110.0,130.0,5128.0,8.400286133492674,4456.684398642845,-0.14218486510783102,0.98165,0.0259031730901804,5,4353.117882857498,4570.505676417745,False,1.0499384118257666,4204.115595181403,4726.824801364431,False,1.1243327388005548,3902.4722755755074,5032.332991303367,False,1.2895243414794626
heteroscedastic,half_cauchy_1.0,quadratic_z,loro_anchor,E1__R01__day1_1@80,E1,E1__R01__day1_1,80.0,90.0,2288.0,7.708807023890196,2228.5161452199814,-0.026626328609492766,0.7028,0.04035647473768929,5,2148.0976708977387,2309.610386448853,True,1.0751887205778752,2023.3213006958215,2451.811106876065,True,1.2117754634584657,1731.8285522320139,2831.897266758941,True,1.6352064776326374
heteroscedastic,half_cauchy_1.0,quadratic_z,loro_anchor,E1__R01__day1_1@80,E1,E1__R01__day1_1,80.0,100.0,1512.0,7.291041584461411,1466.9725666382496,-0.030146972278067174,0.71575,0.04035647473768929,5,1413.0737315204549,1522.5437870677406,True,1.0774694576124466,1329.3267130113002,1616.4040006084724,True,1.2159569087021964,1150.1420479021654,1870.6304227019893,True,1.6264342531550597
heteroscedastic,half_cauchy_1.0,quadratic_z,loro_anchor,E1__R01__day1_1@80,E1,E1__R01__day1_1,80.0,110.0,1073.0,6.93645001599906,1028.6040574928106,-0.04176372663163885,0.77035,0.04035647473768929,5,990.6719799849919,1068.2378411766097,False,1.0782962098037665,932.7715255673174,1134.2520968857116,True,1.2160020603071608,799.5283318872124,1315.8373359116563,True,1.645766989652192
heteroscedastic,half_cauchy_1.0,quadratic_z,loro_anchor,E1__R01__day1_1@80,E1,E1__R01__day1_1,80.0,120.0,780.0,6.63713543476154,761.818998727097,-0.022158484922097266,0.6765,0.04035647473768929,5,734.2158401004547,791.1220119720638,True,1.0775060530753782,692.3097821169874,840.3086015339577,True,1.2137754271858046,595.3207252771111,980.7219606465006,True,1.6473842065384037
heteroscedastic,half_cauchy_1.0,quadratic_z,loro_anchor,E1__R01__day1_1@80,E1,E1__R01__day1_1,80.0,130.0,599.0,6.386282129588119,592.9906775216951,-0.008979468527329892,0.5772,0.04035647473768929,5,570.3760119911519,617.725026733281,True,1.0830136852649819,537.949690544894,654.7162474582416,True,1.2170585074508988,464.7684038136274,762.378341216679,True,1.6403402962874247
heteroscedastic,half_cauchy_1.0,quadratic_z,loro_anchor,E1__R01__day1_1@90,E1,E1__R01__day1_1,90.0,80.0,3636.0,8.226776603014228,3736.5321859826213,0.02813714771685838,0.2949,0.040308130530519834,5,3605.519721481266,3875.327034986724,True,1.0748317397622256,3393.3604815071462,4109.941919591753,True,1.2111716223459819,2936.97859084502,4791.952407805639,True,1.631592556630422
heteroscedastic,half_cauchy_1.0,quadratic_z,loro_anchor,E1__R01__day1_1@90,E1,E1__R01__day1_1,90.0,100.0,1512.0,7.3185268253334765,1506.1664847966426,-0.002661731406001344,0.5405,0.040308130530519834,5,1454.3012720030997,1559.4042243551742,True,1.0722704121734759,1372.625426667752,1652.6583396803576,True,1.2040126225057817,1189.4638843554085,1925.9064279059332,True,1.61913821280048
heteroscedastic,half_cauchy_1.0,quadratic_z,loro_anchor,E1__R01__day1_1@90,E1,E1__R01__day1_1,90.0,110.0,1073.0,6.964100244976376,1056.4966446539347,-0.014113497654322238,0.6346,0.040308130530519834,5,1021.2596472196694,1094.9015520576263,True,1.0721088951653417,963.2926125592699,1161.4952704564905,True,1.2057554011243137,836.1164577028611,1346.4123987376702,True,1.610316824090261
heteroscedastic,half_cauchy_1.0,quadratic_z,loro_anchor,E1__R01__day1_1@90,E1,E1__R01__day1_1,90.0,120.0,780.0,6.665136927195403,782.699411775018,0.00584300751176503,0.472,0.040308130530519834,5,755.4262440052387,813.5671176847783,True,1.0769643286037816,714.6414003137397,863.3535711490707,True,1.2080934168801916,620.1826177477099,1010.9871524952899,True,1.630144289059322
heteroscedastic,half_cauchy_1.0,quadratic_z,loro_anchor,E1__R01__day1_1@90,E1,E1__R01__day1_1,90.0,130.0,599.0,6.4147931726005725,609.140579458523,0.019531574485123215,0.38755,0.040308130530519834,5,585.5861136314303,635.9444485356876,True,1.0859964635977568,553.8391679822047,676.3190008730123,True,1.2211469321265898,478.8220257344253,789.0814724811788,True,1.6479640243593061
heteroscedastic,half_cauchy_1.0,quadratic_z,loro_anchor,E1__R01__day1_1@100,E1,E1__R01__day1_1,100.0,80.0,3636.0,8.232180339587643,3750.698238503761,0.033540884290273354,0.2835,0.040843536603488995,5,3611.5356631230193,3897.1878391062246,True,1.079094380515183,3412.1154316305233,4143.708581944803,True,1.214410433929745,2988.847706429313,4763.033715872254,True,1.5936020111116693
heteroscedastic,half_cauchy_1.0,quadratic_z,loro_anchor,E1__R01__day1_1@100,E1,E1__R01__day1_1,100.0,90.0,2288.0,7.7419743582327705,2297.23493333475,0.006541005733081917,0.4571,0.040843536603488995,5,2218.6750191071856,2382.5621125225894,True,1.0738671017629944,2095.0448497069283,2530.5161755714903,True,1.2078577582362873,1826.5753381578957,2941.4605617337825,True,1.610369142890241
heteroscedastic,half_cauchy_1.0,quadratic_z,loro_anchor,E1__R01__day1_1@100,E1,E1__R01__day1_1,100.0,110.0,1073.0,6.969782332475268,1061.3467514832103,-0.008431410155430363,0.6025,0.040843536603488995,5,1026.440053914626,1100.1346985781552,True,1.0717963454197577,969.0450119968787,1168.2542793363225,True,1.205572769967558,844.9226789363257,1354.4288095163383,True,1.6030210139718708
heteroscedastic,half_cauchy_1.0,quadratic_z,loro_anchor,E1__R01__day1_1@100,E1,E1__R01__day1_1,100.0,120.0,780.0,6.670686705241323,786.3297455383553,0.011392785557685414,0.4311,0.040843536603488995,5,759.6009294744152,816.9503434761739,True,1.075499399456291,717.5265965919967,869.2819415295417,True,1.2114978673380614,627.8078988741764,1004.427265562062,True,1.5998958715926677
heteroscedastic,half_cauchy_1.0,quadratic_z,loro_anchor,E1__R01__day1_1@100,E1,E1__R01__day1_1,100.0,130.0,599.0,6.4201250943337875,612.243106429655,0.024863496218338277,0.3548,0.040843536603488995,5,587.755624171727,639.1077431119531,True,1.087369846970996,556.1517098545277,678.913321139681,True,1.2207340355336926,486.5272665204621,785.2633165330894,True,1.6140170768827058
heteroscedastic,half_cauchy_1.0,quadratic_z,loro_anchor,E1__R01__day1_1@110,E1,E1__R01__day1_1,110.0,80.0,3636.0,8.241995467461868,3790.691413420938,0.043356012164498026,0.2423,0.0417139787152824,5,3642.868685616664,3942.6590044690497,False,1.082295120885379,3426.1821765623026,4198.836159027578,True,1.225514564797756,2966.210003302738,4896.648761580231,True,1.6508098739226278
heteroscedastic,half_cauchy_1.0,quadratic_z,loro_anchor,E1__R01__day1_1@110,E1,E1__R01__day1_1,110.0,90.0,2288.0,7.751709488575751,2322.7372370688577,0.01627613607606282,0.3733,0.0417139787152824,5,2237.7566684141943,2409.064229873136,True,1.076553257052895,2101.9961526606594,2566.0067516064546,True,1.2207475966873018,1804.5371999370766,3004.4843722345763,True,1.6649611725041422
heteroscedastic,half_cauchy_1.0,quadratic_z,loro_anchor,E1__R01__day1_1@110,E1,E1__R01__day1_1,110.0,100.0,1512.0,7.333949630058952,1529.8820648203414,0.012761073319474292,0.3952,0.0417139787152824,5,1475.8247621934333,1586.0835054401,True,1.074709915479935,1386.2504012705226,1690.4706964900759,True,1.2194555146319381,1195.2562924937909,1969.9590043360256,True,1.6481477794405832
heteroscedastic,half_cauchy_1.0,quadratic_z,loro_anchor,E1__R01__day1_1@110,E1,E1__R01__day1_1,110.0,120.0,780.0,6.680473338931667,795.2409818075371,0.02117941924802924,0.34155,0.0417139787152824,5,767.4380169794968,825.0793295743568,True,1.0751087531755676,721.8769984178458,879.2103301952307,True,1.2179503324281227,613.8155488968142,1029.559175016574,True,1.6773103530318825
heteroscedastic,half_cauchy_1.0,quadratic_z,loro_anchor,E1__R01__day1_1@110,E1,E1__R01__day1_1,110.0,130.0,599.0,6.430003242910284,619.0661551274679,0.03474164479483477,0.28665,0.0417139787152824,5,594.5715623197407,644.9698780293568,True,1.0847640871234834,559.9663726633564,686.5128012632747,True,1.2259893357489096,482.5372550610738,803.4618555211651,True,1.6650773532905196
heteroscedastic,half_cauchy_1.0,quadratic_z,loro_anchor,E1__R01__day1_1@120,E1,E1__R01__day1_1,120.0,80.0,3636.0,8.22185145005197,3720.9710340662086,0.02321199475460034,0.331,0.040157631740459984,5,3578.180106597335,3861.8010568825057,True,1.079264023004946,3364.164547097407,4098.560373307795,True,1.2182996152325614,2941.0964439552413,4784.481660463069,True,1.6267680273785272
heteroscedastic,half_cauchy_1.0,quadratic_z,loro_anchor,E1__R01__day1_1@120,E1,E1__R01__day1_1,120.0,90.0,2288.0,7.731142246949504,2276.608740180802,-0.004291105550184859,0.5456,0.040157631740459984,5,2192.316870792456,2359.932879511332,True,1.0764561049326267,2059.0144296851963,2497.804079825715,True,1.2131066416118343,1783.0126312163327,2900.286540872187,True,1.6266214215732582
heteroscedastic,half_cauchy_1.0,quadratic_z,loro_anchor,E1__R01__day1_1@120,E1,E1__R01__day1_1,120.0,100.0,1512.0,7.313274985664188,1499.980563730816,-0.00791357107528956,0.56595,0.040157631740459984,5,1444.522231845731,1555.5684750577661,True,1.0768740284946299,1360.4259422173739,1652.3409191956196,True,1.214576161714801,1178.0503501535286,1910.8313518994964,True,1.6220285929633387
heteroscedastic,half_cauchy_1.0,quadratic_z,loro_anchor,E1__R01__day1_1@120,E1,E1__R01__day1_1,120.0,110.0,1073.0,6.958997288787455,1051.6468765830857,-0.01921645384324311,0.6668,0.040157631740459984,5,1014.4767100779399,1089.531810570719,True,1.0739840547813195,953.0169729334706,1156.5209318859092,True,1.2135365525820967,818.9889881255983,1337.6961384466147,True,1.6333505796069003
heteroscedastic,half_cauchy_1.0,quadratic_z,loro_anchor,E1__R01__day1_1@120,E1,E1__R01__day1_1,120.0,130.0,599.0,6.410464400509284,607.6339285374802,0.015202802393834425,0.38355,0.040157631740459984,5,585.8117098869343,630.6511669323523,True,1.0765424389588805,551.6895676972657,670.3373744963749,True,1.2150626253353698,476.81115823090795,783.7762172123306,True,1.6437874904613012
heteroscedastic,half_cauchy_1.0,quadratic_z,loro_anchor,E1__R01__day1_1@130,E1,E1__R01__day1_1,130.0,80.0,3636.0,8.209021063626526,3671.062917518858,0.010381608329156577,0.4305,0.03984664788756986,5,3528.6650533000843,3816.047182031777,True,1.0814421670492433,3326.210609979517,4045.8645749778166,True,1.2163585080388915,2921.4383993876427,4693.692508398299,True,1.606637507531268
heteroscedastic,half_cauchy_1.0,quadratic_z,loro_anchor,E1__R01__day1_1@130,E1,E1__R01__day1_1,130.0,90.0,2288.0,7.718632326768992,2246.7285482483353,-0.01680102573069675,0.62475,0.03984664788756986,5,2157.406252348634,2339.3332750351387,True,1.084326733775084,2032.1727884813786,2471.642196717752,True,1.2162559260351007,1772.1737020838461,2862.528896966177,True,1.6152642901766427
heteroscedastic,half_cauchy_1.0,quadratic_z,loro_anchor,E1__R01__day1_1@130,E1,E1__R01__day1_1,130.0,100.0,1512.0,7.300820679340171,1479.554963597346,-0.020367877399307233,0.642,0.03984664788756986,5,1419.6500305651466,1541.797268274034,True,1.0860403867707185,1340.586689825959,1633.5830804228974,True,1.2185583318263264,1165.5211926238637,1897.7150718558669,True,1.6282115536515143
heteroscedastic,half_cauchy_1.0,quadratic_z,loro_anchor,E1__R01__day1_1@130,E1,E1__R01__day1_1,130.0,110.0,1073.0,6.946373367914256,1037.6620835800152,-0.03184037471644263,0.7214,0.03984664788756986,5,997.0190739683438,1079.2455387267116,True,1.0824723086099939,942.2739858014195,1141.7025092884953,True,1.2116460037018413,822.9432047083507,1311.4018002744428,True,1.5935507976388246
heteroscedastic,half_cauchy_1.0,quadratic_z,loro_anchor,E1__R01__day1_1@130,E1,E1__R01__day1_1,130.0,120.0,780.0,6.647364990258342,769.8400648009246,-0.011928929425295998,0.61045,0.03984664788756986,5,742.3208272147709,798.0749720790589,True,1.0751078816870605,699.5868798054768,846.5327035781745,True,1.210046568931591,602.4213994335391,988.9901274404159,True,1.641691560708783
heteroscedastic,half_cauchy_1.0,quadratic_z,loro_anchor,E2__R01__day1_0@80,E2,E2__R01__day1_0,80.0,90.0,5527.0,8.753688293988942,5937.978312256985,0.13628784215567968,0.1117,0.03610064036557792,5,5792.486806599923,6203.76563219525,False,1.0710021169364976,5486.013867141652,7427.8533941774895,True,1.353961833502908,4622.225111546378,16425.914582029425,True,3.5536812218421123
heteroscedastic,half_cauchy_1.0,quadratic_z,loro_anchor,E2__R01__day1_0@80,E2,E2__R01__day1_0,80.0,100.0,3705.0,8.344154908495975,3946.350532768568,0.1267163707657879,0.12835,0.03610064036557792,5,3841.358536011456,4123.292431171814,False,1.0733943193579358,3641.7344972962896,4870.392741061829,True,1.337382707245057,3060.5603496454523,10998.75016312709,True,3.59370471632792
heteroscedastic,half_cauchy_1.0,quadratic_z,loro_anchor,E2__R01__day1_0@80,E2,E2__R01__day1_0,80.0,110.0,2622.0,7.9880278580236075,2764.080879793351,0.11633519369996215,0.15215,0.03610064036557792,5,2689.259058066877,2884.083475948198,False,1.0724453887389216,2548.1822857920147,3423.5152221625676,True,1.343512684022323,2104.5831562443545,7424.591656372143,True,3.5278205255720976
heteroscedastic,half_cauchy_1.0,quadratic_z,loro_anchor,E2__R01__day1_0@80,E2,E2__R01__day1_0,80.0,120.0,1955.0,7.678850003561396,2028.531415837928,0.1007045311419299,0.2044,0.03610064036557792,5,1973.411605925944,2117.227988523445,False,1.07287703293405,1867.96860518192,2499.0757063960637,True,1.33785744549635,1552.631479621674,5599.6499798808945,True,3.6065544550503046
heteroscedastic,half_cauchy_1.0,quadratic_z,loro_anchor,E2__R01__day1_0@80,E2,E2__R01__day1_0,80.0,130.0,1536.0,7.411035339165098,1552.6921975002037,0.07409842545748013,0.38605,0.03610064036557792,5,1508.8391704717023,1622.0397533153266,True,1.0750249496824997,1432.6739007617405,1932.341964947702,True,1.348766082721471,1203.632564367442,4440.3621801915215,True,3.6891343019828584
heteroscedastic,half_cauchy_1.0,quadratic_z,loro_anchor,E2__R01__day1_0@90,E2,E2__R01__day1_0,90.0,80.0,9462.0,9.17513522093047,8893.309477306488,0.020096164739376476,0.77405,0.03733244488603803,5,8681.814272011135,9351.654622879609,False,1.077154420709959,8235.552608761587,11796.61962692144,True,1.432401708462323,6880.92199586923,29282.613061095122,True,4.255623458407772
heteroscedastic,half_cauchy_1.0,quadratic_z,loro_anchor,E2__R01__day1_0@90,E2,E2__R01__day1_0,90.0,100.0,3705.0,8.294701432744287,3685.53525502652,0.07726289501409944,0.55985,0.03733244488603803,5,3598.190938783882,3862.9444224129506,True,1.0735796093462873,3403.8548320198893,4817.017404467144,True,1.4151653469923884,2808.218291036122,12592.028581490276,True,4.483992081984593
heteroscedastic,half_cauchy_1.0,quadratic_z,loro_anchor,E2__R01__day1_0@90,E2,E2__R01__day1_0,90.0,110.0,2622.0,7.938518101531185,2583.161142495243,0.06682543720754008,0.6314,0.03733244488603803,5,2521.7871201560038,2709.3970403093354,True,1.0743956215232495,2389.213624651665,3419.582615728251,True,1.4312586285484656,1996.033408634393,8979.704461846552,True,4.498774631227295
heteroscedastic,half_cauchy_1.0,quadratic_z,loro_anchor,E2__R01__day1_0@90,E2,E2__R01__day1_0,90.0,120.0,1955.0,7.629380883000791,1896.3178134595018,0.051235410581324636,0.7027,0.03733244488603803,5,1848.5080305277327,1989.6657706026815,True,1.0763630656419976,1749.3548041516308,2469.37647931268,True,1.4115927046087324,1446.8221506854316,6131.8955672964,True,4.238181979997622
heteroscedastic,half_cauchy_1.0,quadratic_z,loro_anchor,E2__R01__day1_0@90,E2,E2__R01__day1_0,90.0,130.0,1536.0,7.361689733953994,1452.2422591472412,0.02475282024637604,0.7624,0.03733244488603803,5,1414.0088100886371,1526.6240937712278,False,1.0796425615449534,1343.2812266943956,1932.3981654345012,True,1.4385656011807966,1119.605171231648,5116.715181427426,True,4.570106777730102
heteroscedastic,half_cauchy_1.0,quadratic_z,loro_anchor,E2__R01__day1_0@100,E2,E2__R01__day1_0,100.0,80.0,9462.0,9.18364819803331,8984.316100933982,0.02860914184221741,0.75875,0.035851165879477155,5,8758.563975414218,9424.538447478943,False,1.0760369478300498,8318.270492460608,11620.5153129277,True,1.3969869486042963,7001.569128793503,29575.066041712827,True,4.224062563359872
heteroscedastic,half_cauchy_1.0,quadratic_z,loro_anchor,E2__R01__day1_0@100,E2,E2__R01__day1_0,100.0,90.0,5527.0,8.712821568733196,5602.344423187285,0.09542111689993327,0.32075,0.035851165879477155,5,5473.906034710198,5861.957212201899,True,1.0708910922166106,5185.177272053111,7253.321017732086,True,1.398856902506648,4306.89914676856,19247.56778437315,True,4.469008242000392
heteroscedastic,half_cauchy_1.0,quadratic_z,loro_anchor,E2__R01__day1_0@100,E2,E2__R01__day1_0,100.0,110.0,2622.0,7.946834917512892,2605.064977374579,0.07514225318924694,0.571,0.035851165879477155,5,2547.7894855603286,2728.7498750234745,True,1.0710264291805676,2416.4609127536078,3355.8697299624955,True,1.3887539882192472,1995.6142194888098,8808.49886764845,True,4.413928695048488
heteroscedastic,half_cauchy_1.0,quadratic_z,loro_anchor,E2__R01__day1_0@100,E2,E2__R01__day1_0,100.0,120.0,1955.0,7.637684788550096,1912.8252293979886,0.05953931613062924,0.6692,0.035851165879477155,5,1868.8607940034988,2000.1945766206259,True,1.070274780785455,1769.5882326062117,2465.8409202502394,True,1.3934546324477992,1457.8163835798819,6555.469375248946,True,4.49677301550901
heteroscedastic,half_cauchy_1.0,quadratic_z,loro_anchor,E2__R01__day1_0@100,E2,E2__R01__day1_0,100.0,130.0,1536.0,7.370000942078013,1464.6704629509788,0.03306402837039535,0.755,0.035851165879477155,5,1428.2041357201783,1533.417467762916,False,1.0736682729109193,1355.0013880762197,1897.8764183093008,True,1.4006453683444817,1113.1489213004975,5157.23585200293,True,4.633015181812066
heteroscedastic,half_cauchy_1.0,quadratic_z,loro_anchor,E2__R01__day1_0@110,E2,E2__R01__day1_0,110.0,80.0,9462.0,9.185613812215015,9082.13858484984,0.030574756023922234,0.73195,0.036383814260885335,5,8844.839323043021,9528.511255967827,True,1.077296139359329,8381.566494219476,11460.166109816671,True,1.367305994377115,6840.227390779509,28167.557457316278,True,4.117927058285458
heteroscedastic,half_cauchy_1.0,quadratic_z,loro_anchor,E2__R01__day1_0@110,E2,E2__R01__day1_0,110.0,90.0,5527.0,8.714778390204751,5664.258139882585,0.09737793837148878,0.24595,0.036383814260885335,5,5530.548932022575,5931.580662742989,False,1.0725121024421989,5222.800316119714,7172.8378123294015,True,1.373370103810224,4291.9754921383355,17668.53488179277,True,4.116643935678674
heteroscedastic,half_cauchy_1.0,quadratic_z,loro_anchor,E2__R01__day1_0@110,E2,E2__R01__day1_0,110.0,100.0,3705.0,8.304982825165645,3759.2317985668606,0.08754428743545795,0.31245,0.036383814260885335,5,3671.8993176668646,3929.378754042753,True,1.0701215948751808,3471.915256180041,4779.799136237376,True,1.3767038604209274,2850.1779040224005,11578.487367284892,True,4.062373563048257
heteroscedastic,half_cauchy_1.0,quadratic_z,loro_anchor,E2__R01__day1_0@110,E2,E2__R01__day1_0,110.0,120.0,1955.0,7.63950780263172,1932.9915695561829,0.0613623302122539,0.6018,0.036383814260885335,5,1888.8172890783922,2027.8283626673544,True,1.0735968875299684,1787.4547620942153,2463.6730614670423,True,1.3783135180330701,1476.4182084117244,5735.534512823327,True,3.884762786144043
heteroscedastic,half_cauchy_1.0,quadratic_z,loro_anchor,E2__R01__day1_0@110,E2,E2__R01__day1_0,110.0,130.0,1536.0,7.3717524244663375,1479.1899794733881,0.0348155107587198,0.7231,0.036383814260885335,5,1442.446520078435,1550.1237661659966,True,1.074649038691366,1363.6378230117173,1881.2394876768362,True,1.3795741478642392,1124.009618494954,4533.8871182622715,True,4.033672882918149
heteroscedastic,half_cauchy_1.0,quadratic_z,loro_anchor,E2__R01__day1_0@120,E2,E2__R01__day1_0,120.0,80.0,9462.0,9.19612672106577,9219.760393491346,0.04108766487467719,0.68235,0.0360112256291171,5,8978.014269946594,9649.33205466447,True,1.0747735261420863,8513.225474308918,11636.112931533145,True,1.3668277630668224,7144.772238908666,27649.24492940756,True,3.869856729489094
heteroscedastic,half_cauchy_1.0,quadratic_z,loro_anchor,E2__R01__day1_0@120,E2,E2__R01__day1_0,120.0,90.0,5527.0,8.725416650885077,5754.814059565371,0.10801619905181425,0.17655,0.0360112256291171,5,5617.198792959292,6011.2254009390335,False,1.070146459561592,5324.974507854699,7172.122022783459,True,1.346883823050062,4434.977073777873,17035.165265810403,True,3.8410943241470332
heteroscedastic,half_cauchy_1.0,quadratic_z,loro_anchor,E2__R01__day1_0@120,E2,E2__R01__day1_0,120.0,100.0,3705.0,8.315677784106274,3821.3495075992873,0.09823924637608705,0.21195,0.0360112256291171,5,3731.6324458023914,3999.9108623965753,False,1.071893044261624,3538.3312709777488,4814.32685298108,True,1.3606207232401775,2974.833735740084,11519.291159618344,True,3.8722470507255276
heteroscedastic,half_cauchy_1.0,quadratic_z,loro_anchor,E2__R01__day1_0@120,E2,E2__R01__day1_0,120.0,110.0,2622.0,7.959410664494615,2674.158081193155,0.08771800017096965,0.2745,0.0360112256291171,5,2611.45294352029,2792.732096314747,True,1.0694169708262442,2476.437870374644,3323.746440784376,True,1.3421481235390527,2080.579306171297,8087.85675760892,True,3.8873100071788538
heteroscedastic,half_cauchy_1.0,quadratic_z,loro_anchor,E2__R01__day1_0@120,E2,E2__R01__day1_0,120.0,130.0,1536.0,7.382299303317726,1501.7392736328861,0.04536238961010852,0.67355,0.0360112256291171,5,1466.178867144178,1568.4722913365422,True,1.0697687209143938,1389.4486355489603,1863.9646709752346,True,1.341513909392409,1157.6681201769193,4499.122247611345,True,3.886366195282092
heteroscedastic,half_cauchy_1.0,quadratic_z,loro_anchor,E2__R01__day1_0@130,E2,E2__R01__day1_0,130.0,80.0,9462.0,9.227087684040974,9477.22271009721,0.07204862784988109,0.4842,0.037117586890266174,5,9229.478564704632,9952.047205388308,True,1.0782892159744455,8746.316942541247,12183.072402597172,True,1.3929374481434438,7355.178296165986,29163.686791408527,True,3.96505504246044
heteroscedastic,half_cauchy_1.0,quadratic_z,loro_anchor,E2__R01__day1_0@130,E2,E2__R01__day1_0,130.0,90.0,5527.0,8.756436076616579,5918.094132591358,0.13903562478331644,0.1189,0.037117586890266174,5,5766.508341036888,6204.62807142639,False,1.0759766056821003,5452.964041426711,7542.3076780243255,True,1.3831574205743267,4563.426905194427,17065.896476791637,True,3.739710711125006
heteroscedastic,half_cauchy_1.0,quadratic_z,loro_anchor,E2__R01__day1_0@130,E2,E2__R01__day1_0,130.0,100.0,3705.0,8.346705257326377,3927.8313545479145,0.12926671959619007,0.1335,0.037117586890266174,5,3827.871552433832,4120.365589061099,False,1.0764116644513042,3631.103082397113,4975.789251118761,True,1.3703244270977675,3012.9618734052406,11213.401591191354,True,3.7217203742833957
heteroscedastic,half_cauchy_1.0,quadratic_z,loro_anchor,E2__R01__day1_0@130,E2,E2__R01__day1_0,130.0,110.0,2622.0,7.990403322828877,2750.708536849678,0.11871065850523177,0.16045,0.037117586890266174,5,2680.6091682419215,2883.4884939480185,False,1.0756840378335182,2541.0030386187905,3544.925970756113,True,1.395089229284442,2104.462493698217,8137.818215129348,True,3.86693430721523
heteroscedastic,half_cauchy_1.0,quadratic_z,loro_anchor,E2__R01__day1_0@130,E2,E2__R01__day1_0,130.0,120.0,1955.0,7.681070502882074,2017.570718886665,0.10292503046260748,0.2121,0.037117586890266174,5,1969.4216534579318,2116.325949612559,False,1.0745926073762269,1868.4010510261382,2581.911980606438,True,1.3818831771628661,1569.0613255119738,5951.693789462966,True,3.793155622850477
heteroscedastic,half_cauchy_1.0,quadratic_z,loro_anchor,E2__R02__day1_0@80,E2,E2__R02__day1_0,80.0,90.0,11540.0,9.366318127517593,11693.01197450959,0.012743587455501526,0.35295,0.03078439942484673,5,11375.3072001369,12005.72045804106,True,1.0554194490586217,10757.455001915221,12728.590873157289,True,1.1832344054324313,9064.869455671493,14947.676822883426,True,1.6489676873980041
heteroscedastic,half_cauchy_1.0,quadratic_z,loro_anchor,E2__R02__day1_0@80,E2,E2__R02__day1_0,80.0,100.0,7544.0,8.954576433602654,7748.569697076665,0.026068609289360722,0.26125,0.03078439942484673,5,7527.686672429497,7962.505266524968,True,1.0577625787332532,7126.401375148519,8439.140311563455,True,1.1842078304756694,5992.715995356605,10073.61397021696,True,1.680976368314867
heteroscedastic,half_cauchy_1.0,quadratic_z,loro_anchor,E2__R02__day1_0@80,E2,E2__R02__day1_0,80.0,110.0,5710.0,8.597852121421848,5424.259763527999,-0.05212218122820822,0.84215,0.03078439942484673,5,5265.254019696887,5575.626187694652,False,1.0589472353730112,4983.0801440087325,5895.692987650133,True,1.1831423170543736,4229.790315187547,6988.5963612021515,True,1.6522323426078107
heteroscedastic,half_cauchy_1.0,quadratic_z,loro_anchor,E2__R02__day1_0@80,E2,E2__R02__day1_0,80.0,120.0,4017.0,8.289453883610518,3984.8110456450054,-0.008836750748764999,0.59335,0.03078439942484673,5,3868.143712896528,4094.415986893929,True,1.0584963462559576,3657.009128334064,4331.0937848077965,True,1.1843267634338144,3093.7008625925932,5096.01069415443,True,1.6472215383758386
heteroscedastic,half_cauchy_1.0,quadratic_z,loro_anchor,E2__R02__day1_0@80,E2,E2__R02__day1_0,80.0,130.0,3302.0,8.023595542529254,3053.259990217874,-0.07868808195081911,0.892,0.03078439942484673,5,2964.467821856379,3138.947157696065,False,1.0588568830308387,2799.9447303642964,3323.1622852292126,True,1.1868671010505416,2389.7221356370874,3921.8926515469093,True,1.6411500705714277
heteroscedastic,half_cauchy_1.0,quadratic_z,loro_anchor,E2__R02__day1_0@90,E2,E2__R02__day1_0,90.0,80.0,18780.0,9.827140245817418,18531.0979695712,-0.01340750694483539,0.6556,0.028961365710843394,5,18076.211682387155,19023.675098563275,True,1.0524149325546623,17124.151621197227,20086.92560435091,True,1.1730172710854883,14451.938009888192,23394.630820318784,True,1.618788483891357
heteroscedastic,half_cauchy_1.0,quadratic_z,loro_anchor,E2__R02__day1_0@90,E2,E2__R02__day1_0,90.0,100.0,7544.0,8.940782724014484,7649.380724987752,0.012274899701191444,0.33005,0.028961365710843394,5,7462.700508985353,7840.238839377879,True,1.0505900417600782,7064.556210378148,8262.48792676244,True,1.1695692808876625,6010.567932723459,9637.816551337459,True,1.6034785163754819
heteroscedastic,half_cauchy_1.0,quadratic_z,loro_anchor,E2__R02__day1_0@90,E2,E2__R02__day1_0,90.0,110.0,5710.0,8.584025501455459,5352.18355106857,-0.06594880119459745,0.88045,0.028961365710843394,5,5216.795494422028,5485.995966909046,False,1.0516026500894766,4939.564593287617,5781.753781362812,True,1.1704986688947538,4185.6819602705855,6733.736731535794,True,1.6087549879447811
heteroscedastic,half_cauchy_1.0,quadratic_z,loro_anchor,E2__R02__day1_0@90,E2,E2__R02__day1_0,90.0,120.0,4017.0,8.275601880689653,3933.5885616661253,-0.0226887536696303,0.72315,0.028961365710843394,5,3832.3176554136107,4033.7803062284793,True,1.0525694028860781,3632.4638858343947,4251.647950441861,True,1.1704584227312245,3086.9647701720637,4975.287336993924,True,1.6117084927783634
heteroscedastic,half_cauchy_1.0,quadratic_z,loro_anchor,E2__R02__day1_0@90,E2,E2__R02__day1_0,90.0,130.0,3302.0,8.009724699173493,3012.095937470179,-0.09255892530658016,0.9131,0.028961365710843394,5,2932.639840797543,3092.2637158742655,False,1.0544300983898904,2775.2437732104613,3263.230118219601,False,1.175835488658579,2374.9810051719637,3858.9638276859487,True,1.6248398699957327
heteroscedastic,half_cauchy_1.0,quadratic_z,loro_anchor,E2__R02__day1_0@100,E2,E2__R02__day1_0,100.0,80.0,18780.0,9.814760663686885,18287.905449751586,-0.02578708907536864,0.7321,0.030934901767628222,5,17797.98415647081,18838.615368179486,True,1.058469049222652,16820.038764990233,19934.357098516935,True,1.1851552411406414,14123.552073636893,23488.127027199225,True,1.6630467254085681
heteroscedastic,half_cauchy_1.0,quadratic_z,loro_anchor,E2__R02__day1_0@100,E2,E2__R02__day1_0,100.0,90.0,11540.0,9.34022866470097,11377.867342762036,-0.013345875361121529,0.66995,0.030934901767628222,5,11086.31431639337,11681.929992449637,True,1.0537253102390873,10470.014616674081,12366.533192038532,True,1.1811381019797373,8816.268575149896,14555.351733611333,True,1.650965100432397
heteroscedastic,half_cauchy_1.0,quadratic_z,loro_anchor,E2__R02__day1_0@100,E2,E2__R02__day1_0,100.0,110.0,5710.0,8.571698554169801,5280.573776889564,-0.0782757484802552,0.89425,0.030934901767628222,5,5141.766018078123,5418.317872125792,False,1.0537853828967187,4862.2393053985525,5734.871064682316,True,1.179471166364617,4092.3870625053596,6847.504187709807,True,1.6732298492600954
heteroscedastic,half_cauchy_1.0,quadratic_z,loro_anchor,E2__R02__day1_0@100,E2,E2__R02__day1_0,100.0,120.0,4017.0,8.263250192199067,3876.4577911477663,-0.0350404421602164,0.7928,0.030934901767628222,5,3773.8910211171583,3980.1164620869113,False,1.0546453089969476,3563.3124517095466,4209.837203210636,True,1.181439253577359,2990.061655536238,4947.440844851599,True,1.6546283705191105
heteroscedastic,half_cauchy_1.0,quadratic_z,loro_anchor,E2__R02__day1_0@100,E2,E2__R02__day1_0,100.0,130.0,3302.0,7.997332197877647,2970.7248263856955,-0.10495142660242607,0.9223,0.030934901767628222,5,2890.3592535597486,3056.842546602432,False,1.0575995156441689,2730.0755868884207,3236.321191046453,False,1.185432816069031,2271.4586110296123,3824.0925787440833,True,1.6835405057240684
heteroscedastic,half_cauchy_1.0,quadratic_z,loro_anchor,E2__R02__day1_0@110,E2,E2__R02__day1_0,110.0,80.0,18780.0,9.890746629614421,19766.406469040037,0.05019887685216773,0.15935,0.029917797688396672,5,19233.856325994104,20338.473611595713,False,1.0574308795323974,18186.87881032075,21449.706788857562,True,1.1794056040382923,15261.543059701871,25027.74595418339,True,1.639922375888005
heteroscedastic,half_cauchy_1.0,quadratic_z,loro_anchor,E2__R02__day1_0@110,E2,E2__R02__day1_0,110.0,90.0,11540.0,9.416314007356679,12309.46844153542,0.06273946729458757,0.12805,0.029917797688396672,5,11989.548639771512,12624.695606173953,False,1.0529750523131074,11337.04137064541,13333.03498827952,True,1.1760594808097167,9566.284833887432,15598.040287210017,True,1.6305222516431672
heteroscedastic,half_cauchy_1.0,quadratic_z,loro_anchor,E2__R02__day1_0@110,E2,E2__R02__day1_0,110.0,100.0,7544.0,9.004564071862953,8156.10019493885,0.07605624754966023,0.10375,0.029917797688396672,5,7948.117030550012,8363.358559872779,False,1.052244012981529,7520.98233429877,8842.240809540264,True,1.1756763168045232,6315.121396834415,10433.658719469313,True,1.6521707286101261
heteroscedastic,half_cauchy_1.0,quadratic_z,loro_anchor,E2__R02__day1_0@110,E2,E2__R02__day1_0,110.0,120.0,4017.0,8.339187289020584,4192.777041516731,0.04089665466130121,0.1748,0.029917797688396672,5,4088.133314974069,4300.084947190764,False,1.0518455774033484,3873.380014589968,4538.716948638306,True,1.1717716649391992,3273.379318197004,5377.090524092034,True,1.6426726026526515
heteroscedastic,half_cauchy_1.0,quadratic_z,loro_anchor,E2__R02__day1_0@110,E2,E2__R02__day1_0,110.0,130.0,3302.0,8.073106314160707,3211.5034352101147,-0.029177310319365546,0.75415,0.029917797688396672,5,3126.320923177194,3299.1814158663747,False,1.0552919859914789,2960.783592836234,3486.4504957745385,True,1.1775431693860308,2496.6648010549793,4075.3239184095924,True,1.6323071950577994
heteroscedastic,half_cauchy_1.0,quadratic_z,loro_anchor,E2__R02__day1_0@120,E2,E2__R02__day1_0,120.0,80.0,18780.0,9.84841299768858,18928.654251135642,0.007865244926327009,0.40815,0.029284208337593962,5,18435.457955269387,19481.938019798705,True,1.0567645277415094,17489.32491282666,20494.836492226565,True,1.1718483471706598,14965.896167099985,23959.830520704087,True,1.600961964000242
heteroscedastic,half_cauchy_1.0,quadratic_z,loro_anchor,E2__R02__day1_0@120,E2,E2__R02__day1_0,120.0,90.0,11540.0,9.373892380229815,11791.203411559445,0.0203178401677242,0.2727,0.029284208337593962,5,11496.191113013649,12108.782071751732,True,1.0532864278886798,10900.784161773858,12766.099512571032,True,1.171117538253655,9313.821064121244,14972.603404641117,True,1.60756829034634
heteroscedastic,half_cauchy_1.0,quadratic_z,loro_anchor,E2__R02__day1_0@120,E2,E2__R02__day1_0,120.0,100.0,7544.0,8.962160741505336,7811.156440936473,0.03365291719204322,0.20605,0.029284208337593962,5,7613.272232184856,8013.158935246651,False,1.0525249447105394,7204.863116738318,8458.64612535414,True,1.1740189908262153,6087.9018336108375,9870.9469959833,True,1.6214037719016035
heteroscedastic,half_cauchy_1.0,quadratic_z,loro_anchor,E2__R02__day1_0@120,E2,E2__R02__day1_0,120.0,110.0,5710.0,8.605453256511726,5469.712981393142,-0.04452104613833008,0.82585,0.029284208337593962,5,5329.097427833245,5607.423863778874,False,1.0522276876553172,5058.586746272087,5913.7357052588895,True,1.1690489857897568,4284.233298854002,6841.733237765532,True,1.5969562721048927
heteroscedastic,half_cauchy_1.0,quadratic_z,loro_anchor,E2__R02__day1_0@120,E2,E2__R02__day1_0,120.0,130.0,3302.0,8.031246568052042,3077.600830112639,-0.07103705642803071,0.88955,0.029284208337593962,5,3001.917737373951,3156.518978253207,False,1.0515008252739462,2845.3037767591595,3324.6440315387686,True,1.1684671628720025,2419.6061644537303,3865.039655400249,True,1.5973837859157758
heteroscedastic,half_cauchy_1.0,quadratic_z,loro_anchor,E2__R02__day1_0@130,E2,E2__R02__day1_0,130.0,80.0,18780.0,9.917431518459185,20310.78183466919,0.07688376569693212,0.1069,0.03047081765440192,5,19771.337717864786,20896.751290457993,False,1.056921468271533,18697.245214333558,22055.02574565497,True,1.1795869120199212,15953.334893898844,25528.21083665172,True,1.6001802135059968
heteroscedastic,half_cauchy_1.0,quadratic_z,loro_anchor,E2__R02__day1_0@130,E2,E2__R02__day1_0,130.0,90.0,11540.0,9.44291107494362,12646.517124002752,0.0893365348815287,0.0915,0.03047081765440192,5,12298.790846220203,12995.131468129148,False,1.0566186245961693,11619.145472004717,13716.332473976554,False,1.180494082548912,9848.923755592656,16035.384044241071,True,1.6281356666138742
heteroscedastic,half_cauchy_1.0,quadratic_z,loro_anchor,E2__R02__day1_0@130,E2,E2__R02__day1_0,130.0,100.0,7544.0,9.03117475988526,8380.558315620168,0.1026669355719676,0.0811,0.03047081765440192,5,8139.112023602304,8603.04104330516,False,1.0569999550758762,7693.150322640259,9066.51709809683,False,1.178518125586975,6466.364635133115,10519.770050839807,True,1.6268445478134173
heteroscedastic,half_cauchy_1.0,quadratic_z,loro_anchor,E2__R02__day1_0@130,E2,E2__R02__day1_0,130.0,110.0,5710.0,8.674458497195092,5867.671545208715,0.024484194545035365,0.2555,0.03047081765440192,5,5704.80949582767,6022.498275858255,True,1.055687885855423,5385.044362026141,6348.404606616298,True,1.1788955075994378,4509.974684378886,7452.441769453014,True,1.65243538844373
heteroscedastic,half_cauchy_1.0,quadratic_z,loro_anchor,E2__R02__day1_0@130,E2,E2__R02__day1_0,130.0,120.0,4017.0,8.366070556237352,4310.350806169382,0.0677799218780688,0.1211,0.03047081765440192,5,4191.72553407772,4419.187447566492,False,1.054264505545404,3960.183094638692,4672.828197918671,True,1.179952564376319,3362.061495782091,5486.163363732084,True,1.631785549019495
heteroscedastic,half_cauchy_1.0,quadratic_z,loro_anchor,E2__R02__day1_1@80,E2,E2__R02__day1_1,80.0,90.0,15300.0,9.622063569939256,15220.152285329323,-0.013544537441271487,0.56855,0.031414440063677676,5,14771.789774157996,15606.250685586412,True,1.0564901697212232,13916.12694306894,16433.94490777974,True,1.1809280682054157,11404.673923922921,18936.847837312966,True,1.6604462313990618
heteroscedastic,half_cauchy_1.0,quadratic_z,loro_anchor,E2__R02__day1_1@80,E2,E2__R02__day1_1,80.0,100.0,10330.0,9.211394820061846,10089.124454302653,-0.031412742051838194,0.7336,0.031414440063677676,5,9780.586271430964,10358.214324198698,True,1.0590586327585476,9199.2220226601,10889.932343863828,True,1.1837884026539487,7641.491778872834,12647.384971849064,True,1.6550937091650746
heteroscedastic,half_cauchy_1.0,quadratic_z,loro_anchor,E2__R02__day1_1@80,E2,E2__R02__day1_1,80.0,110.0,6671.0,8.857057244454749,7080.587869323168,0.051532191745232936,0.15415,0.031414440063677676,5,6862.198851465741,7266.869925504292,False,1.0589710503583138,6448.486152756581,7652.7811636995075,True,1.1867562374198661,5351.562757285838,8902.371970878146,True,1.6635088430492735
heteroscedastic,half_cauchy_1.0,quadratic_z,loro_anchor,E2__R02__day1_1@80,E2,E2__R02__day1_1,80.0,120.0,4863.0,8.552157418247868,5215.106450402891,0.06274660784408148,0.13165,0.031414440063677676,5,5060.271176606923,5351.922541760066,False,1.0576355208988435,4757.076411653172,5633.206877577623,True,1.1841741418696237,3894.5470688505216,6495.799070294001,True,1.6679215722539054
heteroscedastic,half_cauchy_1.0,quadratic_z,loro_anchor,E2__R02__day1_1@80,E2,E2__R02__day1_1,80.0,130.0,3845.0,8.290736956454854,4012.4706906012566,0.03620807451510899,0.19625,0.031414440063677676,5,3895.6437770981465,4127.0482109378345,False,1.0594008197566924,3664.2669666064294,4348.689434155092,True,1.1867829155970377,2977.2400732505916,5040.306234998254,True,1.6929458528667385
heteroscedastic,half_cauchy_1.0,quadratic_z,loro_anchor,E2__R02__day1_1@90,E2,E2__R02__day1_1,90.0,80.0,24470.0,10.102309058396102,24545.43523328934,-0.002894098040615134,0.4606,0.032301351481055535,5,23857.55371791565,25220.18435984088,True,1.05711527082938,22451.20184995627,26587.76202513129,True,1.184246714399527,18871.061079133997,30722.33014244139,True,1.6280128612593763
heteroscedastic,half_cauchy_1.0,quadratic_z,loro_anchor,E2__R02__day1_1@90,E2,E2__R02__day1_1,90.0,100.0,10330.0,9.216964292739993,10141.774604330714,-0.025843269373691413,0.7073,0.032301351481055535,5,9845.480841130773,10398.506239751918,True,1.0561704814162869,9261.634650522472,10954.321399285338,True,1.1827632823615404,7674.437282843002,12597.150766891624,True,1.641442923125303
heteroscedastic,half_cauchy_1.0,quadratic_z,loro_anchor,E2__R02__day1_1@90,E2,E2__R02__day1_1,90.0,110.0,6671.0,8.862529653887744,7110.251623593564,0.05700460117822814,0.13985,0.032301351481055535,5,6912.929673617408,7293.340661597626,False,1.0550289104534107,6503.127591524256,7692.089705305006,True,1.1828292766899366,5412.387421406338,8821.505607866839,True,1.629873274218549
heteroscedastic,half_cauchy_1.0,quadratic_z,loro_anchor,E2__R02__day1_1@90,E2,E2__R02__day1_1,90.0,120.0,4863.0,8.557393553098146,5240.277364956673,0.06798274269436,0.1201,0.032301351481055535,5,5092.729016505236,5382.473594197824,False,1.05689377478235,4789.3683073527145,5678.782276279013,True,1.1857059035449113,3937.6267218078124,6576.962685187737,True,1.6702859742297191
heteroscedastic,half_cauchy_1.0,quadratic_z,loro_anchor,E2__R02__day1_1@90,E2,E2__R02__day1_1,90.0,130.0,3845.0,8.295618425290115,4027.396704160577,0.041089543350370406,0.18025,0.032301351481055535,5,3916.1605445907876,4154.6392722035225,False,1.060896054923523,3689.716635939493,4382.443613702141,True,1.1877453057004914,3041.7140004141106,5036.774385986137,True,1.6559000567773339
heteroscedastic,half_cauchy_1.0,quadratic_z,loro_anchor,E2__R02__day1_1@100,E2,E2__R02__day1_1,100.0,80.0,24470.0,10.120014677912758,24977.00664461926,0.014811521476040923,0.2922,0.030455260987262135,5,24294.428467534362,25712.931199213348,True,1.0583879852771423,22938.40952920435,27056.95440551808,True,1.179547970449745,18608.019245485586,31208.423057413733,True,1.6771491175765565
heteroscedastic,half_cauchy_1.0,quadratic_z,loro_anchor,E2__R02__day1_1@100,E2,E2__R02__day1_1,100.0,90.0,15300.0,9.645358535979737,15554.623126165372,0.009750428599209826,0.31195,0.030455260987262135,5,15147.537549418656,15944.137711068815,True,1.0525894165339589,14252.548212742691,16777.061154452997,True,1.1771271287090423,11797.697493887164,19643.150121371127,True,1.6649986263462841
heteroscedastic,half_cauchy_1.0,quadratic_z,loro_anchor,E2__R02__day1_1@100,E2,E2__R02__day1_1,100.0,110.0,6671.0,8.880423267289665,7240.206488202126,0.07489821458014845,0.1053,0.030455260987262135,5,7052.094246771882,7421.095263639644,False,1.0523250262908317,6643.667278565518,7802.136823873618,True,1.174371999188712,5480.239150237435,9009.514504110059,True,1.6440002447191953
heteroscedastic,half_cauchy_1.0,quadratic_z,loro_anchor,E2__R02__day1_1@100,E2,E2__R02__day1_1,100.0,120.0,4863.0,8.57530881787615,5330.357188081548,0.08589800747236431,0.09585,0.030455260987262135,5,5188.1702669794995,5470.915872064316,False,1.0544981352837188,4882.235082600192,5756.065827169017,False,1.178981701983805,3977.0500121578984,6710.33862015735,True,1.6872653347691755
heteroscedastic,half_cauchy_1.0,quadratic_z,loro_anchor,E2__R02__day1_1@100,E2,E2__R02__day1_1,100.0,130.0,3845.0,8.313539472774428,4098.852697199487,0.059010590834683185,0.1321,0.030455260987262135,5,3985.678822211451,4227.390256023562,False,1.0606449853573494,3766.216464909664,4449.626831950832,True,1.1814580689688423,3074.1417395643066,5151.461923660075,True,1.6757398845214546
heteroscedastic,half_cauchy_1.0,quadratic_z,loro_anchor,E2__R02__day1_1@110,E2,E2__R02__day1_1,110.0,80.0,24470.0,10.03871525756252,22993.244029352994,-0.06648789887419682,0.8736,0.029563654993964277,5,22391.62600237842,23644.47821713864,False,1.0559518194269208,21156.747899088896,24867.674086850602,True,1.1754015411754997,17825.55684006687,28548.13870312078,True,1.6015285782799529
heteroscedastic,half_cauchy_1.0,quadratic_z,loro_anchor,E2__R02__day1_1@110,E2,E2__R02__day1_1,110.0,90.0,15300.0,9.563994825165187,14324.42699448475,-0.07161328221534013,0.88625,0.029563654993964277,5,13960.22400793347,14673.747888945958,False,1.0511112057089484,13189.71077711634,15420.692460321576,True,1.169145610613078,11146.608865309174,17643.377473368975,True,1.5828470960597933
heteroscedastic,half_cauchy_1.0,quadratic_z,loro_anchor,E2__R02__day1_1@110,E2,E2__R02__day1_1,110.0,100.0,10330.0,9.153397206730197,9506.053425868191,-0.08941035538348707,0.91795,0.029563654993964277,5,9253.521414297642,9719.60542216271,False,1.05036828543401,8728.853913336588,10195.065446975448,False,1.1679729719612644,7389.054481098874,11606.381183736969,True,1.5707532287691168
heteroscedastic,half_cauchy_1.0,quadratic_z,loro_anchor,E2__R02__day1_1@110,E2,E2__R02__day1_1,110.0,120.0,4863.0,8.493793138278733,4908.3073100332,0.004382327874946412,0.36885,0.029563654993964277,5,4786.008642592793,5029.3750856806955,True,1.0508495619757303,4518.639479636314,5279.49421121449,True,1.1683813756346444,3794.8175243250744,5979.980632827497,True,1.5758282432542166
heteroscedastic,half_cauchy_1.0,quadratic_z,loro_anchor,E2__R02__day1_1@110,E2,E2__R02__day1_1,110.0,130.0,3845.0,8.23198422226643,3774.2202222864603,-0.022544659673314982,0.68495,0.029563654993964277,5,3680.1423066321204,3885.116201451525,True,1.0556972741108444,3480.2081323660927,4080.914058370342,True,1.1726063221385115,2911.2000304730955,4633.500279512281,True,1.5916117858652594
heteroscedastic,half_cauchy_1.0,quadratic_z,loro_anchor,E2__R02__day1_1@120,E2,E2__R02__day1_1,120.0,80.0,24470.0,10.0277845743093,22760.316918346747,-0.07741858212741803,0.8918,0.030008701822549704,5,22138.840370857542,23415.55357821696,False,1.0576684770282738,20837.143689620672,24606.56716224812,True,1.1808992407392698,17367.61819733984,28177.3055145271,True,1.622404707102725
heteroscedastic,half_cauchy_1.0,quadratic_z,loro_anchor,E2__R02__day1_1@120,E2,E2__R02__day1_1,120.0,90.0,15300.0,9.552968383410844,14178.943173893178,-0.08263972396968278,0.9013,0.030008701822549704,5,13789.322216219949,14535.522132411672,False,1.054114328789416,12967.590298597843,15284.564365841748,False,1.1786742188712143,10751.333014398017,17583.139623055413,True,1.635438098653288
heteroscedastic,half_cauchy_1.0,quadratic_z,loro_anchor,E2__R02__day1_1@120,E2,E2__R02__day1_1,120.0,100.0,10330.0,9.14235962017806,9405.274498999881,-0.10044794193562367,0.9212,0.030008701822549704,5,9141.40886171399,9641.782932559116,False,1.0547370846676372,8620.010326375936,10142.325860306284,False,1.1766025185923843,7159.388043141359,11716.568229688408,True,1.6365320833409491
heteroscedastic,half_cauchy_1.0,quadratic_z,loro_anchor,E2__R02__day1_1@120,E2,E2__R02__day1_1,120.0,110.0,6671.0,8.787975441974247,6597.883832830053,-0.017549610735269283,0.64885,0.030008701822549704,5,6412.613464800059,6757.157083805507,True,1.0537290483664277,6037.709815996753,7090.704475946117,True,1.1744029925319501,4980.209148695864,8078.773589079815,True,1.6221755648947698
heteroscedastic,half_cauchy_1.0,quadratic_z,loro_anchor,E2__R02__day1_1@120,E2,E2__R02__day1_1,120.0,130.0,3845.0,8.221303175157905,3736.036454638382,-0.03322570678184,0.7589,0.030008701822549704,5,3641.5340283022947,3837.6677142884528,False,1.0538601821270355,3427.176218926059,4036.7492522231737,True,1.1778645142116826,2869.8248389258815,4648.829718228107,True,1.6199001608641979
heteroscedastic,half_cauchy_1.0,quadratic_z,loro_anchor,E2__R02__day1_1@130,E2,E2__R02__day1_1,130.0,80.0,24470.0,10.05349085642451,23415.58673400295,-0.05171230001220728,0.8245,0.03031991373439629,5,22731.179023723453,24046.899119120408,False,1.0578817356558499,21362.68796403507,25406.147328083018,True,1.1892767132514068,17443.14113173471,29770.48417793846,True,1.7067157774568669
heteroscedastic,half_cauchy_1.0,quadratic_z,loro_anchor,E2__R02__day1_1@130,E2,E2__R02__day1_1,130.0,90.0,15300.0,9.578865012381293,14571.32498644,-0.056743094999234245,0.84395,0.03031991373439629,5,14102.80195931134,14949.28232383883,False,1.0600221407752666,13267.137282482141,15757.768103071186,True,1.1877293320751012,10752.31191446388,18418.346502536955,True,1.7129661647706498
heteroscedastic,half_cauchy_1.0,quadratic_z,loro_anchor,E2__R02__day1_1@130,E2,E2__R02__day1_1,130.0,100.0,10330.0,9.168309881836866,9669.852262394083,-0.07449768027681891,0.88295,0.03031991373439629,5,9345.758272528408,9921.516656582566,False,1.0616063851925832,8778.469098015876,10453.124190902563,True,1.1907684670514127,7180.1186985355125,12289.68486556777,True,1.7116269774306694
heteroscedastic,half_cauchy_1.0,quadratic_z,loro_anchor,E2__R02__day1_1@130,E2,E2__R02__day1_1,130.0,110.0,6671.0,8.813862973787975,6784.991719668242,0.008337921078458876,0.34555,0.03031991373439629,5,6565.789339126658,6956.810086672971,True,1.0595542633718316,6167.571572936601,7343.011140657633,True,1.190583855220891,5088.637821176565,8582.901204044987,True,1.6866795212516223
heteroscedastic,half_cauchy_1.0,quadratic_z,loro_anchor,E2__R02__day1_1@130,E2,E2__R02__day1_1,130.0,120.0,4863.0,8.508664015038896,4998.566535782877,0.01925320463510971,0.26135,0.03031991373439629,5,4852.258637840523,5122.0986083693115,True,1.0556112092674597,4551.279378663436,5391.967630042508,True,1.1847147101802296,3718.4069452871845,6309.244222624152,True,1.6967600145596407
heteroscedastic,half_cauchy_1.0,quadratic_z,loro_anchor,E2__R03__day1_0@80,E2,E2__R03__day1_0,80.0,90.0,15560.0,9.733579605225472,16957.01379134829,0.08112080749308959,0.0592,0.02561487005874573,5,16532.639865503817,17325.518047203466,False,1.0479583531819396,15944.833035867117,17879.988737002775,False,1.1213656923708528,14628.20497890328,19156.02335852765,True,1.309526588269331
heteroscedastic,half_cauchy_1.0,quadratic_z,loro_anchor,E2__R03__day1_0@80,E2,E2__R03__day1_0,80.0,100.0,10360.0,9.32088455805245,11226.209665503722,0.07517704223897681,0.0677,0.02561487005874573,5,10918.965347484229,11485.590200136494,False,1.051893639609619,10539.569580118517,11832.775326204508,False,1.1227000530007838,9724.598594064459,12597.795939442458,True,1.295456652280917
heteroscedastic,half_cauchy_1.0,quadratic_z,loro_anchor,E2__R03__day1_0@80,E2,E2__R03__day1_0,80.0,110.0,7895.0,8.964850153761176,7862.851140054513,-0.009134772928566903,0.5479,0.02561487005874573,5,7645.753270956695,8047.104819334343,True,1.0524933952423277,7371.802957848053,8285.989719055287,True,1.124011285493461,6793.055553561707,8867.0877133335,True,1.3053165314810868
heteroscedastic,half_cauchy_1.0,quadratic_z,loro_anchor,E2__R03__day1_0@80,E2,E2__R03__day1_0,80.0,120.0,6977.0,8.658541191298076,5782.854064973148,-0.1918331126411612,0.9898,0.02561487005874573,5,5633.454585265638,5922.688209687735,False,1.0513421418499744,5436.401348476666,6106.213523401009,False,1.1232087426937365,4998.96064322544,6512.863640128369,False,1.3028435518800414
heteroscedastic,half_cauchy_1.0,quadratic_z,loro_anchor,E2__R03__day1_0@80,E2,E2__R03__day1_0,80.0,130.0,5128.0,8.39596326408083,4446.646448659227,-0.14650773451967503,0.98165,0.02561487005874573,5,4333.638770667502,4556.05556415977,False,1.0513233347914712,4182.251628835381,4695.907540966467,False,1.1228180314617089,3842.5539402295035,5015.232012467646,False,1.3051819416146186
heteroscedastic,half_cauchy_1.0,quadratic_z,loro_anchor,E2__R03__day1_0@90,E2,E2__R03__day1_0,90.0,80.0,27350.0,10.125971705859106,25033.6591436641,-0.09050010199102054,0.95535,0.02544095804068004,5,24483.34008998201,25640.286869255437,False,1.0472544503740655,23665.477991175765,26470.10314307432,False,1.1185112404213569,21729.778357028554,28187.481345320568,True,1.297182183922426
heteroscedastic,half_cauchy_1.0,quadratic_z,loro_anchor,E2__R03__day1_0@90,E2,E2__R03__day1_0,90.0,100.0,10360.0,9.235993878933577,10293.16900140439,-0.009713636879896015,0.5945,0.02544095804068004,5,10053.86328780485,10517.70104959238,True,1.0461352764116214,9716.372144321658,10836.410170548517,True,1.1152732737682778,9009.833277082367,11591.86589756187,True,1.2865794006474263
heteroscedastic,half_cauchy_1.0,quadratic_z,loro_anchor,E2__R03__day1_0@90,E2,E2__R03__day1_0,90.0,110.0,7895.0,8.879910771710087,7210.3406517271,-0.09407415497965665,0.95915,0.02544095804068004,5,7045.954779392539,7367.852519928658,False,1.045685467848528,6812.219849645074,7600.062832972358,False,1.1156514323841635,6276.943946118401,8112.543494284429,True,1.2924352302526365
heteroscedastic,half_cauchy_1.0,quadratic_z,loro_anchor,E2__R03__day1_0@90,E2,E2__R03__day1_0,90.0,120.0,6977.0,8.573494092798466,5303.6897868006,-0.2768802111407709,0.9953,0.02544095804068004,5,5181.822933855552,5429.446553695199,False,1.047786970531508,5015.8324411492185,5593.866381740323,False,1.1152418760740475,4600.0795875133645,5933.158054385231,False,1.289794652790449
heteroscedastic,half_cauchy_1.0,quadratic_z,loro_anchor,E2__R03__day1_0@90,E2,E2__R03__day1_0,90.0,130.0,5128.0,8.31075828934393,4078.6927215540927,-0.23171270925657517,0.99325,0.02544095804068004,5,3979.28162822369,4178.47683780042,False,1.0500580828870987,3848.070605492855,4313.333125277925,False,1.1209079997443239,3562.0764154110716,4566.443702697041,False,1.281961185038211
heteroscedastic,half_cauchy_1.0,quadratic_z,loro_anchor,E2__R03__day1_0@100,E2,E2__R03__day1_0,100.0,80.0,27350.0,10.132035082677906,25185.084536044047,-0.08443672517222112,0.948,0.02606021013665677,5,24571.114687655583,25846.613060129952,False,1.05191048060653,23761.428439864016,26670.129042701446,False,1.1224126996488801,22005.93951656264,28290.05581196659,True,1.2855645536367237
heteroscedastic,half_cauchy_1.0,quadratic_z,loro_anchor,E2__R03__day1_0@100,E2,E2__R03__day1_0,100.0,90.0,15560.0,9.654482845509099,15636.84539351427,0.0020240477767163867,0.4343,0.02606021013665677,5,15271.738793125247,15998.460244520917,True,1.0475860320321098,14766.851925279245,16519.92252631017,True,1.118716610006081,13626.65115529407,17477.635271854146,True,1.2826067881736252
heteroscedastic,half_cauchy_1.0,quadratic_z,loro_anchor,E2__R03__day1_0@100,E2,E2__R03__day1_0,100.0,110.0,7895.0,8.88571542416065,7252.650766130264,-0.08826950252909249,0.9553,0.02606021013665677,5,7083.850124394362,7415.28758479136,False,1.0467877573038482,6845.401059504615,7652.9523526480725,False,1.117969902146522,6343.223851210456,8116.783153334482,True,1.2795990404446447
heteroscedastic,half_cauchy_1.0,quadratic_z,loro_anchor,E2__R03__day1_0@100,E2,E2__R03__day1_0,100.0,120.0,6977.0,8.57949051886744,5334.820864662244,-0.27088378507179733,0.9954,0.02606021013665677,5,5213.290556325737,5463.461984993586,False,1.0479872406812802,5043.799888313201,5637.766013340043,False,1.1177616357070583,4682.224716371177,5999.122846366763,False,1.281254790140916
heteroscedastic,half_cauchy_1.0,quadratic_z,loro_anchor,E2__R03__day1_0@100,E2,E2__R03__day1_0,100.0,130.0,5128.0,8.317051974472715,4101.518338585536,-0.22541902412779002,0.9935,0.02606021013665677,5,4001.2111183447237,4210.093162625019,False,1.0522047045512333,3866.729930161439,4348.281692702411,False,1.124537211348729,3583.1664794968547,4608.41518849334,False,1.286129242072071
heteroscedastic,half_cauchy_1.0,quadratic_z,loro_anchor,E2__R03__day1_0@110,E2,E2__R03__day1_0,110.0,80.0,27350.0,10.214661950479856,27395.193421400145,-0.0018098573702705067,0.4829,0.02635088214392268,5,26711.108659104895,28124.93023442814,True,1.0529300971130346,25774.136112697088,29047.011213668284,True,1.1269829214318023,23782.534779458612,30858.34959767715,True,1.2975214746381887
heteroscedastic,half_cauchy_1.0,quadratic_z,loro_anchor,E2__R03__day1_0@110,E2,E2__R03__day1_0,110.0,90.0,15560.0,9.737356829237125,17008.43502934526,0.08489803150474273,0.0545,0.02635088214392268,5,16608.220340957778,17408.89740120652,False,1.0482096843497541,16033.87168911411,17960.49714224895,False,1.1201597150389375,14784.3380728086,19226.1870819254,True,1.3004428732109599
heteroscedastic,half_cauchy_1.0,quadratic_z,loro_anchor,E2__R03__day1_0@110,E2,E2__R03__day1_0,110.0,100.0,10360.0,9.324687373252022,11260.757829692033,0.07897985743854896,0.0638,0.02635088214392268,5,10996.651943378445,11516.925013906735,False,1.0473119521475414,10605.504509085677,11886.118932564892,False,1.1207499768051696,9707.818628598696,12648.438698985701,True,1.302912547389802
heteroscedastic,half_cauchy_1.0,quadratic_z,loro_anchor,E2__R03__day1_0@110,E2,E2__R03__day1_0,110.0,120.0,6977.0,8.662213207743882,5801.733049501638,-0.18816109619535482,0.9879,0.02635088214392268,5,5665.480380011441,5938.655881061847,False,1.0482175354475156,5476.089425173656,6128.075097141137,False,1.1190604501398924,5048.300217284409,6549.770072813598,False,1.2974208725520018
heteroscedastic,half_cauchy_1.0,quadratic_z,loro_anchor,E2__R03__day1_0@110,E2,E2__R03__day1_0,110.0,130.0,5128.0,8.399496533625696,4456.564999497246,-0.14297446497480948,0.98205,0.02635088214392268,5,4350.211454419948,4573.468154626366,False,1.0513208846387416,4202.4590981119745,4729.257300437642,False,1.1253547482621162,3855.9703883056504,5047.579609151513,False,1.3090296607203633
heteroscedastic,half_cauchy_1.0,quadratic_z,loro_anchor,E2__R03__day1_0@120,E2,E2__R03__day1_0,120.0,80.0,27350.0,10.39592916688484,32886.001184067405,0.17945735903471416,0.01955,0.02599243545135123,5,32086.202522975756,33731.61251635793,False,1.0512809202710713,30948.914145628973,34825.13729754449,False,1.1252458530104188,28260.246591081723,36979.02268125693,False,1.308517339439163
heteroscedastic,half_cauchy_1.0,quadratic_z,loro_anchor,E2__R03__day1_0@120,E2,E2__R03__day1_0,120.0,90.0,15560.0,9.918493276157854,20414.13439363303,0.2660344784254711,0.01185,0.02599243545135123,5,19923.085529970394,20888.287567533942,False,1.0484464133887088,19214.13144412528,21551.01390935964,False,1.1216231122405933,17529.454029488348,22958.398224275916,False,1.3097041234515865
heteroscedastic,half_cauchy_1.0,quadratic_z,loro_anchor,E2__R03__day1_0@120,E2,E2__R03__day1_0,120.0,100.0,10360.0,9.505785245117437,13514.74326213905,0.2600777293039638,0.01145,0.02599243545135123,5,13181.276289595357,13824.531638200504,False,1.0488006877689757,12711.553151309176,14253.66309001299,False,1.1213156189765048,11590.531494790901,15240.735109499858,False,1.3149297869859944
heteroscedastic,half_cauchy_1.0,quadratic_z,loro_anchor,E2__R03__day1_0@120,E2,E2__R03__day1_0,120.0,110.0,7895.0,9.149752503683303,9467.327815431863,0.17576757699355916,0.01935,0.02599243545135123,5,9235.480902147432,9672.972560391836,False,1.0473707501406535,8920.071274323745,9971.850962933664,False,1.117911578984514,8136.173048130913,10649.638904506046,False,1.308924827619361
heteroscedastic,half_cauchy_1.0,quadratic_z,loro_anchor,E2__R03__day1_0@120,E2,E2__R03__day1_0,120.0,130.0,5128.0,8.580904568528616,5353.897543084091,0.03843356992811131,0.14485,0.02599243545135123,5,5229.483648761778,5481.998180771751,False,1.0482867045716384,5051.179685990215,5659.979601796922,True,1.120526283690769,4618.982763883783,6021.138333207138,True,1.303563715432525
heteroscedastic,half_cauchy_1.0,quadratic_z,loro_anchor,E2__R03__day1_0@130,E2,E2__R03__day1_0,130.0,80.0,27350.0,10.350398192773099,31432.696899467326,0.13392638492297237,0.02775,0.025911975954434372,5,30654.319173138625,32227.863708869296,False,1.0513319029153163,29590.84341912195,33243.62824510522,False,1.1234430791392311,27130.649438741577,35415.850369221844,True,1.3053815924748675
heteroscedastic,half_cauchy_1.0,quadratic_z,loro_anchor,E2__R03__day1_0@130,E2,E2__R03__day1_0,130.0,90.0,15560.0,9.873176113907585,19523.832665446567,0.22071731617520207,0.01315,0.025911975954434372,5,19017.31289047226,19991.142368198412,False,1.0512075224998816,18369.89073130486,20621.43385331044,False,1.1225670394526972,16924.637199935965,21988.541465700284,False,1.2992031206307615
heteroscedastic,half_cauchy_1.0,quadratic_z,loro_anchor,E2__R03__day1_0@130,E2,E2__R03__day1_0,130.0,100.0,10360.0,9.460560122206317,12927.201710371954,0.21485260639284398,0.01345,0.025911975954434372,5,12582.117607370024,13228.560061840722,False,1.051377874110161,12139.789641057525,13647.801905347773,False,1.124220625635065,11231.015913579724,14537.444267685283,False,1.2944015376300613
heteroscedastic,half_cauchy_1.0,quadratic_z,loro_anchor,E2__R03__day1_0@130,E2,E2__R03__day1_0,130.0,110.0,7895.0,9.10451559404164,9055.428557638905,0.13053066735189667,0.02775,0.025911975954434372,5,8817.948118057042,9259.453780749034,False,1.0500689794021236,8501.901310781785,9544.53259585474,False,1.1226350726690666,7826.25807664442,10154.397311298062,True,1.297477953302027
heteroscedastic,half_cauchy_1.0,quadratic_z,loro_anchor,E2__R03__day1_0@130,E2,E2__R03__day1_0,130.0,120.0,6977.0,8.798120458365116,6666.978340155187,-0.05225384557412127,0.8794,0.025911975954434372,5,6501.223303336241,6809.731079227466,False,1.0474538039222414,6276.737472513669,7018.810291884932,True,1.1182258812991397,5793.56836068487,7490.874116207299,True,1.29296379189039
heteroscedastic,half_cauchy_1.0,quadratic_z,loro_anchor,E3__R03__day1_0@80,E3,E3__R03__day1_0,80.0,90.0,11550.0,9.346355719374136,11495.76325844085,-0.008084996575803416,0.54435,0.03776852647719818,5,11086.364376022382,11863.129212319567,True,1.070064884208314,10407.892771273262,12604.502898404127,True,1.2110523403155835,8708.845493061399,15071.74585401037,True,1.7306250140754575
heteroscedastic,half_cauchy_1.0,quadratic_z,loro_anchor,E3__R03__day1_0@80,E3,E3__R03__day1_0,80.0,100.0,7546.0,8.93449742623466,7622.053557434608,0.005724525710403938,0.42,0.03776852647719818,5,7337.232637041826,7883.061623258059,True,1.074391669614049,6886.085624921304,8372.540910969305,True,1.2158636077176268,5728.706012998549,9899.788961696217,True,1.7281021122803992
heteroscedastic,half_cauchy_1.0,quadratic_z,loro_anchor,E3__R03__day1_0@80,E3,E3__R03__day1_0,80.0,110.0,5376.0,8.581995426897803,5358.206552928633,-0.007704455305182378,0.5266,0.03776852647719818,5,5152.877128798724,5542.1280977212655,True,1.0755405105134512,4830.127167622775,5884.388418809493,True,1.2182678042627166,4020.2765960771826,6943.832554109365,True,1.7272026907016462
heteroscedastic,half_cauchy_1.0,quadratic_z,loro_anchor,E3__R03__day1_0@80,E3,E3__R03__day1_0,80.0,120.0,3839.0,8.281505111455289,3963.4133133795826,0.028537916454490997,0.2701,0.03776852647719818,5,3821.55910541875,4098.365015416178,True,1.0724327172134884,3580.092023703208,4351.355519641349,True,1.2154311930620025,2977.8377581533596,5126.46332822037,True,1.721538829368405
heteroscedastic,half_cauchy_1.0,quadratic_z,loro_anchor,E3__R03__day1_0@80,E3,E3__R03__day1_0,80.0,130.0,2959.0,8.026682996189837,3067.467896183453,0.03407634378962765,0.24225,0.03776852647719818,5,2964.2408062614572,3180.347633193179,False,1.0729046123632169,2781.613480635339,3383.030154045495,True,1.2162114461973303,2338.2789388874507,4007.886649396166,True,1.7140327369595656
heteroscedastic,half_cauchy_1.0,quadratic_z,loro_anchor,E3__R03__day1_0@90,E3,E3__R03__day1_0,90.0,80.0,18570.0,9.832179450235955,18649.141493541043,0.0028767958892039758,0.45825,0.0377441983252893,5,18048.391411350884,19335.686337348194,True,1.0713246347919798,16951.782855595142,20556.134315749157,True,1.2126237393941341,14166.927720524096,24289.626529727317,True,1.71453027846949
heteroscedastic,half_cauchy_1.0,quadratic_z,loro_anchor,E3__R03__day1_0@90,E3,E3__R03__day1_0,90.0,100.0,7546.0,8.939877751705755,7654.385308579076,0.011104851181498177,0.36745,0.0377441983252893,5,7403.160839957259,7903.976585672544,True,1.0676489078843487,6962.022321154262,8424.80139403578,True,1.2101083572278748,5865.056057957883,9957.549077838257,True,1.6977756017058965
heteroscedastic,half_cauchy_1.0,quadratic_z,loro_anchor,E3__R03__day1_0@90,E3,E3__R03__day1_0,90.0,110.0,5376.0,8.587406895430533,5378.030834597865,-0.002292986772452821,0.4957,0.0377441983252893,5,5200.157274595778,5559.345327546631,True,1.0690725364606928,4888.497201049359,5914.909166905765,True,1.209964724053862,4114.318101897236,6977.888945188774,True,1.6960013232742162
heteroscedastic,half_cauchy_1.0,quadratic_z,loro_anchor,E3__R03__day1_0@90,E3,E3__R03__day1_0,90.0,120.0,3839.0,8.287151859967228,3978.578677277761,0.034184664966430134,0.23575,0.0377441983252893,5,3850.551190902766,4119.40788426138,False,1.0698229110662933,3619.800030053051,4371.576551226701,True,1.2076845447074689,3014.307464510499,5162.272748058019,True,1.7125899759188412
heteroscedastic,half_cauchy_1.0,quadratic_z,loro_anchor,E3__R03__day1_0@90,E3,E3__R03__day1_0,90.0,130.0,2959.0,8.032739042143714,3084.0147034938695,0.04013238974350397,0.21995,0.0377441983252893,5,2979.7250048352926,3208.0114425850234,False,1.0766132570553602,2804.1839292826166,3414.737107910116,True,1.2177293622760668,2336.786659005519,4055.1876894843062,True,1.7353692404295469
heteroscedastic,half_cauchy_1.0,quadratic_z,loro_anchor,E3__R03__day1_0@100,E3,E3__R03__day1_0,100.0,80.0,18570.0,9.819967949488912,18404.469533560048,-0.009334704857838716,0.56735,0.03815150051941148,5,17774.977367362688,19136.466736300084,True,1.0765958426162208,16777.794159568282,20232.630782392862,True,1.2059172135482603,14416.060140128704,23349.141722171324,True,1.6196617865914968
heteroscedastic,half_cauchy_1.0,quadratic_z,loro_anchor,E3__R03__day1_0@100,E3,E3__R03__day1_0,100.0,90.0,11550.0,9.339275686956837,11392.208955652637,-0.01516502899310268,0.63255,0.03815150051941148,5,11029.621057898843,11786.836962906147,True,1.0686529393015751,10412.882718986853,12487.480899396993,True,1.199233798785356,8738.003407522947,14572.954402165957,True,1.6677670770441029
heteroscedastic,half_cauchy_1.0,quadratic_z,loro_anchor,E3__R03__day1_0@100,E3,E3__R03__day1_0,100.0,110.0,5376.0,8.574560897619696,5299.188943059319,-0.015138984583289883,0.6375,0.03815150051941148,5,5132.093631297119,5480.503367381351,True,1.0678884215906583,4831.606441939906,5809.8807749241605,True,1.2024739276139125,4088.287928933966,6702.7504527927,True,1.6395005854053102
heteroscedastic,half_cauchy_1.0,quadratic_z,loro_anchor,E3__R03__day1_0@100,E3,E3__R03__day1_0,100.0,120.0,3839.0,8.274515126243273,3925.444467304067,0.021547931242475116,0.3038,0.03815150051941148,5,3799.7635751349744,4071.590203699863,True,1.0715377741772352,3584.443560578059,4321.611740095907,True,1.2056576333423885,3036.6759606941746,5041.372683219616,True,1.6601615544344
heteroscedastic,half_cauchy_1.0,quadratic_z,loro_anchor,E3__R03__day1_0@100,E3,E3__R03__day1_0,100.0,130.0,2959.0,8.020471718126139,3040.3961381724057,0.02786506572592895,0.29565,0.03815150051941148,5,2935.7271928721634,3169.3797396469427,True,1.0795893253780797,2772.908456388378,3368.3473221681948,True,1.2147344115915593,2358.6800231196285,3884.2551607401765,True,1.6467919016852475
heteroscedastic,half_cauchy_1.0,quadratic_z,loro_anchor,E3__R03__day1_0@110,E3,E3__R03__day1_0,110.0,80.0,18570.0,9.831692531852832,18624.5700243336,0.002389877506081106,0.4759,0.03841931247681825,5,18003.695023714074,19365.35163054731,True,1.0756320635869299,16945.633580068392,20607.311134476888,True,1.216083838772213,14079.975111115702,24698.634749425542,True,1.7541675006177204
heteroscedastic,half_cauchy_1.0,quadratic_z,loro_anchor,E3__R03__day1_0@110,E3,E3__R03__day1_0,110.0,90.0,11550.0,9.351947329770946,11539.43940139905,-0.0024933861789939726,0.50965,0.03841931247681825,5,11171.367390461304,11934.803920765038,True,1.0683386825999113,10509.570867369715,12694.393724698484,True,1.207888874331895,8793.554643875186,15014.468303050431,True,1.7074401548761835
heteroscedastic,half_cauchy_1.0,quadratic_z,loro_anchor,E3__R03__day1_0@110,E3,E3__R03__day1_0,110.0,100.0,7546.0,8.940076250676688,7646.148906987813,0.011303350152431335,0.3697,0.03841931247681825,5,7395.553875182422,7900.3175629778325,True,1.0682523170427123,6952.492936386673,8413.651697433012,True,1.2101632859487272,5816.36702207814,9923.156140522136,True,1.7060746171717125
heteroscedastic,half_cauchy_1.0,quadratic_z,loro_anchor,E3__R03__day1_0@110,E3,E3__R03__day1_0,110.0,120.0,3839.0,8.287025454699245,3976.165342434875,0.03405825969844756,0.23315,0.03841931247681825,5,3852.938189648612,4114.376534699214,False,1.0678542795607227,3617.8041075540195,4375.757391913395,True,1.2095064469568044,3005.785055520132,5212.837730429374,True,1.734268297347471
heteroscedastic,half_cauchy_1.0,quadratic_z,loro_anchor,E3__R03__day1_0@110,E3,E3__R03__day1_0,110.0,130.0,2959.0,8.032160963311474,3078.636336093636,0.0395543109112646,0.2255,0.03841931247681825,5,2975.225478380379,3208.150511636296,False,1.0782881952808208,2794.816552531344,3420.62729708906,True,1.2239183620087342,2333.3594833653665,4082.990900320161,True,1.7498336323348382
heteroscedastic,half_cauchy_1.0,quadratic_z,loro_anchor,E3__R03__day1_0@120,E3,E3__R03__day1_0,120.0,80.0,18570.0,9.7944871750622,17972.072119661163,-0.03481547928455164,0.73075,0.038929903455385245,5,17341.618357361458,18649.426148585848,True,1.0754144027549328,16234.725783926133,19826.39496308383,True,1.2212337446878085,13336.054284766407,23714.14271082502,True,1.77819782406805
heteroscedastic,half_cauchy_1.0,quadratic_z,loro_anchor,E3__R03__day1_0@120,E3,E3__R03__day1_0,120.0,90.0,11550.0,9.314646994449637,11142.657240043676,-0.03979372150030258,0.76225,0.038929903455385245,5,10743.015281679696,11519.557113789002,False,1.0722834150141778,10055.79951040258,12261.30058639494,True,1.2193262777077847,8246.530992730319,14558.607130359116,True,1.7654219869170649
heteroscedastic,half_cauchy_1.0,quadratic_z,loro_anchor,E3__R03__day1_0@120,E3,E3__R03__day1_0,120.0,100.0,7546.0,8.902737356575376,7383.426234522418,-0.026035543948880857,0.68835,0.038929903455385245,5,7114.99768672998,7632.254082876408,True,1.0726994468474882,6655.130817533173,8103.4447063977905,True,1.2176236543764074,5508.405812673812,9677.129387991641,True,1.756793111670599
heteroscedastic,half_cauchy_1.0,quadratic_z,loro_anchor,E3__R03__day1_0@120,E3,E3__R03__day1_0,120.0,110.0,5376.0,8.550220533329167,5188.816234912889,-0.039479348873818765,0.7673,0.038929903455385245,5,5003.778490784192,5354.737635991094,False,1.0701388252604083,4678.8281752682715,5709.973002887485,True,1.2203852736182366,3863.710273862941,6793.269659205995,True,1.7582243951263141
heteroscedastic,half_cauchy_1.0,quadratic_z,loro_anchor,E3__R03__day1_0@120,E3,E3__R03__day1_0,120.0,130.0,2959.0,7.994967573463962,2970.601532044398,0.002360921063751853,0.46425,0.038929903455385245,5,2872.149538181127,3080.2190824751287,True,1.0724438409379506,2692.982813667821,3282.4852004827953,True,1.2189031373772774,2198.1175575384955,3950.326730205171,True,1.7971407928831802
heteroscedastic,half_cauchy_1.0,quadratic_z,loro_anchor,E3__R03__day1_0@130,E3,E3__R03__day1_0,130.0,80.0,18570.0,9.78939938229301,17904.39255382243,-0.039903272053742,0.7604,0.03830871789877824,5,17265.92950730141,18523.426809093744,False,1.0728311384139826,16255.098303686376,19679.215898730035,True,1.21064883958697,13852.421361690738,23263.831222897545,True,1.6794053989170676
heteroscedastic,half_cauchy_1.0,quadratic_z,loro_anchor,E3__R03__day1_0@130,E3,E3__R03__day1_0,130.0,90.0,11550.0,9.309227551677182,11085.07343967657,-0.04521316427275757,0.78125,0.03830871789877824,5,10638.460772685194,11468.463522322023,False,1.0780190637886173,10005.193898933963,12187.973198614074,True,1.2181646174706002,8487.458230611153,14344.902243472408,True,1.6901293477634562
heteroscedastic,half_cauchy_1.0,quadratic_z,loro_anchor,E3__R03__day1_0@130,E3,E3__R03__day1_0,130.0,100.0,7546.0,8.897170087616239,7344.230015930136,-0.0316028129080177,0.7125,0.03830871789877824,5,7046.061739345759,7597.547493068552,True,1.0782686519255507,6624.433248746112,8064.336513473584,True,1.217362483801919,5605.255276616332,9391.736372068639,True,1.6755233987733835
heteroscedastic,half_cauchy_1.0,quadratic_z,loro_anchor,E3__R03__day1_0@130,E3,E3__R03__day1_0,130.0,110.0,5376.0,8.544662206942373,5159.986700048763,-0.04503767526061253,0.78195,0.03830871789877824,5,4954.365178490638,5336.6510723047495,False,1.077161428364991,4666.702616271997,5665.230447420759,True,1.2139686012275706,3958.629272687468,6657.465758325965,True,1.681760351811446
heteroscedastic,half_cauchy_1.0,quadratic_z,loro_anchor,E3__R03__day1_0@130,E3,E3__R03__day1_0,130.0,120.0,3839.0,8.244330949447589,3820.981393122621,-0.008636245553208965,0.54355,0.03830871789877824,5,3683.793503170273,3947.972370211018,True,1.0717138099118186,3468.751910285908,4197.716683470967,True,1.2101518909505913,2960.104747537139,4986.604064823913,True,1.684603921186525
