basis,task,fold,held_formulation,held_realization,anchor_temperature_c,target_temperature_c,observed_viscosity,posterior_mean_ln,predicted_viscosity_median,log_error_postmean_minus_obs,pit,fold_sigma_posterior_median,n_train_realizations,lo50,hi50,covered50,width_ratio50,lo80,hi80,covered80,width_ratio80,lo95,hi95,covered95,width_ratio95
arrhenius_linear,lofo_anchor,E1@80,E1,E1__R01__day1_1,80.0,90.0,2288.0,7.806459387160855,2459.138159478965,0.07102603466116619,0.2774,0.08655747009634604,5,2264.864638783373,2674.642386711982,True,1.1809281406542385,2100.012026584262,2887.785190105397,True,1.3751279295302292,1913.0733276806643,3165.625395105121,True,1.654732910286822
arrhenius_linear,lofo_anchor,E1@80,E1,E1__R01__day1_1,80.0,100.0,1512.0,7.434433050058607,1694.681735941346,0.11324449331912945,0.18515,0.08655747009634604,5,1555.6942310025088,1842.446152856894,False,1.1843240889757616,1440.6967406394074,1990.8034327318096,True,1.381833786788644,1316.8860751860705,2181.1468627391587,True,1.6562912341760254
arrhenius_linear,lofo_anchor,E1@80,E1,E1__R01__day1_1,80.0,110.0,1073.0,7.081826070236915,1190.5374487012436,0.10361232760621686,0.20535,0.08655747009634604,5,1092.3892204823367,1295.8886082412257,False,1.1862883521214491,1009.9191635850666,1401.6130361732387,True,1.3878467571579844,917.3123077730716,1542.4148422253243,True,1.6814500679379232
arrhenius_linear,lofo_anchor,E1@80,E1,E1__R01__day1_1,80.0,120.0,780.0,6.747156619593484,851.3562661565776,0.08786269990984596,0.2477,0.08655747009634604,5,780.5873430515761,929.0608416571109,False,1.19020741231225,721.4942448681553,1007.055217243369,True,1.3957910605751218,659.4108857492621,1108.1587859881636,True,1.6805284989024822
arrhenius_linear,lofo_anchor,E1@80,E1,E1__R01__day1_1,80.0,130.0,599.0,6.429089895014468,620.2838448939343,0.033828296899018895,0.39545,0.08655747009634604,5,567.1304020684697,677.5159318750565,True,1.1946387099051337,521.690576655805,735.0407686806614,True,1.4089592597061957,474.6801361613829,807.8939587639093,True,1.7019754930070203
arrhenius_linear,lofo_anchor,E1@90,E1,E1__R01__day1_1,90.0,80.0,3636.0,8.130544325585648,3395.252921330848,-0.06809512971172182,0.71125,0.086654522547325,5,3125.088084819021,3690.3266732112024,True,1.1808712500418739,2898.587821944247,3986.007144892715,True,1.375154864971134,2649.735489836474,4374.397075045424,True,1.6508806602863542
arrhenius_linear,lofo_anchor,E1@90,E1,E1__R01__day1_1,90.0,100.0,1512.0,7.365352682055332,1578.4220969579967,0.04416412531585401,0.3623,0.086654522547325,5,1450.2135854951273,1715.9447650374311,True,1.1832358917335468,1342.6450589141705,1852.9207361947256,True,1.380052549177239,1220.9479312802723,2030.8667078321894,True,1.6633524295361597
arrhenius_linear,lofo_anchor,E1@90,E1,E1__R01__day1_1,90.0,110.0,1073.0,7.0127134690673,1110.2612323080614,0.03449972643660182,0.38835,0.086654522547325,5,1021.8170930745082,1208.6795620919584,True,1.182872717910019,945.376293074082,1304.6394938253436,True,1.3800213770783745,862.6180450276601,1429.1597654708064,True,1.6567700776825043
arrhenius_linear,lofo_anchor,E1@90,E1,E1__R01__day1_1,90.0,120.0,780.0,6.678013424996372,796.2533465756997,0.018719505312734697,0.4343,0.086654522547325,5,730.2304192497874,865.9895315167905,True,1.1859127046589995,673.5055905158615,937.6829466366614,True,1.3922422617434507,617.1899424860792,1028.0026259467675,True,1.665617916270491
arrhenius_linear,lofo_anchor,E1@90,E1,E1__R01__day1_1,90.0,130.0,599.0,6.359917624709197,578.5937235028825,-0.035343973406252616,0.6089,0.086654522547325,5,530.455845198208,630.3506809756493,True,1.1883188519491479,489.23254342456454,684.6637619418105,True,1.3994648784998087,446.0240739329575,751.4102758937535,True,1.6846854683603893
arrhenius_linear,lofo_anchor,E1@100,E1,E1__R01__day1_1,100.0,80.0,3636.0,8.08678113476392,3249.996408751834,-0.11185832053345024,0.8132,0.08648810702768009,5,2990.6650677733164,3536.9954255417015,False,1.1826785498836057,2766.2270612958832,3820.8804501805785,True,1.3812605999128018,2525.667029416438,4187.864904744707,True,1.6581223320289866
arrhenius_linear,lofo_anchor,E1@100,E1,E1__R01__day1_1,100.0,90.0,2288.0,7.6937596904164485,2192.5748175874983,-0.04167366208324008,0.63655,0.08648810702768009,5,2022.8519084617212,2383.387741245329,True,1.178231451978992,1874.2002659989248,2572.347284794439,True,1.37250395886771,1711.4788847165798,2824.7712516929387,True,1.650485598693623
arrhenius_linear,lofo_anchor,E1@100,E1,E1__R01__day1_1,100.0,110.0,1073.0,6.969262636670875,1064.8218640079137,-0.008951105959823735,0.5253,0.08648810702768009,5,979.744486003477,1156.499799762007,True,1.1804096029971456,906.545517447096,1246.9933739176552,True,1.3755441397242658,829.0109431415456,1369.9089650642288,True,1.6524618600002368
arrhenius_linear,lofo_anchor,E1@100,E1,E1__R01__day1_1,100.0,120.0,780.0,6.63465611871627,760.77823008343,-0.02463780096736734,0.5807,0.08648810702768009,5,700.0527673422281,826.7535117641094,True,1.180987420281052,648.3275421606143,892.8074401170077,True,1.3770931852465198,594.6287700951299,974.1357591519933,True,1.638225071074427
arrhenius_linear,lofo_anchor,E1@100,E1,E1__R01__day1_1,100.0,130.0,599.0,6.31664920477777,553.7783884429313,-0.07861239333767944,0.7336,0.08648810702768009,5,508.81196329363814,603.0477082042904,True,1.185207408058266,469.4921421503903,653.0084382995491,True,1.390882572195157,428.5696610297066,714.1675654053498,True,1.666397858610544
arrhenius_linear,lofo_anchor,E1@110,E1,E1__R01__day1_1,110.0,80.0,3636.0,8.096734535761488,3280.787631807236,-0.10190491953588143,0.7894,0.08656772747498488,5,3016.2390159462375,3574.0606169338193,False,1.1849394554073778,2791.642161417657,3861.7981683225466,True,1.3833428301431876,2540.5388604419763,4243.280267577441,True,1.670228443913367
arrhenius_linear,lofo_anchor,E1@110,E1,E1__R01__day1_1,110.0,90.0,2288.0,7.703594817301692,2218.0343358592395,-0.03183853519799662,0.60025,0.08656772747498488,5,2039.9197912210784,2413.36373808323,True,1.1830679561369477,1886.3316863503674,2609.5685057973687,True,1.3834091452104609,1723.9323723801406,2853.8409386265657,True,1.6554251108391342
arrhenius_linear,lofo_anchor,E1@110,E1,E1__R01__day1_1,110.0,100.0,1512.0,7.331526502752379,1525.846608451742,0.010337946012900723,0.46755,0.08656772747498488,5,1405.008202718447,1657.6020353563104,True,1.1797810376830102,1301.3514478743637,1789.2188510992887,True,1.3748928884828238,1189.2343379089166,1963.3559436552018,True,1.650941182128543
arrhenius_linear,lofo_anchor,E1@110,E1,E1__R01__day1_1,110.0,120.0,780.0,6.644172523718505,768.836073970324,-0.0151213959651324,0.5474,0.08656772747498488,5,708.1740314062097,833.7668724738738,True,1.177347425206028,656.6817086641774,901.1650127999142,True,1.3723010720567579,598.3497799343633,984.5202516023776,True,1.6453925189215843
arrhenius_linear,lofo_anchor,E1@110,E1,E1__R01__day1_1,110.0,130.0,599.0,6.326069910204318,559.6158717239848,-0.06919168791113162,0.7119,0.08656772747498488,5,514.4899653801318,607.6977348529988,True,1.1811653788116163,475.20538314584377,654.9090420809532,True,1.378159981575708,434.1491829415544,721.294684246562,True,1.6613982303489985
arrhenius_linear,lofo_anchor,E1@120,E1,E1__R01__day1_1,120.0,80.0,3636.0,8.11194788724368,3332.4467288414658,-0.0866915680536895,0.75175,0.08665878300651068,5,3055.838149539635,3634.0925599271914,False,1.1892293970067331,2820.1524394745393,3928.3626511741245,True,1.392961102452345,2565.789225365793,4308.823574486838,True,1.6793365300193548
arrhenius_linear,lofo_anchor,E1@120,E1,E1__R01__day1_1,120.0,90.0,2288.0,7.7188086683346,2251.3786933456563,-0.016624684165088333,0.5505,0.08665878300651068,5,2069.2391182041097,2452.6552223841427,True,1.185293280417393,1906.2636912857456,2657.9013141961577,True,1.3942988718436138,1740.751415109713,2912.0275575191245,True,1.6728566366471058
arrhenius_linear,lofo_anchor,E1@120,E1,E1__R01__day1_1,120.0,100.0,1512.0,7.34674082656121,1551.9599473627495,0.02555226982173231,0.4189,0.08665878300651068,5,1424.5448545120864,1686.5598916185784,True,1.1839289484473505,1320.184496177788,1824.9298264727927,True,1.3823293878668843,1203.1167289601215,1999.1739598495742,True,1.661662506827165
arrhenius_linear,lofo_anchor,E1@120,E1,E1__R01__day1_1,120.0,110.0,1073.0,6.994094508565634,1089.904748557033,0.015880765934935148,0.44845,0.08665878300651068,5,1004.2453730947715,1185.7048502845594,True,1.1806923706609533,927.5433786336724,1278.9405169120741,True,1.3788471206554576,842.3375665122763,1397.907489052756,True,1.6595573373758379
arrhenius_linear,lofo_anchor,E1@120,E1,E1__R01__day1_1,120.0,130.0,599.0,6.341285511616353,567.4965633089972,-0.053976086499096354,0.66975,0.08665878300651068,5,522.0282280234952,617.1822678131011,True,1.1822775755822217,483.4625571729563,665.8178597787892,True,1.3771859886568136,441.79210646554924,729.4178246896502,True,1.6510431354810318
arrhenius_linear,lofo_anchor,E1@130,E1,E1__R01__day1_1,130.0,80.0,3636.0,8.165953278563228,3519.1185459701464,-0.03268617673414198,0.59865,0.08634928528596514,5,3215.02331696443,3847.097390172472,True,1.1966001521273057,2966.9315214847784,4168.5756966039025,True,1.4050124400976298,2692.421461697043,4602.8998044363525,True,1.709576256881836
arrhenius_linear,lofo_anchor,E1@130,E1,E1__R01__day1_1,130.0,90.0,2288.0,7.772674414930961,2376.395629181945,0.037241062431272454,0.38365,0.08634928528596514,5,2179.055447106205,2590.398070091257,True,1.1887710675427359,2011.4268479787197,2801.5761205391764,True,1.3928302306168763,1829.213210132277,3070.3957241182984,True,1.6785335395080965
arrhenius_linear,lofo_anchor,E1@130,E1,E1__R01__day1_1,130.0,100.0,1512.0,7.400474413077193,1635.5290174230415,0.07928585633771501,0.271,0.08634928528596514,5,1498.9012983874973,1782.174040043556,True,1.1889869212607933,1390.0008957496293,1922.5163440397923,True,1.383104392175932,1266.0339246845936,2110.732410092785,True,1.6672005140925674
arrhenius_linear,lofo_anchor,E1@130,E1,E1__R01__day1_1,130.0,110.0,1073.0,7.04770283360911,1149.6408023898096,0.06948909097841138,0.2844,0.08634928528596514,5,1059.397080885213,1249.6314355831255,True,1.179568509419486,980.9130839501515,1353.2041300936064,True,1.3795352026952616,897.1507618769153,1475.6689958123309,True,1.6448394835279485
arrhenius_linear,lofo_anchor,E1@130,E1,E1__R01__day1_1,130.0,120.0,780.0,6.71287715669568,821.4383226074885,0.053583237012042595,0.3354,0.08634928528596514,5,756.1891005774752,891.9891687382116,True,1.1795847996976292,699.9870573147555,963.7689285710215,True,1.376838212220907,640.225623449133,1056.8157028348417,True,1.650692606055633
arrhenius_linear,lofo_anchor,E2@80,E2,E2__R01__day1_0,80.0,90.0,5527.0,8.75937967417863,6358.9947144635835,0.14197922234536797,0.0351,0.050570373530799365,2,6058.344820259701,6686.043044878891,False,1.103608864011851,5781.362833476056,7020.91058359135,False,1.2144040749246685,5451.186057113022,7484.56912465328,True,1.3730166327540743
arrhenius_linear,lofo_anchor,E2@80,E2,E2__R01__day1_0,80.0,100.0,3705.0,8.376743000928938,4338.311284731519,0.15930446319875102,0.0233,0.050570373530799365,2,4129.920859805489,4563.626359445028,False,1.1050154505042902,3936.774653464381,4806.875132544716,False,1.221018614391515,3713.9863376059593,5125.808027096156,False,1.380136479015768
arrhenius_linear,lofo_anchor,E2@80,E2,E2__R01__day1_0,80.0,110.0,2622.0,8.014079532598977,3016.8212367614747,0.14238686827533176,0.04,0.050570373530799365,2,2866.781014198483,3182.003658140321,False,1.1099570013826014,2732.641694401302,3353.017602630766,False,1.22702424159761,2563.3210113807086,3594.779838808506,True,1.40239159389257
arrhenius_linear,lofo_anchor,E2@80,E2,E2__R01__day1_0,80.0,120.0,1955.0,7.669865178771362,2139.7635228555023,0.09171970635189552,0.1338,0.050570373530799365,2,2026.5999286089134,2260.4719479155724,False,1.115401178103856,1926.6404537768612,2384.7353551948668,True,1.2377687546838259,1806.5772323969206,2564.677365100995,True,1.419633392422557
arrhenius_linear,lofo_anchor,E2@80,E2,E2__R01__day1_0,80.0,130.0,1536.0,7.342727067227149,1542.931674230432,0.0057901535195314935,0.47885,0.050570373530799365,2,1458.4833113483967,1633.540975663404,True,1.1200271973994431,1382.463483504521,1728.8146861639216,True,1.250531899606785,1290.6890559085823,1868.8076088456473,True,1.4479146625521648
arrhenius_linear,lofo_anchor,E2@80,E2,E2__R02__day1_0,80.0,90.0,11540.0,9.436027085236532,12523.489948499224,0.08245254517444067,0.12985,0.050570373530799365,2,11936.631443815357,13140.0093007618,False,1.1008138571263286,11398.018644874131,13793.910917802421,True,1.2102025226994835,10737.991057292485,14661.933117002018,True,1.3654260875030872
arrhenius_linear,lofo_anchor,E2@80,E2,E2__R02__day1_0,80.0,100.0,7544.0,9.053390411986841,8539.901880677047,0.12488258767354843,0.05615,0.050570373530799365,2,8127.462555582289,8979.13941775671,False,1.104790007502336,7744.81364784475,9412.154925318617,False,1.215284880087187,7287.423333406766,10033.9261428485,True,1.3768825665515145
arrhenius_linear,lofo_anchor,E2@80,E2,E2__R02__day1_0,80.0,110.0,5710.0,8.690726943656879,5949.221124530291,0.04075264100682219,0.2963,0.050570373530799365,2,5649.09733021138,6258.943072394388,True,1.1079545468125593,5368.932697755778,6585.354619282899,True,1.2265668038706443,5030.878713276953,7026.243393599079,True,1.3966234914501467
arrhenius_linear,lofo_anchor,E2@80,E2,E2__R02__day1_0,80.0,120.0,4017.0,8.346512589829262,4213.201152716664,0.04822195546997854,0.2753,0.050570373530799365,2,3992.126625045281,4445.569741323137,True,1.113584352117767,3793.9903236684845,4688.78076679517,True,1.2358441553065151,3545.9178283829206,5013.897828961102,True,1.4139915451023408
arrhenius_linear,lofo_anchor,E2@80,E2,E2__R02__day1_0,80.0,130.0,3302.0,8.01937447828505,3037.7084388158437,-0.0829091461950231,0.83745,0.050570373530799365,2,2873.0413583076493,3213.1219671372173,False,1.1183695486478797,2719.940445818835,3396.143129649934,True,1.2486093711612605,2533.645816837505,3651.7987691775666,True,1.4413217289130567
arrhenius_linear,lofo_anchor,E2@80,E2,E2__R02__day1_1,80.0,90.0,15300.0,9.698192572952573,16293.03318507346,0.062584465572046,0.1922,0.050570373530799365,2,15530.283220871434,17115.01485568408,False,1.1020413866427687,14812.311352781746,17959.678199749582,True,1.2124831683595931,13909.737428301303,19053.34814040681,True,1.369784889083536
arrhenius_linear,lofo_anchor,E2@80,E2,E2__R02__day1_1,80.0,100.0,10330.0,9.315555899702883,11111.419731158267,0.07274833758919819,0.16705,0.050570373530799365,2,10570.71112041081,11672.124358032219,False,1.1041948100818602,10058.446529450277,12255.6651846089,True,1.2184451295461334,9408.250857950425,12993.14635646181,True,1.3810374056386874
arrhenius_linear,lofo_anchor,E2@80,E2,E2__R02__day1_1,80.0,110.0,6671.0,8.95289243137292,7731.749286408544,0.14736737866340377,0.03665,0.050570373530799365,2,7342.325100555009,8141.499336173552,False,1.1088448447424555,6982.629448110512,8564.070682736125,False,1.2264821936174126,6557.53197349197,9155.109631025107,True,1.3961212340303533
arrhenius_linear,lofo_anchor,E2@80,E2,E2__R02__day1_1,80.0,120.0,4863.0,8.608678077545303,5484.197430407833,0.1192672671415167,0.08155,0.050570373530799365,2,5192.8225620256435,5781.2213233677085,False,1.1133100070942032,4921.7705231698765,6092.689021368095,False,1.2379059512600126,4589.409327877501,6515.780783868117,True,1.4197427856977665
arrhenius_linear,lofo_anchor,E2@80,E2,E2__R02__day1_1,80.0,130.0,3845.0,8.281539966001091,3948.793413031613,0.027011084061346224,0.3704,0.050570373530799365,2,3733.4129418466055,4178.709617699895,True,1.119273351967607,3529.70927178452,4411.815598611069,True,1.24990906018177,3290.648698300523,4748.849085856746,True,1.4431346282297832
arrhenius_linear,lofo_anchor,E2@80,E2,E2__R03__day1_0,80.0,90.0,15560.0,9.807434492366598,18176.80087626306,0.15497569463421534,0.0274,0.050570373530799365,2,17318.766481017352,19077.72250026329,False,1.1015635854420627,16510.112427944667,19993.90090415789,False,1.2110093732806226,15488.423759176338,21289.703311749734,True,1.3745558387848438
arrhenius_linear,lofo_anchor,E2@80,E2,E2__R03__day1_0,80.0,100.0,10360.0,9.42479781911691,12404.901526987665,0.17909030330343612,0.018,0.050570373530799365,2,11794.304791171293,13032.618117235437,False,1.104992481370423,11221.86269453396,13673.765643705698,False,1.2184934013108208,10523.172567325128,14547.465718906098,False,1.3824220429565663
arrhenius_linear,lofo_anchor,E2@80,E2,E2__R03__day1_0,80.0,110.0,7895.0,9.062134350786947,8629.832461172404,0.08814942409720317,0.1288,0.050570373530799365,2,8201.336141308204,9076.83357479244,False,1.1067505853192092,7795.356564299807,9543.696086315516,True,1.2242796089690797,7266.990643686469,10182.992743693954,True,1.4012668025850419
arrhenius_linear,lofo_anchor,E2@80,E2,E2__R03__day1_0,80.0,120.0,6977.0,8.717919996959331,6114.641701344909,-0.13245430697990557,0.9403,0.050570373530799365,2,5800.23768968804,6448.491875726953,False,1.1117633829371187,5506.614352646692,6796.813194570333,False,1.234299836396482,5113.843992293757,7256.462534070061,True,1.4189839473016965
arrhenius_linear,lofo_anchor,E2@80,E2,E2__R03__day1_0,80.0,130.0,5128.0,8.390781885415118,4403.903570761886,-0.15168911318538747,0.9549,0.050570373530799365,2,4164.3662521721835,4661.792089726764,False,1.11944814827349,3944.2978460830113,4924.874800577151,False,1.2486062140230936,3678.0734158194514,5279.295439328503,True,1.4353425944740992
arrhenius_linear,lofo_anchor,E2@90,E2,E2__R01__day1_0,90.0,80.0,9462.0,9.031047977597158,8353.324219163002,-0.1239910785939351,0.9425,0.05052731474036021,2,7954.146096482887,8766.150523066428,False,1.102085681697824,7601.464579267397,9216.984819925212,False,1.2125274970120972,7163.455082232145,9835.190775232775,True,1.3729674664433176
arrhenius_linear,lofo_anchor,E2@90,E2,E2__R01__day1_0,90.0,100.0,3705.0,8.244076363584975,3800.678350795177,0.026637825854788133,0.35955,0.05052731474036021,2,3622.6517924750146,3992.863536672197,True,1.1021935768064122,3460.682096871016,4199.132845271974,True,1.213383005930718,3257.109464631034,4483.671187834892,True,1.3765798283794568
arrhenius_linear,lofo_anchor,E2@90,E2,E2__R01__day1_0,90.0,110.0,2622.0,7.881399832868022,2643.0368495594466,0.009707168544376366,0.4564,0.05052731474036021,2,2516.722054772533,2782.6921882955,True,1.1056811708780476,2401.497419852643,2923.370248565237,True,1.2173114259454907,2250.440287647307,3130.723508775881,True,1.3911604435631815
arrhenius_linear,lofo_anchor,E2@90,E2,E2__R01__day1_0,90.0,120.0,1955.0,7.53717308115231,1875.2322173586206,-0.04097239126715646,0.70905,0.05052731474036021,2,1782.5805104833485,1973.4855789817839,True,1.1070947805026048,1695.1188097654638,2078.784470553759,True,1.2263355574712662,1594.4211714677722,2234.8603924754702,True,1.4016750608110218
arrhenius_linear,lofo_anchor,E2@90,E2,E2__R01__day1_0,90.0,130.0,1536.0,7.210023186770879,1352.2498161690628,-0.1269137269367384,0.93145,0.05052731474036021,2,1282.512156405347,1427.475216186228,False,1.1130305541798424,1218.3596462388064,1506.1073906174379,False,1.2361763583248482,1140.8812311567178,1616.3793705874193,True,1.4167814549360258
arrhenius_linear,lofo_anchor,E2@90,E2,E2__R02__day1_0,90.0,80.0,18780.0,9.758353730821815,17305.512545488036,-0.08219402194043823,0.86475,0.05052731474036021,2,16495.942640304136,18168.36457227847,False,1.101383835312821,15727.064804144535,19057.39299377167,True,1.211757771148085,14815.507121213752,20330.993945981576,True,1.3722779638687097
arrhenius_linear,lofo_anchor,E2@90,E2,E2__R02__day1_0,90.0,100.0,7544.0,8.97138211680963,7872.861478416342,0.042874292496337674,0.27535,0.05052731474036021,2,7500.711154262888,8260.140867465825,True,1.101247694729763,7149.792058818405,8659.56223629979,True,1.2111628093602058,6714.604009285544,9231.60240362659,True,1.3748543310760126
arrhenius_linear,lofo_anchor,E2@90,E2,E2__R02__day1_0,90.0,110.0,5710.0,8.608705586092677,5478.6068137344755,-0.04126871655737929,0.71215,0.05052731474036021,2,5215.991107282317,5761.039143414744,True,1.1044955838539403,4971.7603062693515,6039.283155981867,True,1.2147172799876087,4673.72378247521,6438.088559893685,True,1.377507285311599
arrhenius_linear,lofo_anchor,E2@90,E2,E2__R02__day1_0,90.0,120.0,4017.0,8.264478834376964,3882.979062025763,-0.03381179998231865,0.6736,0.05052731474036021,2,3691.151119298052,4084.9940349201033,True,1.106699211951243,3513.450334462246,4294.240296703071,True,1.2222288314658445,3279.675444009948,4581.225799079983,True,1.396853401286157
arrhenius_linear,lofo_anchor,E2@90,E2,E2__R02__day1_0,90.0,130.0,3302.0,7.937328939995534,2799.0580443578533,-0.1649546844845391,0.9696,0.05052731474036021,2,2654.6494088210775,2950.4297841663356,False,1.1114197507069732,2521.2132626030075,3110.6759599854227,False,1.2338012044145084,2361.6778928638164,3331.466638641864,True,1.4106354845038003
arrhenius_linear,lofo_anchor,E2@90,E2,E2__R02__day1_1,90.0,80.0,24470.0,10.03611045994605,22837.70738620271,-0.0690926964906673,0.82975,0.05052731474036021,2,21785.07278791733,23988.410487817433,False,1.1011397905965292,20715.991168883545,25123.179436874707,True,1.2127432972944583,19398.82648273736,26651.244682041048,True,1.3738586045788632
arrhenius_linear,lofo_anchor,E2@90,E2,E2__R02__day1_1,90.0,100.0,10330.0,9.249138845933865,10407.284954565746,0.0063312838201809996,0.45675,0.05052731474036021,2,9917.614501777774,10920.655555263244,True,1.1011373302829697,9445.877574012049,11439.640749357604,True,1.2110723074403262,8841.657142117205,12130.691798745884,True,1.371993010333026
arrhenius_linear,lofo_anchor,E2@90,E2,E2__R02__day1_1,90.0,110.0,6671.0,8.886462315216912,7235.673500463322,0.08093726250739586,0.1451,0.05052731474036021,2,6879.949644959873,7607.037531388371,False,1.1056821523339417,6546.743965309001,7968.164454670805,True,1.2171186924208228,6147.796348132181,8457.981407913096,True,1.3757744936497112
arrhenius_linear,lofo_anchor,E2@90,E2,E2__R02__day1_1,90.0,120.0,4863.0,8.542235563501201,5133.472093154922,0.052824753097414856,0.2403,0.05052731474036021,2,4875.3903550327595,5399.53820553246,False,1.1075088992532944,4624.819417387455,5665.22939932503,True,1.2249622932359376,4322.065838843417,6026.877590303619,True,1.3944437255301991
arrhenius_linear,lofo_anchor,E2@90,E2,E2__R02__day1_1,90.0,130.0,3845.0,8.21508566911977,3701.393715575389,-0.039443212819975315,0.68875,0.05052731474036021,2,3509.996986803996,3901.335776711262,True,1.1114926284491191,3326.5867175564485,4104.337705225337,True,1.233798500897096,3095.4688722430697,4388.506405927492,True,1.4177194431767774
arrhenius_linear,lofo_anchor,E2@90,E2,E2__R03__day1_0,90.0,80.0,27350.0,10.052767383251913,23236.55180765942,-0.16370442459821355,0.97745,0.05052731474036021,2,22121.32990502003,24384.267456069607,False,1.1022966322895462,21081.227761479924,25543.216707955726,False,1.21165697733359,19837.166086212543,27233.971825710432,False,1.372876130963026
arrhenius_linear,lofo_anchor,E2@90,E2,E2__R03__day1_0,90.0,100.0,10360.0,9.265795769239729,10582.821257431315,0.02008825342625542,0.3875,0.05052731474036021,2,10071.477276760783,11107.024857734934,True,1.102819829953209,9599.975308997737,11619.800554092531,True,1.210399004172613,9001.487584034923,12327.684212185995,True,1.3695163268402912
arrhenius_linear,lofo_anchor,E2@90,E2,E2__R03__day1_0,90.0,110.0,7895.0,8.903119238522775,7357.16053001046,-0.07086568816696825,0.82595,0.05052731474036021,2,7004.328634809462,7734.8367540650825,False,1.1042938099199413,6669.269996967755,8109.268568796744,True,1.2159154708811757,6246.80341481872,8637.765613650758,True,1.3827497105415834
arrhenius_linear,lofo_anchor,E2@90,E2,E2__R03__day1_0,90.0,120.0,6977.0,8.558892486807064,5220.58324742852,-0.2914818171321727,0.99825,0.05052731474036021,2,4962.5790586604735,5493.619214657043,False,1.1070089059981467,4717.659286356741,5769.775773120393,False,1.223016632380877,4411.027731515393,6145.4003898652345,False,1.3931901506667708
arrhenius_linear,lofo_anchor,E2@90,E2,E2__R03__day1_0,90.0,130.0,5128.0,8.231742592425633,3760.957938851251,-0.3107284061748725,0.9987,0.05052731474036021,2,3566.4334217078726,3964.0599152274917,False,1.1114913546680498,3382.10309585332,4167.015597712401,False,1.2320782305014402,3159.6543729590894,4451.477399039904,False,1.4088494732640624
arrhenius_linear,lofo_anchor,E2@100,E2,E2__R01__day1_0,100.0,80.0,9462.0,9.012816950514825,8191.401807834725,-0.14222210567626803,0.95825,0.05066383524954004,2,7799.915062003049,8617.480911017889,False,1.1048172758954231,7436.008175738261,9056.353028504265,False,1.217905200541974,6979.420289183204,9689.279949658066,True,1.3882642896107915
arrhenius_linear,lofo_anchor,E2@100,E2,E2__R01__day1_0,100.0,90.0,5527.0,8.60847390706377,5473.180643718812,-0.008926544769492395,0.5561,0.05066383524954004,2,5214.698686353459,5754.7162265683555,True,1.1035568060007164,4978.652147122051,6041.4246075890715,True,1.2134658998181593,4680.3250099032875,6448.692212177265,True,1.3778300008081104
arrhenius_linear,lofo_anchor,E2@100,E2,E2__R01__day1_0,100.0,110.0,2622.0,7.863106579412779,2598.656557819469,-0.008586084910866099,0.55185,0.05066383524954004,2,2476.0114984029624,2727.684897566833,True,1.1016446811035414,2359.007196276066,2867.3151887533654,True,1.2154753886633813,2215.5719865286487,3073.92594881276,True,1.387418674501738
arrhenius_linear,lofo_anchor,E2@100,E2,E2__R01__day1_0,100.0,120.0,1955.0,7.518861195924976,1841.4606739949372,-0.05928427649449031,0.7873,0.05066383524954004,2,1750.245843858529,1936.4602491092596,False,1.1063932852085563,1668.2826018996873,2035.6862509171356,True,1.2202286642557338,1565.7019592007377,2177.6658352723553,True,1.3908559176767037
arrhenius_linear,lofo_anchor,E2@100,E2,E2__R01__day1_0,100.0,130.0,1536.0,7.191693594081119,1326.4724030776495,-0.1452433196264984,0.9557,0.05066383524954004,2,1260.1198257755564,1398.0927060693452,False,1.1094918732898054,1199.9793214774859,1473.876045759499,False,1.2282512034830528,1126.2570075067704,1583.311702812146,True,1.4058174042505376
arrhenius_linear,lofo_anchor,E2@100,E2,E2__R02__day1_0,100.0,80.0,18780.0,9.715095774025263,16555.992171814818,-0.1254519787369901,0.9443,0.05066383524954004,2,15741.407470626145,17419.09940828194,False,1.1065782675905196,14973.458069574406,18285.44246012983,False,1.2211903472909356,14023.728298576701,19534.359132468326,True,1.3929504848187135
arrhenius_linear,lofo_anchor,E2@100,E2,E2__R02__day1_0,100.0,90.0,11540.0,9.310752730574208,11061.30540114126,-0.042821809487882945,0.7259,0.05066383524954004,2,10523.767368329818,11604.957423590246,True,1.1027379281030247,10035.390675285315,12176.32448005924,True,1.213338361609231,9398.823130642431,12970.658827216848,True,1.3800301002504634
arrhenius_linear,lofo_anchor,E2@100,E2,E2__R02__day1_0,100.0,110.0,5710.0,8.565385402923217,5245.070402946782,-0.08458889972683892,0.877,0.05066383524954004,2,4994.870194555249,5507.606469199101,False,1.1026525724738092,4764.400274758199,5768.872007833147,True,1.2108285776064285,4465.894457948002,6161.401820382772,True,1.379656836586735
arrhenius_linear,lofo_anchor,E2@100,E2,E2__R02__day1_0,100.0,120.0,4017.0,8.221140019435413,3720.700191910004,-0.07715061492386965,0.84355,0.05066383524954004,2,3535.637232928522,3912.5727558184317,False,1.106610350004064,3371.0273924835956,4105.421114929804,True,1.2178545698215602,3165.2223551198235,4371.618172506019,True,1.3811409379928146
arrhenius_linear,lofo_anchor,E2@100,E2,E2__R02__day1_0,100.0,130.0,3302.0,7.8939724175915575,2682.053782515008,-0.20831120688851534,0.98975,0.05066383524954004,2,2547.2874564682224,2822.3076611664765,False,1.1079659085981468,2421.72963342403,2968.0708806717826,False,1.225599604393201,2263.55502313706,3170.5972700993825,False,1.4007157933829475
arrhenius_linear,lofo_anchor,E2@100,E2,E2__R02__day1_1,100.0,80.0,24470.0,10.025110174479773,22607.965480374445,-0.0800929819569447,0.85385,0.05066383524954004,2,21485.463744645884,23764.7340884394,False,1.106084298243807,20424.326835486383,24966.16701466274,True,1.2223740452138234,19117.249043936623,26607.870863631477,True,1.3918252988429127
arrhenius_linear,lofo_anchor,E2@100,E2,E2__R02__day1_1,100.0,90.0,15300.0,9.620767131028718,15084.639491682694,-0.014840976351809587,0.57755,0.05066383524954004,2,14344.154355137647,15839.606283798452,True,1.1042551475420492,13658.703713777631,16602.347120430964,True,1.215514112344648,12819.227573985403,17674.228588104485,True,1.3787280462959828
arrhenius_linear,lofo_anchor,E2@100,E2,E2__R02__day1_1,100.0,110.0,6671.0,8.875399803377725,7162.970785258831,0.06987475066820892,0.1758,0.05066383524954004,2,6816.592454281903,7518.937985900195,False,1.1030346960492126,6481.994357856785,7873.098272048199,True,1.214610479027225,6100.511271550945,8380.410458640748,True,1.373722641530368
arrhenius_linear,lofo_anchor,E2@100,E2,E2__R02__day1_1,100.0,120.0,4863.0,8.531154419889923,5076.426802449706,0.041743609486136535,0.283,0.05066383524954004,2,4825.644376194269,5335.716091540079,True,1.1057002289398035,4594.190561115367,5603.13143877509,True,1.2196123265323968,4284.473680022536,5958.386457164198,True,1.3906927436494034
arrhenius_linear,lofo_anchor,E2@100,E2,E2__R02__day1_1,100.0,130.0,3845.0,8.203986818046067,3658.8273322943105,-0.05054206389367799,0.7425,0.05066383524954004,2,3469.6428175820265,3852.5333912109545,True,1.1103544640643332,3300.0308489940876,4045.7301842369816,True,1.225967383144372,3080.0266469354256,4320.057773725488,True,1.4026040255281143
arrhenius_linear,lofo_anchor,E2@100,E2,E2__R03__day1_0,100.0,80.0,27350.0,10.029159916551833,22712.4083195545,-0.18731189129829318,0.9854,0.05066383524954004,2,21585.586494175874,23871.52946202333,False,1.1059013600795253,20551.534243112343,25025.872530436496,False,1.2177131027978454,19192.98474441307,26654.92152615012,False,1.3887845940120993
arrhenius_linear,lofo_anchor,E2@100,E2,E2__R03__day1_0,100.0,90.0,15560.0,9.624816873100778,15134.748408975376,-0.027641924631604198,0.64825,0.05066383524954004,2,14411.186720887921,15911.16427822779,True,1.1040842497145475,13730.197294208187,16664.894300386306,True,1.2137403376873588,12875.278023227678,17744.523552211085,True,1.3781856609386633
arrhenius_linear,lofo_anchor,E2@100,E2,E2__R03__day1_0,100.0,110.0,7895.0,8.879449545449788,7190.1202084927045,-0.09453538123995564,0.89505,0.05066383524954004,2,6846.967913301212,7552.020458893024,False,1.102972958909614,6518.228108701909,7915.193354812323,True,1.214316716569868,6112.73177722814,8413.064984490233,True,1.3763183615926942
arrhenius_linear,lofo_anchor,E2@100,E2,E2__R03__day1_0,100.0,120.0,6977.0,8.535204161961984,5092.040002675892,-0.31517014197725324,0.99865,0.05066383524954004,2,4842.164420666723,5356.31004431694,False,1.1061809511167784,4618.573975016061,5631.129269951501,False,1.2192354827296923,4331.210047334695,5995.622995728172,False,1.3842835905447968
arrhenius_linear,lofo_anchor,E2@100,E2,E2__R03__day1_0,100.0,130.0,5128.0,8.208036560118128,3672.3702688994777,-0.3344344384823774,0.999,0.05066383524954004,2,3489.6961646873056,3867.832937386984,False,1.1083580790001417,3311.7507606547574,4061.8342364965356,False,1.2264915236838296,3093.772956907566,4335.314708356923,False,1.4013034468729604
arrhenius_linear,lofo_anchor,E2@110,E2,E2__R01__day1_0,110.0,80.0,9462.0,9.029455393371734,8339.307559730589,-0.12558366281935918,0.93635,0.05015067038059568,2,7922.206536170768,8773.57369276403,False,1.1074659127739397,7535.443269736597,9244.292348843936,False,1.2267748582184033,7072.5151268417885,9907.739483751659,True,1.4008792213323877
arrhenius_linear,lofo_anchor,E2@110,E2,E2__R01__day1_0,110.0,90.0,5527.0,8.624997461300545,5565.066286902023,0.007597009467282589,0.4632,0.05015067038059568,2,5293.620093159301,5842.950735284101,True,1.1037722073850131,5050.882831286931,6139.383290344831,True,1.2155069708438588,4752.480141315779,6555.535029181606,True,1.3793924086480516
arrhenius_linear,lofo_anchor,E2@110,E2,E2__R01__day1_0,110.0,100.0,3705.0,8.242217563910915,3791.588086894966,0.02477902618072747,0.37315,0.05015067038059568,2,3612.6695241889197,3983.7694007790083,True,1.102721788999896,3450.00937538624,4182.670960791494,True,1.2123650998262083,3242.3258783896213,4463.599116400576,True,1.3766657898735122
arrhenius_linear,lofo_anchor,E2@110,E2,E2__R01__day1_0,110.0,120.0,1955.0,7.535075151411645,1870.2077791441407,-0.04307032100782138,0.72965,0.05015067038059568,2,1781.830007658504,1965.5479619597509,True,1.1031063308573807,1700.474415014543,2062.6023473170567,True,1.21295700135507,1602.151522577749,2201.0762099484764,True,1.373825246195878
arrhenius_linear,lofo_anchor,E2@110,E2,E2__R01__day1_0,110.0,130.0,1536.0,7.207814589308083,1347.4265916224208,-0.12912232439953453,0.94555,0.05015067038059568,2,1283.5433292680286,1416.4161732860427,False,1.1035203416886503,1224.1164451633106,1489.5069957449323,False,1.2168017198283907,1147.8787867681438,1592.4692394382528,True,1.3873148086670846
arrhenius_linear,lofo_anchor,E2@110,E2,E2__R02__day1_0,110.0,80.0,18780.0,9.799088704412654,18017.09940141588,-0.04145904834959957,0.7101,0.05015067038059568,2,17122.791585867955,18957.559154931085,True,1.107153530419504,16299.427984117805,19913.46547868396,True,1.2217278727871728,15287.204318507907,21226.47162917837,True,1.3885123261864116
arrhenius_linear,lofo_anchor,E2@110,E2,E2__R02__day1_0,110.0,90.0,11540.0,9.394630772341465,12033.879751041582,0.04105623227937372,0.28365,0.05015067038059568,2,11450.606345676471,12624.953297783824,True,1.1025576215490775,10909.261289094928,13246.829691191078,True,1.2142737569621531,10236.675315240125,14114.158567779237,True,1.3787834558713026
arrhenius_linear,lofo_anchor,E2@110,E2,E2__R02__day1_0,110.0,100.0,7544.0,9.011850874951836,8198.824453811943,0.0833430506385433,0.12675,0.05015067038059568,2,7816.040767145001,8602.186046398048,False,1.1005810106003586,7463.234970197587,9021.928877000111,True,1.2088496359858356,7011.1818675039785,9604.228796388794,True,1.3698444824122007
arrhenius_linear,lofo_anchor,E2@110,E2,E2__R02__day1_0,110.0,120.0,4017.0,8.304708462452565,4041.1619254171487,0.006417828093281841,0.46595,0.05015067038059568,2,3853.0336770367553,4246.16114715279,True,1.1020306343178337,3676.9266321177793,4452.193389372961,True,1.2108464037555886,3447.67359697251,4718.1221980676655,True,1.3684944544085522
arrhenius_linear,lofo_anchor,E2@110,E2,E2__R02__day1_0,110.0,130.0,3302.0,7.977447900349004,2915.9947247612095,-0.12483572413106891,0.9454,0.05015067038059568,2,2774.303968974989,3060.859573105408,False,1.1032891879674929,2645.4687672992227,3218.1178028033673,False,1.2164641074514617,2481.5905875231133,3418.019807061208,True,1.3773504075354948
arrhenius_linear,lofo_anchor,E2@110,E2,E2__R02__day1_1,110.0,80.0,24470.0,9.952820961991982,21007.647338361137,-0.15238219444473522,0.9674,0.05015067038059568,2,19958.391252833862,22124.543150608955,False,1.1085333918117035,18988.696913317024,23252.17026880393,False,1.2245269053979622,17701.591409796903,24784.444510716472,True,1.4001252168208775
arrhenius_linear,lofo_anchor,E2@110,E2,E2__R02__day1_1,110.0,90.0,15300.0,9.548363029920793,14039.440273112981,-0.08724507745973398,0.87985,0.05015067038059568,2,13348.76569468597,14738.066827581066,False,1.1040771232840028,12700.543673538385,15425.577654934337,True,1.214560419730186,11925.458215289822,16420.063146303008,True,1.3768915919096998
arrhenius_linear,lofo_anchor,E2@110,E2,E2__R02__day1_1,110.0,100.0,10330.0,9.165583132531163,9565.097725152564,-0.07722442958252174,0.85265,0.05015067038059568,2,9115.232456979234,10033.504795389656,False,1.1007404191548982,8692.4359459654,10533.634947181909,True,1.2118162288065064,8127.635797980619,11213.050407852501,True,1.3796201855696437
arrhenius_linear,lofo_anchor,E2@110,E2,E2__R02__day1_1,110.0,120.0,4863.0,8.458440720031895,4717.684095177548,-0.030970090371891246,0.67195,0.05015067038059568,2,4492.236793611853,4945.527481770119,True,1.100905341589042,4281.467866838816,5175.537715895226,True,1.2088232066346298,4016.9848336436535,5508.379622505096,True,1.3712721980851135
arrhenius_linear,lofo_anchor,E2@110,E2,E2__R02__day1_1,110.0,130.0,3845.0,8.131180157928334,3401.6090708132833,-0.12334872401141084,0.9437,0.05015067038059568,2,3244.026594108577,3573.282843980245,False,1.1014961623525605,3086.6497229955585,3746.0754710789397,False,1.213638024156306,2889.5578836927557,3989.2499513747916,True,1.3805745072241526
arrhenius_linear,lofo_anchor,E2@110,E2,E2__R03__day1_0,110.0,80.0,27350.0,10.119302176887288,24817.269488599755,-0.09716963096283848,0.89155,0.05015067038059568,2,23573.365295035062,26135.04324869089,False,1.1086683178916064,22380.302874269186,27469.500176453355,True,1.2273962658492554,20887.703097515256,29317.55776027174,True,1.4035797820086438
arrhenius_linear,lofo_anchor,E2@110,E2,E2__R03__day1_0,110.0,90.0,15560.0,9.7148442448161,16560.463834889477,0.06238544708371663,0.19895,0.05015067038059568,2,15764.510903080625,17414.81246842215,False,1.1046846029976756,14986.771393617988,18267.318128679897,True,1.2188961617482807,14047.015648445005,19453.309255685046,True,1.3848713308608376
arrhenius_linear,lofo_anchor,E2@110,E2,E2__R03__day1_0,110.0,100.0,10360.0,9.332064347426469,11299.40326342083,0.08635683161299568,0.12305,0.05015067038059568,2,10763.004972226188,11858.15653526572,False,1.101751468652626,10248.514619041705,12412.410793623614,True,1.2111424196596643,9625.553185998508,13193.825880229839,True,1.3707083245274465
arrhenius_linear,lofo_anchor,E2@110,E2,E2__R03__day1_0,110.0,120.0,6977.0,8.6249219349272,5571.051437253858,-0.22545236901203758,0.99485,0.05015067038059568,2,5301.27943987339,5850.18833227898,False,1.1035427199473753,5059.734472227985,6131.984362372526,False,1.211918213501111,4735.22345248898,6533.046750994138,False,1.3796702133581822
arrhenius_linear,lofo_anchor,E2@110,E2,E2__R03__day1_0,110.0,130.0,5128.0,8.297661372823638,4016.2219759750838,-0.24480962577686682,0.99695,0.05015067038059568,2,3820.4225271531677,4217.385769110721,False,1.103905586132473,3637.033574864492,4418.567232656429,False,1.2148821674875672,3403.3724908701424,4702.749392162532,False,1.3817909749162298
arrhenius_linear,lofo_anchor,E2@120,E2,E2__R01__day1_0,120.0,80.0,9462.0,9.079671409742247,8766.761650182802,-0.07536764644884641,0.82555,0.05065371368770022,2,8306.422111691012,9261.305646656847,False,1.114957261035635,7904.767398772586,9764.772310002758,True,1.2353016625788364,7389.643183607557,10506.189943638617,True,1.4217452294509287
arrhenius_linear,lofo_anchor,E2@120,E2,E2__R01__day1_0,120.0,90.0,5527.0,8.675144080226623,5852.094896691307,0.05774362839336078,0.2248,0.05065371368770022,2,5561.8071477505155,6161.343588060125,False,1.1077952586961042,5291.877228443054,6485.0289007185775,True,1.2254685097119242,4972.694367303154,6954.756521216721,True,1.3985891767139715
arrhenius_linear,lofo_anchor,E2@120,E2,E2__R01__day1_0,120.0,100.0,3705.0,8.292298504939364,3990.116524170329,0.07485996720917676,0.1577,0.05065371368770022,2,3799.173212380714,4190.235264411662,False,1.1029334621429099,3617.720997725856,4398.404370001095,True,1.2157942452626906,3408.8110218050624,4713.709785847314,True,1.3828017322448316
arrhenius_linear,lofo_anchor,E2@120,E2,E2__R01__day1_0,120.0,110.0,2622.0,7.929437039023747,2773.660137575944,0.05774437470010163,0.21155,0.05065371368770022,2,2646.3783084272864,2913.99844079543,False,1.1011269369598133,2525.851118079545,3060.713765588765,True,1.2117554133261375,2378.8942436091716,3260.100544660364,True,1.3704268499612906
arrhenius_linear,lofo_anchor,E2@120,E2,E2__R01__day1_0,120.0,130.0,1536.0,7.257718046061262,1417.83160275154,-0.07921886764635566,0.85695,0.05065371368770022,2,1351.5718296686648,1490.3097207196763,False,1.1026492917398427,1290.2633725768508,1563.480440922076,True,1.2117529445167228,1216.3594512747418,1667.3413062122697,True,1.370763637726414
arrhenius_linear,lofo_anchor,E2@120,E2,E2__R02__day1_0,120.0,80.0,18780.0,9.792998165996853,17932.336557715575,-0.047549586765400775,0.71875,0.05065371368770022,2,16981.290912997836,18923.70843817528,True,1.1143857398786259,16111.485333706518,19923.191292445987,True,1.2365831504538614,15015.319478466385,21291.30912113674,True,1.4179724348636613
arrhenius_linear,lofo_anchor,E2@120,E2,E2__R02__day1_0,120.0,90.0,11540.0,9.38847083648123,11942.396605912776,0.034896296419139716,0.327,0.05065371368770022,2,11346.824712207519,12575.803505380914,True,1.1083103709050157,10799.668995800937,13226.640794711993,True,1.2247264985486774,10091.167652581795,14104.838924963413,True,1.3977410157638925
arrhenius_linear,lofo_anchor,E2@120,E2,E2__R02__day1_0,120.0,100.0,7544.0,9.005625261193972,8150.414828930731,0.07711743688067862,0.1518,0.05065371368770022,2,7755.1126917445135,8556.340993030988,False,1.1033161390600295,7380.714390694749,8983.184101559811,True,1.217115800183974,6936.777794172018,9581.994284990084,True,1.3813321644871575
arrhenius_linear,lofo_anchor,E2@120,E2,E2__R02__day1_0,120.0,110.0,5710.0,8.642763795278356,5673.707583250846,-0.007210507371700814,0.5345,0.05065371368770022,2,5403.5044156276945,5955.496016541652,True,1.1021543721362603,5150.9536381804965,6244.483045766497,True,1.2122964958333957,4832.198470969985,6666.569669139422,True,1.3796142085615157
arrhenius_linear,lofo_anchor,E2@120,E2,E2__R02__day1_0,120.0,130.0,3302.0,7.971044802315871,2896.468536368126,-0.13123882216420224,0.95515,0.05065371368770022,2,2757.492079376538,3039.226952647142,False,1.1021706917592682,2634.334137412201,3183.1225462748025,False,1.208321488557141,2472.8704383859335,3387.434080476639,True,1.369838883547676
arrhenius_linear,lofo_anchor,E2@120,E2,E2__R02__day1_1,120.0,80.0,24470.0,9.98130920479041,21615.131286910255,-0.12389395164630734,0.9291,0.05065371368770022,2,20502.262768601187,22820.74222139521,False,1.1130840765705494,19455.076273535193,24052.15965860722,False,1.2362922314175377,18183.546694701057,25810.571291969856,True,1.4194464768246462
arrhenius_linear,lofo_anchor,E2@120,E2,E2__R02__day1_1,120.0,90.0,15300.0,9.576781875274788,14426.203226785952,-0.058826232105738896,0.78405,0.05065371368770022,2,13691.636553151824,15165.461553736039,False,1.1076441808006463,13016.212514908442,15957.062340087183,True,1.2259374469962259,12217.1993251675,16989.8722584795,True,1.3906519658298662
arrhenius_linear,lofo_anchor,E2@120,E2,E2__R02__day1_1,120.0,100.0,10330.0,9.193936299987525,9835.661253611723,-0.04887126212615911,0.74745,0.05065371368770022,2,9359.309558042478,10336.486314123149,True,1.104406927671388,8927.783183545274,10843.99834661852,True,1.2146350469851248,8369.844710580146,11509.201229397653,True,1.3750794223038705
arrhenius_linear,lofo_anchor,E2@120,E2,E2__R02__day1_1,120.0,110.0,6671.0,8.831074834071911,6844.495241257013,0.025549781362395052,0.3614,0.05065371368770022,2,6510.538198267799,7181.651776397817,True,1.1030811213593026,6210.222354364406,7539.029613622245,True,1.213970963265749,5836.924803522494,7985.165436939816,True,1.3680432257960378
arrhenius_linear,lofo_anchor,E2@120,E2,E2__R02__day1_1,120.0,130.0,3845.0,8.159355841109425,3493.8294071567643,-0.09517304083031952,0.8988,0.05065371368770022,2,3328.87189474135,3666.609415625538,False,1.1014570495841896,3177.3699773848334,3847.427387590722,True,1.2108842895146212,2996.305709535774,4074.673136530314,True,1.3598989994787996
arrhenius_linear,lofo_anchor,E2@120,E2,E2__R03__day1_0,120.0,80.0,27350.0,10.339459439925948,30981.34357082197,0.1229876320758212,0.0765,0.05065371368770022,2,29287.630152581307,32655.295133673477,False,1.1149859160180413,27761.702736318904,34426.29064843474,False,1.2400640902835174,25857.181352345342,36907.15525095939,True,1.4273464206341955
arrhenius_linear,lofo_anchor,E2@120,E2,E2__R03__day1_0,120.0,90.0,15560.0,9.934932110410326,20645.143028196933,0.2824733126779435,0.0028,0.05065371368770022,2,19605.255210436422,21738.672571211886,False,1.1088186477490887,18643.45487684152,22819.135126002,False,1.2239756674256452,17437.701230713858,24390.819852502922,False,1.3987405524268417
arrhenius_linear,lofo_anchor,E2@120,E2,E2__R03__day1_0,120.0,100.0,10360.0,9.552086535123067,14082.440583052592,0.30637901930959366,0.00115,0.05065371368770022,2,13398.716900973392,14783.505786858124,False,1.1033523505362017,12757.197332051428,15519.82023670009,False,1.216554062208303,11934.494419818093,16489.06900353977,False,1.3816311293554653
arrhenius_linear,lofo_anchor,E2@120,E2,E2__R03__day1_0,120.0,110.0,7895.0,9.189225069207449,9805.675308174037,0.21524014251770573,0.0075,0.05065371368770022,2,9333.73674387707,10282.112701677977,False,1.1016073180361596,8892.617919429636,10784.00667877209,False,1.2126920077393548,8320.408075806135,11441.088602289368,False,1.375063398099123
arrhenius_linear,lofo_anchor,E2@120,E2,E2__R03__day1_0,120.0,130.0,5128.0,8.517506076244965,5006.420137544263,-0.024964922355540153,0.63265,0.05065371368770022,2,4766.427875737954,5250.711742201947,True,1.1016031038524872,4535.030066404328,5508.325200401355,True,1.2146171292682784,4255.84739082663,5850.276290238451,True,1.3746442842026179
arrhenius_linear,lofo_anchor,E2@130,E2,E2__R01__day1_0,130.0,80.0,9462.0,9.166668482902532,9571.458327050166,0.01162942671143874,0.44565,0.050361406445817214,2,9035.69587759964,10138.133161723918,True,1.122009117953751,8564.872838429621,10729.926763013165,True,1.2527829619220021,7977.5104792237735,11528.968764879479,True,1.4451837819461277
arrhenius_linear,lofo_anchor,E2@130,E2,E2__R01__day1_0,130.0,90.0,5527.0,8.762257804017072,6379.5021574970815,0.14485735218380924,0.04435,0.050361406445817214,2,6051.480105997895,6728.813441452544,False,1.1119285403885428,5750.738992764357,7090.941495790285,False,1.2330487446417209,5393.601931670744,7607.219135098314,True,1.4104153831652664
arrhenius_linear,lofo_anchor,E2@130,E2,E2__R01__day1_0,130.0,100.0,3705.0,8.37952262714879,4351.367098461921,0.16208408941860242,0.0261,0.050361406445817214,2,4135.122068674366,4581.442236800441,False,1.107933976485767,3935.1791503394816,4825.700248247599,False,1.2262974730975826,3698.28277835985,5177.16168812713,True,1.399882593732637
arrhenius_linear,lofo_anchor,E2@130,E2,E2__R01__day1_0,130.0,110.0,2622.0,8.01676579697858,3029.6183591574545,0.14507313265493504,0.0325,0.050361406445817214,2,2881.727964921028,3185.7250211814503,False,1.105491239964683,2751.5094636734707,3343.1958475744495,False,1.2150406501277424,2593.3063732086634,3572.644136747184,True,1.3776405956720026
arrhenius_linear,lofo_anchor,E2@130,E2,E2__R01__day1_0,130.0,120.0,1955.0,7.672462830736648,2143.5222243374824,0.09431735831718147,0.1033,0.050361406445817214,2,2045.4922852429277,2253.9391350580813,False,1.10190546858523,1951.8182399982525,2366.277923369873,True,1.2123454299576542,1838.3375301811498,2526.910486915349,True,1.374562856618799
arrhenius_linear,lofo_anchor,E2@130,E2,E2__R02__day1_0,130.0,80.0,18780.0,9.922519577830217,20392.88782166536,0.08197182506796352,0.1629,0.050361406445817214,2,19284.49853792278,21542.474178394496,False,1.1170875994535938,18225.973471278696,22739.33024727781,True,1.24763323523495,16906.133765880426,24356.744370097487,True,1.4407045813900818
arrhenius_linear,lofo_anchor,E2@130,E2,E2__R02__day1_0,130.0,90.0,11540.0,9.518108898944757,13611.301589717312,0.16453435888266554,0.02835,0.050361406445817214,2,12907.52043798728,14336.72259751229,False,1.1107263138874308,12247.124825050361,15094.20050056587,False,1.232468903206741,11466.419859225189,16150.872918499615,True,1.4085366763807798
arrhenius_linear,lofo_anchor,E2@130,E2,E2__R02__day1_0,130.0,100.0,7544.0,9.135373722076475,9280.978701497601,0.20686589776318165,0.0095,0.050361406445817214,2,8819.232689504155,9762.119140376108,False,1.1069125267546336,8389.498571704113,10255.611200882518,False,1.2224343461327214,7857.743790924956,10956.461802209746,False,1.394352131315805
arrhenius_linear,lofo_anchor,E2@130,E2,E2__R02__day1_0,130.0,110.0,5710.0,8.772616891906265,6462.624364666084,0.12264258925620908,0.05695,0.050361406445817214,2,6149.314921406275,6785.735624463144,False,1.10349456991403,5857.836441803325,7115.237230944011,False,1.2146527649982655,5502.466579198307,7590.073985524309,True,1.3793948361663944
arrhenius_linear,lofo_anchor,E2@130,E2,E2__R02__day1_0,130.0,120.0,4017.0,8.428313925664336,4576.070373314485,0.13002329130505252,0.04925,0.050361406445817214,2,4357.872772375956,4798.464778368669,False,1.1011025399331467,4151.946731977532,5030.170509030338,False,1.2115209644403397,3904.4610415227035,5344.334295718261,True,1.3687764428644473
arrhenius_linear,lofo_anchor,E2@130,E2,E2__R02__day1_1,130.0,80.0,24470.0,10.07361300598901,23732.739831165916,-0.03159015044770719,0.6485,0.050361406445817214,2,22418.894753115495,25084.794675685178,True,1.118913084339236,21223.012320219426,26468.68110665258,True,1.2471689083191804,19728.213177264824,28390.307409802586,True,1.4390714027015952
arrhenius_linear,lofo_anchor,E2@130,E2,E2__R02__day1_1,130.0,90.0,15300.0,9.669202327103552,15832.932150398727,0.033594219723024565,0.33365,0.050361406445817214,2,15000.70537105707,16704.621761342125,True,1.113589084522162,14236.03972679003,17584.966053408807,True,1.2352428337437564,13286.83321034478,18808.63210458087,True,1.4155842710463893
arrhenius_linear,lofo_anchor,E2@130,E2,E2__R02__day1_1,130.0,100.0,10330.0,9.28646715023527,10793.543849212982,0.0436595881215851,0.2769,0.050361406445817214,2,10264.324536981701,11356.152696778712,True,1.106371165083803,9748.495257887742,11933.023890823972,True,1.224088802953325,9128.332796932174,12739.345586137011,True,1.3955829470216528
arrhenius_linear,lofo_anchor,E2@130,E2,E2__R02__day1_1,130.0,110.0,6671.0,8.923710320065059,7518.904657874343,0.11818526735554258,0.0637,0.050361406445817214,2,7149.556156788236,7885.035253460302,False,1.1028705951171187,6810.697330703976,8273.047453007493,False,1.2147137145136302,6377.7010057277275,8775.844188494577,True,1.3760200079328129
arrhenius_linear,lofo_anchor,E2@130,E2,E2__R02__day1_1,130.0,120.0,4863.0,8.579407353823129,5322.343184833858,0.0899965434193426,0.114,0.050361406445817214,2,5068.381567519112,5579.879912394663,False,1.1009194627637164,4832.838780278697,5846.008830420933,True,1.2096428406171267,4533.656388467515,6229.688097462945,True,1.3740979826591422
arrhenius_linear,lofo_anchor,E2@130,E2,E2__R03__day1_0,130.0,80.0,27350.0,10.358721927120973,31578.98520918423,0.1422501192708463,0.0573,0.050361406445817214,2,29849.338546853123,33362.06140475811,False,1.1176817654565856,28204.827696169552,35198.04087228755,False,1.2479438361209254,26157.358394374965,37708.26264020242,True,1.4415929189665966
arrhenius_linear,lofo_anchor,E2@130,E2,E2__R03__day1_0,130.0,90.0,15560.0,9.954311248235514,21064.682816152323,0.3018524505031319,0.0026,0.050361406445817214,2,19977.64432137378,22208.96849255228,False,1.1116910550255037,18968.067092639038,23368.02114482679,False,1.2319663901808555,17709.00334692922,24918.918104473458,False,1.4071327231859412
arrhenius_linear,lofo_anchor,E2@130,E2,E2__R03__day1_0,130.0,100.0,10360.0,9.571576071367232,14363.769518005363,0.32586855555375926,0.0013,0.050361406445817214,2,13653.044795993806,15110.586000242143,False,1.106755762251364,12982.360904638299,15871.957328404733,False,1.2225786546061932,12111.26933712365,16913.12283112224,False,1.3964781362164802
arrhenius_linear,lofo_anchor,E2@130,E2,E2__R03__day1_0,130.0,110.0,7895.0,9.208819241197023,9993.456206855737,0.23483431450727998,0.0066,0.050361406445817214,2,9509.847677666627,10497.078568555367,False,1.1038114304614153,9060.708101888931,10994.036928418767,False,1.21337502596809,8465.036414085229,11729.52080954228,False,1.3856432785126802
arrhenius_linear,lofo_anchor,E2@130,E2,E2__R03__day1_0,130.0,120.0,6977.0,8.864516274955092,7078.290362885304,0.014141971015854793,0.4162,0.050361406445817214,2,6748.009135431468,7422.57961191508,True,1.0999658511043908,6446.538422738469,7774.288348499381,True,1.2059632377397493,6023.665153063898,8254.542580463725,True,1.3703521644567354
arrhenius_linear,lofo_anchor,E3@80,E3,E3__R03__day1_0,80.0,90.0,11550.0,9.437037944862265,12548.267964409144,0.08259722891232535,0.2454,0.08542312169137903,5,11568.057208467671,13603.714733184213,False,1.1759722905957335,10713.301403264186,14680.127768501388,True,1.3702711438724733,9841.132974052738,16028.73292343167,True,1.6287487391637974
arrhenius_linear,lofo_anchor,E3@80,E3,E3__R03__day1_0,80.0,100.0,7546.0,9.066293172847391,8660.96504304439,0.13752027232313502,0.13145,0.08542312169137903,5,7974.812019183676,9405.457865970153,False,1.179395557330381,7403.785492555895,10170.333269901452,True,1.3736666574318195,6775.602748524294,11151.032310707662,True,1.6457624103090052
arrhenius_linear,lofo_anchor,E3@80,E3,E3__R03__day1_0,80.0,110.0,5376.0,8.714900861853783,6095.841946533318,0.12520097965079735,0.15565,0.08542312169137903,5,5604.377646023873,6628.375898079037,False,1.1827139990792122,5185.226231442344,7157.006300384226,True,1.3802688602062023,4729.2441036146465,7822.998190141854,True,1.6541751744560182
arrhenius_linear,lofo_anchor,E3@80,E3,E3__R03__day1_0,80.0,120.0,3839.0,8.381384288415484,4360.876390879336,0.12841709341468643,0.15405,0.08542312169137903,5,4010.9896817198755,4752.08452936349,False,1.1847660818029928,3709.160203248683,5144.713115951371,True,1.3870290939294974,3386.1928931885923,5657.558296871141,True,1.67077259781965
arrhenius_linear,lofo_anchor,E3@80,E3,E3__R03__day1_0,80.0,130.0,2959.0,8.06441324757986,3176.8099233781695,0.07180659517965093,0.29285,0.08542312169137903,5,2910.433622970639,3469.838658329719,True,1.1922067663539782,2684.3980027349685,3757.5431576564233,True,1.3997712536770228,2448.7886123501803,4128.625327837335,True,1.685986821000022
arrhenius_linear,lofo_anchor,E3@90,E3,E3__R03__day1_0,90.0,80.0,18570.0,9.74666293474604,17096.981105502673,-0.08263971960071181,0.74775,0.08560058804938844,5,15755.512646548808,18584.197189150793,True,1.1795361792446404,14574.46056500948,20036.42550876792,True,1.3747627515540153,13379.35872097605,21959.959690944084,True,1.641331258763205
arrhenius_linear,lofo_anchor,E3@90,E3,E3__R03__day1_0,90.0,100.0,7546.0,8.98435153520492,7964.250102971811,0.05557863468066415,0.32725,0.08560058804938844,5,7350.209605069384,8644.723886357668,True,1.1761193694932817,6808.702297347134,9354.596889538381,True,1.3739177424724827,6228.516029633631,10229.481155108535,True,1.6423624995808588
arrhenius_linear,lofo_anchor,E3@90,E3,E3__R03__day1_0,90.0,110.0,5376.0,8.633039685083629,5606.6813719935835,0.04333980288064332,0.3613,0.08560058804938844,5,5176.388681085065,6090.779489271301,True,1.176646473926406,4791.298448694356,6584.237659763762,True,1.3742073741112888,4367.672028859207,7201.414882379895,True,1.648799368358442
arrhenius_linear,lofo_anchor,E3@90,E3,E3__R03__day1_0,90.0,120.0,3839.0,8.299599479379035,4020.2060898659724,0.04663228437823719,0.35415,0.08560058804938844,5,3698.343658471099,4368.455469637715,True,1.181192412887785,3425.7893673320204,4725.2487401538,True,1.3793167744675991,3124.143972765203,5178.08183471606,True,1.6574402075756136
arrhenius_linear,lofo_anchor,E3@90,E3,E3__R03__day1_0,90.0,130.0,2959.0,7.982701017725274,2927.8493296193233,-0.009905634674935548,0.53155,0.08560058804938844,5,2687.758586094063,3190.6603022500544,True,1.1871082167713674,2485.575151664762,3450.951568828768,True,1.3883915626197931,2265.473764842045,3797.0978978311246,True,1.6760723327537048
arrhenius_linear,lofo_anchor,E3@100,E3,E3__R03__day1_0,100.0,80.0,18570.0,9.69059872130262,16155.388449855214,-0.13870393304413042,0.8744,0.08552313479265011,5,14891.547530970674,17540.3840790569,False,1.177875169963183,13784.119855563293,18917.12039173217,True,1.3723850771724964,12630.391079763229,20771.63162920465,True,1.644575492399879
arrhenius_linear,lofo_anchor,E3@100,E3,E3__R03__day1_0,100.0,90.0,11550.0,9.299144303171907,10931.952436000338,-0.05529641277803243,0.67995,0.08552313479265011,5,10079.278459290885,11841.757446713911,True,1.1748616227383228,9355.718037730716,12799.142761083689,True,1.3680556328724285,8552.21267836994,13954.056113800874,True,1.6316310922778092
arrhenius_linear,lofo_anchor,E3@100,E3,E3__R03__day1_0,100.0,110.0,5376.0,8.577535910830207,5317.738877397302,-0.012163971372778803,0.53785,0.08552313479265011,5,4901.064331590266,5762.296942630538,True,1.1757235883416417,4542.871174163935,6208.870555808587,True,1.3667282909362404,4144.660054700378,6769.4586195749025,True,1.6332964658700515
arrhenius_linear,lofo_anchor,E3@100,E3,E3__R03__day1_0,100.0,120.0,3839.0,8.244263511391202,3801.078116969927,-0.008703683609596169,0.5316,0.08552313479265011,5,3503.8538313278596,4130.478125540715,True,1.1788385944100253,3247.892526017788,4454.163012546858,True,1.3714009859827683,2971.5352676464313,4850.170399505419,True,1.6322102760526673
arrhenius_linear,lofo_anchor,E3@100,E3,E3__R03__day1_0,100.0,130.0,2959.0,7.927524531247202,2770.2243250216193,-0.06508212115300793,0.70405,0.08552313479265011,5,2549.8929042336417,3008.2506996073216,True,1.1797557044896507,2361.1268413780376,3249.2108730297837,True,1.3761272016769028,2136.941207302878,3564.8789303128005,True,1.668215727288156
arrhenius_linear,lofo_anchor,E3@110,E3,E3__R03__day1_0,110.0,80.0,18570.0,9.70279983162928,16364.031525707322,-0.12650282271747137,0.8449,0.08553386679427707,5,15050.712264880181,17788.834922170074,False,1.181926450330136,13927.21940266672,19211.551098070966,True,1.3794247467942111,12690.167635857359,21153.42850990163,True,1.6669148207412539
arrhenius_linear,lofo_anchor,E3@110,E3,E3__R03__day1_0,110.0,90.0,11550.0,9.311158144654366,11062.251105342713,-0.043282571295574,0.6362,0.08553386679427707,5,10188.66718069837,12013.910972077234,True,1.1791445101707358,9437.358904070561,12951.561794607202,True,1.372371436358204,8613.303567393643,14174.273648266882,True,1.6456256925536377
arrhenius_linear,lofo_anchor,E3@110,E3,E3__R03__day1_0,110.0,100.0,7546.0,8.940507570474574,7622.587411007556,0.011734669950318022,0.4643,0.08553386679427707,5,7023.445459441373,8281.89590675102,True,1.179178503567356,6516.621646186715,8933.846666014773,True,1.3709322331522082,5931.106551980357,9786.138908457871,True,1.6499684877841798
arrhenius_linear,lofo_anchor,E3@110,E3,E3__R03__day1_0,110.0,120.0,3839.0,8.255772705850934,3845.840585743806,0.002805510850135917,0.4941,0.08553386679427707,5,3549.9756461542383,4169.744511965031,True,1.1745839767893058,3291.2689252594146,4507.425597270434,True,1.369509967015279,3007.4625556151937,4939.6807831426095,True,1.642474575093145
arrhenius_linear,lofo_anchor,E3@110,E3,E3__R03__day1_0,110.0,130.0,2959.0,7.938882200165321,2807.9980759240684,-0.05372445223488853,0.66665,0.08553386679427707,5,2581.065882485177,3051.0878049657185,True,1.1821038066753962,2390.9278508008438,3287.547225046837,True,1.3750089631293847,2185.658179410715,3600.1784254485096,True,1.6471827385282953
arrhenius_linear,lofo_anchor,E3@120,E3,E3__R03__day1_0,120.0,80.0,18570.0,9.69933366237137,16290.748373358338,-0.1299689919753817,0.8427,0.08557758793794135,5,14956.360150731129,17780.392880614327,False,1.1888181817917207,13842.064138133546,19257.043264449145,True,1.3911973728974318,12627.38341161755,21054.96540169896,True,1.6674052505864196
arrhenius_linear,lofo_anchor,E3@120,E3,E3__R03__day1_0,120.0,90.0,11550.0,9.307646490954848,11027.897285919365,-0.04679422499509123,0.6452,0.08557758793794135,5,10125.16997936828,11988.469432082104,True,1.1840264861242435,9383.218796977862,12925.14192688072,True,1.377474212904812,8574.68010007063,14126.860186822687,True,1.6475087142558618
arrhenius_linear,lofo_anchor,E3@120,E3,E3__R03__day1_0,120.0,100.0,7546.0,8.936952870197128,7615.528865564031,0.008179969672871934,0.47045,0.08557758793794135,5,7021.952492618458,8257.489693825895,True,1.175953511862441,6486.860429670171,8901.410190583685,True,1.3722216297223901,5935.289260592703,9736.133111081177,True,1.6403805583199023
arrhenius_linear,lofo_anchor,E3@120,E3,E3__R03__day1_0,120.0,110.0,5376.0,8.585609040422455,5347.433965806857,-0.004090841780531207,0.5171,0.08557758793794135,5,4932.924185518921,5807.134705095387,True,1.1772195328164168,4577.1493697919295,6253.945657010395,True,1.3663407399996408,4169.000367994811,6852.720062502755,True,1.64373217980759
arrhenius_linear,lofo_anchor,E3@120,E3,E3__R03__day1_0,120.0,130.0,2959.0,7.935211173224542,2791.0863055187624,-0.057395479175667674,0.6824,0.08557758793794135,5,2577.252097153505,3032.938851031475,True,1.1768110905336975,2388.9866984435794,3271.9383467639036,True,1.3695925343140527,2183.2928416828686,3592.119669726593,True,1.6452761632094253
arrhenius_linear,lofo_anchor,E3@130,E3,E3__R03__day1_0,130.0,80.0,18570.0,9.755282165272709,17228.82325538068,-0.07402048907404257,0.7182,0.08574321424156478,5,15799.60533450112,18825.598135492495,True,1.1915233157364762,14553.881837113557,20407.223935867692,True,1.402184253264146,13289.950807097117,22487.478831436572,True,1.692066370887376
arrhenius_linear,lofo_anchor,E3@130,E3,E3__R03__day1_0,130.0,90.0,11550.0,9.363749121223101,11644.985224864022,0.009308405273161569,0.47295,0.08574321424156478,5,10707.395323662737,12677.74571597842,True,1.1840177123152744,9884.015180688584,13750.699899558484,True,1.3912058660557947,9030.439300969212,15057.975662131157,True,1.6674687864315778
arrhenius_linear,lofo_anchor,E3@130,E3,E3__R03__day1_0,130.0,100.0,7546.0,8.993201366952384,8060.696352951844,0.0644284664281276,0.2997,0.08574321424156478,5,7409.027808163924,8757.199737663717,True,1.181963405241138,6841.203878352935,9457.592406655236,True,1.382445630158915,6241.271197169003,10361.686945956279,True,1.6601885447080502
arrhenius_linear,lofo_anchor,E3@130,E3,E3__R03__day1_0,130.0,110.0,5376.0,8.641995789597797,5661.204868930603,0.052295907394810826,0.33915,0.08574321424156478,5,5209.510903825569,6156.186992700725,True,1.181720723183432,4837.745868087718,6628.625495604345,True,1.370188859925487,4428.878776159081,7262.195207133016,True,1.639736731162263
arrhenius_linear,lofo_anchor,E3@130,E3,E3__R03__day1_0,130.0,120.0,3839.0,8.308656450440056,4059.553000548033,0.05568925543925829,0.3207,0.08574321424156478,5,3739.573768998485,4408.0940104148885,True,1.1787691011629498,3469.4415938235493,4752.4315635272915,True,1.369797252672527,3176.4015587381805,5204.290025168874,True,1.6384232059237083
arrhenius_linear,strict_holdout,E1,E1,E1__R01__day1_1,110.0,120.0,780.0,6.603863718280908,738.3745443881203,-0.05543020140272947,0.7698,0.05237688148909603,5,702.7133393060373,776.3482039801461,False,1.104786490529448,669.5435480144513,813.9629200593511,True,1.2156982506562557,631.3227791012831,863.5830604520515,True,1.3678946634578932
arrhenius_linear,strict_holdout,E1,E1,E1__R01__day1_1,110.0,130.0,599.0,6.247841161514591,516.8134467842984,-0.14742043660085802,0.96525,0.05237688148909603,5,491.00444977830864,543.8739741898107,False,1.1076762632912451,467.431744966588,570.677081019213,False,1.2208778868025,441.76291321185,606.4695916476093,True,1.37283953340097
arrhenius_linear,strict_holdout,E2,E2,E2__R01__day1_0,110.0,120.0,1955.0,7.506599411874954,1817.119434692515,-0.07154606054451218,0.907,0.033260138878351664,2,1760.4194571163137,1879.6338640859908,False,1.0677193191019136,1703.5919849793688,1949.3494264858475,False,1.144258392662874,1621.5905739452023,2065.7748377143016,True,1.2739188737934226
arrhenius_linear,strict_holdout,E2,E2,E2__R01__day1_0,110.0,130.0,1536.0,7.155251615691335,1279.3890153791665,-0.18168529801628264,0.9904,0.033260138878351664,2,1237.1773350515969,1324.2075544044149,False,1.070345791898288,1194.411005134495,1374.8611634813285,False,1.1510787807305192,1132.8380883529962,1460.4012744873469,False,1.2891526949015162
arrhenius_linear,strict_holdout,E2,E2,E2__R02__day1_0,110.0,120.0,4017.0,8.279680777887469,3943.7726909369194,-0.018609856471814012,0.6489,0.033260138878351664,2,3820.1037048967587,4075.9743459655197,True,1.0669800248461254,3685.327842377661,4222.953743129039,True,1.1458827881116047,3486.3400850663447,4444.744753092335,True,1.2749028048443392
arrhenius_linear,strict_holdout,E2,E2,E2__R02__day1_0,110.0,130.0,3302.0,7.92833298170385,2775.586085731245,-0.17395064277622296,0.99175,0.033260138878351664,2,2679.895441433633,2871.1407131827673,False,1.0713629602081884,2582.9148468791896,2977.5126443398717,False,1.1527722828096543,2448.7194615505414,3149.59293519273,False,1.2862204040304361
arrhenius_linear,strict_holdout,E2,E2,E2__R02__day1_1,110.0,120.0,4863.0,8.434182259315618,4604.028583039892,-0.05522855108816849,0.86135,0.033260138878351664,2,4459.832793458716,4757.829058122987,False,1.0668178109953683,4302.4049728255995,4917.904981806366,True,1.1430595243516877,4077.8590823216664,5185.794062482364,True,1.2716952591529749
arrhenius_linear,strict_holdout,E2,E2,E2__R02__day1_1,110.0,130.0,3845.0,8.082834463132,3240.8758448869294,-0.1716944188077445,0.99165,0.033260138878351664,2,3131.103321894621,3353.148004093814,False,1.070915795287405,3019.499833911383,3475.539548865563,False,1.1510315416588177,2848.215639869188,3660.593102798236,False,1.2852232996537996
arrhenius_linear,strict_holdout,E2,E2,E2__R03__day1_0,110.0,120.0,6977.0,8.601875048731017,5443.756069039237,-0.2484992552082197,0.9982,0.033260138878351664,2,5270.667721789803,5628.355356402817,False,1.0678638179246769,5084.80375674802,5817.99509171045,False,1.1441926512875578,4814.297039358717,6136.218480353451,False,1.2745824427091892
arrhenius_linear,strict_holdout,E2,E2,E2__R03__day1_0,110.0,130.0,5128.0,8.2505272525474,3831.6960484625833,-0.29194374605310536,0.9988,0.033260138878351664,2,3702.053670169431,3966.446364285128,False,1.0714178447076907,3566.802512874672,4109.677399767073,False,1.1522021151809916,3373.21488563053,4330.358348744031,False,1.2837481440007903
arrhenius_linear,strict_holdout,E3,E3,E3__R03__day1_0,110.0,120.0,3839.0,8.21580373968863,3699.7363124748804,-0.037163455312168026,0.6911,0.051827857944984665,5,3519.5294979607193,3891.309988158326,True,1.1056335769917607,3353.7632088510136,4078.539008710569,True,1.216108220743426,3165.3628927014574,4312.292915661146,True,1.362337609253026
arrhenius_linear,strict_holdout,E3,E3,E3__R03__day1_0,110.0,130.0,2959.0,7.860906754313165,2593.274366662718,-0.13169989808704496,0.95105,0.051827857944984665,5,2467.194541481965,2729.143593931439,False,1.1061728404652393,2348.1228610248936,2863.492726621918,False,1.219481643891529,2212.4211506366287,3037.110148003527,True,1.3727540740286235
arrhenius_linear,e2_same_formulation_anchor,E2__R01__day1_0,E2,E2__R01__day1_0,110.0,120.0,1955.0,7.55688826688992,1912.1767160573,-0.021257205529546574,0.5757,0.08273474602571687,5,1767.9797437244633,2067.674377553284,True,1.1695124816291604,1642.281131412622,2231.449772605063,True,1.3587501737206606,1505.7693902275705,2436.561195840993,True,1.618150303528716
arrhenius_linear,e2_same_formulation_anchor,E2__R01__day1_0,E2,E2__R01__day1_0,110.0,130.0,1536.0,7.238600708363744,1390.4237731891149,-0.0983362053438741,0.79675,0.08273474602571687,5,1283.8637062894707,1506.41030610133,False,1.1733412968383126,1193.8584447313128,1622.9608388365696,True,1.3594248514126224,1097.8572720525112,1778.9197540076402,True,1.6203561239630369
arrhenius_linear,e2_same_formulation_anchor,E2__R02__day1_0,E2,E2__R02__day1_0,110.0,120.0,4017.0,8.312552567547685,4070.7221791238753,0.01426193318840241,0.45465,0.08331146829649819,5,3763.3996270029825,4408.443573840538,True,1.1713992694821096,3492.7718716537756,4747.2483088534955,True,1.3591635764650567,3209.4328498792884,5158.434772939351,True,1.6072730024974249
arrhenius_linear,e2_same_formulation_anchor,E2__R02__day1_0,E2,E2__R02__day1_0,110.0,130.0,3302.0,7.992276855578314,2958.571556072108,-0.11000676890175853,0.8228,0.08331146829649819,5,2733.4402534815554,3203.7895828420637,False,1.1720722919630049,2539.0704216369813,3447.5197957139735,True,1.357788175678601,2336.29678435856,3753.381480315048,True,1.606551661348776
arrhenius_linear,e2_same_formulation_anchor,E2__R02__day1_1,E2,E2__R02__day1_1,110.0,120.0,4863.0,8.468172460379579,4763.358925294534,-0.021238350024207264,0.5676,0.08319779271064051,5,4397.699437861844,5153.394300852847,True,1.1718386792159723,4090.2780995952253,5544.335351788561,True,1.3554910489673624,3754.492985152423,6051.923429903957,True,1.6119149653060982
arrhenius_linear,e2_same_formulation_anchor,E2__R02__day1_1,E2,E2__R02__day1_1,110.0,130.0,3845.0,8.152786835857333,3471.933912037166,-0.10174204608241233,0.80675,0.08319779271064051,5,3214.4420404025936,3761.4551180608196,False,1.1701735700263909,2975.994022963518,4041.8821165275417,True,1.3581620410993314,2726.030784933826,4407.626528202523,True,1.6168660136057553
arrhenius_linear,e2_same_formulation_anchor,E2__R03__day1_0,E2,E2__R03__day1_0,110.0,120.0,6977.0,8.625520434747935,5577.050951453765,-0.22485386919130157,0.99305,0.06116946429156861,5,5260.068311834812,5910.5419806143245,False,1.1236625895743575,4978.654541326052,6236.479679280968,False,1.2526435862368346,4659.1364500733725,6639.35876580003,False,1.4250191718887033
arrhenius_linear,e2_same_formulation_anchor,E2__R03__day1_0,E2,E2__R03__day1_0,110.0,130.0,5128.0,8.299709016161433,4022.805284519827,-0.2427619824390721,0.9945,0.06116946429156861,5,3791.6335717669876,4263.1008708970285,False,1.1243441092622055,3588.5212458367296,4506.449842326256,False,1.2557957814948073,3359.320378549287,4831.201312233071,False,1.4381484252238577
quadratic_z,lofo_anchor,E1@80,E1,E1__R01__day1_1,80.0,90.0,2288.0,7.7063869745172155,2219.7617977075133,-0.029046377982473004,0.6389,0.056990781073815194,5,2100.436796863203,2352.18077535835,True,1.119853155720325,1997.4596666605737,2475.882876970887,True,1.2395158301795195,1873.5882223366934,2627.053814385521,True,1.4021511146718908
quadratic_z,lofo_anchor,E1@80,E1,E1__R01__day1_1,80.0,100.0,1512.0,7.292593110366281,1469.5876513336584,-0.02859544637319722,0.6328,0.056990781073815194,5,1388.5097169985468,1556.2946505709235,True,1.120838141439202,1315.5527830455567,1643.55759068017,True,1.2493285042317113,1231.6889757436059,1747.1797235399229,True,1.4185234730099785
quadratic_z,lofo_anchor,E1@80,E1,E1__R01__day1_1,80.0,110.0,1073.0,6.947052853113288,1040.253878458053,-0.031160889517410695,0.63975,0.056990781073815194,5,981.8717878441583,1102.8963102757002,True,1.1232589875071863,930.444904389144,1163.319786185361,True,1.2502833651919498,871.7158496960192,1242.3141462228255,True,1.4251365816694048
quadratic_z,lofo_anchor,E1@80,E1,E1__R01__day1_1,80.0,120.0,780.0,6.661088525083992,782.3693686958707,0.0017946054003541434,0.48715,0.056990781073815194,5,736.6954396764584,828.6905602565304,True,1.1248753767506343,698.6565670969954,872.1329044978713,True,1.2482998737443942,655.0487054363979,930.2705768250588,True,1.4201548207095627
quadratic_z,lofo_anchor,E1@80,E1,E1__R01__day1_1,80.0,130.0,599.0,6.4272191332392605,618.4792140721567,0.031957535123811276,0.3569,0.056990781073815194,5,583.2260696711168,655.9648248055975,True,1.1247179420074593,552.7857926372939,692.6993605651417,True,1.253106302280911,518.8711129512535,736.6708342383553,True,1.419756883454723
quadratic_z,lofo_anchor,E1@90,E1,E1__R01__day1_1,90.0,80.0,3636.0,8.227958917262463,3741.360384969733,0.02931946196509294,0.36255,0.05708689764741742,5,3539.55564007337,3959.682975277277,True,1.1186949374230486,3360.553738432994,4175.764027522952,True,1.2425821315596892,3158.736274426604,4439.463424059216,True,1.4054555487906628
quadratic_z,lofo_anchor,E1@90,E1,E1__R01__day1_1,90.0,100.0,1512.0,7.321619391175429,1514.921638613631,0.0004308344359511551,0.49085,0.05708689764741742,5,1433.9355748446562,1599.8676137379682,True,1.1157179177392877,1363.7936454276924,1681.6355863309834,True,1.2330572091818293,1280.9864706253252,1781.8691135301247,True,1.3910132186332063
quadratic_z,lofo_anchor,E1@90,E1,E1__R01__day1_1,90.0,110.0,1073.0,6.97615476548564,1071.8467764852176,-0.002058977145058094,0.5058,0.05708689764741742,5,1012.3909805499183,1132.5207544650716,True,1.1186594667703382,961.1630761515432,1191.3817570912954,True,1.2395209373434715,903.1020272507131,1267.7285070512182,True,1.40374893289801
quadratic_z,lofo_anchor,E1@90,E1,E1__R01__day1_1,90.0,120.0,780.0,6.690413980596908,805.0400892661478,0.031120060913270464,0.3537,0.05708689764741742,5,760.7869534056172,851.2273788881058,True,1.1188774663887668,721.3327927362394,896.851528202265,True,1.243325601211375,679.2393374174826,953.6536235126864,True,1.404002346416724
quadratic_z,lofo_anchor,E1@90,E1,E1__R01__day1_1,90.0,130.0,599.0,6.456894023902542,637.1560694673298,0.06163242578709305,0.2352,0.05708689764741742,5,601.4338560256579,675.0723597103732,False,1.1224382414573844,569.9788215365375,711.9484751840657,True,1.2490788223759073,534.3775010225129,760.3914403876975,True,1.4229480824561564
quadratic_z,lofo_anchor,E1@100,E1,E1__R01__day1_1,100.0,80.0,3636.0,8.228042138556756,3746.522200669259,0.02940268325938611,0.366,0.05697175361106174,5,3532.5314155129854,3969.842262284079,True,1.1237953171062143,3351.0222739036035,4192.447485123852,True,1.2510950815734427,3152.284171508688,4468.4877654172105,True,1.4175396386546542
quadratic_z,lofo_anchor,E1@100,E1,E1__R01__day1_1,100.0,90.0,2288.0,7.735674615744227,2291.100053324669,0.00024126324453810355,0.4947,0.05697175361106174,5,2166.766905583967,2414.5979943524176,True,1.114378287821254,2061.783619104027,2540.5474386088385,True,1.2322085669265646,1943.0064948036143,2703.585273101657,True,1.3914442799507558
quadratic_z,lofo_anchor,E1@100,E1,E1__R01__day1_1,100.0,110.0,1073.0,6.976220204896325,1071.1335445647887,-0.001993537734373163,0.50905,0.05697175361106174,5,1014.4206768801865,1131.5955118953625,True,1.115509115385486,963.6517519779045,1190.3393743881497,True,1.2352381157871262,908.8448833197381,1266.0600451221014,True,1.3930430465730999
quadratic_z,lofo_anchor,E1@100,E1,E1__R01__day1_1,100.0,120.0,780.0,6.6903267956392085,804.3486586727462,0.031032875955570915,0.3541,0.05697175361106174,5,760.7986531107712,850.5755580487096,True,1.1180035014137533,721.6573467173764,894.443780316038,True,1.239430020888196,679.2737865857388,951.8865825713308,True,1.4013297750761688
quadratic_z,lofo_anchor,E1@100,E1,E1__R01__day1_1,100.0,130.0,599.0,6.456598870719822,637.3365797193,0.06133727260437283,0.2369,0.05697175361106174,5,601.2842757048641,675.1246462040983,False,1.122804426263557,569.4944266357347,712.143133029741,True,1.250483059573906,533.223278667402,758.6490383461281,True,1.4227605370907583
quadratic_z,lofo_anchor,E1@110,E1,E1__R01__day1_1,110.0,80.0,3636.0,8.230008710581789,3749.8931000106686,0.03136925528441914,0.3572,0.056815169222506165,5,3540.263697218589,3973.260710161415,True,1.1223064296829104,3354.975063962603,4191.454680348679,True,1.2493251366816716,3144.7365915560777,4471.6854925223315,True,1.4219586799508868
quadratic_z,lofo_anchor,E1@110,E1,E1__R01__day1_1,110.0,90.0,2288.0,7.737611546051744,2296.034362089845,0.0021781935520550633,0.48285,0.056815169222506165,5,2170.920840401082,2422.8069626468355,True,1.1160273177898172,2060.6593874059367,2546.9118184611775,True,1.2359693377891823,1942.1425325045573,2706.3019906622926,True,1.393462089094093
quadratic_z,lofo_anchor,E1@110,E1,E1__R01__day1_1,110.0,100.0,1512.0,7.323739021398123,1515.6446341892881,0.0025504646586451685,0.48805,0.056815169222506165,5,1436.1703796866389,1600.7511774606287,True,1.1145969866123404,1366.8578783714695,1683.8336353945647,True,1.2319010352420496,1284.036758426112,1791.2667797753224,True,1.3950276485627557
quadratic_z,lofo_anchor,E1@110,E1,E1__R01__day1_1,110.0,120.0,780.0,6.692497057599048,807.0268519707105,0.033203137915410075,0.3373,0.056815169222506165,5,764.7210328609934,851.6951058000753,True,1.1137330728483985,726.9071994211973,894.974862882169,True,1.2312092432084814,683.5752677005331,950.3729864598829,True,1.3902975010445098
quadratic_z,lofo_anchor,E1@110,E1,E1__R01__day1_1,110.0,130.0,599.0,6.458928379139872,638.9374697380441,0.06366678102442247,0.22275,0.056815169222506165,5,603.6802749148338,675.2235095468649,False,1.1185117977262455,572.7477928245038,712.0684439187162,True,1.2432495643626196,537.4587328078832,756.9027009115207,True,1.408299195283666
quadratic_z,lofo_anchor,E1@120,E1,E1__R01__day1_1,120.0,80.0,3636.0,8.197236310022381,3630.8216848198263,-0.0014031452749883044,0.50725,0.05703753807629561,5,3427.200114304291,3843.8465010508858,True,1.1215704869428589,3247.4708955787596,4061.309740857973,True,1.25060697122404,3042.2347414225055,4317.904963045231,True,1.4193201149975168
quadratic_z,lofo_anchor,E1@120,E1,E1__R01__day1_1,120.0,90.0,2288.0,7.7048610962177335,2220.5313920008134,-0.030572256281955035,0.6359,0.05703753807629561,5,2096.6844022394444,2350.0918230107977,True,1.1208610225271347,1992.8487939212557,2472.950711680754,True,1.240912365867367,1876.4226552921912,2625.921965127282,True,1.3994298980143047
quadratic_z,lofo_anchor,E1@120,E1,E1__R01__day1_1,120.0,100.0,1512.0,7.290946612055067,1467.4295126230893,-0.030241944684410882,0.64185,0.05703753807629561,5,1387.6348408125602,1550.4585753057638,True,1.1173390359655848,1317.6088507664733,1630.9435332851722,True,1.2378055386744156,1239.4059982642582,1732.1207283395097,True,1.397541024301383
quadratic_z,lofo_anchor,E1@120,E1,E1__R01__day1_1,120.0,110.0,1073.0,6.945378888225666,1037.5748903900267,-0.03283485440503231,0.6617,0.05703753807629561,5,982.7300818759927,1096.6564754370481,True,1.1159284687241633,934.943506001069,1156.4403232509012,True,1.2369093061004468,878.8833177627912,1228.093635640764,True,1.3973341066102973
quadratic_z,lofo_anchor,E1@120,E1,E1__R01__day1_1,120.0,130.0,599.0,6.4257173968425665,618.0199719214321,0.030455798727117234,0.349,0.05703753807629561,5,584.8550275922538,653.095788710996,True,1.1166797888353248,555.8288692738683,686.9880392659949,True,1.235970416872143,522.9371521845035,728.972821012522,True,1.39399699938574
quadratic_z,lofo_anchor,E1@130,E1,E1__R01__day1_1,130.0,80.0,3636.0,8.167522098395956,3525.8382617293482,-0.031117356901413373,0.64435,0.05695218483408412,5,3330.5874757938914,3732.0629540064224,True,1.120541940762818,3154.324406749636,3939.644617147419,True,1.2489662156236536,2962.163762224392,4190.288347838079,True,1.4146038788522095
quadratic_z,lofo_anchor,E1@130,E1,E1__R01__day1_1,130.0,90.0,2288.0,7.675178139124495,2155.3430288023674,-0.060255213375193684,0.75815,0.05695218483408412,5,2033.3912491898334,2282.8161905218935,False,1.1226645100550319,1927.9064579052063,2408.496127871156,True,1.2492805955368504,1808.0427043880543,2559.06765614976,True,1.4153800958013851
quadratic_z,lofo_anchor,E1@130,E1,E1__R01__day1_1,130.0,100.0,1512.0,7.261301912462649,1424.244697957739,-0.05988664427682888,0.75705,0.05695218483408412,5,1343.388902705544,1508.9079110105483,False,1.1232100458561582,1273.3298601596914,1593.3515679853394,True,1.2513266340785516,1192.9910234907395,1701.719055854534,True,1.4264307294410612
quadratic_z,lofo_anchor,E1@130,E1,E1__R01__day1_1,130.0,110.0,1073.0,6.915778239031494,1008.8705797039204,-0.0624355035992048,0.76555,0.05695218483408412,5,951.4327594660898,1068.259902569143,False,1.1227907510443642,902.5525911910553,1126.1934874350582,True,1.2477871078391949,849.4054239856907,1195.395185150426,True,1.4073317068558817
quadratic_z,lofo_anchor,E1@130,E1,E1__R01__day1_1,130.0,120.0,780.0,6.629914852371544,757.4731465499541,-0.029379067312093277,0.64165,0.05695218483408412,5,717.2374059117859,800.6625151355198,True,1.1163144985692428,681.2856061677024,843.162818665394,True,1.2376055079282628,638.5934954423526,897.9339568299307,True,1.406111968315514
quadratic_z,lofo_anchor,E2@80,E2,E2__R01__day1_0,80.0,90.0,5527.0,8.684201519297126,5910.269756977316,0.06680106746386372,0.0028,0.011701646951532318,2,5838.001607545539,5980.487738310698,False,1.0244066617900547,5768.772684253279,6052.306162947154,False,1.049149705528842,5678.640095331399,6150.114004766906,False,1.0830258480059551
quadratic_z,lofo_anchor,E2@80,E2,E2__R01__day1_0,80.0,100.0,3705.0,8.273321262063789,3917.2969208001828,0.05588272433360153,0.0076,0.011701646951532318,2,3867.3768529606978,3970.388164490645,False,1.0266359642327294,3818.1410269378334,4020.4966078517314,False,1.052998456444179,3753.65841439937,4094.6087894145335,False,1.09083148687884
quadratic_z,lofo_anchor,E2@80,E2,E2__R01__day1_0,80.0,110.0,2622.0,7.9154059178501734,2738.723999534299,0.043713253526528106,0.0246,0.011701646951532318,2,2702.871326551408,2774.511513763039,False,1.0265052155860623,2668.1443001499742,2810.9039252431835,False,1.0535052115004369,2622.6030839182945,2859.581016267619,False,1.0903598160935846
quadratic_z,lofo_anchor,E2@80,E2,E2__R01__day1_0,80.0,120.0,1955.0,7.60407008615135,2006.2632187099039,0.025924613731883817,0.0984,0.011701646951532318,2,1980.2672037756247,2032.7244536771784,False,1.0264899856956362,1955.399173157007,2059.507099268426,False,1.0532412652825949,1921.7192290518597,2095.598041065366,True,1.090480861816268
quadratic_z,lofo_anchor,E2@80,E2,E2__R01__day1_0,80.0,130.0,1536.0,7.333788699618956,1531.1731828204151,-0.003148214088661838,0.56635,0.011701646951532318,2,1511.3350581509087,1551.5790621056094,True,1.0266281151473706,1491.6082490942267,1571.9543356109966,True,1.0538654077339409,1467.2759930398004,1599.3519819816229,True,1.0900144141717991
quadratic_z,lofo_anchor,E2@80,E2,E2__R02__day1_0,80.0,90.0,11540.0,9.369306214842027,11722.78797533348,0.015731674779935645,0.1891,0.011701646951532318,2,11584.529906410931,11860.916217660137,False,1.0238582241560144,11447.939667604578,12004.810328857264,True,1.0486437452870685,11269.571563091551,12208.427912966594,True,1.0833089656176322
quadratic_z,lofo_anchor,E2@80,E2,E2__R02__day1_0,80.0,100.0,7544.0,8.958425957608691,7774.425547303183,0.029918133295398164,0.07385,0.011701646951532318,2,7672.645901106078,7874.1554856843195,False,1.0262633760472633,7573.181647031646,7977.1082978357645,False,1.0533364535053031,7442.944653837362,8116.59798821463,True,1.090508980747284
quadratic_z,lofo_anchor,E2@80,E2,E2__R02__day1_0,80.0,110.0,5710.0,8.600510613395075,5435.078560903027,-0.04946368925498135,0.98395,0.011701646951532318,2,5363.2218119353065,5506.034064202086,False,1.0266280711994726,5293.549098540361,5580.414653349706,False,1.0541915356728147,5203.695166254805,5679.262766711245,False,1.0913903649738028
quadratic_z,lofo_anchor,E2@80,E2,E2__R02__day1_0,80.0,120.0,4017.0,8.289174781696254,3980.5424958256217,-0.0091158526630295,0.6809,0.011701646951532318,2,3929.9521870938725,4033.5634179139865,True,1.0263645016243144,3879.4611273544347,4085.9441737700417,True,1.0532246720967704,3811.7203578718572,4158.965652499236,True,1.091099362499208
quadratic_z,lofo_anchor,E2@80,E2,E2__R02__day1_0,80.0,130.0,3302.0,8.018893395163857,3038.1012774090223,-0.08339022931621543,0.99905,0.011701646951532318,2,2998.316544012002,3078.430306394879,False,1.0267195812072858,2960.948718775393,3117.9699472006473,False,1.0530307152668947,2909.4926816624134,3174.13328256245,False,1.09095764446083
quadratic_z,lofo_anchor,E2@80,E2,E2__R02__day1_1,80.0,90.0,15300.0,9.63360340795256,15268.737565686335,-0.002004699427967438,0.5442,0.011701646951532318,2,15086.471701593186,15452.342762007615,True,1.0242515988927876,14910.547744999307,15638.25049908625,True,1.0488045621483624,14672.771268011991,15876.141016471754,True,1.082013801379377
quadratic_z,lofo_anchor,E2@80,E2,E2__R02__day1_1,80.0,100.0,10330.0,9.222723150719224,10123.85159013607,-0.02008441139446049,0.84475,0.011701646951532318,2,9995.396460884014,10256.757598376269,False,1.0261481511528896,9870.627855913674,10390.460153220125,True,1.0526645624670177,9696.1877061594,10566.118608725388,True,1.0897188595073684
quadratic_z,lofo_anchor,E2@80,E2,E2__R02__day1_1,80.0,110.0,6671.0,8.864807806505606,7076.742086588921,0.05928275379609005,0.00795,0.011701646951532318,2,6985.5144133266895,7169.639772159593,False,1.0263581674789242,6894.693134359218,7264.7244076734305,False,1.0536689981850227,6773.880285034748,7388.9723191698395,False,1.0908034993612137
quadratic_z,lofo_anchor,E2@80,E2,E2__R02__day1_1,80.0,120.0,4863.0,8.553471974806785,5184.625127466968,0.06406116440299847,0.00555,0.011701646951532318,2,5118.329369144849,5252.781986951273,False,1.0262688483115123,5055.158010341503,5318.503439875384,False,1.0520944012027216,4967.2775878143,5413.039257687201,False,1.0897396334294747
quadratic_z,lofo_anchor,E2@80,E2,E2__R02__day1_1,80.0,130.0,3845.0,8.28319058827439,3956.9865416604453,0.028661706334645487,0.0794,0.011701646951532318,2,3906.373282977284,4009.433236624172,False,1.0263825154897486,3856.7293850207716,4060.655758365521,False,1.0528754685606885,3789.0720626662455,4133.061772901894,True,1.090784684098511
quadratic_z,lofo_anchor,E2@80,E2,E2__R03__day1_0,80.0,90.0,15560.0,9.745083874864639,17066.68587723724,0.0926250771322561,0.0003,0.011701646951532318,2,16866.37164912598,17272.483681857553,False,1.0240782096576544,16668.491688432492,17479.817280194602,False,1.0486742056166454,16404.743833168177,17769.107311555992,False,1.0831688377619926
quadratic_z,lofo_anchor,E2@80,E2,E2__R03__day1_0,80.0,100.0,10360.0,9.334203617631301,11315.788017829993,0.08849610181782808,0.0006,0.011701646951532318,2,11172.000737975468,11464.419912549442,False,1.0261742888702103,11032.917996964949,11615.535621629686,False,1.0528072106422808,10856.742250801448,11810.12413903826,False,1.0878147298897543
quadratic_z,lofo_anchor,E2@80,E2,E2__R03__day1_0,80.0,110.0,7895.0,8.976288273417687,7912.47721867667,0.0023033467279436337,0.45495,0.011701646951532318,2,7808.327205647277,8017.062158773003,True,1.0267323522219665,7709.496900882472,8123.05402341615,True,1.0536425564275587,7582.1707564933695,8274.117558379297,True,1.0912597228561944
quadratic_z,lofo_anchor,E2@80,E2,E2__R03__day1_0,80.0,120.0,6977.0,8.664952441718864,5795.39234160601,-0.18542186222037316,0.99995,0.011701646951532318,2,5720.9627467762875,5871.877319999671,False,1.0263792266971887,5651.324057342989,5949.548047600999,False,1.0527706405139723,5558.833187906207,6053.914635809502,False,1.0890621163053416
quadratic_z,lofo_anchor,E2@80,E2,E2__R03__day1_0,80.0,130.0,5128.0,8.39467105518647,4422.93986772641,-0.1477999434140358,1.0,0.011701646951532318,2,4365.650063978916,4481.408809701967,False,1.0265158095648068,4310.616584915397,4540.903328646342,False,1.0534231563384255,4240.981691745125,4621.20351795645,False,1.0896542012787767
quadratic_z,lofo_anchor,E2@90,E2,E2__R01__day1_0,90.0,80.0,9462.0,9.088952741003359,8856.20938387956,-0.066086315187734,0.99725,0.011726811511724791,2,8750.150194047656,8963.230420496226,False,1.024351607883659,8646.184502618376,9067.234579654973,False,1.0486977899799717,8518.421434768334,9215.806496619258,False,1.0818678750741908
quadratic_z,lofo_anchor,E2@90,E2,E2__R01__day1_0,90.0,100.0,3705.0,8.206809290726142,3665.7698125055026,-0.010629247004045439,0.73675,0.011726811511724791,2,3623.6622695225133,3707.5877333594935,True,1.0231603989540778,3582.953740249511,3750.3569239351027,True,1.0467221169520133,3528.1681181510444,3806.8537323963747,True,1.0789887570299164
quadratic_z,lofo_anchor,E2@90,E2,E2__R01__day1_0,90.0,110.0,2622.0,7.848835638355382,2562.2906779030986,-0.022857025968263223,0.8965,0.011726811511724791,2,2532.862023928768,2592.3029293949153,False,1.0234678813550007,2504.3390792680975,2622.9426694367676,True,1.0473592378725858,2465.6116898215664,2662.4814070675066,True,1.0798461972169622
quadratic_z,lofo_anchor,E2@90,E2,E2__R01__day1_0,90.0,120.0,1955.0,7.537414154298578,1876.838017961562,-0.04073131812088793,0.9774,0.011726811511724791,2,1854.6710149441099,1899.894216529624,False,1.0243834088208237,1833.1430720561136,1922.5364686996181,False,1.048765095319722,1804.5502786041952,1952.4299966552687,False,1.0819482392950877
quadratic_z,lofo_anchor,E2@90,E2,E2__R01__day1_0,90.0,130.0,1536.0,7.267024005569248,1432.1413132373993,-0.06991290813836937,0.99685,0.011726811511724791,2,1413.8780104491561,1451.0104149447159,False,1.026262806423988,1395.9174546267254,1469.30658552934,False,1.052574119378885,1372.2328685619145,1495.2907890703286,False,1.0896771410506858
quadratic_z,lofo_anchor,E2@90,E2,E2__R02__day1_0,90.0,80.0,18780.0,9.824905738131397,18488.356298826184,-0.015642014630856238,0.80735,0.011726811511724791,2,18272.655695404428,18713.244210315344,False,1.0241119037240833,18057.3741787282,18934.259252888467,True,1.048561051317929,17764.38605566307,19232.55529308018,True,1.0826467761293148
quadratic_z,lofo_anchor,E2@90,E2,E2__R02__day1_0,90.0,100.0,7544.0,8.942762287854178,7651.245720667191,0.014254463540884998,0.2012,0.011726811511724791,2,7566.806473278318,7740.599298911084,False,1.0229677904736303,7479.372666875245,7826.389046054491,True,1.0463964552423115,7370.568170421957,7948.083594507625,True,1.0783542612634984
quadratic_z,lofo_anchor,E2@90,E2,E2__R02__day1_0,90.0,110.0,5710.0,8.584788635483417,5350.04547059268,-0.06518566716663976,0.99775,0.011726811511724791,2,5287.610395515352,5412.572653655779,False,1.0236330305739645,5226.2103670159195,5474.493347183861,False,1.0475072686960567,5144.906430856627,5558.989216269054,False,1.0804840264788804
quadratic_z,lofo_anchor,E2@90,E2,E2__R02__day1_0,90.0,120.0,4017.0,8.273367151426614,3917.5572785839026,-0.024923482932669216,0.91185,0.011726811511724791,2,3871.655044907814,3964.653871183733,False,1.0240204318817698,3826.1861734642844,4011.6335228379057,False,1.0484679367302494,3767.2987113577014,4076.3858654437104,True,1.0820447694137365
quadratic_z,lofo_anchor,E2@90,E2,E2__R02__day1_0,90.0,130.0,3302.0,8.002977002697284,2990.1232703709634,-0.09930662178278915,0.9994,0.011726811511724791,2,2951.3008035463718,3029.3672291389926,False,1.0264515313040319,2912.813255929336,3067.6285477397882,False,1.0531497484417547,2863.6075950074046,3121.4344603604145,False,1.0900356828926288
quadratic_z,lofo_anchor,E2@90,E2,E2__R02__day1_1,90.0,80.0,24470.0,10.10664981610403,24504.357657074368,0.0014466596673123888,0.46735,0.011726811511724791,2,24219.09437833023,24800.651135099968,True,1.0240123246429098,23935.1948411799,25095.647701754155,True,1.0484831173622924,23572.162687009277,25501.50028407642,True,1.0818481368334698
quadratic_z,lofo_anchor,E2@90,E2,E2__R02__day1_1,90.0,100.0,10330.0,9.22450636582681,10140.571157682964,-0.01830119628687399,0.8531,0.011726811511724791,2,10026.767059236885,10259.004806644818,False,1.023161777473826,9917.919797301613,10375.93728195161,True,1.0461808014191254,9771.811407991534,10531.087126886614,True,1.077700611196214
quadratic_z,lofo_anchor,E2@90,E2,E2__R02__day1_1,90.0,110.0,6671.0,8.866532713456051,7090.1499791277365,0.06100766074653485,0.0037,0.011726811511724791,2,7007.988949471484,7174.193104068626,False,1.0237163836580643,6927.5001205999115,7255.503096817888,False,1.0473479567676387,6826.064092906499,7370.394637758576,False,1.0797429583788605
quadratic_z,lofo_anchor,E2@90,E2,E2__R02__day1_1,90.0,120.0,4863.0,8.555111229399246,5193.153285586296,0.0657004189954602,0.00265,0.011726811511724791,2,5131.98679785409,5256.231021667626,False,1.0242097707393731,5070.754821643891,5320.023184547162,False,1.0491580389253488,4990.322044263354,5399.296492064915,False,1.0819535180643702
quadratic_z,lofo_anchor,E2@90,E2,E2__R02__day1_1,90.0,130.0,3845.0,8.284721080669915,3963.6431621979427,0.03019219873016965,0.0714,0.011726811511724791,2,3910.794887842936,4014.875679212701,False,1.0266137177619081,3862.152346153269,4065.50923918391,False,1.0526537730271532,3796.511472784247,4134.451641049669,True,1.089013340454253
quadratic_z,lofo_anchor,E2@90,E2,E2__R03__day1_0,90.0,80.0,27350.0,10.123374216068862,24920.67528280112,-0.0930975917812642,0.9995,0.011726811511724791,2,24623.64690988097,25214.324332303564,False,1.0239882185033107,24337.923985126334,25510.91392178865,False,1.048195973386192,23944.247741076622,25925.768982667396,False,1.0827556272812635
quadratic_z,lofo_anchor,E2@90,E2,E2__R03__day1_0,90.0,100.0,10360.0,9.241230765791645,10315.572124391618,-0.004476750021828124,0.60225,0.011726811511724791,2,10196.978608549285,10432.820019436227,True,1.0231285579719869,10081.42884938519,10550.633059197722,True,1.0465414393953838,9929.769703871692,10709.803277568912,True,1.0785550518249258
quadratic_z,lofo_anchor,E2@90,E2,E2__R03__day1_0,90.0,110.0,7895.0,8.883257113420886,7209.357023034947,-0.09072781326885782,0.99985,0.011726811511724791,2,7127.424969062455,7294.670966443796,False,1.0234651361616987,7045.83783461882,7381.033389408571,False,1.0475735551480918,6934.130696066598,7495.304876451556,False,1.0809292764994012
quadratic_z,lofo_anchor,E2@90,E2,E2__R03__day1_0,90.0,120.0,6977.0,8.571835629364081,5282.032843409337,-0.2785386745751559,1.0,0.011726811511724791,2,5219.3876640231465,5344.3581213769785,False,1.023943509353644,5157.324616892347,5408.778793674089,False,1.0487567092360497,5071.365157354147,5494.825559765441,False,1.0835002783811023
quadratic_z,lofo_anchor,E2@90,E2,E2__R03__day1_0,90.0,130.0,5128.0,8.301445480634749,4029.6675446818554,-0.2410255179657561,1.0,0.011726811511724791,2,3977.530567596058,4083.5524985665106,False,1.0266552146284398,3926.7236925616317,4135.552742737392,False,1.0531814985025159,3858.6816775992897,4205.045426199557,False,1.089762197957661
quadratic_z,lofo_anchor,E2@100,E2,E2__R01__day1_0,100.0,80.0,9462.0,9.100039370416596,8955.11198835149,-0.05499968577449721,0.9908,0.0116950904634721,2,8843.012788630844,9071.961923531931,False,1.0258903996153255,8730.308440949617,9184.061482054223,False,1.051974457050827,8581.706819291372,9345.112517426554,False,1.0889573268127821
quadratic_z,lofo_anchor,E2@100,E2,E2__R01__day1_0,100.0,90.0,5527.0,8.62881056908095,5589.996024431723,0.011410117247686813,0.24885,0.0116950904634721,2,5527.284236101675,5654.757447345807,False,1.0230625395400395,5466.309475890244,5719.024230659696,True,1.0462313295440144,5386.444614876045,5801.391982879173,True,1.0770354840105743
quadratic_z,lofo_anchor,E2@100,E2,E2__R01__day1_0,100.0,110.0,2622.0,7.859968233811087,2591.2052254139717,-0.011724430512558115,0.7603,0.0116950904634721,2,2562.2647772676614,2620.642215873374,False,1.022783530852719,2534.8957292973187,2649.417155948837,True,1.0451779634672642,2497.3112596282804,2689.787601294226,True,1.0770734288422643
quadratic_z,lofo_anchor,E2@100,E2,E2__R01__day1_0,100.0,120.0,1955.0,7.548573768966037,1897.8001047409682,-0.02957170345342952,0.9425,0.0116950904634721,2,1875.8358220841862,1920.0501961208508,False,1.0235704924258986,1854.3526078906293,1942.416484499852,False,1.0474903619918314,1825.2525801725744,1972.4018984895006,True,1.080618605838658
quadratic_z,lofo_anchor,E2@100,E2,E2__R01__day1_0,100.0,130.0,1536.0,7.278214961042437,1447.8967617661579,-0.058721952665180766,0.99345,0.0116950904634721,2,1428.9137690733976,1467.335124920958,False,1.026888505576145,1410.5112325611062,1486.4216082426735,False,1.0538176328760847,1386.411240901142,1511.9882907736123,False,1.0905770569133928
quadratic_z,lofo_anchor,E2@100,E2,E2__R02__day1_0,100.0,80.0,18780.0,9.810523739057823,18225.95680240221,-0.03002401370443053,0.92955,0.0116950904634721,2,17991.497835188275,18463.15324964016,False,1.026215461256895,17764.498075730822,18697.495395679685,False,1.0525203310541875,17459.80364623856,19018.17265646344,True,1.0892546698576766
quadratic_z,lofo_anchor,E2@100,E2,E2__R02__day1_0,100.0,90.0,11540.0,9.339294937722176,11376.573185145717,-0.014279602339914987,0.8,0.0116950904634721,2,11246.337049483282,11505.93275485172,False,1.0230826894326777,11123.379757360146,11639.486026277506,True,1.0463983321773997,10960.171039626373,11818.797072777183,True,1.0783405687782113
quadratic_z,lofo_anchor,E2@100,E2,E2__R02__day1_0,100.0,110.0,5710.0,8.57045260245231,5272.681664416997,-0.07952170019774663,0.999,0.0116950904634721,2,5214.285541911686,5333.304498916371,False,1.0228255541527267,5156.968366229802,5392.094409927273,False,1.0455938503011157,5078.28640088896,5470.226081659421,False,1.0771795148658514
quadratic_z,lofo_anchor,E2@100,E2,E2__R02__day1_0,100.0,120.0,4017.0,8.259058137607264,3863.0921864107722,-0.03923249675201923,0.9767,0.0116950904634721,2,3816.783303558757,3908.461008459925,False,1.0240196253257785,3772.0804187260132,3954.155529624668,False,1.048269148768612,3712.8513302648535,4013.240664412677,False,1.0809052955337146
quadratic_z,lofo_anchor,E2@100,E2,E2__R02__day1_0,100.0,130.0,3302.0,7.988699329683662,2947.6892629251856,-0.11358429479641075,0.9998,0.0116950904634721,2,2909.0753227046566,2987.312598872541,False,1.026894207777042,2871.5503933436985,3025.2415470966907,False,1.0535220117011532,2821.1381547678425,3075.7098743977062,False,1.0902372396047413
quadratic_z,lofo_anchor,E2@100,E2,E2__R02__day1_1,100.0,80.0,24470.0,10.124670962728098,24944.090943963653,0.019467806291380896,0.1582,0.0116950904634721,2,24635.061903054993,25271.937533927594,False,1.0258524063539547,24323.494020238344,25592.38804400853,True,1.052167423920034,23907.02413960418,26015.912136591844,True,1.0882120662393149
quadratic_z,lofo_anchor,E2@100,E2,E2__R02__day1_1,100.0,90.0,15300.0,9.653442161392451,15575.196124681166,0.017834054011924394,0.1533,0.0116950904634721,2,15398.127608301522,15752.887380056063,False,1.0230391500043994,15228.215436160743,15925.919685600371,True,1.0458165470776613,15000.156664709797,16167.30702156863,True,1.0778092111267568
quadratic_z,lofo_anchor,E2@100,E2,E2__R02__day1_1,100.0,110.0,6671.0,8.884599826122587,7219.8108160666025,0.07907477341307079,0.0012,0.0116950904634721,2,7139.646734326235,7301.205960800376,False,1.0226284622315263,7060.473703201899,7382.830804513333,False,1.0456565826688438,6955.467776324619,7493.744226837339,False,1.0773889647429513
quadratic_z,lofo_anchor,E2@100,E2,E2__R02__day1_1,100.0,120.0,4863.0,8.57320536127754,5289.073328975931,0.08379455087375298,0.0007,0.0116950904634721,2,5226.173882868654,5352.135584674736,False,1.024102087804423,5165.313980456021,5413.017809885228,False,1.047955231834201,5087.9163162955,5499.155882381729,False,1.0808267157950529
quadratic_z,lofo_anchor,E2@100,E2,E2__R02__day1_1,100.0,130.0,3845.0,8.302846553353938,4035.176825703103,0.04831767141419263,0.01685,0.0116950904634721,2,3982.6895714102684,4088.5690867082617,False,1.0265849279487032,3930.211487139334,4141.418622005279,False,1.05373938159742,3863.361526849185,4213.547800295693,False,1.090642895057276
quadratic_z,lofo_anchor,E2@100,E2,E2__R03__day1_0,100.0,80.0,27350.0,10.127622214422313,25027.388241050125,-0.08884959342781329,0.9989,0.0116950904634721,2,24706.572368594632,25347.645191118274,False,1.0259474609816186,24400.00039796527,25670.14351960593,False,1.0520550451198591,23994.563144395568,26111.533469535832,False,1.08822708346056
quadratic_z,lofo_anchor,E2@100,E2,E2__R03__day1_0,100.0,90.0,15560.0,9.656393413086667,15620.787554015324,0.003934615354284077,0.4066,0.0116950904634721,2,15444.430985241634,15802.73597887649,True,1.0231996241219403,15271.64178292953,15981.411935747188,True,1.0464763489679958,15042.189993265662,16222.944114586227,True,1.0784961579297418
quadratic_z,lofo_anchor,E2@100,E2,E2__R03__day1_0,100.0,110.0,7895.0,8.887551077816802,7241.7370390408605,-0.08643384887294125,0.99945,0.0116950904634721,2,7159.331549636756,7324.2777683817285,False,1.0230393323177416,7081.2417044731355,7404.253417004519,False,1.0456151231679243,6978.090268830794,7520.29718565138,False,1.077701333163097
quadratic_z,lofo_anchor,E2@100,E2,E2__R03__day1_0,100.0,120.0,6977.0,8.576156612971754,5305.480755679847,-0.2742176909674825,1.0,0.0116950904634721,2,5242.2790461397235,5367.001037244367,False,1.0237915589778621,5180.894928147321,5429.110118345099,False,1.0479097132136859,5100.590260616522,5515.771935302972,False,1.0813987506293568
quadratic_z,lofo_anchor,E2@100,E2,E2__R03__day1_0,100.0,130.0,5128.0,8.305797805048154,4048.0599149994673,-0.23667319355235072,1.0,0.0116950904634721,2,3993.462911543766,4101.016265485551,False,1.0269323532793766,3941.7630667033573,4155.01380468366,False,1.0541003440266776,3872.4795582663733,4226.075633088373,False,1.0913099913122064
quadratic_z,lofo_anchor,E2@110,E2,E2__R01__day1_0,110.0,80.0,9462.0,9.112441451375778,9065.847953995031,-0.04259760481531494,0.9722,0.011683755191720109,2,8947.322982704418,9183.391558349076,False,1.026384268914958,8837.092113615634,9303.8740145623,False,1.0528207576593522,8691.528894343253,9476.253928658873,True,1.0902861905948842
quadratic_z,lofo_anchor,E2@110,E2,E2__R01__day1_0,110.0,90.0,5527.0,8.64116863050341,5659.02430511367,0.023768178670147577,0.09005,0.011683755191720109,2,5593.551956806948,5724.113025047152,False,1.0233413525517219,5533.372121005251,5792.729147864752,False,1.0468714232818277,5452.685305450138,5882.211447845885,True,1.0787733232956653
quadratic_z,lofo_anchor,E2@110,E2,E2__R01__day1_0,110.0,100.0,3705.0,8.230255987569652,3752.731193172437,0.012817449839465311,0.2217,0.011683755191720109,2,3710.67399827924,3795.060265559872,False,1.0227414931410748,3670.17043839911,3838.614249075977,True,1.0458953646714948,3616.8625301093325,3896.355536141463,True,1.0772749872867526
quadratic_z,lofo_anchor,E2@110,E2,E2__R01__day1_0,110.0,120.0,1955.0,7.5609189230040705,1920.8873398248331,-0.01722654941539581,0.84205,0.011683755191720109,2,1899.1418085084656,1943.4414049160598,False,1.0233261129891011,1877.8465818575899,1965.3555386627384,True,1.046600695525714,1850.318978140015,1995.6830105965653,True,1.078561607038519
quadratic_z,lofo_anchor,E2@110,E2,E2__R01__day1_0,110.0,130.0,1536.0,7.290586341870518,1466.3222234878565,-0.046350571837099785,0.9824,0.011683755191720109,2,1447.8554852658654,1485.0437639363868,False,1.0256850763415057,1430.2537014198792,1504.0724494686042,False,1.0516123454009885,1407.4236189226572,1529.6263471984255,False,1.086827254163399
quadratic_z,lofo_anchor,E2@110,E2,E2__R02__day1_0,110.0,80.0,18780.0,9.890212916888586,19732.97260174221,0.04966516412633304,0.01625,0.011683755191720109,2,19475.789852769652,19996.67231958361,False,1.0267451266804402,19226.21974054358,20258.127304283582,False,1.0536718906610618,18878.73484246461,20612.70057925237,False,1.0918475602977107
quadratic_z,lofo_anchor,E2@110,E2,E2__R02__day1_0,110.0,90.0,11540.0,9.41894009601622,12320.110295323668,0.06536555595412885,0.003,0.011683755191720109,2,12176.078660034886,12465.411037758491,False,1.023762361085369,12033.714822767839,12608.770005928105,False,1.0477870043980317,11847.09606755212,12805.265362078218,False,1.0808779880793251
quadratic_z,lofo_anchor,E2@110,E2,E2__R02__day1_0,110.0,100.0,7544.0,9.008027453082459,8169.153293841451,0.07951962876916596,0.0009,0.011683755191720109,2,8077.285872528531,8261.797382734836,False,1.022843256152892,7986.054699939555,8356.012905188183,False,1.046325528580643,7867.951494914636,8481.415486645623,False,1.0779699763181678
quadratic_z,lofo_anchor,E2@110,E2,E2__R02__day1_0,110.0,120.0,4017.0,8.338690388516879,4182.388352405101,0.04039975415759578,0.0203,0.011683755191720109,2,4135.406159873857,4230.034412504943,False,1.022882456758243,4087.1832015605323,4276.394843775626,False,1.046293897993819,4026.558769237589,4341.057661256767,False,1.0781061223846802
quadratic_z,lofo_anchor,E2@110,E2,E2__R02__day1_0,110.0,130.0,3302.0,8.068357807383327,3191.1280622900663,-0.0339258170967458,0.95115,0.011683755191720109,2,3151.7840160080527,3231.641131918242,False,1.0253371155842506,3112.295503259671,3273.043175798039,False,1.0516492320121944,3059.1828858903204,3329.299677387332,True,1.0882970392985833
quadratic_z,lofo_anchor,E2@110,E2,E2__R02__day1_1,110.0,80.0,24470.0,10.045548887881706,23056.860673340037,-0.059654268555011214,0.99395,0.011683755191720109,2,22758.125255155166,23360.975387882616,False,1.0264894461195082,22462.807007565163,23662.0883902312,False,1.0533896490435115,22055.86146872026,24061.436818123475,False,1.0909316261460715
quadratic_z,lofo_anchor,E2@110,E2,E2__R02__day1_1,110.0,90.0,15300.0,9.574276067009336,14390.919028505046,-0.061332040371191,0.9968,0.011683755191720109,2,14224.547285439194,14558.874474133176,False,1.023503538072963,14066.025351582022,14728.247287176722,False,1.0470795351950806,13840.317343983133,14945.30393506135,False,1.079838240960464
quadratic_z,lofo_anchor,E2@110,E2,E2__R02__day1_1,110.0,100.0,10330.0,9.163363424075579,9541.555527088725,-0.0794441380381059,0.9994,0.011683755191720109,2,9435.675010171213,9649.988123136658,False,1.0227130663926456,9331.736886438033,9758.186458252332,False,1.0456988422416909,9197.54112408073,9903.123182963098,False,1.076714205390725
quadratic_z,lofo_anchor,E2@110,E2,E2__R02__day1_1,110.0,120.0,4863.0,8.494026359509997,4886.2182372359375,0.004615549106210537,0.38385,0.011683755191720109,2,4831.5025501712635,4941.731279190615,True,1.0228145857059405,4776.213384986821,4996.620497409949,True,1.0461468311101716,4702.893993172152,5071.519053698268,True,1.0783826003863368
quadratic_z,lofo_anchor,E2@110,E2,E2__R02__day1_1,110.0,130.0,3845.0,8.223693778376445,3728.744575846696,-0.03083510356329988,0.9389,0.011683755191720109,2,3681.6285931037305,3776.286069680876,False,1.0257107620128914,3634.1472322274467,3822.866922337898,False,1.0519295664294759,3574.9536825250625,3885.6676035519463,True,1.0869141109563747
quadratic_z,lofo_anchor,E2@110,E2,E2__R03__day1_0,110.0,80.0,27350.0,10.213916465264532,27279.182144796905,-0.0025553425855946443,0.55465,0.011683755191720109,2,26928.564655024576,27637.682789669732,True,1.0263333060536088,26585.646758489438,28001.793773783298,True,1.0532673524236025,26115.322285918177,28485.747507486976,True,1.0907676036166314
quadratic_z,lofo_anchor,E2@110,E2,E2__R03__day1_0,110.0,90.0,15560.0,9.742643644392162,17032.186635829385,0.09018484665977944,0.00055,0.011683755191720109,2,16835.624328778893,17229.17089023114,False,1.023375822230692,16636.946062858064,17421.981342596904,False,1.0471862610344955,16381.169763972148,17701.062184196166,False,1.0805737587267374
quadratic_z,lofo_anchor,E2@110,E2,E2__R03__day1_0,110.0,100.0,10360.0,9.331731001458405,11291.124671498985,0.08602348564493134,0.0007,0.011683755191720109,2,11166.524635307936,11417.759243844399,False,1.0224989078286786,11040.241541003152,11545.121653984686,False,1.0457308937586576,10875.464813341403,11721.09385253939,False,1.0777556687196135
quadratic_z,lofo_anchor,E2@110,E2,E2__R03__day1_0,110.0,120.0,6977.0,8.662393936892823,5781.373289723311,-0.1879803670464142,1.0,0.011683755191720109,2,5716.353812505234,5848.033585496882,False,1.0230356232855256,5652.898419138167,5914.9787071685005,False,1.0463621081785315,5563.774744040519,6005.496888487777,False,1.0793925284125487
quadratic_z,lofo_anchor,E2@110,E2,E2__R03__day1_0,110.0,130.0,5128.0,8.392061355759271,4412.357088459591,-0.15040964284123426,1.0,0.011683755191720109,2,4357.341412796223,4468.751062703919,False,1.0255682626981029,4303.522037796412,4524.894705451328,False,1.0514398824290134,4229.527049179704,4600.79313943039,False,1.0877795758092366
quadratic_z,lofo_anchor,E2@120,E2,E2__R01__day1_0,120.0,80.0,9462.0,9.130127892786525,9226.432251955444,-0.02491116340456756,0.89485,0.011747370054591384,2,9110.845147365368,9349.095248128675,False,1.0261501646564812,8996.174363602906,9468.2872985157,True,1.052479300181518,8839.379582161719,9632.176951318097,True,1.0896892549739894
quadratic_z,lofo_anchor,E2@120,E2,E2__R01__day1_0,120.0,90.0,5527.0,8.658856887995585,5761.486337763797,0.04145643616232242,0.0214,0.011747370054591384,2,5693.4094042130055,5830.136563359182,False,1.024014988109761,5627.247027096889,5898.368046663639,False,1.0481800458130273,5536.819616216919,5993.770334898797,False,1.0825294574061082
quadratic_z,lofo_anchor,E2@120,E2,E2__R01__day1_0,120.0,100.0,3705.0,8.247962932813948,3819.8604753791988,0.030524395083761036,0.05215,0.011747370054591384,2,3775.3187887273552,3864.5744854932022,False,1.0236418966876,3731.654490249216,3910.5295741069613,False,1.0479345245721823,3675.256361028957,3971.8206742954035,True,1.0806921433865413
quadratic_z,lofo_anchor,E2@120,E2,E2__R01__day1_0,120.0,110.0,2622.0,7.89004069189908,2670.2480021489746,0.018348027575434855,0.1497,0.011747370054591384,2,2639.814337405911,2701.767476663607,False,1.023468748684264,2609.913046105116,2732.6927369147647,True,1.0470435944189322,2571.980383543079,2774.9372312124897,True,1.0789107292450744
quadratic_z,lofo_anchor,E2@120,E2,E2__R01__day1_0,120.0,130.0,1536.0,7.308426337844684,1492.7339453721331,-0.02851057586293404,0.9364,0.011747370054591384,2,1475.701204006223,1510.2750132557587,False,1.0234287328326865,1458.2587451930804,1527.9171160951378,False,1.0477681832059471,1436.844114400133,1552.9939582219986,True,1.0808367746074923
quadratic_z,lofo_anchor,E2@120,E2,E2__R02__day1_0,120.0,80.0,18780.0,9.849764361774918,18954.800594057833,0.009216609012664634,0.311,0.011747370054591384,2,18714.75220720103,19199.17865248718,True,1.0258847373410453,18469.245330561855,19450.886827711,True,1.0531500599824066,18148.82189019605,19786.659791610775,True,1.0902448605933743
quadratic_z,lofo_anchor,E2@120,E2,E2__R02__day1_0,120.0,90.0,11540.0,9.378493356983977,11829.578400670125,0.024918816921886133,0.0913,0.011747370054591384,2,11689.368247712919,11973.578672708685,False,1.0243135829903702,11552.192628444689,12113.712332351517,False,1.0486071970895128,11367.282530068009,12310.836329892794,True,1.0830061008274368
quadratic_z,lofo_anchor,E2@120,E2,E2__R02__day1_0,120.0,100.0,7544.0,8.967599401802339,7844.305270837854,0.0390915774890459,0.02415,0.011747370054591384,2,7752.7160523504535,7937.3904141089215,False,1.0238206017751001,7662.974894743437,8028.908028134362,False,1.0477534036607563,7546.635254512223,8156.926821548272,False,1.0808693605101887
quadratic_z,lofo_anchor,E2@120,E2,E2__R02__day1_0,120.0,110.0,5710.0,8.60967716088747,5485.442964553547,-0.040297141762586364,0.9786,0.011747370054591384,2,5421.431241910745,5548.036544313911,False,1.0233527451984332,5359.90380322765,5612.14728232707,False,1.0470611951930036,5280.422466544449,5699.614706580994,False,1.0793861178139534
quadratic_z,lofo_anchor,E2@120,E2,E2__R02__day1_0,120.0,130.0,3302.0,8.028062806833075,3065.332764352,-0.07422081764699762,0.99875,0.011747370054591384,2,3029.668635547054,3102.674156820886,False,1.024096866705903,2994.849396778828,3138.3159785352364,False,1.0479044395056116,2949.911206083639,3186.5244004199185,False,1.0802102767867416
quadratic_z,lofo_anchor,E2@120,E2,E2__R02__day1_1,120.0,80.0,24470.0,10.040856193858742,22946.223065070728,-0.06434696257797512,0.996,0.011747370054591384,2,22651.339508171484,23245.040069845923,False,1.0262103952598591,22361.94826342185,23541.33309761403,False,1.0527407013154277,21979.77502572544,23945.500851037352,False,1.0894333915161187
quadratic_z,lofo_anchor,E2@120,E2,E2__R02__day1_1,120.0,90.0,15300.0,9.569585189067801,14320.157596432695,-0.06602291831272566,0.99725,0.011747370054591384,2,14152.079508397437,14491.730317997537,False,1.0240000636937179,13988.449411747293,14665.60916487521,False,1.0484084928354709,13769.654923838203,14900.370936738658,False,1.0821165104829857
quadratic_z,lofo_anchor,E2@120,E2,E2__R02__day1_1,120.0,100.0,10330.0,9.158691233886161,9499.521882472289,-0.08411632822752324,0.99945,0.011747370054591384,2,9386.535119104767,9610.27697761806,False,1.0238364695464572,9277.294833393065,9722.662243828805,False,1.0480061718888858,9127.160198531335,9877.602831162194,False,1.0822208240358937
quadratic_z,lofo_anchor,E2@120,E2,E2__R02__day1_1,120.0,110.0,6671.0,8.800768992971294,6640.246423627483,-0.004756059738221907,0.61045,0.011747370054591384,2,6563.354086008123,6716.585268359161,True,1.023346475040513,6488.763982681318,6793.090871433402,True,1.0469005945607421,6388.251074681679,6897.874007313925,True,1.0797750318004902
quadratic_z,lofo_anchor,E2@120,E2,E2__R02__day1_1,120.0,130.0,3845.0,8.2191546389169,3711.0695722606383,-0.03537424302284542,0.96555,0.011747370054591384,2,3668.0869058656663,3754.855555722179,False,1.0236550147483585,3626.204336068935,3799.2116081710014,False,1.0477102932069235,3568.1892854092457,3859.584621514422,True,1.0816647640574244
quadratic_z,lofo_anchor,E2@120,E2,E2__R03__day1_0,120.0,80.0,27350.0,10.401459737212221,32911.10849413023,0.1849879293620944,0.0,0.011747370054591384,2,32485.788635155983,33336.55164802443,False,1.0261887751109653,32067.479680534012,33757.97033500814,False,1.0527166672066313,31512.572392801005,34349.18284357845,False,1.0900151982332442
quadratic_z,lofo_anchor,E2@120,E2,E2__R03__day1_0,120.0,90.0,15560.0,9.930188732421282,20547.722050177403,0.2777299346888995,0.0,0.011747370054591384,2,20304.06685980796,20789.674113088935,False,1.0239167481388782,20074.592914577253,21028.58572693149,False,1.0475223989056082,19750.672454257845,21350.721513081597,False,1.0810123838836088
quadratic_z,lofo_anchor,E2@120,E2,E2__R03__day1_0,120.0,100.0,10360.0,9.519294777239644,13621.583266029498,0.2735872614261705,0.0,0.011747370054591384,2,13462.025075140535,13781.956906993086,False,1.0237655055659753,13305.349315008887,13942.130193526367,False,1.0478590124499152,13098.916659433768,14147.68793994211,False,1.0800654976114399
quadratic_z,lofo_anchor,E2@120,E2,E2__R03__day1_0,120.0,110.0,7895.0,9.161372536324775,9521.188186193942,0.18738760963503154,0.0,0.011747370054591384,2,9414.494246440408,9633.006652561462,False,1.0232102118713038,9310.812401361138,9740.366974844117,False,1.04613502613587,9173.055984301483,9881.184092399239,False,1.0771965318111683
quadratic_z,lofo_anchor,E2@120,E2,E2__R03__day1_0,120.0,130.0,5128.0,8.57975818227038,5322.010858946221,0.037287183669874935,0.03,0.011747370054591384,2,5260.500628636578,5387.30831975663,False,1.0241056317776582,5199.18124455051,5449.999233062835,False,1.04824182437864,5115.156761808529,5538.307776512342,True,1.0827249357953599
quadratic_z,lofo_anchor,E2@130,E2,E2__R01__day1_0,130.0,80.0,9462.0,9.159075996530936,9500.56479381492,0.004036940339842587,0.41375,0.011632383855687862,2,9376.896730781438,9623.764338924817,True,1.0263272183997705,9258.009546943298,9754.023613284218,True,1.0535767503614952,9104.6992094717,9920.598444732232,True,1.089612980779392
quadratic_z,lofo_anchor,E2@130,E2,E2__R01__day1_0,130.0,90.0,5527.0,8.6878464202063,5929.23095374314,0.07044596837303807,0.00355,0.011632383855687862,2,5854.630322447092,6006.8495727589025,False,1.0259998056116695,5781.463260751895,6083.14567637549,False,1.0521809794540424,5682.401489464876,6196.667397327626,False,1.0905015087047603
quadratic_z,lofo_anchor,E2@130,E2,E2__R01__day1_0,130.0,100.0,3705.0,8.276962052014726,3932.0795875912972,0.05952351428453895,0.0075,0.011632383855687862,2,3880.835340383087,3983.3913534308017,False,1.0264262727100375,3830.2550414599136,4036.836987293197,False,1.0539342533583729,3763.7815704273735,4109.915007411605,False,1.0919642732999855
quadratic_z,lofo_anchor,E2@130,E2,E2__R01__day1_0,130.0,110.0,2622.0,7.919022308490626,2748.516716006881,0.0473296441669806,0.0182,0.011632383855687862,2,2714.669510988428,2784.6476712459335,False,1.0257777825161583,2680.9407856476596,2819.0623970932734,False,1.0515198292275023,2632.994235521789,2868.2422821147075,False,1.089346206466836
quadratic_z,lofo_anchor,E2@130,E2,E2__R01__day1_0,130.0,120.0,1955.0,7.607644861985816,2013.3663105607047,0.029499389566349343,0.05975,0.011632383855687862,2,1989.8925709431053,2036.8473112265895,False,1.023596620726731,1966.7298349894766,2060.9647804706956,False,1.0479145349832573,1935.4360416450716,2093.5771553379286,True,1.0817082612342184
quadratic_z,lofo_anchor,E2@130,E2,E2__R02__day1_0,130.0,80.0,18780.0,9.924118358435685,20417.952824534797,0.08357060567343133,0.00115,0.011632383855687862,2,20156.699179667656,20680.969420673977,False,1.026009726906832,19891.035297884464,20947.57148507912,False,1.053116198899261,19554.301197641817,21315.09769856897,False,1.0900465060413154
quadratic_z,lofo_anchor,E2@130,E2,E2__R02__day1_0,130.0,90.0,11540.0,9.452888782111051,12744.079906592531,0.09931424204896011,0.0004,0.011632383855687862,2,12582.441628168623,12908.695853821779,False,1.0259293255867576,12425.720748477966,13071.590314434236,False,1.0519784388390814,12206.841843531163,13295.79335063441,False,1.0892082916336236
quadratic_z,lofo_anchor,E2@130,E2,E2__R02__day1_0,130.0,100.0,7544.0,9.042004413919479,8451.336580061654,0.1134965896061857,0.0003,0.011632383855687862,2,8343.447552844675,8562.59723868493,False,1.0262660829893435,8238.886732542564,8673.806224359027,False,1.052788623746772,8090.741628450562,8822.891701378232,False,1.090492331426468
quadratic_z,lofo_anchor,E2@130,E2,E2__R02__day1_0,130.0,110.0,5710.0,8.684064670395376,5906.486400247918,0.03409036774531948,0.04755,0.011632383855687862,2,5833.750258858055,5982.075284485185,False,1.0254253300270972,5760.511638962142,6054.165198365159,False,1.0509769926367034,5667.903858119568,6155.104873019538,True,1.0859578826839182
quadratic_z,lofo_anchor,E2@130,E2,E2__R02__day1_0,130.0,120.0,4017.0,8.37268722389057,4328.262419027565,0.07439658953128614,0.00195,0.011632383855687862,2,4277.936441643295,4379.563704470471,False,1.0237561413577563,4229.586994391003,4430.3876455499285,False,1.0474752384630492,4162.86310893186,4499.150408253914,False,1.0807826946316141
quadratic_z,lofo_anchor,E2@130,E2,E2__R02__day1_1,130.0,80.0,24470.0,10.076197866358465,23773.676688548236,-0.0290052900782527,0.92425,0.011632383855687862,2,23466.70781524382,24078.29913278962,False,1.0260620843094366,23166.38556611538,24382.580833455107,False,1.0524982744446165,22779.821975054492,24814.05458115916,True,1.089299758722096
quadratic_z,lofo_anchor,E2@130,E2,E2__R02__day1_1,130.0,90.0,15300.0,9.604968290033831,14839.623838249543,-0.030639817346695963,0.93235,0.011632383855687862,2,14655.509179937024,15028.204155309686,False,1.0254303668877551,14467.219645750012,15223.684301380566,False,1.052288184886498,14213.131369529176,15501.450496311185,True,1.0906428775817811
quadratic_z,lofo_anchor,E2@130,E2,E2__R02__day1_1,130.0,100.0,10330.0,9.194083921842257,9837.348344880555,-0.048723640271427726,0.98345,0.011632383855687862,2,9710.233404382205,9966.388099349366,False,1.0263798700092583,9588.364717678896,10093.679423982509,False,1.052700822421984,9419.667346376043,10272.74677057687,False,1.0905636465526596
quadratic_z,lofo_anchor,E2@130,E2,E2__R02__day1_1,130.0,110.0,6671.0,8.836144178318156,6878.194031441537,0.030619125608639663,0.06245,0.011632383855687862,2,6790.535475474971,6965.278623964974,False,1.025733338574125,6709.135939352305,7051.071581254033,False,1.0509656750128002,6599.736107931677,7171.082520830589,True,1.086571099746285
quadratic_z,lofo_anchor,E2@130,E2,E2__R02__day1_1,130.0,120.0,4863.0,8.524766731813349,5037.179628972502,0.035355921409562896,0.0344,0.011632383855687862,2,4979.771402393098,5096.861227888499,False,1.02351309247632,4922.686969613073,5155.960425616637,False,1.0473874242753036,4843.332341575624,5236.8110553398365,True,1.0812413202345323
quadratic_z,lofo_anchor,E2@130,E2,E2__R03__day1_0,130.0,80.0,27350.0,10.36379131983924,31699.72726515995,0.14731951198911375,0.0,0.011632383855687862,2,31296.099592399063,32110.87834122142,False,1.0260345141865617,30893.028983181273,32511.45780913094,False,1.0523881561380974,30345.167669621387,33050.48196556113,False,1.0891514037883547
quadratic_z,lofo_anchor,E2@130,E2,E2__R03__day1_0,130.0,90.0,15560.0,9.892561743514607,19787.124909695216,0.24010294578222435,0.0,0.011632383855687862,2,19528.924067896616,20042.45863248907,False,1.0262961012499734,19280.778972566215,20299.542091660922,False,1.0528382759090937,18938.38031197743,20646.41532952822,False,1.0901890758034125
quadratic_z,lofo_anchor,E2@130,E2,E2__R03__day1_0,130.0,100.0,10360.0,9.48167737532303,13117.803458515016,0.23596985950955762,0.0,0.011632383855687862,2,12948.502558876493,13290.349027805052,False,1.026400463480174,12781.993039363637,13458.435078453653,False,1.052921483919357,12562.946963877925,13692.971266128558,False,1.0899489829496039
quadratic_z,lofo_anchor,E2@130,E2,E2__R03__day1_0,130.0,110.0,7895.0,9.123737631798932,9173.03543492196,0.14975270510918826,5e-05,0.011632383855687862,2,9058.102666162315,9286.372299816254,False,1.0252006012811787,8945.125398923617,9401.950266879268,False,1.051069699706012,8791.58547508005,9556.581160187301,False,1.0870145308005763
quadratic_z,lofo_anchor,E2@130,E2,E2__R03__day1_0,130.0,120.0,6977.0,8.812360185294123,6718.082435790202,-0.038014118645113726,0.97565,0.011632383855687862,2,6639.224917973338,6795.504595224226,False,1.023538843642398,6562.165770230811,6871.149371280795,False,1.0470856134801843,6456.912266511676,6975.926678815923,False,1.080381208677107
quadratic_z,lofo_anchor,E3@80,E3,E3__R03__day1_0,80.0,90.0,11550.0,9.338654319811397,11379.46843789444,-0.015786396138542713,0.5742,0.05603142635727764,5,10774.616186184066,12001.702445284185,True,1.113886772196449,10217.862567023069,12626.71228707428,True,1.2357488862519532,9605.564277409263,13451.577491351301,True,1.4003943030173915
quadratic_z,lofo_anchor,E3@80,E3,E3__R03__day1_0,80.0,100.0,7546.0,8.926471053044745,7530.653951670287,-0.002301847479511565,0.50945,0.05603142635727764,5,7110.069542043783,7965.14506545036,True,1.12026261042178,6744.986217694501,8405.193121089751,True,1.2461394063400657,6332.447048362821,8946.830234338679,True,1.4128551199890056
quadratic_z,lofo_anchor,E3@80,E3,E3__R03__day1_0,80.0,110.0,5376.0,8.582279724379259,5337.31508898513,-0.00742015782372718,0.5327,0.05603142635727764,5,5041.860262112673,5653.581300410414,True,1.1213284396028487,4775.8618928480355,5960.861717395898,True,1.2481227160949582,4467.129253069506,6350.726293938236,True,1.4216571614923499
quadratic_z,lofo_anchor,E3@80,E3,E3__R03__day1_0,80.0,120.0,3839.0,8.29743583041947,4013.2888225900065,0.04446863541867252,0.29965,0.05603142635727764,5,3790.7792482995274,4246.090260146796,True,1.120110136207882,3593.1986413133022,4479.513874479428,True,1.2466646911683625,3370.7492859895474,4787.0104058606075,True,1.42016210631794
quadratic_z,lofo_anchor,E3@80,E3,E3__R03__day1_0,80.0,130.0,2959.0,8.064486983002917,3178.1014015309092,0.07188033060270715,0.19745,0.05603142635727764,5,3005.624034061618,3368.5278730911527,False,1.1207415947293742,2849.2682385650314,3549.828072032062,True,1.2458735979943578,2672.12598629156,3782.4964707693366,True,1.4155382231878877
quadratic_z,lofo_anchor,E3@90,E3,E3__R03__day1_0,90.0,80.0,18570.0,9.843901924850174,18859.323597209735,0.014599270503422801,0.429,0.05596669633341458,5,17835.180462587305,19910.15722689665,True,1.116341786878019,16972.608190974497,20927.58200117142,True,1.2330209809650856,15965.40970677369,22241.960039020778,True,1.3931343102071547
quadratic_z,lofo_anchor,E3@90,E3,E3__R03__day1_0,90.0,100.0,7546.0,8.941296759639302,7637.659908398788,0.01252385911504561,0.4418,0.05596669633341458,5,7236.423092554067,8068.765323722757,True,1.1150212225740546,6882.628440140477,8477.398843899646,True,1.2317095013379247,6501.023140527174,8982.6888228222,True,1.3817346329417595
quadratic_z,lofo_anchor,E3@90,E3,E3__R03__day1_0,90.0,110.0,5376.0,8.596952899168587,5413.928359391044,0.007253016965600878,0.46465,0.05596669633341458,5,5128.602562221678,5715.9788213221855,True,1.1145294945307789,4875.165979531276,6008.654619791008,True,1.2325025742751659,4587.909527821683,6373.062494432462,True,1.3890994266093042
quadratic_z,lofo_anchor,E3@90,E3,E3__R03__day1_0,90.0,120.0,3839.0,8.311925573576344,4070.2034606738657,0.05895837857554653,0.2368,0.05596669633341458,5,3851.853689878334,4300.498442186778,False,1.116475024346684,3668.853299535037,4523.500999826541,True,1.2329468175791647,3456.3740151929433,4786.110410562676,True,1.3847200533057773
quadratic_z,lofo_anchor,E3@90,E3,E3__R03__day1_0,90.0,130.0,2959.0,8.078767499514315,3226.1107399449234,0.08616084711410554,0.1545,0.05596669633341458,5,3048.223287599673,3413.0798131958786,False,1.1196948160196993,2890.713147170984,3598.865083253451,True,1.2449748211009815,2714.190368755717,3820.1331001238204,True,1.4074668984530763
quadratic_z,lofo_anchor,E3@100,E3,E3__R03__day1_0,100.0,80.0,18570.0,9.830547197169482,18601.900801633565,0.0012445428227305655,0.49185,0.05610029300365686,5,17582.409344061325,19670.95475439561,True,1.118786075870752,16679.813183889306,20752.541253579453,True,1.244171084219571,15641.416878840842,22072.74688350828,True,1.4111731088356523
quadratic_z,lofo_anchor,E3@100,E3,E3__R03__day1_0,100.0,90.0,11550.0,9.340261118502735,11385.475691991265,-0.014179597447204983,0.5717,0.05610029300365686,5,10784.012783926197,12021.299633318064,True,1.1147334368182564,10261.063298127068,12634.346852369741,True,1.231290216743509,9664.634761793825,13372.553940654467,True,1.3836584899740616
quadratic_z,lofo_anchor,E3@100,E3,E3__R03__day1_0,100.0,110.0,5376.0,8.583819302285667,5345.245870355314,-0.00588057991731894,0.5303,0.05610029300365686,5,5070.5677304436085,5632.828594361952,True,1.1108871617161404,4810.658842500871,5926.521245736233,True,1.2319562537623785,4537.762755547339,6288.317724295429,True,1.3857748990090029
quadratic_z,lofo_anchor,E3@100,E3,E3__R03__day1_0,100.0,120.0,3839.0,8.298956429114048,4016.825843103172,0.04598923411325018,0.2884,0.05610029300365686,5,3802.6775596148036,4244.209630861896,True,1.1161108362003265,3616.4137961175843,4466.755728057017,True,1.2351340249980023,3398.960013448434,4739.167027370216,True,1.394299141095828
quadratic_z,lofo_anchor,E3@100,E3,E3__R03__day1_0,100.0,130.0,2959.0,8.065996610466513,3182.8763981807583,0.07338995806630333,0.19715,0.05610029300365686,5,3004.925787236705,3372.2749318073843,False,1.1222489906842221,2852.5633267835,3558.7063097230753,True,1.247546820892425,2677.9766656314055,3785.863667269288,True,1.4137030078925905
quadratic_z,lofo_anchor,E3@110,E3,E3__R03__day1_0,110.0,80.0,18570.0,9.837228026440465,18729.98882507678,0.007925372093714245,0.4596,0.056250660691602915,5,17678.986847729964,19822.471358261137,True,1.1212447596116857,16751.786107422613,20893.818220863872,True,1.2472591332577934,15733.62078833982,22272.651973453012,True,1.4156087955265366
quadratic_z,lofo_anchor,E3@110,E3,E3__R03__day1_0,110.0,90.0,11550.0,9.346580083706842,11454.399982414601,-0.007860632243097854,0.53895,0.056250660691602915,5,10835.600293915186,12091.010199078091,True,1.115859746678538,10310.4173088657,12706.826909550678,True,1.2324260530778282,9733.392493781254,13467.22886018496,True,1.3836109936786465
quadratic_z,lofo_anchor,E3@110,E3,E3__R03__day1_0,110.0,100.0,7546.0,8.93417060380536,7581.641799673824,0.005397703281103006,0.47675,0.056250660691602915,5,7185.420957286802,8004.321346896792,True,1.113966933110514,6840.072273030462,8413.260035439802,True,1.22999578068966,6459.237833554749,8926.472127500028,True,1.3819698790356312
quadratic_z,lofo_anchor,E3@110,E3,E3__R03__day1_0,110.0,120.0,3839.0,8.305139292149768,4043.6080343418175,0.05217209714897031,0.26115,0.056250660691602915,5,3827.9914943928134,4268.829875572705,True,1.1151617974662758,3645.86778647811,4482.66657055302,True,1.2295197832402074,3431.2578057172273,4757.951058765074,True,1.3866492488082023
quadratic_z,lofo_anchor,E3@110,E3,E3__R03__day1_0,110.0,130.0,2959.0,8.07237752340336,3204.450655136757,0.0797708710031495,0.1726,0.056250660691602915,5,3030.497663001357,3389.0166504642134,False,1.1183036673612825,2874.3089184498713,3569.836081010497,True,1.2419806577143164,2707.3958644237205,3805.5360388400695,True,1.4056075392765264
quadratic_z,lofo_anchor,E3@120,E3,E3__R03__day1_0,120.0,80.0,18570.0,9.784687799877453,17756.567792808783,-0.04461485446929814,0.69865,0.05601834011464787,5,16771.061681235966,18805.99361068807,True,1.121335903959429,15910.841307887396,19836.592382728977,True,1.2467343491695495,14958.092065805258,21107.45797264204,True,1.4111063015111704
quadratic_z,lofo_anchor,E3@120,E3,E3__R03__day1_0,120.0,90.0,11550.0,9.294551701186364,10879.81174068204,-0.05988901476357533,0.7664,0.05601834011464787,5,10297.057389899119,11501.05458109372,False,1.1169263359040478,9800.762934039138,12110.1577928228,True,1.235634192391582,9224.508775710092,12858.086534015105,True,1.393904742968311
quadratic_z,lofo_anchor,E3@120,E3,E3__R03__day1_0,120.0,100.0,7546.0,8.882374428562843,7209.970118462809,-0.04639847196141389,0.71835,0.05601834011464787,5,6823.684166056429,7603.776495115718,True,1.1143212830599285,6477.217317771015,7993.4874267253035,True,1.234092826373792,6110.584152251174,8502.897970142683,True,1.3915032930215299
quadratic_z,lofo_anchor,E3@120,E3,E3__R03__day1_0,120.0,110.0,5376.0,8.538110431994872,5105.266712018701,-0.05158945020811423,0.74005,0.05601834011464787,5,4838.103501570063,5389.985774430542,True,1.1140699599918402,4601.179463483866,5670.570659828441,True,1.232416754189124,4338.494232626377,6009.860257005529,True,1.3852410386557927
quadratic_z,lofo_anchor,E3@120,E3,E3__R03__day1_0,120.0,130.0,2959.0,8.019981947053429,3043.006292013004,0.027375294653219306,0.37045,0.05601834011464787,5,2877.8518468221923,3214.340943261338,True,1.1169237036335649,2737.1908036334244,3379.7429282233693,True,1.2347487517994737,2577.6445903358795,3591.4764477998,True,1.3933171629886392
quadratic_z,lofo_anchor,E3@130,E3,E3__R03__day1_0,130.0,80.0,18570.0,9.757429884220295,17248.342809298003,-0.07187277012645588,0.8057,0.055864184261498626,5,16314.92848076846,18266.477549212537,False,1.1196173842100812,15471.937667988695,19277.047752215745,True,1.2459362340956033,14567.517017959755,20555.075276142845,True,1.411021195362343
quadratic_z,lofo_anchor,E3@130,E3,E3__R03__day1_0,130.0,90.0,11550.0,9.267084502488698,10583.845760083905,-0.08735621346124134,0.8497,0.055864184261498626,5,9996.069517000864,11204.836702442963,False,1.120924247614153,9485.479367728827,11806.001292962777,True,1.2446393940962805,8921.271868143338,12558.853496280011,True,1.4077424925392072
quadratic_z,lofo_anchor,E3@130,E3,E3__R03__day1_0,130.0,100.0,7546.0,8.854856574134704,7006.020794066119,-0.07391632638955237,0.80905,0.055864184261498626,5,6614.168410373329,7417.116356596679,False,1.1213981707759433,6272.8702791475525,7832.083250136049,True,1.2485645169758532,5909.454470587839,8354.189045808922,True,1.4136988595798246
quadratic_z,lofo_anchor,E3@130,E3,E3__R03__day1_0,130.0,110.0,5376.0,8.510676888162635,4966.365073148935,-0.07902299404035062,0.82235,0.055864184261498626,5,4695.6579337365665,5258.443770155129,False,1.1198523922228563,4466.004050141298,5541.8369996466745,True,1.2408938589008531,4203.938572115934,5905.332313988655,True,1.4047142251691778
quadratic_z,lofo_anchor,E3@130,E3,E3__R03__day1_0,130.0,120.0,3839.0,8.225892631032647,3732.9558339458868,-0.02707456396815111,0.6335,0.055864184261498626,5,3535.7404209076294,3941.8772066444185,True,1.1148661206391766,3362.0097825399253,4148.965945428608,True,1.2340731329740973,3172.0268222351915,4400.222975111721,True,1.3871960174696985
quadratic_z,strict_holdout,E1,E1,E1__R01__day1_1,110.0,120.0,780.0,6.715039856557586,824.4214151744071,0.05574593687394813,0.16205,0.03441146602224186,5,794.4356945582318,856.398178486202,False,1.0779955940454389,765.8833099007178,887.8435795582512,True,1.1592413205522696,732.0575239850766,929.5137611785851,True,1.2697277614450606
quadratic_z,strict_holdout,E1,E1,E1__R01__day1_1,110.0,130.0,599.0,6.512304456246934,673.5638484986979,0.11704285813148463,0.0826,0.03441146602224186,5,637.4331202299742,711.6756605455816,False,1.1164711056884244,604.8073526030547,748.6231305110274,False,1.237787747270264,565.2978005921465,801.4388622902569,True,1.4177286050834692
quadratic_z,strict_holdout,E2,E2,E2__R01__day1_0,110.0,120.0,1955.0,7.575146649070343,1948.509749689837,-0.0029988233491229366,0.5616,0.011437393346524553,2,1920.2973775999558,1977.6684204236099,True,1.0298761241320644,1888.5965407060166,2012.5013937994968,True,1.0656068410710742,1830.0958508326273,2076.7401638560195,True,1.134771254145611
quadratic_z,strict_holdout,E2,E2,E2__R01__day1_0,110.0,130.0,1536.0,7.323479499651141,1515.2327151524778,-0.013457414056476935,0.6435,0.011437393346524553,2,1476.2709095301043,1555.0895546416868,True,1.0533903666344482,1434.1068805184918,1601.909888331256,True,1.1170087181731505,1357.9888529562736,1689.7629261126208,True,1.244312810399063
quadratic_z,strict_holdout,E2,E2,E2__R02__day1_0,110.0,120.0,4017.0,8.352687176646944,4242.5201682452,0.054396542287660665,0.03655,0.011437393346524553,2,4180.3164259314735,4306.157626959773,False,1.0301032716680671,4108.488315944349,4378.112554063081,False,1.065626142119564,3980.523498585658,4514.996921827624,True,1.1342721437097085
quadratic_z,strict_holdout,E2,E2,E2__R02__day1_0,110.0,130.0,3302.0,8.101020027227744,3298.5859317890645,-0.0012635972523291628,0.51225,0.011437393346524553,2,3214.8404039069683,3384.4258178647533,True,1.052750803353003,3119.23397041856,3486.3769590607276,True,1.1177029335163664,2957.7460470729075,3676.2234585899046,True,1.2429138269757907
quadratic_z,strict_holdout,E2,E2,E2__R02__day1_1,110.0,120.0,4863.0,8.508102257672293,4954.973871110368,0.018691447268507133,0.2019,0.011437393346524553,2,4882.709667218311,5029.977548536708,False,1.0301610972913522,4799.829186981112,5117.6957040803,True,1.0662245477321064,4654.78765842909,5275.169831995121,True,1.1332782973338464
quadratic_z,strict_holdout,E2,E2,E2__R02__day1_1,110.0,130.0,3845.0,8.256435108253092,3853.0097905455414,0.0019062263133466928,0.4759,0.011437393346524553,2,3756.706904727453,3953.686657193537,True,1.052434155088917,3647.237291850309,4073.302564406743,True,1.1168186324230864,3451.8740169061616,4290.7771422481455,True,1.2430283148322645
quadratic_z,strict_holdout,E2,E2,E2__R03__day1_0,110.0,120.0,6977.0,8.676271250942614,5865.093839483783,-0.17410305299662276,0.99855,0.011437393346524553,2,5776.9515127516015,5951.925614791259,False,1.030288310651982,5680.835231707993,6053.677045524772,False,1.0656315134323444,5501.03585647299,6241.40471674992,False,1.1345871722333438
quadratic_z,strict_holdout,E2,E2,E2__R03__day1_0,110.0,130.0,5128.0,8.424604101523414,4560.111534104044,-0.11786689707709108,0.98,0.011437393346524553,2,4443.580798058939,4677.811239249714,False,1.0527120923047224,4312.671139206162,4816.743125613759,False,1.1168816193345044,4077.2818841315748,5081.009608518385,False,1.2461757006041772
quadratic_z,strict_holdout,E3,E3,E3__R03__day1_0,110.0,120.0,3839.0,8.325532983354732,4128.218544505457,0.07256578835393412,0.11095,0.03504254594584144,5,3973.082414906184,4290.3449136433155,False,1.0798529870779494,3823.8171525455186,4448.367436763681,True,1.1633316289201745,3656.1634707873077,4657.738877994258,True,1.2739416372406547
quadratic_z,strict_holdout,E3,E3,E3__R03__day1_0,110.0,130.0,2959.0,8.12069395978975,3364.9956316993944,0.12808730738953944,0.0714,0.03504254594584144,5,3179.991573712827,3559.8984462881513,False,1.1194678865553598,3011.832508131795,3750.3251909535556,False,1.2451971286012313,2810.185642730286,4010.907822326892,True,1.4272750388227102
quadratic_z,e2_same_formulation_anchor,E2__R01__day1_0,E2,E2__R01__day1_0,110.0,120.0,1955.0,7.590840305100646,1978.9833846702074,0.012694832681179768,0.4385,0.05733622864901855,5,1873.6250599692125,2091.238405895681,True,1.116145620901358,1781.3568503336774,2202.516446968409,True,1.2364262930001035,1680.3531071943303,2343.710708993886,True,1.394772740895607
quadratic_z,e2_same_formulation_anchor,E2__R01__day1_0,E2,E2__R01__day1_0,110.0,130.0,1536.0,7.35010170030423,1557.3928079015675,0.013164786596612466,0.43395,0.05733622864901855,5,1468.4323043767968,1648.023533603452,True,1.1223013336681353,1393.7421117302085,1741.0669422896246,True,1.2492030825761897,1308.3021034972458,1856.943520611563,True,1.4193537682525572
quadratic_z,e2_same_formulation_anchor,E2__R02__day1_0,E2,E2__R02__day1_0,110.0,120.0,4017.0,8.357802890700132,4265.0319820179575,0.05951225634084878,0.23285,0.05647145444720057,5,4034.8884412272546,4497.554644244814,False,1.1146664176114953,3843.286893020275,4735.426136244549,True,1.2321292341834984,3620.1637063480007,5018.32144048609,True,1.3862139526139114
quadratic_z,e2_same_formulation_anchor,E2__R02__day1_0,E2,E2__R02__day1_0,110.0,130.0,3302.0,8.116588505401705,3349.5719475476994,0.014304880921631735,0.42835,0.05647145444720057,5,3167.318640745263,3543.1323883708906,True,1.1186535963862478,3004.571027407158,3738.2926637038017,True,1.2442017944005206,2818.5636781482376,3968.629356516334,True,1.4080325334794903
quadratic_z,e2_same_formulation_anchor,E2__R02__day1_1,E2,E2__R02__day1_1,110.0,120.0,4863.0,8.519298673762735,5013.905746735291,0.029887863358949218,0.34045,0.05185737561451846,5,4770.799608504264,5273.12679927897,True,1.1052920332011587,4555.486861840173,5524.051137537547,True,1.21261487631777,4300.551977001973,5838.589797496906,True,1.35763730533194
quadratic_z,e2_same_formulation_anchor,E2__R02__day1_1,E2,E2__R02__day1_1,110.0,130.0,3845.0,8.287740697790818,3977.0783227885845,0.03321181585107347,0.3314,0.05185737561451846,5,3771.744995240544,4192.206420918305,True,1.111476631163647,3591.1414565587474,4401.587983001311,True,1.2256793658078797,3383.6392681300017,4666.4862014958635,True,1.3791322986019248
quadratic_z,e2_same_formulation_anchor,E2__R03__day1_0,E2,E2__R03__day1_0,110.0,120.0,6977.0,8.669922708988343,5823.672755527734,-0.18045159495089358,0.99995,0.028985561782986162,5,5665.018597627999,5987.8925285786545,False,1.0569943285068555,5518.299079822279,6143.563081432372,False,1.1133073783362664,5354.561620028628,6336.730645994197,False,1.183426598788552
quadratic_z,e2_same_formulation_anchor,E2__R03__day1_0,E2,E2__R03__day1_0,110.0,130.0,5128.0,8.413136415014288,4504.529152899215,-0.12933458358621763,0.99745,0.028985561782986162,5,4374.811257761322,4638.893595347664,False,1.0603642813430716,4260.781139041024,4765.099382883115,False,1.118362860561197,4127.724826262098,4915.672759292976,False,1.1908915846370534
quadratic_z,loro_anchor,E1__R01__day1_1@80,E1,E1__R01__day1_1,80.0,90.0,2288.0,7.7064832550311575,2222.7816882661245,-0.028950097468531055,0.63815,0.05705467088076595,5,2102.7395388800087,2348.816195990218,True,1.117026694253002,1998.0557035463708,2475.724436287361,True,1.2390667747116213,1871.2367604532678,2638.4334442961845,True,1.409994448621819
quadratic_z,loro_anchor,E1__R01__day1_1@80,E1,E1__R01__day1_1,80.0,100.0,1512.0,7.2925510973678085,1469.9840218173993,-0.028637459371669394,0.6286,0.05705467088076595,5,1388.802351727499,1556.5309406074402,True,1.1207721089119036,1315.709864960968,1642.6754509283242,True,1.2485088807759728,1233.0810863831855,1748.1806124290374,True,1.417733701160495
quadratic_z,loro_anchor,E1__R01__day1_1@80,E1,E1__R01__day1_1,80.0,110.0,1073.0,6.9469846769786265,1039.9681149708042,-0.031229065652071952,0.6407,0.05705467088076595,5,980.9256057873449,1102.1221900208648,True,1.1235532883620065,927.9913385904526,1163.2940229678236,True,1.2535612937236866,872.6933043962788,1240.2554628048053,True,1.4211813664169253
quadratic_z,loro_anchor,E1__R01__day1_1@80,E1,E1__R01__day1_1,80.0,120.0,780.0,6.6610899580437515,780.8443494524314,0.001796038360113883,0.49485,0.05705467088076595,5,736.9437057668372,828.3450734318897,True,1.124027611539125,698.5977772431091,873.9379541908871,True,1.2509887415326835,654.9039936577749,929.7719657930866,True,1.4197072773981985
quadratic_z,loro_anchor,E1__R01__day1_1@80,E1,E1__R01__day1_1,80.0,130.0,599.0,6.427371967298752,618.9336168526088,0.0321103691833029,0.3535,0.05705467088076595,5,583.7034350434321,656.5038727490476,True,1.124721619464512,552.8014040202376,692.8126851163056,True,1.2532759144203303,517.4765581095712,738.7048279970452,True,1.4275136069847454
quadratic_z,loro_anchor,E1__R01__day1_1@90,E1,E1__R01__day1_1,90.0,80.0,3636.0,8.22799686612421,3745.8034840502487,0.02935741082684018,0.3626,0.05688446612858373,5,3543.162014294747,3959.9714076332857,True,1.117637689627778,3362.102612657712,4172.6444177696785,True,1.2410818164979325,3164.100949610797,4426.060198736213,True,1.3988365950462625
quadratic_z,loro_anchor,E1__R01__day1_1@90,E1,E1__R01__day1_1,90.0,100.0,1512.0,7.321927722688578,1513.5740164895942,0.0007391659491000624,0.49405,0.05688446612858373,5,1432.4630904386415,1599.4474827626098,True,1.1165715147835573,1363.8266472777136,1681.9824656788696,True,1.2332817143851937,1284.5189886787539,1783.8226351349963,True,1.388708653478001
quadratic_z,loro_anchor,E1__R01__day1_1@90,E1,E1__R01__day1_1,90.0,110.0,1073.0,6.976434208045695,1070.473542467129,-0.0017795345850037947,0.51105,0.05688446612858373,5,1013.1674904118117,1132.089366410643,True,1.117376324373075,962.1970774339294,1190.884488187344,True,1.2376721111680136,906.1720667672079,1263.6360152682348,True,1.3944769008123243
quadratic_z,loro_anchor,E1__R01__day1_1@90,E1,E1__R01__day1_1,90.0,120.0,780.0,6.690576423103168,805.0433630415415,0.031282503419530094,0.35225,0.05688446612858373,5,761.6219725821371,852.3511048338929,True,1.1191262010786738,722.4242419617364,898.1445134666485,True,1.2432369531616843,677.4816388837959,956.4159052769737,True,1.4117222525067157
quadratic_z,loro_anchor,E1__R01__day1_1@90,E1,E1__R01__day1_1,90.0,130.0,599.0,6.456864412661977,637.251823563682,0.06160281454652772,0.23475,0.05688446612858373,5,601.6781168946046,674.8388866527861,False,1.121594533196222,569.3940298614435,712.5857744696301,True,1.2514809378015974,535.036930342336,760.6591659115472,True,1.421694695775206
quadratic_z,loro_anchor,E1__R01__day1_1@100,E1,E1__R01__day1_1,100.0,80.0,3636.0,8.228449466768506,3743.7537993039027,0.029810011471136377,0.3659,0.05702271584090444,5,3535.195963496778,3967.4619735822166,True,1.122274978402575,3350.5228113162643,4184.035628242891,True,1.2487709721335036,3152.089857337535,4462.267776843741,True,1.4156537341270052
quadratic_z,loro_anchor,E1__R01__day1_1@100,E1,E1__R01__day1_1,100.0,90.0,2288.0,7.73594190523247,2286.2653628324474,0.0005085527327812756,0.50335,0.05702271584090444,5,2167.282944778294,2417.760585810194,True,1.1155721921936328,2058.2592778169155,2545.327569184498,True,1.2366408822333546,1939.4023542811576,2699.150088961846,True,1.3917432259497746
quadratic_z,loro_anchor,E1__R01__day1_1@100,E1,E1__R01__day1_1,100.0,110.0,1073.0,6.976500661177075,1071.459843749772,-0.0017130814536239214,0.5072,0.05702271584090444,5,1013.599261207925,1132.013290479485,True,1.116825291615193,963.170162660409,1192.178779062207,True,1.2377654803687488,908.6591082314721,1265.7916265803315,True,1.3930324531098885
quadratic_z,loro_anchor,E1__R01__day1_1@100,E1,E1__R01__day1_1,100.0,120.0,780.0,6.690732088729888,805.0393326381648,0.03143816904625041,0.3499,0.05702271584090444,5,762.0841188677747,850.8878823889895,True,1.1165275083453388,723.9783300569219,897.4717858343229,True,1.2396390175984415,681.3972834550332,953.9526262387166,True,1.3999947598876359
quadratic_z,loro_anchor,E1__R01__day1_1@100,E1,E1__R01__day1_1,100.0,130.0,599.0,6.457192353920202,636.8725670539305,0.06193075580475238,0.2384,0.05702271584090444,5,601.120352133951,674.2005957228631,False,1.1215733976224236,569.4846182233501,714.3774253195808,True,1.2544279554876478,533.7722515100043,760.9246322008579,True,1.425560489606298
quadratic_z,loro_anchor,E1__R01__day1_1@110,E1,E1__R01__day1_1,110.0,80.0,3636.0,8.23078762985341,3755.7502199775195,0.03214817455604013,0.3566,0.05703550615537986,5,3539.9775064059977,3983.654675303583,True,1.125333329970233,3355.210532842484,4197.224204909927,True,1.250957030512807,3151.7693978231746,4467.755656322302,True,1.4175388781324028
quadratic_z,loro_anchor,E1__R01__day1_1@110,E1,E1__R01__day1_1,110.0,90.0,2288.0,7.738211070733843,2292.381412138128,0.0027777182341548468,0.49045,0.05703550615537986,5,2171.4860411681993,2422.0520491129982,True,1.1153891865728969,2064.598378736729,2550.660575405393,True,1.235426997170303,1947.7554898377082,2706.485604499457,True,1.389540739903122
quadratic_z,loro_anchor,E1__R01__day1_1@110,E1,E1__R01__day1_1,110.0,100.0,1512.0,7.32425828537147,1516.1003786693745,0.0030697286319920636,0.48525,0.05703550615537986,5,1435.855560693627,1600.9502743780963,True,1.1149800287744234,1364.6750701630842,1686.226237802546,True,1.2356247099912472,1284.968956560289,1788.4778041327788,True,1.3918451453646974
quadratic_z,loro_anchor,E1__R01__day1_1@110,E1,E1__R01__day1_1,110.0,120.0,780.0,6.693097009903214,806.9968117871018,0.033803090219576504,0.33505,0.05703550615537986,5,763.6879688359752,851.9359170307822,True,1.1155549803008102,726.1168373616721,897.5737542173852,True,1.2361285512655202,684.4341013173461,954.6787523726696,True,1.394843930971846
quadratic_z,loro_anchor,E1__R01__day1_1@110,E1,E1__R01__day1_1,110.0,130.0,599.0,6.459666237381489,638.7887511653229,0.06440463926603979,0.22245,0.05703550615537986,5,603.7855754715982,675.6642281810551,False,1.1190466543579063,572.0072481761091,711.9019835100178,True,1.2445681165404359,537.5981542847015,757.9965469324827,True,1.409968655753722
quadratic_z,loro_anchor,E1__R01__day1_1@120,E1,E1__R01__day1_1,120.0,80.0,3636.0,8.197931226931948,3632.6344485658215,-0.0007082283654220589,0.50435,0.057044395865310245,5,3430.2806382108847,3845.7522740681343,True,1.1211188470206173,3249.6832373621246,4054.785496264789,True,1.2477479188267568,3042.8983171545724,4326.3923832160035,True,1.4217998540488963
quadratic_z,loro_anchor,E1__R01__day1_1@120,E1,E1__R01__day1_1,120.0,90.0,2288.0,7.705401743889527,2221.7894359044963,-0.03003160861016152,0.6404,0.057044395865310245,5,2099.548515540131,2347.253914329493,True,1.1179803166994868,1992.0058584372912,2467.8169490345076,True,1.2388602867716894,1876.9766083996608,2629.201580736943,True,1.4007641698735078
quadratic_z,loro_anchor,E1__R01__day1_1@120,E1,E1__R01__day1_1,120.0,100.0,1512.0,7.2913902393222205,1468.9502192868197,-0.02979831741725736,0.63625,0.057044395865310245,5,1389.2072655288807,1553.0413267879678,True,1.117933490073358,1318.0728066351303,1634.6529230960402,True,1.240184089124104,1236.2628059820909,1738.7485129798395,True,1.4064554110714125
quadratic_z,loro_anchor,E1__R01__day1_1@120,E1,E1__R01__day1_1,120.0,110.0,1073.0,6.945774526448562,1038.8995571806274,-0.0324392161821363,0.651,0.057044395865310245,5,983.3119839898088,1098.5998331791461,True,1.1172444260483376,934.7577051687089,1155.9738874440145,True,1.2366561741637419,881.0074721189796,1228.4071094866295,True,1.394320875090982
quadratic_z,loro_anchor,E1__R01__day1_1@120,E1,E1__R01__day1_1,120.0,130.0,599.0,6.42613711877998,618.380139654267,0.03087552066453103,0.3491,0.057044395865310245,5,584.3542164382183,653.6129622922833,True,1.1185218552476852,554.9838301115745,689.0348971815298,True,1.2415404914464003,521.7013294256116,731.8043725502537,True,1.4027266776489982
quadratic_z,loro_anchor,E1__R01__day1_1@130,E1,E1__R01__day1_1,130.0,80.0,3636.0,8.167237127221261,3523.158167217332,-0.03140232807610843,0.6451,0.056931375030375445,5,3327.2509932690714,3735.2025867865427,True,1.1226092033161144,3150.1820275629593,3945.1972942105504,True,1.2523712152794644,2961.691289314779,4206.155106570214,True,1.420186878269597
quadratic_z,loro_anchor,E1__R01__day1_1@130,E1,E1__R01__day1_1,130.0,90.0,2288.0,7.674824090309457,2152.608722761935,-0.06060926219023166,0.75935,0.056931375030375445,5,2029.2985182690643,2281.5023441623043,False,1.1242812842086747,1922.9591003180094,2407.440817516959,True,1.2519459291249766,1807.4638554089215,2556.250056000208,True,1.4142745086439812
quadratic_z,loro_anchor,E1__R01__day1_1@130,E1,E1__R01__day1_1,130.0,100.0,1512.0,7.260885782087067,1424.3896529653684,-0.06030277465241074,0.7591,0.056931375030375445,5,1342.4694748569514,1508.1450376061562,False,1.1234110464722922,1271.728644638488,1590.451986593083,True,1.2506221301991651,1194.0475305452405,1700.651928958706,True,1.4242749015042422
quadratic_z,loro_anchor,E1__R01__day1_1@130,E1,E1__R01__day1_1,130.0,110.0,1073.0,6.915306224235543,1007.3040378542979,-0.06290751839515529,0.77065,0.056931375030375445,5,951.0662931789602,1066.9764775638594,False,1.1218739274183156,903.2007929050492,1126.1894492735842,True,1.2468871353083244,849.4781879651081,1196.6124791727102,True,1.4086441489912165
quadratic_z,loro_anchor,E1__R01__day1_1@130,E1,E1__R01__day1_1,130.0,120.0,780.0,6.629392457545236,757.2926707504255,-0.029901462138401946,0.6379,0.056931375030375445,5,716.5914451935798,800.4110594090579,True,1.1169698784121473,681.1833296363474,843.0132937273025,True,1.2375718210505076,640.0204190571877,894.4588427068257,True,1.3975473532929632
quadratic_z,loro_anchor,E2__R01__day1_0@80,E2,E2__R01__day1_0,80.0,90.0,5527.0,8.681188523045794,5885.054664993954,0.0637880712125316,0.22445,0.05728516433010034,5,5563.817479516625,6225.0712575939715,False,1.1188489342994759,5284.584758056411,6558.31413408658,True,1.2410273340943871,4972.817800048552,6983.424009945874,True,1.4043192995885936
quadratic_z,loro_anchor,E2__R01__day1_0@80,E2,E2__R01__day1_0,80.0,100.0,3705.0,8.271283271175378,3903.7076420742296,0.053844733445190585,0.27045,0.05728516433010034,5,3683.6145115015343,4139.598559468914,True,1.123787124451714,3494.1644335813617,4382.096889591407,True,1.254118680699853,3276.713087784413,4683.468360065096,True,1.429319026290421
quadratic_z,loro_anchor,E2__R01__day1_0@80,E2,E2__R01__day1_0,80.0,110.0,2622.0,7.925296728292521,2764.889242966783,0.053604063968875515,0.2714,0.05728516433010034,5,2607.1539194537263,2932.83409549129,True,1.124917893649257,2474.31054023765,3101.9373697439455,True,1.2536572589817339,2322.150434640977,3308.1832046113577,True,1.424620539333331
quadratic_z,loro_anchor,E2__R01__day1_0@80,E2,E2__R01__day1_0,80.0,120.0,1955.0,7.635189272190932,2070.4787693761486,0.05704379977146523,0.2534,0.05728516433010034,5,1952.6266579421938,2193.9005335384345,True,1.1235637517366024,1852.5509744956264,2320.88776600273,True,1.2528064263573706,1735.1428768624353,2485.246017327526,True,1.4323005041645107
quadratic_z,loro_anchor,E2__R01__day1_0@80,E2,E2__R01__day1_0,80.0,130.0,1536.0,7.394024927260412,1625.9742453674276,0.05708801355279469,0.25485,0.05728516433010034,5,1533.7383455612305,1725.462178417189,True,1.1250042638699251,1453.2998126894208,1823.039768257813,True,1.2544140942839357,1366.7590600214435,1946.9577862952408,True,1.4245069546235123
quadratic_z,loro_anchor,E2__R01__day1_0@90,E2,E2__R01__day1_0,90.0,80.0,9462.0,9.110243766538499,9051.96351739853,-0.04479528965259405,0.7017,0.05728115179436889,5,8557.128632480462,9577.522975893859,True,1.119244946200793,8112.2395259632995,10092.290444676288,True,1.2440819101033465,7627.159395851266,10757.665482492639,True,1.4104419383636047
quadratic_z,loro_anchor,E2__R01__day1_0@90,E2,E2__R01__day1_0,90.0,100.0,3705.0,8.216069479126984,3697.838468340756,-0.0013690586032026886,0.5096,0.05728115179436889,5,3502.5379313645212,3906.9812684931576,True,1.1154715081047168,3328.0873583125526,4114.630424521406,True,1.2363348618972716,3129.7656020853883,4377.572383567699,True,1.3986901704878114
quadratic_z,loro_anchor,E2__R01__day1_0@90,E2,E2__R01__day1_0,90.0,110.0,2622.0,7.87008864777608,2615.910897195348,-0.0016040165475654788,0.51115,0.05728115179436889,5,2472.9365592799227,2767.0788735292463,True,1.1189445451584785,2352.930854000274,2914.599770358445,True,1.2387103366863774,2215.960076653866,3097.6224495202123,True,1.3978692496110627
quadratic_z,loro_anchor,E2__R01__day1_0@90,E2,E2__R01__day1_0,90.0,120.0,1955.0,7.580284746980793,1958.7561815372985,0.002139274561326232,0.4904,0.05728115179436889,5,1852.4321211563124,2071.074459840749,True,1.1180298787671406,1757.7128496264013,2183.3830624314437,True,1.2421727831684897,1650.999165196691,2319.391395958928,True,1.404841047077458
quadratic_z,loro_anchor,E2__R01__day1_0@90,E2,E2__R01__day1_0,90.0,130.0,1536.0,7.33967800232308,1539.9322502889445,0.002741088615461962,0.4889,0.05728115179436889,5,1452.629237960768,1633.1722748903417,True,1.124287073543297,1378.1121615555585,1726.0216307869446,True,1.2524536673696278,1293.4437395174166,1839.9981756250115,True,1.4225575642830157
quadratic_z,loro_anchor,E2__R01__day1_0@100,E2,E2__R01__day1_0,100.0,80.0,9462.0,9.12201721043996,9157.139641506321,-0.03302184575113287,0.64705,0.057364388126101964,5,8644.216554954282,9702.958321276223,True,1.1224797828225557,8178.897569069196,10250.769656419454,True,1.2533192364684484,7669.379425118562,10923.496360806888,True,1.424299901636177
quadratic_z,loro_anchor,E2__R01__day1_0@100,E2,E2__R01__day1_0,100.0,90.0,5527.0,8.637345828839674,5634.026503971996,0.019945377006411746,0.40705,0.057364388126101964,5,5335.662364006004,5955.960733223006,True,1.1162551763772555,5075.402055795507,6271.421975519568,True,1.2356502808202845,4774.029613556789,6665.343210890538,True,1.3961671272341913
quadratic_z,loro_anchor,E2__R01__day1_0@100,E2,E2__R01__day1_0,100.0,110.0,2622.0,7.880581628457177,2645.425068222193,0.008888964133531907,0.4552,0.057364388126101964,5,2505.095911966428,2795.0423005064067,True,1.1157426297152746,2381.0585931287756,2942.8538243653225,True,1.2359434718900941,2241.936335801969,3126.705460672289,True,1.3946450712008405
quadratic_z,loro_anchor,E2__R01__day1_0@100,E2,E2__R01__day1_0,100.0,120.0,1955.0,7.590898441280371,1979.1954447894625,0.012752968860904268,0.4396,0.057364388126101964,5,1870.2541942291105,2093.8470987738106,True,1.1195521471009782,1775.1135989387772,2202.7269821399595,True,1.2408935312403804,1672.3962391468028,2344.4062267689114,True,1.401824622593593
quadratic_z,loro_anchor,E2__R01__day1_0@100,E2,E2__R01__day1_0,100.0,130.0,1536.0,7.3506217388324115,1555.8799232895756,0.013684825124793853,0.44175,0.057364388126101964,5,1466.8333965662632,1652.5579040387424,True,1.1266159523687183,1388.941959260162,1747.0635302426576,True,1.2578376789576244,1304.720107839293,1862.4203499578264,True,1.4274481850686918
quadratic_z,loro_anchor,E2__R01__day1_0@110,E2,E2__R01__day1_0,110.0,80.0,9462.0,9.123146531052152,9158.468250373431,-0.03189252513894125,0.64715,0.05739179722504188,5,8645.225520622325,9714.537934272419,True,1.1236882035175781,8180.794039115863,10280.877073222435,True,1.2567089483080958,7674.202768685417,11000.024868027192,True,1.4333768861194014
quadratic_z,loro_anchor,E2__R01__day1_0@110,E2,E2__R01__day1_0,110.0,90.0,5527.0,8.638592099814858,5643.7126670310245,0.02119164798159545,0.39945,0.05739179722504188,5,5340.003288917722,5970.359184082022,True,1.118044102420779,5074.275061902107,6291.2802347340275,True,1.2398382346217791,4779.179607677073,6698.965548967247,True,1.401697801481725
quadratic_z,loro_anchor,E2__R01__day1_0@110,E2,E2__R01__day1_0,110.0,100.0,3705.0,8.227875211954796,3744.3232306622267,0.010436674224608922,0.44625,0.05739179722504188,5,3546.493402702212,3959.4352503108926,True,1.116436660306218,3368.2854679681695,4163.790176780969,True,1.2361749668719937,3170.5556108180035,4426.476425503534,True,1.3961201028615624
quadratic_z,loro_anchor,E2__R01__day1_0@110,E2,E2__R01__day1_0,110.0,120.0,1955.0,7.591549935308979,1980.6955443533757,0.013404462889512914,0.43875,0.05739179722504188,5,1873.685685666565,2096.0803518609205,True,1.1186936890726358,1777.6052989217048,2207.3933745493828,True,1.2417792498078102,1677.2959953714526,2348.7928464170504,True,1.400344872281704
quadratic_z,loro_anchor,E2__R01__day1_0@110,E2,E2__R01__day1_0,110.0,130.0,1536.0,7.3508355423299045,1555.1505215918928,0.013898628622286857,0.4378,0.05739179722504188,5,1468.3473029162892,1649.8856519380242,True,1.1236344757545993,1392.3013920233368,1743.7661040853354,True,1.252434360890237,1306.5488960227888,1859.1410007210245,True,1.4229402407979974
quadratic_z,loro_anchor,E2__R01__day1_0@120,E2,E2__R01__day1_0,120.0,80.0,9462.0,9.119258142045378,9122.256898538793,-0.035780914145714604,0.66065,0.057456599970786455,5,8616.982871823837,9678.426497557586,True,1.1231804265509802,8167.4484108882725,10224.530298054058,True,1.2518634686964691,7668.099599566268,10894.7661095723,True,1.4207908971589964
quadratic_z,loro_anchor,E2__R01__day1_0@120,E2,E2__R01__day1_0,120.0,90.0,5527.0,8.634885982292431,5621.430885216269,0.017485530459168785,0.4191,0.057456599970786455,5,5317.58785834246,5949.125198955492,True,1.118763875169876,5054.322523691591,6275.008427632694,True,1.2415132588431523,4749.207881040716,6673.053545346269,True,1.4050876930415546
quadratic_z,loro_anchor,E2__R01__day1_0@120,E2,E2__R01__day1_0,120.0,100.0,3705.0,8.224200529009657,3727.5210106930854,0.006761991279470081,0.4726,0.057456599970786455,5,3522.377294087824,3943.0245187109367,True,1.1194213991014401,3347.526146093375,4158.949694377682,True,1.2423949844966122,3143.046537731982,4426.151136601581,True,1.4082359530684792
quadratic_z,loro_anchor,E2__R01__day1_0@120,E2,E2__R01__day1_0,120.0,110.0,2622.0,7.877792943770071,2638.3341413033786,0.0061002794464259935,0.4715,0.057456599970786455,5,2496.261859314052,2791.7361705167846,True,1.118366713051461,2369.8808049354943,2936.9023753483148,True,1.2392616410209096,2232.352510168357,3117.5599906553657,True,1.3965357068182072
quadratic_z,loro_anchor,E2__R01__day1_0@120,E2,E2__R01__day1_0,120.0,130.0,1536.0,7.34655954790455,1549.4021403193685,0.009622634196932545,0.4588,0.057456599970786455,5,1466.5228244109028,1639.7589145448094,True,1.1181271012290552,1394.908063543815,1727.3141887594818,True,1.238299665693506,1309.6551538049057,1840.8659234246052,True,1.4056111779321352
quadratic_z,loro_anchor,E2__R01__day1_0@130,E2,E2__R01__day1_0,130.0,80.0,9462.0,9.119497322223697,9140.050258618452,-0.03554173396739557,0.65755,0.0575526061226789,5,8606.162006572291,9684.382259262225,True,1.1252846799614658,8137.4776603482505,10230.018899657627,True,1.2571486308964963,7648.7802624846445,10930.580084137664,True,1.429061851567292
quadratic_z,loro_anchor,E2__R01__day1_0@130,E2,E2__R01__day1_0,130.0,90.0,5527.0,8.635597325012009,5620.296617771405,0.018196873178746742,0.4205,0.0575526061226789,5,5305.326413771829,5957.683892773732,True,1.1229627412384056,5027.263974959117,6303.055081160913,True,1.253774441238123,4719.333953854458,6737.091600257769,True,1.4275513591818043
quadratic_z,loro_anchor,E2__R01__day1_0@130,E2,E2__R01__day1_0,130.0,100.0,3705.0,8.225037126885587,3731.1218859907935,0.007598589155399793,0.46995,0.0575526061226789,5,3522.374234278382,3957.0528300512115,True,1.1234050009629033,3333.286220738322,4183.192018809996,True,1.2549753431865265,3128.862410500173,4468.98839412029,True,1.4283109347099372
quadratic_z,loro_anchor,E2__R01__day1_0@130,E2,E2__R01__day1_0,130.0,110.0,2622.0,7.878459575258005,2637.864514394681,0.006766910934359771,0.4716,0.0575526061226789,5,2490.2485408759544,2798.328955913015,True,1.1237147256509152,2358.303755019384,2957.23300538999,True,1.2539661182728699,2212.6064271602077,3139.8998851137057,True,1.4190955275962216
quadratic_z,loro_anchor,E2__R01__day1_0@130,E2,E2__R01__day1_0,130.0,120.0,1955.0,7.587817956671302,1973.2318538170841,0.009672484251836089,0.4569,0.0575526061226789,5,1864.2593216967891,2089.6356595362217,True,1.1208932336914923,1772.4215230052891,2201.3776010794577,True,1.2420169652119986,1668.5573438184795,2341.84448952594,True,1.4035145379940306
quadratic_z,loro_anchor,E2__R02__day1_0@80,E2,E2__R02__day1_0,80.0,90.0,11540.0,9.351557780520391,11510.67521872993,-0.0020167595416999973,0.5115,0.056577000147192025,5,10888.793260033242,12179.35609170745,True,1.1185221172681412,10341.134886677724,12817.973436336351,True,1.2395132233358146,9741.866193162312,13603.870284844685,True,1.3964337032665326
quadratic_z,loro_anchor,E2__R02__day1_0@80,E2,E2__R02__day1_0,80.0,100.0,7544.0,8.937505592040283,7611.189733378906,0.008997767726990347,0.45585,0.056577000147192025,5,7196.812086508985,8052.284349648569,True,1.1188682228820783,6819.565901174553,8485.06843900374,True,1.2442241283337891,6398.403680772765,9052.1083054575,True,1.4147447952774737
quadratic_z,loro_anchor,E2__R02__day1_0@80,E2,E2__R02__day1_0,80.0,110.0,5710.0,8.58901183829505,5370.467196426962,-0.06096246435500596,0.7635,0.056577000147192025,5,5073.069889970347,5687.961766308804,False,1.1212070579895068,4797.023604351758,6007.695068231596,True,1.2523797178695437,4519.96845729079,6412.101142395297,True,1.4186163472119953
quadratic_z,loro_anchor,E2__R02__day1_0@80,E2,E2__R02__day1_0,80.0,120.0,4017.0,8.297805932973107,4012.035637811292,-0.00048470138617595637,0.50525,0.056577000147192025,5,3791.6601806053554,4255.521892499518,True,1.12233736405674,3594.716902637291,4486.572894446633,True,1.2481018717092924,3379.3165951899323,4763.666609614855,True,1.409653838410815
quadratic_z,loro_anchor,E2__R02__day1_0@80,E2,E2__R02__day1_0,80.0,130.0,3302.0,8.056754093316782,3151.4133816201165,-0.04552953116329128,0.70435,0.056577000147192025,5,2978.3376075795113,3341.0835333150094,True,1.1217947639019679,2826.1792143146977,3529.8384814850547,True,1.2489789973708314,2653.4598763841686,3757.7406686456943,True,1.4161663803887297
quadratic_z,loro_anchor,E2__R02__day1_0@90,E2,E2__R02__day1_0,90.0,80.0,18780.0,9.842056834717713,18804.08011505117,0.0015090819554597346,0.4936,0.05639539550176344,5,17784.587213818108,19878.17343264698,True,1.1177191347574384,16919.239764640737,20916.539363269894,True,1.2362576365270885,15901.758878695067,22189.311313206705,True,1.3953998096987628
quadratic_z,loro_anchor,E2__R02__day1_0@90,E2,E2__R02__day1_0,90.0,100.0,7544.0,8.939015082014837,7621.748545605608,0.010507257701544148,0.4478,0.05639539550176344,5,7220.455381208024,8046.565421092722,True,1.1144124568700657,6864.962769935613,8461.27773544523,True,1.2325307534806322,6470.116228805899,8954.813340443052,True,1.3840266579099336
quadratic_z,loro_anchor,E2__R02__day1_0@90,E2,E2__R02__day1_0,90.0,110.0,5710.0,8.590548366986331,5381.898813693568,-0.05942593566372523,0.7691,0.05639539550176344,5,5104.22966602493,5681.692985001205,False,1.113134274270615,4847.160864476442,5974.764478765092,True,1.2326317706005092,4571.121640036153,6344.212089257832,True,1.3878895791553814
quadratic_z,loro_anchor,E2__R02__day1_0@90,E2,E2__R02__day1_0,90.0,120.0,4017.0,8.29931921864236,4022.971873334521,0.0010285842830768388,0.49305,0.05639539550176344,5,3806.9772838646068,4251.319177292636,True,1.1167177685328766,3615.013976860409,4479.064515332077,True,1.2390172054665425,3402.702260689227,4761.302244238849,True,1.3992708969119252
quadratic_z,loro_anchor,E2__R02__day1_0@90,E2,E2__R02__day1_0,90.0,130.0,3302.0,8.058201144927228,3159.4596772892514,-0.044082479552844944,0.6982,0.05639539550176344,5,2988.3877555147365,3346.5948820501217,True,1.119866347957809,2829.731162706865,3530.0711655179075,True,1.2474934764266126,2657.448881967756,3765.092571085937,True,1.4168071478755997
quadratic_z,loro_anchor,E2__R02__day1_0@100,E2,E2__R02__day1_0,100.0,80.0,18780.0,9.831805865263052,18621.790819483493,-0.008741887499201795,0.53575,0.056515696362654744,5,17569.281934413713,19736.30364858094,True,1.1233415071974333,16664.126221748644,20796.82624576907,True,1.247999803231613,15680.116402019528,22183.36646505143,True,1.4147450118542686
quadratic_z,loro_anchor,E2__R02__day1_0@100,E2,E2__R02__day1_0,100.0,90.0,11540.0,9.342791209591924,11413.306830135189,-0.010783330470166774,0.55385,0.056515696362654744,5,10820.112848366764,12060.347001089238,True,1.1146230330591866,10291.648920458541,12677.725790419912,True,1.2318459256046075,9704.447374478754,13456.31318169524,True,1.3866130303394022
quadratic_z,loro_anchor,E2__R02__day1_0@100,E2,E2__R02__day1_0,100.0,110.0,5710.0,8.580349746805584,5322.839562502899,-0.06962455584447191,0.8062,0.056515696362654744,5,5043.665267490252,5619.652533169257,False,1.1142001372279051,4795.072398834165,5915.346683009738,True,1.233630316916163,4530.299164620337,6286.42000607978,True,1.3876390449385732
quadratic_z,loro_anchor,E2__R02__day1_0@100,E2,E2__R02__day1_0,100.0,120.0,4017.0,8.28906401292113,3983.0137744812446,-0.00922662143815245,0.54235,0.056515696362654744,5,3768.680394475984,4205.453400024724,True,1.115895475293938,3579.420635481497,4424.113642630345,True,1.2359859578323131,3367.0401259556684,4696.751794334729,True,1.3949200540048947
quadratic_z,loro_anchor,E2__R02__day1_0@100,E2,E2__R02__day1_0,100.0,130.0,3302.0,8.047861296876684,3125.5611297447317,-0.05442232760338861,0.73605,0.056515696362654744,5,2949.333486549478,3313.701150827106,True,1.123542375231332,2799.9896775250472,3495.200952583536,True,1.2482906564402039,2630.4283829115316,3724.81739586193,True,1.416049727892252
quadratic_z,loro_anchor,E2__R02__day1_0@110,E2,E2__R02__day1_0,110.0,80.0,18780.0,9.900743908598193,19944.37104573893,0.06019615583593918,0.2451,0.056440615288254774,5,18805.852575625864,21131.245626169017,False,1.1236526257552968,17849.199744144975,22304.943800839726,True,1.2496327073798565,16812.58203123947,23757.456868813228,True,1.413076041780464
quadratic_z,loro_anchor,E2__R02__day1_0@110,E2,E2__R02__day1_0,110.0,90.0,11540.0,9.411700428059248,12241.543975116942,0.05812588799715712,0.23415,0.056440615288254774,5,11585.647986130685,12923.257693891428,False,1.115454026340349,11017.444871224534,13602.163542605575,True,1.234602369387101,10346.361345337586,14460.294576233202,True,1.3976212596469473
quadratic_z,loro_anchor,E2__R02__day1_0@110,E2,E2__R02__day1_0,110.0,100.0,7544.0,8.997738093164214,8090.0017333068845,0.0692302688509212,0.19765,0.056440615288254774,5,7655.478216539136,8540.717633041915,False,1.115634763951164,7278.15317074105,8976.207672689712,True,1.2333084317014682,6858.547801743855,9531.588593007227,True,1.3897385960601927
quadratic_z,loro_anchor,E2__R02__day1_0@110,E2,E2__R02__day1_0,110.0,120.0,4017.0,8.357982579581023,4267.3041437518505,0.05969194522173993,0.22815,0.056440615288254774,5,4040.158712605713,4505.878623471381,False,1.115272677138295,3841.5444978383575,4730.6129575641935,True,1.2314351584957863,3622.9210427768157,5029.151700534735,True,1.388148303855969
quadratic_z,loro_anchor,E2__R02__day1_0@110,E2,E2__R02__day1_0,110.0,130.0,3302.0,8.11680745065613,3352.407291909703,0.014523826176057852,0.4321,0.056440615288254774,5,3162.434381546698,3549.27309210851,True,1.1223230789606502,3003.653747936352,3741.753513091486,True,1.2457339717210223,2821.040448339277,3983.33568980539,True,1.412009420903676
quadratic_z,loro_anchor,E2__R02__day1_0@120,E2,E2__R02__day1_0,120.0,80.0,18780.0,9.840222679162478,18771.450610122472,-0.00032507359977529404,0.50235,0.05654170447911934,5,17716.2118357537,19885.35015730208,True,1.122438043846979,16793.763157030502,20947.5032668438,True,1.2473382571240077,15797.735158624431,22367.976882387018,True,1.4158977003849635
quadratic_z,loro_anchor,E2__R02__day1_0@120,E2,E2__R02__day1_0,120.0,90.0,11540.0,9.350985530302054,11513.130764641988,-0.0025890097600367312,0.51115,0.05654170447911934,5,10893.443273647075,12166.635208485513,True,1.1168769050203333,10352.658904430216,12810.138911544474,True,1.2373767000149718,9727.807470487347,13612.084788136972,True,1.3992962781627738
quadratic_z,loro_anchor,E2__R02__day1_0@120,E2,E2__R02__day1_0,120.0,100.0,7544.0,8.936896990868993,7611.594325142753,0.0083891665557001,0.45585,0.05654170447911934,5,7204.971637962006,8038.384089666363,True,1.1156718573759847,6843.203353461351,8462.993937482304,True,1.236700635704717,6438.133476898359,8981.02999043232,True,1.3949741835360379
quadratic_z,loro_anchor,E2__R02__day1_0@120,E2,E2__R02__day1_0,120.0,110.0,5710.0,8.588342164435836,5364.705978392921,-0.06163213821421998,0.7734,0.05654170447911934,5,5085.833195449256,5672.92848977569,False,1.1154373869067824,4837.355363849627,5972.717213618492,True,1.234707141479333,4553.435460048219,6321.078314003479,True,1.3881998261454531
quadratic_z,loro_anchor,E2__R02__day1_0@120,E2,E2__R02__day1_0,120.0,130.0,3302.0,8.05590299774327,3150.764955226935,-0.0463806267368021,0.71185,0.05654170447911934,5,2981.2940261645263,3333.2177777009015,True,1.118043959585271,2832.743374240415,3511.2629757523487,True,1.2395273810123641,2668.8894454867254,3722.40261774926,True,1.3947384085332188
quadratic_z,loro_anchor,E2__R02__day1_0@130,E2,E2__R02__day1_0,130.0,80.0,18780.0,9.884941632860192,19624.043537366306,0.044393880097938876,0.30545,0.056486200271997224,5,18525.50466392816,20782.96662299284,True,1.1218569750199725,17567.151102012762,21902.090074484775,True,1.2467639144958078,16495.254559872974,23300.248370256817,True,1.412542515526735
quadratic_z,loro_anchor,E2__R02__day1_0@130,E2,E2__R02__day1_0,130.0,90.0,11540.0,9.395728527496708,12033.048684936037,0.042153987434616624,0.31005,0.056486200271997224,5,11371.726808899084,12739.263099888605,True,1.1202575751221298,10787.360477881972,13432.069547762423,True,1.2451673952402973,10129.637119178244,14297.146523702662,True,1.4114174432403066
quadratic_z,loro_anchor,E2__R02__day1_0@130,E2,E2__R02__day1_0,130.0,100.0,7544.0,8.98167695534938,7951.589340428429,0.053169131036087336,0.26835,0.056486200271997224,5,7508.636879176192,8429.906207433422,True,1.1226946172896175,7126.526359955267,8889.71960517211,True,1.247412716400576,6678.733916424862,9426.36176711926,True,1.411399508511219
quadratic_z,loro_anchor,E2__R02__day1_0@130,E2,E2__R02__day1_0,130.0,110.0,5710.0,8.633169924311451,5619.768263316405,-0.016804378338605375,0.5746,0.056486200271997224,5,5299.813407870249,5938.898811148623,True,1.1205863969341505,5030.90181048162,6256.791456879841,True,1.2436719484057797,4727.731515247565,6656.442226082441,True,1.4079569037739406
quadratic_z,loro_anchor,E2__R02__day1_0@130,E2,E2__R02__day1_0,130.0,120.0,4017.0,8.34193893906751,4194.005413238688,0.04364830470822767,0.2961,0.056486200271997224,5,3969.7004044877967,4430.476197107342,True,1.1160731908379362,3773.7920319324467,4660.829495490621,True,1.235052026198685,3553.6215809888067,4952.168530409051,True,1.3935553962476481
quadratic_z,loro_anchor,E2__R02__day1_1@80,E2,E2__R02__day1_1,80.0,90.0,15300.0,9.61370383567807,14969.546483000226,-0.021904271702457123,0.61325,0.05198798086857692,5,14213.910632841507,15763.816585073499,True,1.1090414870521914,13560.801241173027,16510.694517623593,True,1.2175308983582889,12833.24340673961,17420.91707349416,True,1.3574835699247512
quadratic_z,loro_anchor,E2__R02__day1_1@80,E2,E2__R02__day1_1,80.0,100.0,10330.0,9.20314106707635,9929.262300941728,-0.039666495037334215,0.69575,0.05198798086857692,5,9415.670897490643,10462.743807715373,True,1.1112053428400714,8972.734329755693,10978.408371634718,True,1.2235298592568087,8440.307504891523,11655.433879365872,True,1.3809252651767774
quadratic_z,loro_anchor,E2__R02__day1_1@80,E2,E2__R02__day1_1,80.0,110.0,6671.0,8.860577749885074,7052.110063411738,0.05505269717555805,0.242,0.05198798086857692,5,6684.676728999468,7432.450058276514,False,1.1118637982945467,6352.708026534094,7797.1314667771985,True,1.2273712933460839,6013.4426175415265,8262.973278697757,True,1.3740836662503824
quadratic_z,loro_anchor,E2__R02__day1_1@80,E2,E2__R02__day1_1,80.0,120.0,4863.0,8.577361958186932,5312.757663140259,0.08795114778314606,0.13125,0.05198798086857692,5,5039.804945903055,5599.224069971266,False,1.1110001537902716,4798.7920156031105,5875.624293790299,True,1.2243965303530355,4532.990772534716,6218.47177901648,True,1.37182537778238
quadratic_z,loro_anchor,E2__R02__day1_1@80,E2,E2__R02__day1_1,80.0,130.0,3845.0,8.346035280462713,4219.065849696526,0.09150639852296827,0.12455,0.05198798086857692,5,4000.2713457660598,4448.237663474002,False,1.1119839828320834,3805.9583461317657,4671.94340606485,True,1.227534035103994,3584.9515682402393,4937.541570011517,True,1.3772965899327978
quadratic_z,loro_anchor,E2__R02__day1_1@90,E2,E2__R02__day1_1,90.0,80.0,24470.0,10.12081711434099,24822.06069358937,0.015613957904273335,0.42215,0.0519362271538288,5,23627.30888180191,26120.537650498434,True,1.1055231800273642,22534.940388304552,27393.30866056629,True,1.2155926835636623,21332.332244007426,28941.17669741416,True,1.3566813214032973
quadratic_z,loro_anchor,E2__R02__day1_1@90,E2,E2__R02__day1_1,90.0,100.0,10330.0,9.222347271975039,10116.726901319404,-0.020460290138645476,0.61315,0.0519362271538288,5,9622.64849129203,10633.695866245076,True,1.1050695529269294,9193.154643384343,11129.798759757734,True,1.2106615401892598,8693.456319957304,11746.463112252753,True,1.351184463340174
quadratic_z,loro_anchor,E2__R02__day1_1@90,E2,E2__R02__day1_1,90.0,110.0,6671.0,8.879823424523533,7184.8474349621765,0.07429837181401666,0.157,0.0519362271538288,5,6833.111458195195,7554.5510069864895,False,1.1055799474668375,6525.905276382244,7908.48922309096,True,1.2118608665241273,6175.404461191312,8359.743520837044,True,1.3537159506511656
quadratic_z,loro_anchor,E2__R02__day1_1@90,E2,E2__R02__day1_1,90.0,120.0,4863.0,8.596473479160743,5415.019863899978,0.10706266875695647,0.08055,0.0519362271538288,5,5145.644347704144,5692.038994997036,False,1.1061858555258837,4912.334549982226,5959.3217238019415,False,1.2131343383002087,4640.280598698836,6316.842095280181,True,1.3613060591748403
quadratic_z,loro_anchor,E2__R02__day1_1@90,E2,E2__R02__day1_1,90.0,130.0,3845.0,8.364864398203864,4296.48448921261,0.11033551626411864,0.0839,0.0519362271538288,5,4070.9298041896827,4525.771794060867,False,1.111729263767475,3874.280474229102,4751.548587763132,False,1.2264338163871804,3663.7018674949427,5040.598050228943,True,1.375821022706592
quadratic_z,loro_anchor,E2__R02__day1_1@100,E2,E2__R02__day1_1,100.0,80.0,24470.0,10.137921401564757,25291.400719788347,0.03271824512803967,0.3381,0.052156646002470275,5,23977.652985361896,26656.361624219004,True,1.1117168824026453,22831.70770673647,28002.50559482598,True,1.2264744255885804,21498.12823162938,29586.79767411591,True,1.376249939312669
quadratic_z,loro_anchor,E2__R02__day1_1@100,E2,E2__R02__day1_1,100.0,90.0,15300.0,9.650110311373178,15525.85060093952,0.014502203992650564,0.42545,0.052156646002470275,5,14759.8542066996,16310.068856266971,True,1.105029130224316,14088.474534991305,17092.045811282253,True,1.2131935057149748,13338.83584629044,18045.89265816208,True,1.3528836298844387
quadratic_z,loro_anchor,E2__R02__day1_1@100,E2,E2__R02__day1_1,100.0,110.0,6671.0,8.897435830147614,7312.156384131333,0.09191077743809828,0.11205,0.052156646002470275,5,6953.061526278703,7691.050905518649,False,1.1061387672826937,6636.430546149891,8050.0146177432825,True,1.21300367144104,6290.217048268682,8488.390890227192,True,1.349459140295252
quadratic_z,loro_anchor,E2__R02__day1_1@100,E2,E2__R02__day1_1,100.0,120.0,4863.0,8.613964883095996,5509.046890582951,0.12455407269220942,0.05225,0.052156646002470275,5,5236.719350008825,5798.507996229788,False,1.1072787385904144,4995.158335664766,6070.853352531825,False,1.2153475314659676,4727.062517050971,6404.270253862882,True,1.3548097218435469
quadratic_z,loro_anchor,E2__R02__day1_1@100,E2,E2__R02__day1_1,100.0,130.0,3845.0,8.382124137662931,4367.377553727908,0.12759525572318609,0.0587,0.052156646002470275,5,4140.254046916735,4610.161730801596,False,1.1134973068222234,3939.349798683839,4845.365364666769,False,1.2299911437886617,3709.2641453704437,5127.428364261694,True,1.3823303392025261
quadratic_z,loro_anchor,E2__R02__day1_1@110,E2,E2__R02__day1_1,110.0,80.0,24470.0,10.043249571709747,23003.172043536313,-0.06195358472696988,0.7831,0.05219346909114295,5,21813.205143769213,24265.993979877676,False,1.1124451367849115,20761.370060465506,25476.44816812019,True,1.2271082348574525,19606.93338062,27052.843077545833,True,1.3797590144456533
quadratic_z,loro_anchor,E2__R02__day1_1@110,E2,E2__R02__day1_1,110.0,90.0,15300.0,9.555240057462422,14108.685307075686,-0.0803680499181052,0.8568,0.05219346909114295,5,13431.51562683993,14842.263544002602,False,1.1050326676718154,12812.992868029896,15559.935354623118,True,1.2143872641533426,12114.15871063143,16446.546801825578,True,1.3576301247722657
quadratic_z,loro_anchor,E2__R02__day1_1@110,E2,E2__R02__day1_1,110.0,100.0,10330.0,9.14501498945385,9357.883009224539,-0.09779257265983432,0.90235,0.05219346909114295,5,8911.096453311045,9845.772949479202,False,1.104889056140882,8499.793852181088,10318.926912485522,False,1.214020844733503,8058.096760438467,10912.301398928626,True,1.35420332162093
quadratic_z,loro_anchor,E2__R02__day1_1@110,E2,E2__R02__day1_1,110.0,120.0,4863.0,8.519219590877912,5011.736040844154,0.029808780474125385,0.34645,0.05219346909114295,5,4764.328498908926,5271.508190688669,True,1.1064535520369536,4544.776987978918,5516.556060126768,True,1.2138232689344794,4305.924580909964,5827.573347462872,True,1.3533849090852725
quadratic_z,loro_anchor,E2__R02__day1_1@110,E2,E2__R02__day1_1,110.0,130.0,3845.0,8.287604207025803,3977.009848543628,0.033075325086057816,0.32965,0.05219346909114295,5,3775.7076435329236,4186.6946657066965,True,1.108850329785919,3595.519763020065,4397.475894579529,True,1.223043171618075,3389.774521280364,4648.938066955238,True,1.3714593810797986
quadratic_z,loro_anchor,E2__R02__day1_1@120,E2,E2__R02__day1_1,120.0,80.0,24470.0,10.011751627719079,22281.777706856334,-0.09345152871763851,0.8824,0.052023883498548855,5,21147.911309769566,23489.545756645846,False,1.1107265115961844,20143.27426486498,24665.311443832932,True,1.2244936508090714,18987.44376339403,26150.164237610123,True,1.377234585311854
quadratic_z,loro_anchor,E2__R02__day1_1@120,E2,E2__R02__day1_1,120.0,90.0,15300.0,9.52369604524996,13674.881722301465,-0.11191206213056759,0.92585,0.052023883498548855,5,13001.315373294383,14401.221071913707,False,1.107674158992776,12406.415213042155,15102.533627741848,False,1.2173164744531053,11707.782992563029,15946.112450360075,True,1.362009567523527
quadratic_z,loro_anchor,E2__R02__day1_1@120,E2,E2__R02__day1_1,120.0,100.0,10330.0,9.113435924281813,9082.471306882884,-0.12937163783187167,0.9537,0.052023883498548855,5,8636.456347083888,9543.944220239138,False,1.1050764152199606,8228.767245774789,10003.027212491443,False,1.2156167398740898,7780.4231452496,10591.50308386095,True,1.361301678087737
quadratic_z,loro_anchor,E2__R02__day1_1@120,E2,E2__R02__day1_1,120.0,110.0,6671.0,8.770942460056277,6445.926040191269,-0.03458259265323882,0.6777,0.052023883498548855,5,6128.947290635199,6779.929904968609,True,1.106214425326856,5852.192033560436,7096.94166178285,True,1.2126980148778739,5535.258805059153,7504.382439700338,True,1.355741927160015
quadratic_z,loro_anchor,E2__R02__day1_1@120,E2,E2__R02__day1_1,120.0,130.0,3845.0,8.255971991387236,3851.6246292408127,0.0014431094474911532,0.4897,0.052023883498548855,5,3658.9174380935333,4053.2713813589094,True,1.1077788580741665,3490.8506050877086,4247.8903123460905,True,1.2168639660932612,3307.6643187551545,4491.203812009702,True,1.357817293170782
quadratic_z,loro_anchor,E2__R02__day1_1@130,E2,E2__R02__day1_1,130.0,80.0,24470.0,10.007268105255376,22193.311102275722,-0.09793505118134149,0.89315,0.05203403891826265,5,21017.90913034262,23378.336677317267,False,1.1123055358331053,20022.429389217774,24535.054072434003,True,1.2253784790793825,18870.725550797535,25988.537478714643,True,1.377188037034235
quadratic_z,loro_anchor,E2__R02__day1_1@130,E2,E2__R02__day1_1,130.0,90.0,15300.0,9.518797502928306,13623.26935553433,-0.1168106044522208,0.93065,0.05203403891826265,5,12912.853384773021,14352.501229022173,False,1.1114895214365867,12294.846125331538,15052.61254585779,False,1.2243026380659063,11595.252165435488,15954.219018507247,True,1.3759268699705807
quadratic_z,loro_anchor,E2__R02__day1_1@130,E2,E2__R02__day1_1,130.0,100.0,10330.0,9.108361973101259,9039.138009302942,-0.13444558901242587,0.95465,0.05203403891826265,5,8568.05799342662,9529.281519408909,False,1.112186860397039,8165.7132346901335,9993.363439361425,False,1.2238200328793014,7696.2679349302025,10586.201104534217,True,1.3754979938377396
quadratic_z,loro_anchor,E2__R02__day1_1@130,E2,E2__R02__day1_1,130.0,110.0,6671.0,8.765897374616445,6414.9742813041585,-0.039627678093070884,0.6982,0.05203403891826265,5,6088.843841007352,6750.839304494783,True,1.1087226870607194,5796.121824650419,7073.410117623434,True,1.2203694697272953,5475.569904771805,7496.109498045006,True,1.3690099164860186
quadratic_z,loro_anchor,E2__R02__day1_1@130,E2,E2__R02__day1_1,130.0,120.0,4863.0,8.482755584832145,4833.980074604922,-0.006655225571641665,0.5315,0.05203403891826265,5,4591.833864719131,5078.815369110952,True,1.1060538161307385,4384.219627433428,5321.886743838889,True,1.2138732080250234,4140.8577795771835,5614.631807111405,True,1.3559103224464537
quadratic_z,loro_anchor,E2__R03__day1_0@80,E2,E2__R03__day1_0,80.0,90.0,15560.0,9.731341168041778,16836.68014831775,0.07888237030939571,0.03595,0.029041320822389846,5,16362.090312825181,17331.77132473725,False,1.0592638833653178,15937.352866190047,17786.933961761744,False,1.1160532185677743,15436.310440302148,18364.824937839767,True,1.1897159628178802
quadratic_z,loro_anchor,E2__R03__day1_0@80,E2,E2__R03__day1_0,80.0,100.0,10360.0,9.316008351583685,11121.66848095185,0.07030083577021173,0.05625,0.029041320822389846,5,10799.023807631174,11454.594065358258,False,1.060706436934033,10507.580711278011,11769.98844657056,False,1.1201425684922486,10170.169157537735,12158.080273456184,True,1.1954649018246746
quadratic_z,loro_anchor,E2__R03__day1_0@80,E2,E2__R03__day1_0,80.0,110.0,7895.0,8.960617662825005,7791.578272134752,-0.013367263864738632,0.616,0.029041320822389846,5,7558.338328859159,8031.03153327827,True,1.0625393021392386,7348.442722276794,8247.341165808193,True,1.1223250255195418,7118.139675138502,8521.81972431126,True,1.1971975984224341
quadratic_z,loro_anchor,E2__R03__day1_0@80,E2,E2__R03__day1_0,80.0,120.0,6977.0,8.657749710193665,5753.954286410962,-0.19262459374557217,0.99985,0.029041320822389846,5,5585.359135467532,5928.06021047073,False,1.061357034828256,5431.991291709719,6084.412143720272,False,1.1201071240681617,5257.119804712192,6281.298584109967,False,1.194817469915705
quadratic_z,loro_anchor,E2__R03__day1_0@80,E2,E2__R03__day1_0,80.0,130.0,5128.0,8.400996558374926,4454.26248770394,-0.1414744402255792,0.9984,0.029041320822389846,5,4321.537211208367,4589.359899769885,False,1.0619739401680706,4202.612243857322,4715.879224177012,False,1.1221304632779048,4073.217808597491,4870.294718935743,False,1.1956872791471724
quadratic_z,loro_anchor,E2__R03__day1_0@90,E2,E2__R03__day1_0,90.0,80.0,27350.0,10.135241317101222,25210.945863056182,-0.08123049074890432,0.9702,0.028911129075947575,5,24510.54730079656,25945.807196685724,False,1.0585568277311588,23870.6246518155,26638.515790500715,False,1.1159538629197416,23140.55915129336,27448.38974162174,True,1.1861593128395782
quadratic_z,loro_anchor,E2__R03__day1_0@90,E2,E2__R03__day1_0,90.0,100.0,10360.0,9.236005266735209,10257.505014444469,-0.009702249078264558,0.5946,0.028911129075947575,5,9975.096268151943,10545.983487393012,True,1.057231249092179,9728.859307632782,10830.129979834099,True,1.1131962789653373,9435.473581310844,11162.317264702551,True,1.1830161113282247
quadratic_z,loro_anchor,E2__R03__day1_0@90,E2,E2__R03__day1_0,90.0,110.0,7895.0,8.880619794058733,7190.812943803332,-0.09336513263101054,0.98455,0.028911129075947575,5,6990.721269709125,7393.63765486974,False,1.0576358818519136,6812.109529676431,7588.208178282311,False,1.1139292674647796,6610.809510155243,7819.582328581909,False,1.1828479275601274
quadratic_z,loro_anchor,E2__R03__day1_0@90,E2,E2__R03__day1_0,90.0,120.0,6977.0,8.577762455487791,5312.9746255556665,-0.2726118484514455,1.0,0.028911129075947575,5,5161.663587125604,5466.388508395583,False,1.059036183998902,5027.633527413844,5611.934777185278,False,1.1162179475861664,4873.097795108094,5783.665605468983,False,1.1868560510472355
quadratic_z,loro_anchor,E2__R03__day1_0@90,E2,E2__R03__day1_0,90.0,130.0,5128.0,8.321024503045281,4110.991519605688,-0.22144649555522378,1.0,0.028911129075947575,5,3988.7192037430123,4230.2612964846685,False,1.060556304017338,3882.855906664421,4346.538421469306,False,1.1194179042310155,3760.9853544349126,4485.977001582731,False,1.1927664106144193
quadratic_z,loro_anchor,E2__R03__day1_0@100,E2,E2__R03__day1_0,100.0,80.0,27350.0,10.143663189560833,25427.255654344328,-0.07280861828929375,0.9466,0.029004559031735717,5,24687.893297359093,26189.197512270548,False,1.0608113538416843,24013.762562264386,26915.343054592082,False,1.1208298984719407,23221.50298844766,27805.14634831557,True,1.1973878849335549
quadratic_z,loro_anchor,E2__R03__day1_0@100,E2,E2__R03__day1_0,100.0,90.0,15560.0,9.659826780628457,15669.10675007707,0.00736798289607421,0.43085,0.029004559031735717,5,15241.974327936532,16113.995348458388,True,1.0572118153304821,14850.798657916392,16536.866863253952,True,1.1135338404469433,14416.795591796441,17047.421114240933,True,1.1824695027195495
quadratic_z,loro_anchor,E2__R03__day1_0@100,E2,E2__R03__day1_0,100.0,110.0,7895.0,8.88916483654713,7256.854572311144,-0.08482009014261394,0.9741,0.029004559031735717,5,7053.883146834651,7458.391085263126,False,1.0573454266264666,6872.8855193683585,7656.752392882533,False,1.1140520777343335,6671.09994618701,7899.521960979376,True,1.1841408500399537
quadratic_z,loro_anchor,E2__R03__day1_0@100,E2,E2__R03__day1_0,100.0,120.0,6977.0,8.586306200036255,5354.526645490802,-0.2640681039029822,1.0,0.029004559031735717,5,5209.119551726166,5508.865845316174,False,1.0575426020872722,5076.929710580794,5656.600792374857,False,1.114177488135393,4927.303343798043,5836.558129842317,False,1.1845339575426679
quadratic_z,loro_anchor,E2__R03__day1_0@100,E2,E2__R03__day1_0,100.0,130.0,5128.0,8.329550707546773,4143.790120557008,-0.21292029105373267,1.0,0.029004559031735717,5,4022.4766645246646,4267.01121243023,False,1.0607920364242716,3913.2637240949334,4388.598599739051,False,1.1214676314088832,3789.0172596805364,4526.212559824002,False,1.194561082629014
quadratic_z,loro_anchor,E2__R03__day1_0@110,E2,E2__R03__day1_0,110.0,80.0,27350.0,10.227204064369818,27656.655750375645,0.010732256519691674,0.39455,0.02895407399978346,5,26861.60018177254,28481.744738669677,True,1.0603145213216492,26106.822088213386,29260.863541418836,True,1.1208129217163287,25272.8882580402,30271.876662650848,True,1.1978004394895503
quadratic_z,loro_anchor,E2__R03__day1_0@110,E2,E2__R03__day1_0,110.0,90.0,15560.0,9.743288927552106,17034.791786102574,0.09083012981972338,0.0194,0.02895407399978346,5,16560.808955360386,17516.629668932484,False,1.0577158227082089,16142.458889331725,17983.796523770125,False,1.1140679773175888,15636.030800157812,18532.13279705047,False,1.1852197679773968
quadratic_z,loro_anchor,E2__R03__day1_0@110,E2,E2__R03__day1_0,110.0,100.0,10360.0,9.32795448047298,11243.28335563638,0.08224696465950743,0.0263,0.02895407399978346,5,10938.071117439471,11561.705886639571,False,1.0570150589170872,10664.309628047147,11865.057118407301,False,1.1125949575959597,10347.872316888663,12235.712811593723,True,1.1824375520776318
quadratic_z,loro_anchor,E2__R03__day1_0@110,E2,E2__R03__day1_0,110.0,120.0,6977.0,8.669741040942943,5827.305854269478,-0.18063326299629345,0.99985,0.02895407399978346,5,5667.715373021951,5993.9056189880475,False,1.0575523336120134,5520.782298884756,6149.378702580198,False,1.1138600237546812,5353.891122798129,6336.993091196389,False,1.1836238253355547
quadratic_z,loro_anchor,E2__R03__day1_0@110,E2,E2__R03__day1_0,110.0,130.0,5128.0,8.413029984836717,4504.806735892413,-0.12944101376378825,0.9972,0.02895407399978346,5,4374.355189924962,4638.593526940214,False,1.060406237157844,4256.031298855964,4764.8480489849035,False,1.1195519286396485,4126.052351773563,4925.966036078908,False,1.193869009917314
quadratic_z,loro_anchor,E2__R03__day1_0@120,E2,E2__R03__day1_0,120.0,80.0,27350.0,10.4061645772705,33063.63887622039,0.1896927694203736,0.0002,0.029015840267928424,5,32102.147144425777,34052.239246174635,False,1.060746469479923,31232.083053663093,35007.88385779882,False,1.1208949399131698,30233.83687587329,36135.95765891761,False,1.195215738157079
quadratic_z,loro_anchor,E2__R03__day1_0@120,E2,E2__R03__day1_0,120.0,90.0,15560.0,9.922283640583764,20396.56791642544,0.2698248428513814,0.0,0.029015840267928424,5,19819.134901383666,20976.991685819357,False,1.0584211566345842,19301.466711874058,21520.780494490424,False,1.1149816133533037,18658.55117853108,22213.16509814874,False,1.1905085708748744
quadratic_z,loro_anchor,E2__R03__day1_0@120,E2,E2__R03__day1_0,120.0,100.0,10360.0,9.506992072606023,13452.779691415644,0.2612845567925497,0.0,0.029015840267928424,5,13084.124690162478,13842.348669287507,False,1.0579499200045925,12736.231757810217,14200.031224340177,False,1.114931911915965,12350.225359586679,14641.379878070424,False,1.1855151992595236
quadratic_z,loro_anchor,E2__R03__day1_0@120,E2,E2__R03__day1_0,120.0,110.0,7895.0,9.15166683654733,9434.506305713256,0.17768190985758636,0.00035,0.029015840267928424,5,9171.279758622473,9695.178805225758,False,1.0571238758811972,8931.110424990824,9949.11614356847,False,1.1139842270597267,8651.077992165106,10251.791577057678,False,1.1850305345001242
quadratic_z,loro_anchor,E2__R03__day1_0@120,E2,E2__R03__day1_0,120.0,130.0,5128.0,8.592234589411426,5390.888602663166,0.04976359081092063,0.1185,0.029015840267928424,5,5242.062570053126,5545.633663267596,False,1.0579106199435144,5104.8461434245455,5686.315382423428,True,1.1139053406629817,4949.7051177149915,5869.451425256738,True,1.1858184044641316
quadratic_z,loro_anchor,E2__R03__day1_0@130,E2,E2__R03__day1_0,130.0,80.0,27350.0,10.35511628862372,31418.460229392753,0.1386444807735927,0.00205,0.028988898340938082,5,30503.64484926949,32374.4529664305,False,1.0613306418431439,29676.906688091905,33266.39633331838,False,1.1209522839746229,28709.395524555075,34331.76482505071,False,1.1958372580741674
quadratic_z,loro_anchor,E2__R03__day1_0@130,E2,E2__R03__day1_0,130.0,90.0,15560.0,9.871254285047812,19363.852969000884,0.21879548731542897,0.0001,0.028988898340938082,5,18793.565495139832,19948.982424496513,False,1.061479389297123,18303.284706366147,20496.75671112207,False,1.1198403477815653,17707.80547713054,21131.82902765647,False,1.1933623878434867
quadratic_z,loro_anchor,E2__R03__day1_0@130,E2,E2__R03__day1_0,130.0,100.0,10360.0,9.45595564942886,12789.746583455815,0.2102481336153872,0.0,0.028988898340938082,5,12407.911067120975,13173.285018745568,False,1.061684351820728,12070.882045850822,13535.676639355608,False,1.1213494248341436,11686.640323197427,13962.409607891077,False,1.1947325511658262
quadratic_z,loro_anchor,E2__R03__day1_0@130,E2,E2__R03__day1_0,130.0,110.0,7895.0,9.100601286092301,8963.851579814025,0.12661635940255778,0.0033,0.028988898340938082,5,8701.96809614455,9226.358610636917,False,1.060261139629402,8478.63935421145,9478.610094932334,False,1.1179400018027876,8200.742399133727,9788.482965429625,False,1.1936093696180012
quadratic_z,loro_anchor,E2__R03__day1_0@130,E2,E2__R03__day1_0,130.0,120.0,6977.0,8.797771347652516,6621.612552077929,-0.05260295628672118,0.89665,0.028988898340938082,5,6436.913535740536,6807.896708706158,False,1.0576337045551045,6265.668793437029,6982.679101034249,True,1.1144347604757294,6075.6508236737145,7202.721411114711,True,1.1855061490777874
quadratic_z,loro_anchor,E3__R03__day1_0@80,E3,E3__R03__day1_0,80.0,90.0,11550.0,9.338827869733002,11364.535284787646,-0.01561284621693737,0.5777,0.056080189434369765,5,10758.866494059326,12009.18831296993,True,1.1162131549453642,10211.137114704943,12642.938157317636,True,1.2381518351282037,9634.787391706133,13446.65228919064,True,1.3956356007155755
quadratic_z,loro_anchor,E3__R03__day1_0@80,E3,E3__R03__day1_0,80.0,100.0,7546.0,8.92655031185623,7527.322975153119,-0.0022225886680260487,0.5112,0.056080189434369765,5,7105.013284521911,7965.939793675194,True,1.121171695910659,6745.568022627511,8389.393603331619,True,1.2436897197078165,6344.094812804172,8923.236257997445,True,1.4065420712168168
quadratic_z,loro_anchor,E3__R03__day1_0@80,E3,E3__R03__day1_0,80.0,110.0,5376.0,8.582310620383042,5337.489896729857,-0.007389261819943371,0.53355,0.056080189434369765,5,5035.750016462038,5654.968712960173,True,1.1229645424164998,4777.835562745934,5952.54018270746,True,1.2458654352027125,4495.23310454854,6343.312948377163,True,1.4111199132162082
quadratic_z,loro_anchor,E3__R03__day1_0@80,E3,E3__R03__day1_0,80.0,120.0,3839.0,8.297457737801782,4012.4953341372193,0.0444905428009843,0.29805,0.056080189434369765,5,3793.254755776328,4248.739079309504,True,1.1200774408414225,3598.2663620808576,4479.81207534855,True,1.2449917889785955,3383.6074899626224,4760.275517162481,True,1.4068639850466422
quadratic_z,loro_anchor,E3__R03__day1_0@80,E3,E3__R03__day1_0,80.0,130.0,2959.0,8.064533667184316,3175.9737738988338,0.07192701478410601,0.19925,0.056080189434369765,5,3002.5805475949815,3365.5889479660514,False,1.1208988050834585,2846.0065716543254,3543.030880011974,True,1.2449131057179825,2668.6960049338404,3778.4881256965573,True,1.4158555784214282
quadratic_z,loro_anchor,E3__R03__day1_0@90,E3,E3__R03__day1_0,90.0,80.0,18570.0,9.844645516712864,18879.452901374385,0.015342862366113152,0.4218,0.0559249011900227,5,17844.52209284607,19936.225363655718,True,1.117218228648904,16972.45391274891,20995.455408071397,True,1.2370312222383233,15949.420310956348,22301.965123023278,True,1.3982931472251119
quadratic_z,loro_anchor,E3__R03__day1_0@90,E3,E3__R03__day1_0,90.0,100.0,7546.0,8.942360118753113,7653.033561067302,0.013587218228856557,0.42945,0.0559249011900227,5,7248.556864813829,8071.368937914976,True,1.1135139157278697,6898.352880926836,8480.183090668366,True,1.229305493216375,6514.254413454005,9012.836554433241,True,1.3835561189963461
quadratic_z,loro_anchor,E3__R03__day1_0@90,E3,E3__R03__day1_0,90.0,110.0,5376.0,8.59812477741628,5424.258506772494,0.008424895213293482,0.45365,0.0559249011900227,5,5141.076961355009,5726.222443228547,True,1.1138176857246098,4885.728203686952,6027.534075456179,True,1.233702290460525,4611.556901392167,6413.849457191631,True,1.390820843011907
quadratic_z,loro_anchor,E3__R03__day1_0@90,E3,E3__R03__day1_0,90.0,120.0,3839.0,8.313177779753515,4074.3275114776116,0.06021058475271701,0.2278,0.0559249011900227,5,3861.9044614127597,4301.48787612173,False,1.1138255539724464,3665.3969641287335,4530.779705092539,True,1.236095230457394,3453.795292736848,4808.440122493252,True,1.3922192008904384
quadratic_z,loro_anchor,E3__R03__day1_0@90,E3,E3__R03__day1_0,90.0,130.0,2959.0,8.080075585408567,3229.1009396230656,0.08746893300835712,0.1553,0.0559249011900227,5,3046.84499398003,3417.939337392052,False,1.1217962660211571,2890.3875506568784,3598.9429836409545,True,1.2451420166209364,2711.9094904343688,3828.4027843659273,True,1.4117000577894392
quadratic_z,loro_anchor,E3__R03__day1_0@100,E3,E3__R03__day1_0,100.0,80.0,18570.0,9.831217809200071,18592.92863973577,0.0019151548533198337,0.49365,0.055898741300092536,5,17577.53999030934,19664.33352857053,True,1.1187193167765035,16693.429028204366,20723.88640154496,True,1.2414397525236391,15731.618164993512,22088.95790474357,True,1.4041122580699683
quadratic_z,loro_anchor,E3__R03__day1_0@100,E3,E3__R03__day1_0,100.0,90.0,11550.0,9.340838106109967,11397.28133403713,-0.013602609839972857,0.5653,0.055898741300092536,5,10814.375240919448,12021.05979046656,True,1.111581531310404,10287.696290341904,12632.803618188607,True,1.2279526204567577,9695.337337017361,13368.163710376326,True,1.3788239898921206
quadratic_z,loro_anchor,E3__R03__day1_0@100,E3,E3__R03__day1_0,100.0,110.0,5376.0,8.584286355495802,5350.471709844578,-0.005413526707183536,0.52525,0.055898741300092536,5,5068.333510323432,5643.555730087164,True,1.11349336396117,4829.151837908111,5932.4887724159735,True,1.2284742686794055,4557.205119435207,6294.659243574534,True,1.3812543167586577
quadratic_z,loro_anchor,E3__R03__day1_0@100,E3,E3__R03__day1_0,100.0,120.0,3839.0,8.299400133102855,4018.3391332164265,0.04643293810205762,0.28345,0.055898741300092536,5,3808.0877880862704,4248.733737171218,True,1.1157131803692981,3621.5816073305814,4459.187308999083,True,1.2312817416493038,3417.0053727961213,4740.553293708961,True,1.3873414807743736
quadratic_z,loro_anchor,E3__R03__day1_0@100,E3,E3__R03__day1_0,100.0,130.0,2959.0,8.06643418352894,3188.7336033168835,0.07382753112873086,0.18935,0.055898741300092536,5,3008.9354307802123,3370.7203782927027,False,1.1202368597915309,2857.928003467341,3554.6786783235693,True,1.2437957408342355,2683.813832800978,3784.141575175269,True,1.4099866126801825
quadratic_z,loro_anchor,E3__R03__day1_0@110,E3,E3__R03__day1_0,110.0,80.0,18570.0,9.836223395115125,18691.32838153855,0.00692074076837379,0.46865,0.05589318378757131,5,17672.033969996384,19802.868193928924,True,1.1205766256193417,16725.121848724164,20889.961147406524,True,1.249016977954039,15699.830109241473,22229.970659068487,True,1.4159370199797987
quadratic_z,loro_anchor,E3__R03__day1_0@110,E3,E3__R03__day1_0,110.0,90.0,11550.0,9.346191612825148,11464.538874277283,-0.008249103124791546,0.5378,0.05589318378757131,5,10854.090547081967,12094.81022840518,True,1.1143089488650684,10313.175881567344,12712.185821889092,True,1.232616021279098,9722.425138937557,13525.39067559035,True,1.391154005539442
quadratic_z,loro_anchor,E3__R03__day1_0@110,E3,E3__R03__day1_0,110.0,100.0,7546.0,8.93411074272104,7592.046966638138,0.005337842196784237,0.4703,0.05589318378757131,5,7193.755057449396,8008.579595769914,True,1.11326831839746,6851.764739322184,8410.641963343485,True,1.227514703631741,6464.655741624346,8922.203173127076,True,1.3801513227810696
quadratic_z,loro_anchor,E3__R03__day1_0@110,E3,E3__R03__day1_0,110.0,120.0,3839.0,8.305035503018411,4046.6043829350942,0.05206830801761342,0.2581,0.05589318378757131,5,3829.9309907654037,4271.736588770103,True,1.1153560205314312,3642.105349404988,4489.9285549106935,True,1.2327838225888261,3441.520305950505,4758.486778927911,True,1.3826699702164553
quadratic_z,loro_anchor,E3__R03__day1_0@110,E3,E3__R03__day1_0,110.0,130.0,2959.0,8.071967474349963,3203.680656407176,0.07936082194975302,0.1697,0.05589318378757131,5,3028.477241572635,3387.8549268660136,False,1.1186661337123867,2878.0905504651755,3572.4807950242175,True,1.2412676850791962,2702.7980367916653,3794.14222259528,True,1.4037831058583592
quadratic_z,loro_anchor,E3__R03__day1_0@120,E3,E3__R03__day1_0,120.0,80.0,18570.0,9.783814813975576,17732.595424057745,-0.045487840371174926,0.70475,0.056104773844467715,5,16745.49490804298,18784.82565846492,True,1.1217838446472213,15890.13917342838,19807.706560249168,True,1.2465407850783192,14931.542640494588,21074.61997524257,True,1.411416119730848
quadratic_z,loro_anchor,E3__R03__day1_0@120,E3,E3__R03__day1_0,120.0,90.0,11550.0,9.293482621623191,10870.577559640438,-0.06095809432674848,0.7722,0.056104773844467715,5,10293.26495361132,11479.797482869832,False,1.1152727083783287,9784.462213198049,12090.82067883686,True,1.2357164262464844,9189.268301608246,12829.629928990445,True,1.3961535900246906
quadratic_z,loro_anchor,E3__R03__day1_0@120,E3,E3__R03__day1_0,120.0,100.0,7546.0,8.881237546989109,7191.818994867953,-0.047535353535147706,0.72545,0.056104773844467715,5,6807.146402180959,7590.2870744268175,True,1.1150468384218895,6474.6661942988885,7988.142671070081,True,1.2337535915139297,6097.443703010321,8486.693409716707,True,1.3918444881298055
quadratic_z,loro_anchor,E3__R03__day1_0@120,E3,E3__R03__day1_0,120.0,110.0,5376.0,8.537015013641463,5100.592134627086,-0.052684868561522435,0.7473,0.056104773844467715,5,4831.904222988317,5378.906577841098,True,1.113206373638442,4599.2132543338585,5653.834231025161,True,1.2293046480716086,4338.44158263914,5976.944983465094,True,1.3776709607852382
quadratic_z,loro_anchor,E3__R03__day1_0@120,E3,E3__R03__day1_0,120.0,130.0,2959.0,8.019234818604556,3040.189634965643,0.026628166204345938,0.3715,0.056104773844467715,5,2880.080197468704,3209.8336826969203,True,1.1144945496719278,2734.635619359306,3375.1463035813636,True,1.2342215831929089,2576.0524684844613,3588.270772241443,True,1.3929338847482746
quadratic_z,loro_anchor,E3__R03__day1_0@130,E3,E3__R03__day1_0,130.0,80.0,18570.0,9.75656158871889,17286.597184973318,-0.07274106562786109,0.80245,0.05605757237275993,5,16317.691856303512,18302.276370110903,False,1.12162164424258,15481.318071081565,19272.309476532417,True,1.2448752353026231,14541.812901011213,20525.217997422966,True,1.411462115290706
quadratic_z,loro_anchor,E3__R03__day1_0@130,E3,E3__R03__day1_0,130.0,90.0,11550.0,9.266217544780606,10583.120030823342,-0.08822317116933398,0.84775,0.05605757237275993,5,9996.987947828982,11202.145605670556,False,1.1205520766985915,9479.797914371105,11801.448589485382,True,1.2449050808978448,8880.885376409124,12539.416399178715,True,1.4119556629441459
quadratic_z,loro_anchor,E3__R03__day1_0@130,E3,E3__R03__day1_0,130.0,100.0,7546.0,8.853981939532034,7014.219759488947,-0.07479096099222282,0.8061,0.05605757237275993,5,6619.339847258028,7423.624179294575,False,1.121505218132849,6278.872289779008,7818.9686657112325,True,1.245282322183755,5887.420944018164,8323.064809684167,True,1.4137030269834379
quadratic_z,loro_anchor,E3__R03__day1_0@130,E3,E3__R03__day1_0,130.0,110.0,5376.0,8.509786949757698,4961.752443291571,-0.07991293244528741,0.83255,0.05605757237275993,5,4691.717007194921,5247.290464471606,False,1.1184158073525519,4448.711345828305,5523.385134699439,True,1.2415696828428506,4194.878557093595,5879.269936535137,True,1.4015351950042068
quadratic_z,loro_anchor,E3__R03__day1_0@130,E3,E3__R03__day1_0,130.0,120.0,3839.0,8.224980940884034,3733.251108692972,-0.027986254116763476,0.6342,0.05605757237275993,5,3534.3494046896762,3942.587357907537,True,1.1155058276570438,3361.247460387201,4149.092598459534,True,1.2343906979052286,3165.4496601158035,4402.997406858844,True,1.3909548025154084
cubic_z,lofo_anchor,E1@80,E1,E1__R01__day1_1,80.0,90.0,2288.0,7.691139696054886,2187.881093756185,-0.04429365644480221,0.6982,0.05782633002679562,5,2064.484091539466,2319.8968727187976,True,1.1237174857515482,1955.8552933101616,2454.06640914554,True,1.254728004438502,1834.0806999282545,2615.285652823435,True,1.4259381568792147
cubic_z,lofo_anchor,E1@80,E1,E1__R01__day1_1,80.0,100.0,1512.0,7.282659383768802,1454.4036172222827,-0.038529172970675596,0.66715,0.05782633002679562,5,1370.4656787887593,1544.7800423774645,True,1.1271935271978262,1297.179133002927,1632.6934057244575,True,1.2586491442741805,1212.9186861676321,1738.77700080945,True,1.4335478714598198
cubic_z,lofo_anchor,E1@80,E1,E1__R01__day1_1,80.0,110.0,1073.0,6.946764290021428,1040.227532976045,-0.031449452609270345,0.64,0.05782633002679562,5,979.4472902467922,1103.5327421210034,True,1.126689259452589,926.6891565105167,1166.026479746637,True,1.258271418797382,869.6852038929001,1245.0925077239062,True,1.4316588371868366
cubic_z,lofo_anchor,E1@80,E1,E1__R01__day1_1,80.0,120.0,780.0,6.663017745027577,782.6123331563292,0.0037238253439397795,0.48515,0.05782633002679562,5,737.9696271246637,829.8709832993662,True,1.1245327081180507,698.5786875137472,876.2897580547647,True,1.2543894821261927,654.067630013461,934.1373065819472,True,1.4281968159205836
cubic_z,lofo_anchor,E1@80,E1,E1__R01__day1_1,80.0,130.0,599.0,6.415498285344896,611.7745031093481,0.020236687229446382,0.4049,0.05782633002679562,5,575.9125613900932,649.5616218302818,True,1.127882365097959,543.6474527262689,686.5699693618332,True,1.262895587791022,509.28243517644216,734.9494736410746,True,1.4431078373760322
cubic_z,lofo_anchor,E1@90,E1,E1__R01__day1_1,90.0,80.0,3636.0,8.242869559436981,3800.0870356101195,0.04423010413961137,0.30685,0.05787177390340107,5,3582.3380769500304,4024.29311039757,True,1.1233705540778598,3391.753163712716,4256.597849177474,True,1.2549845592295616,3182.191291036157,4545.479220253513,True,1.4284116838159828
cubic_z,lofo_anchor,E1@90,E1,E1__R01__day1_1,90.0,100.0,1512.0,7.327168082476058,1519.8809821290108,0.005979525736580449,0.47435,0.05787177390340107,5,1438.1835673660153,1606.7216355950338,True,1.117188147642161,1366.7057000539132,1691.284851253793,True,1.2374901569424024,1286.5356319324762,1798.8019808396216,True,1.398175018392364
cubic_z,lofo_anchor,E1@90,E1,E1__R01__day1_1,90.0,110.0,1073.0,6.991011407863775,1086.5810622879935,0.012797665233076572,0.43945,0.05787177390340107,5,1025.5817052052762,1151.0152498209577,True,1.1223047797938004,972.4806849859856,1214.337542427132,True,1.2487009368670718,911.1815089901173,1292.60090525888,True,1.4185987012527264
cubic_z,lofo_anchor,E1@90,E1,E1__R01__day1_1,90.0,120.0,780.0,6.706959398464859,818.8190087841563,0.04766547878122118,0.2932,0.05787177390340107,5,771.5242158378961,868.4571706565755,True,1.1256382532509464,729.651233014348,916.1774628582097,True,1.2556375174935033,683.220112813963,978.3401754385492,True,1.4319545884108738
cubic_z,lofo_anchor,E1@90,E1,E1__R01__day1_1,90.0,130.0,599.0,6.459162793404973,638.3699686158964,0.06390119528952365,0.23205,0.05787177390340107,5,602.1898209293354,676.9748551981329,False,1.1241884729193607,570.6867626752968,714.881118574815,True,1.2526681278247214,534.3288973359062,762.4559911100184,True,1.4269413369022785
cubic_z,lofo_anchor,E1@100,E1,E1__R01__day1_1,100.0,80.0,3636.0,8.236465494902449,3781.184333313416,0.03782603960507913,0.3278,0.0578348765025236,5,3562.112524725164,4010.0211335900726,True,1.1257424086847079,3366.467923432386,4232.3879859522085,True,1.257219163293541,3150.2619601494466,4513.329362944727,True,1.432683827579411
cubic_z,lofo_anchor,E1@100,E1,E1__R01__day1_1,100.0,90.0,2288.0,7.729750385901545,2276.647604768725,-0.005682966598143935,0.52345,0.0578348765025236,5,2153.499808154597,2409.2588681096536,True,1.118764375546532,2045.4084860664043,2538.9112938855596,True,1.2412734723557484,1923.2753337604627,2701.512565358011,True,1.4046416121169238
cubic_z,lofo_anchor,E1@100,E1,E1__R01__day1_1,100.0,110.0,1073.0,6.985045520574719,1080.3633158503685,0.006831777944020345,0.46665,0.0578348765025236,5,1021.9169742101525,1142.4172820512708,True,1.1179159470702147,969.665145380967,1203.8295718612844,True,1.2414899902257677,912.0871366019129,1276.1743375570666,True,1.3991802826115967
cubic_z,lofo_anchor,E1@100,E1,E1__R01__day1_1,100.0,120.0,780.0,6.701000374745098,813.1498133250403,0.04170645506146009,0.31465,0.0578348765025236,5,766.9863532054228,860.6367441383238,True,1.122101769531509,727.4738776052957,907.229154910932,True,1.2470951642928487,685.0653495696431,969.2619702311375,True,1.4148460009545458
cubic_z,lofo_anchor,E1@100,E1,E1__R01__day1_1,100.0,130.0,599.0,6.453350596887723,634.657691528899,0.05808899877227347,0.25255,0.0578348765025236,5,598.6650594077705,673.9243772395673,True,1.125711892900927,566.3813242865531,712.9896106279849,True,1.2588508484563967,532.2586094067926,762.6647887465239,True,1.4328838937833643
cubic_z,lofo_anchor,E1@110,E1,E1__R01__day1_1,110.0,80.0,3636.0,8.229458986727392,3750.0575683639736,0.030819531430022806,0.3614,0.057794474148645206,5,3536.5655030727667,3979.9162621212313,True,1.1253619531896855,3349.999228783112,4199.169756474452,True,1.2534837979648732,3136.6408541012297,4483.822944516999,True,1.4294983560691361
cubic_z,lofo_anchor,E1@110,E1,E1__R01__day1_1,110.0,90.0,2288.0,7.722688494062164,2260.778960200456,-0.012744858437524265,0.55795,0.057794474148645206,5,2132.8346232833987,2397.0721478484447,True,1.1238903015172665,2018.78559326367,2527.175289112981,True,1.2518294649742483,1894.5590866473306,2696.602266307048,True,1.4233402828723791
cubic_z,lofo_anchor,E1@110,E1,E1__R01__day1_1,110.0,100.0,1512.0,7.314054561788318,1502.311309061228,-0.007133994951160183,0.5311,0.057794474148645206,5,1419.5001895295923,1588.7957739720423,True,1.119264221090772,1345.9921098963302,1673.0132956631282,True,1.2429592145172272,1267.2260575233793,1780.2004188057774,True,1.4048009889292656
cubic_z,lofo_anchor,E1@110,E1,E1__R01__day1_1,110.0,120.0,780.0,6.693675105963376,807.9917747634888,0.034381186279738074,0.3313,0.057794474148645206,5,764.0871041511547,853.331315063204,True,1.1167984781148652,726.3090059245019,899.1530005277598,True,1.237975838373708,682.0521975605344,955.4202028425577,True,1.4008021765192846
cubic_z,lofo_anchor,E1@110,E1,E1__R01__day1_1,110.0,130.0,599.0,6.446074538278298,630.3807163443241,0.05081294016284854,0.2823,0.057794474148645206,5,593.6081003568493,668.5249373341745,True,1.1262058872382112,562.14015224299,706.9433529155706,True,1.2575927019174893,524.5447784089818,752.721639455812,True,1.4349997758798072
cubic_z,lofo_anchor,E1@120,E1,E1__R01__day1_1,120.0,80.0,3636.0,8.195389993220768,3626.249937871431,-0.0032494620766012616,0.51305,0.057702078103900684,5,3418.177819895293,3843.6165551416966,True,1.1244636053660415,3234.505131696181,4055.7789336139913,True,1.2539101867144458,3031.760946078455,4333.765662330913,True,1.4294549403496288
cubic_z,lofo_anchor,E1@120,E1,E1__R01__day1_1,120.0,90.0,2288.0,7.688577023475062,2185.276331187619,-0.04685632902462622,0.69695,0.057702078103900684,5,2057.8237508897937,2321.240212790129,True,1.1280072998411237,1947.9940103108586,2449.320083763577,True,1.2573550384647834,1826.3089686511094,2612.780275632533,True,1.430634312419931
cubic_z,lofo_anchor,E1@120,E1,E1__R01__day1_1,120.0,100.0,1512.0,7.279881443842568,1449.6739304924033,-0.04130711289691025,0.69395,0.057702078103900684,5,1368.7711094491247,1535.052463066908,True,1.1214822204164618,1297.4213121851224,1618.8636471659477,True,1.2477547824765194,1219.2919089823017,1725.7398687182188,True,1.415362355810784
cubic_z,lofo_anchor,E1@120,E1,E1__R01__day1_1,120.0,110.0,1073.0,6.943559851304679,1036.5222673282717,-0.0346538913260197,0.6651,0.057702078103900684,5,980.4827148605398,1094.1710220946975,True,1.115951363049096,930.976063147695,1152.4130799235074,True,1.2378546834245323,875.2905014263109,1226.2527462710239,True,1.4009665868335255
cubic_z,lofo_anchor,E1@120,E1,E1__R01__day1_1,120.0,130.0,599.0,6.412020146207314,609.6778524498876,0.01675854809186461,0.41745,0.057702078103900684,5,574.9165716009676,645.7309928350683,True,1.1231733867696736,544.5017201223502,682.0721117912854,True,1.2526537319992725,511.05401366811554,727.3900520166449,True,1.423313451342974
cubic_z,lofo_anchor,E1@130,E1,E1__R01__day1_1,130.0,80.0,3636.0,8.179033571812989,3566.9467624391837,-0.01960588348438108,0.58415,0.05763482478251187,5,3359.8478997849365,3785.7829206014644,True,1.1267721139530726,3173.9297730672392,4007.704614617716,True,1.262694798298807,2966.382125224836,4290.718262450642,True,1.4464482596372943
cubic_z,lofo_anchor,E1@130,E1,E1__R01__day1_1,130.0,90.0,2288.0,7.672125022385933,2146.7846108924064,-0.06330833011375514,0.76625,0.05763482478251187,5,2023.0395380601901,2277.870761306212,False,1.1259645293390406,1915.1698894286112,2407.1785178684595,True,1.2569007747853838,1797.886499442052,2563.2834914726973,True,1.4257204179842136
cubic_z,lofo_anchor,E1@130,E1,E1__R01__day1_1,130.0,100.0,1512.0,7.263468074327419,1427.9441998891557,-0.057720482412058516,0.7443,0.05763482478251187,5,1345.923106354596,1514.2166207151483,True,1.125039471843508,1273.85068564346,1600.0688264772332,True,1.25608820916793,1189.3630104608264,1704.717334269333,True,1.4333028009748086
cubic_z,lofo_anchor,E1@130,E1,E1__R01__day1_1,130.0,110.0,1073.0,6.927247365093368,1019.8577352451213,-0.05096637753733013,0.7179,0.05763482478251187,5,962.5478465169028,1081.7277521010974,True,1.1238171234972492,909.6402623698117,1141.8956219831998,True,1.255326604616546,849.4251351398426,1218.8402715845982,True,1.4349001709066898
cubic_z,lofo_anchor,E1@130,E1,E1__R01__day1_1,130.0,120.0,780.0,6.643298396896533,767.4174370012445,-0.015995522787104477,0.57475,0.05763482478251187,5,725.056451536054,813.0013275082252,True,1.1212938327572388,686.9045346872548,859.8022722999002,True,1.2517056284849906,644.3136898660525,915.5152701063805,True,1.4209154399570627
cubic_z,lofo_anchor,E2@80,E2,E2__R01__day1_0,80.0,90.0,5527.0,8.684084988967266,5906.988539081877,0.06668453713400346,0.0075,0.012727253896520805,2,5826.128361391084,5992.918859069271,False,1.0286280162969776,5741.772823734962,6077.8643259116125,False,1.058534447895141,5629.052656297096,6205.368890450033,False,1.1023824556887427
cubic_z,lofo_anchor,E2@80,E2,E2__R01__day1_0,80.0,100.0,3705.0,8.27328884004453,3917.4674708824937,0.055850302314343736,0.01665,0.012727253896520805,2,3860.90280066677,3973.3695994522423,False,1.029129663343519,3806.364715646042,4032.09962689733,False,1.0593045932575524,3729.72095322657,4113.709796486997,False,1.102953772702014
cubic_z,lofo_anchor,E2@80,E2,E2__R01__day1_0,80.0,110.0,2622.0,7.9154919208076056,2739.0193756070958,0.043799256483960214,0.03645,0.012727253896520805,2,2700.037034785946,2778.377504389903,False,1.0290145907610366,2660.940510492111,2819.6085878177,False,1.0596285699360655,2607.008408700022,2879.1061974746463,True,1.104371657516174
cubic_z,lofo_anchor,E2@80,E2,E2__R01__day1_0,80.0,120.0,1955.0,7.604128790668718,2006.2586897747717,0.02598331824925193,0.1176,0.012727253896520805,2,1977.7772059666063,2034.9323719473296,False,1.0288986877835866,1950.2207623980596,2064.235147280178,True,1.0584622967206658,1912.3901513147432,2107.7897517151437,True,1.1021755943817562
cubic_z,lofo_anchor,E2@80,E2,E2__R01__day1_0,80.0,130.0,1536.0,7.333545841849987,1530.85633626744,-0.0033910718576306564,0.56335,0.012727253896520805,2,1508.272525131549,1553.3537561510213,True,1.029889313945794,1485.0280730968843,1576.857524165623,True,1.061836845196628,1454.1007417906583,1611.343127525475,True,1.1081372020628915
cubic_z,lofo_anchor,E2@80,E2,E2__R02__day1_0,80.0,90.0,11540.0,9.36918011633804,11723.383188129377,0.015605576275948607,0.23025,0.012727253896520805,2,11554.272045641801,11889.599286355842,False,1.0290219270750618,11393.89697185565,12064.209272623511,True,1.0588308199050438,11169.599696226818,12307.455654237416,True,1.1018707911613854
cubic_z,lofo_anchor,E2@80,E2,E2__R02__day1_0,80.0,100.0,7544.0,8.958383967415307,7772.877223686145,0.029876143102013586,0.09435,0.012727253896520805,2,7660.788115765729,7885.0925681254475,False,1.0292795530916856,7550.683490069225,8001.7263831648825,False,1.0597353727896126,7400.507283815468,8170.562922356329,True,1.104054439649689
cubic_z,lofo_anchor,E2@80,E2,E2__R02__day1_0,80.0,110.0,5710.0,8.600587048178381,5433.651008635187,-0.049387254471675135,0.9763,0.012727253896520805,2,5356.720904356752,5511.556051299032,False,1.0289048374382075,5282.101942762541,5592.922805108034,False,1.0588441619858124,5178.429794509458,5702.820415816771,False,1.1012644068020985
cubic_z,lofo_anchor,E2@80,E2,E2__R02__day1_0,80.0,120.0,4017.0,8.289223918039493,3979.583561648383,-0.009066716319789947,0.67225,0.012727253896520805,2,3924.3878060271168,4036.702176598721,True,1.0286195901432347,3868.5534807065987,4094.4532783986583,True,1.0583938670665085,3794.7526865579816,4175.84163461511,True,1.1004252396755778
cubic_z,lofo_anchor,E2@80,E2,E2__R02__day1_0,80.0,130.0,3302.0,8.018640969220764,3036.9008480462107,-0.08364265525930925,0.99655,0.012727253896520805,2,2992.6797182044083,3082.0602082363134,False,1.0298663734338844,2948.3541336444546,3127.394297299609,False,1.060725460897685,2891.430115235096,3193.4992363996703,False,1.104470490077888
cubic_z,lofo_anchor,E2@80,E2,E2__R02__day1_1,80.0,90.0,15300.0,9.633455689899858,15270.7128445379,-0.0021524174806692997,0.53585,0.012727253896520805,2,15053.523454474747,15489.592203692004,True,1.028967885859814,14839.349843998418,15708.238234877586,True,1.0585529959205444,14532.313268206615,16009.519775076198,True,1.101649784146986
cubic_z,lofo_anchor,E2@80,E2,E2__R02__day1_1,80.0,100.0,10330.0,9.222659540977125,10125.021729486076,-0.02014802113655989,0.82475,0.012727253896520805,2,9980.035101822274,10270.4995438679,False,1.0291045511445736,9832.881780267393,10418.741986564643,True,1.0595817400625067,9625.656162282017,10628.56147165867,True,1.1041908512488239
cubic_z,lofo_anchor,E2@80,E2,E2__R02__day1_1,80.0,110.0,6671.0,8.8648626217402,7079.699591594317,0.05933756903068321,0.01325,0.012727253896520805,2,6980.2930085803355,7181.03890066522,False,1.028758949207164,6879.707856333856,7283.604864792282,False,1.0587084534536702,6741.447382397522,7432.691783543874,False,1.1025364972737528
cubic_z,lofo_anchor,E2@80,E2,E2__R02__day1_1,80.0,120.0,4863.0,8.553499491601313,5184.998469208438,0.06408868119752675,0.00765,0.012727253896520805,2,5113.0148917497945,5258.283394789654,False,1.02841151573297,5041.724223596302,5333.249011867877,False,1.0578224383847057,4942.37210385329,5440.402617291133,False,1.100767506568264
cubic_z,lofo_anchor,E2@80,E2,E2__R02__day1_1,80.0,130.0,3845.0,8.28291654278258,3955.822475440327,0.02838766084283506,0.1124,0.012727253896520805,2,3897.447684479472,4014.9854343570682,False,1.030157620933735,3838.1135133663884,4076.2086801909563,True,1.0620344255049758,3756.4272988256375,4161.973094008077,True,1.1079605068649205
cubic_z,lofo_anchor,E2@80,E2,E2__R03__day1_0,80.0,90.0,15560.0,9.744646717929974,17066.25896366792,0.09218792019759192,0.00215,0.012727253896520805,2,16822.28074047117,17310.33909469639,False,1.0290126149809782,16588.638828728286,17557.08971087683,False,1.0583803705745511,16246.532401817276,17919.385739065347,False,1.1029667929053557
cubic_z,lofo_anchor,E2@80,E2,E2__R03__day1_0,80.0,100.0,10360.0,9.33385056900724,11314.871895953194,0.08814305319376636,0.0028,0.012727253896520805,2,11152.593789889901,11479.261303771691,False,1.0292907210677684,10988.366814638908,11652.465518631594,False,1.0604365248444347,10765.258341999082,11899.619394480314,False,1.105372394831965
cubic_z,lofo_anchor,E2@80,E2,E2__R03__day1_0,80.0,110.0,7895.0,8.976053649770314,7911.281770497786,0.0020687230805709333,0.4584,0.012727253896520805,2,7800.800432483558,8027.196157064771,True,1.0290221146587049,7687.207907815608,8141.481107220259,True,1.0590946940491606,7533.537713932944,8319.029248280598,True,1.10426595899227
cubic_z,lofo_anchor,E2@80,E2,E2__R03__day1_0,80.0,120.0,6977.0,8.664690519631428,5795.271996088332,-0.18568378430780896,0.99995,0.012727253896520805,2,5713.113523055081,5876.554289150817,False,1.028608002525449,5629.713909896768,5962.200639999185,False,1.0590592586806094,5516.535854481994,6082.896767016346,False,1.1026660439584024
cubic_z,lofo_anchor,E2@80,E2,E2__R03__day1_0,80.0,130.0,5128.0,8.394107570812695,4421.626290199387,-0.1483634277878103,0.9999,0.012727253896520805,2,4355.678194276771,4487.536794309697,False,1.0302728057839956,4288.979541607441,4554.974802790778,False,1.0620183096242157,4200.347830053672,4655.40613280336,False,1.1083382427268824
cubic_z,lofo_anchor,E2@90,E2,E2__R01__day1_0,90.0,80.0,9462.0,9.089379091595365,8859.873828115136,-0.06565996459572787,0.9928,0.012724537535232078,2,8733.73720150897,8987.117687316295,False,1.0290116910964013,8611.690496862082,9115.038001989777,False,1.058449325984382,8438.381966077632,9300.68081976448,False,1.1021877010490042
cubic_z,lofo_anchor,E2@90,E2,E2__R01__day1_0,90.0,100.0,3705.0,8.207026885347695,3666.21601208811,-0.01041165238249242,0.7156,0.012724537535232078,2,3619.529000844186,3712.594814018591,True,1.0257121335822144,3575.1296836287297,3760.784980125233,True,1.05192966771154,3515.524951695291,3828.9138140371088,True,1.089144257727624
cubic_z,lofo_anchor,E2@90,E2,E2__R01__day1_0,90.0,110.0,2622.0,7.849248857624221,2563.4238827645977,-0.022443806699424584,0.85935,0.012724537535232078,2,2528.2880866063906,2598.568464564409,False,1.027797614650929,2493.87610056896,2635.070527110351,True,1.0566164560096547,2445.356953044828,2691.808975533293,True,1.1007836594905278
cubic_z,lofo_anchor,E2@90,E2,E2__R01__day1_0,90.0,120.0,1955.0,7.537923110412239,1877.404286205725,-0.04022236200722773,0.9506,0.012724537535232078,2,1850.579658916993,1904.7678015298295,False,1.0292817130847256,1824.0587008619796,1933.794957069365,False,1.0601604850521138,1788.2121813454148,1974.7456560037676,True,1.104312830772693
cubic_z,lofo_anchor,E2@90,E2,E2__R01__day1_0,90.0,130.0,1536.0,7.267380167517546,1432.889366979563,-0.0695567461900719,0.99255,0.012724537535232078,2,1412.2116051740306,1453.0973933312835,False,1.0289516018757079,1392.6193967675672,1474.2057889887158,False,1.0585848455152358,1365.029400494602,1504.3341806123078,False,1.1020525858763413
cubic_z,lofo_anchor,E2@90,E2,E2__R02__day1_0,90.0,80.0,18780.0,9.824823691138583,18489.079204272883,-0.015724061623670238,0.76885,0.012724537535232078,2,18234.526290103968,18756.22286487243,False,1.0286103716909605,17980.674318197194,19021.204413406307,True,1.0578693588902865,17614.790707777705,19378.480705925354,True,1.100125515392522
cubic_z,lofo_anchor,E2@90,E2,E2__R02__day1_0,90.0,100.0,7544.0,8.942471484890913,7651.392205235884,0.013963660577619663,0.2226,0.012724537535232078,2,7556.888903896103,7747.413992987851,False,1.025212106663831,7460.326079298594,7847.10958207429,True,1.051845388346894,7323.6622076601325,7992.015917874072,True,1.091259494398155
cubic_z,lofo_anchor,E2@90,E2,E2__R02__day1_0,90.0,110.0,5710.0,8.584693457167438,5349.396623490325,-0.06528084548261859,0.99355,0.012724537535232078,2,5277.129369428562,5425.058111890564,False,1.0280320477491003,5205.393344617306,5498.983817104562,False,1.0564012079492218,5105.997721246218,5599.879370725752,False,1.0967257872882465
cubic_z,lofo_anchor,E2@90,E2,E2__R02__day1_0,90.0,120.0,4017.0,8.273367709955457,3918.8727776587957,-0.024922924403826485,0.8718,0.012724537535232078,2,3862.8784711620337,3974.334571827051,False,1.0288531211885341,3807.0818625935945,4031.059349292843,True,1.0588318020949155,3732.2944231114016,4111.219569318535,True,1.1015260596432916
cubic_z,lofo_anchor,E2@90,E2,E2__R02__day1_0,90.0,130.0,3302.0,8.002824767060764,2989.651246142279,-0.09945885741930915,0.9991,0.012724537535232078,2,2948.231161773954,3032.069079376734,False,1.0284366838970436,2906.7123978259433,3073.69623710145,False,1.057447664722661,2847.378083527526,3136.3702131810987,False,1.1014941188616405
cubic_z,lofo_anchor,E2@90,E2,E2__R02__day1_1,90.0,80.0,24470.0,10.106893895585046,24509.98690155138,0.0016907391483282908,0.47,0.012724537535232078,2,24164.27634478178,24857.59421881175,True,1.028691853384622,23827.51188617438,25224.385316334734,True,1.0586243933833004,23353.048766024935,25736.724640732074,True,1.1020712926431695
cubic_z,lofo_anchor,E2@90,E2,E2__R02__day1_1,90.0,100.0,10330.0,9.224541689337373,10144.96389070364,-0.0182658727763112,0.83265,0.012724537535232078,2,10020.622424377594,10269.722967389453,False,1.0248587894506294,9892.907098213385,10398.137983253515,True,1.051070012082836,9713.360956770435,10586.52654471821,True,1.089893250321266
cubic_z,lofo_anchor,E2@90,E2,E2__R02__day1_1,90.0,110.0,6671.0,8.8667636616139,7093.133998273128,0.06123860890438415,0.0117,0.012724537535232078,2,6994.7095445172445,7190.312571995094,False,1.0279644245744517,6900.4369327625955,7290.50621142244,False,1.0565281999474314,6758.9341828435645,7440.152282503867,False,1.1007877989682844
cubic_z,lofo_anchor,E2@90,E2,E2__R02__day1_1,90.0,120.0,4863.0,8.555437914401919,5193.669750214183,0.06602710399813283,0.00855,0.012724537535232078,2,5121.244012749183,5268.374959583733,False,1.0287295326034596,5048.233469006402,5345.944965117178,False,1.058973400881432,4941.316700689217,5455.789943978693,False,1.1041166301317455
cubic_z,lofo_anchor,E2@90,E2,E2__R02__day1_1,90.0,130.0,3845.0,8.284894971507226,3961.9414783465977,0.030366089567481325,0.087,0.012724537535232078,2,3906.9020052833375,4019.7603716628587,False,1.0288869201804658,3852.304421710846,4077.6827873151915,False,1.0585048170996447,3772.0556477258356,4157.880185840342,True,1.1022849539208468
cubic_z,lofo_anchor,E2@90,E2,E2__R03__day1_0,90.0,80.0,27350.0,10.123740538907436,24929.200281622874,-0.0927312689426909,0.9982,0.012724537535232078,2,24578.133197198902,25282.071221991348,False,1.028640825531561,24229.49621896118,25641.396925624307,False,1.0582719794874738,23759.249054923497,26167.234071706156,False,1.101349373930809
cubic_z,lofo_anchor,E2@90,E2,E2__R03__day1_0,90.0,100.0,10360.0,9.241388332659763,10314.721911693314,-0.004319183153709716,0.59335,0.012724537535232078,2,10184.4104943729,10446.243823892151,True,1.0257092278108704,10054.451427482225,10579.691687543871,True,1.0522395740682566,9873.19705445168,10761.74259814892,True,1.0899957266928655
cubic_z,lofo_anchor,E2@90,E2,E2__R03__day1_0,90.0,110.0,7895.0,8.883610304936289,7212.46162564553,-0.09037462175345468,0.99845,0.012724537535232078,2,7112.00901099011,7312.231469200823,False,1.0281527284205223,7015.4657748793015,7414.625323401165,False,1.0568970844318217,6875.577503292708,7561.621138503921,False,1.0997797835720227
cubic_z,lofo_anchor,E2@90,E2,E2__R03__day1_0,90.0,120.0,6977.0,8.572284557724307,5283.28322129074,-0.27808974621492943,1.0,0.012724537535232078,2,5208.124833725846,5359.73514325971,False,1.0291103447736298,5131.285703275465,5437.813954861667,False,1.0597371242436444,5023.563222427867,5554.069397750234,False,1.1056035630155712
cubic_z,lofo_anchor,E2@90,E2,E2__R03__day1_0,90.0,130.0,5128.0,8.301741614829615,4030.8112624658283,-0.2407293837708906,1.0,0.012724537535232078,2,3973.3070312028312,4087.341445745203,False,1.0287001265310853,3918.1938872633154,4145.538750155743,False,1.0580228721277543,3837.423451509636,4229.190909777598,False,1.1020912764041826
cubic_z,lofo_anchor,E2@100,E2,E2__R01__day1_0,100.0,80.0,9462.0,9.100308432150571,8957.849290742986,-0.05473062404052165,0.98095,0.012704783263414607,2,8829.9407935749,9085.370595457538,False,1.0289276913463,8700.169710108541,9218.735173395586,False,1.0596040629741434,8529.615428236657,9417.023751222245,False,1.1040384915887167
cubic_z,lofo_anchor,E2@100,E2,E2__R01__day1_0,100.0,90.0,5527.0,8.628821642424471,5589.734545159506,0.01142119059120894,0.2678,0.012704783263414607,2,5521.1053922466,5660.12414918821,True,1.025179515163184,5452.339036359017,5734.9167434961255,True,1.051826877465384,5357.775870556466,5840.4508754339995,True,1.090088689138727
cubic_z,lofo_anchor,E2@100,E2,E2__R01__day1_0,100.0,110.0,2622.0,7.8601794867665244,2592.47438908037,-0.01151317755712089,0.72975,0.012704783263414607,2,2559.498178108136,2624.9703387733985,True,1.0255800770734114,2526.982287160826,2659.008924633662,True,1.052246760154846,2483.472866029153,2710.2219899764164,True,1.0913032419435347
cubic_z,lofo_anchor,E2@100,E2,E2__R01__day1_0,100.0,120.0,1955.0,7.548804268783255,1898.3091216420562,-0.02934120363621151,0.91465,0.012704783263414607,2,1873.0945477644148,1923.914743014683,False,1.0271316764607124,1848.9072175894937,1950.4270265862815,False,1.0549080062163119,1814.9426388029,1989.0855143274744,True,1.095949520277641
cubic_z,lofo_anchor,E2@100,E2,E2__R01__day1_0,100.0,130.0,1536.0,7.27821595649209,1448.4724247493655,-0.05872095721552739,0.98605,0.012704783263414607,2,1428.0152356696547,1469.415769918086,False,1.0289916614433157,1408.2366926476955,1490.9867048489427,False,1.0587614373587049,1381.4128536288208,1522.1001605539789,False,1.1018430562272443
cubic_z,lofo_anchor,E2@100,E2,E2__R02__day1_0,100.0,80.0,18780.0,9.810891800828712,18229.82414702994,-0.029655951933541758,0.90305,0.012704783263414607,2,17965.440971331383,18495.762480278714,False,1.0295189809030347,17709.39026915328,18770.9955876029,False,1.0599458988883856,17349.036156228412,19149.839491198873,True,1.1037984657334383
cubic_z,lofo_anchor,E2@100,E2,E2__R02__day1_0,100.0,90.0,11540.0,9.33940501110261,11376.216954593057,-0.014169528959481426,0.77885,0.012704783263414607,2,11234.018844453103,11518.167051974575,False,1.0252935491257231,11091.760809124095,11666.93180635517,True,1.0518556978579936,10902.384981957248,11876.188616676889,True,1.0893202392257497
cubic_z,lofo_anchor,E2@100,E2,E2__R02__day1_0,100.0,110.0,5710.0,8.570762855444663,5276.110830174303,-0.07921144720539353,0.998,0.012704783263414607,2,5207.609217836581,5342.6895320791955,False,1.0259390266420052,5140.709569579839,5411.659333462172,False,1.0527066857629301,5046.616774875723,5506.236120363116,False,1.0910747469028321
cubic_z,lofo_anchor,E2@100,E2,E2__R02__day1_0,100.0,120.0,4017.0,8.259387637461394,3863.6030000101327,-0.0389029968978889,0.95715,0.012704783263414607,2,3811.306310914706,3915.902840952765,False,1.0274437480237468,3760.818029683509,3969.4796376838954,False,1.0554830375608326,3690.0429625061956,4044.732157250277,True,1.0961206138649355
cubic_z,lofo_anchor,E2@100,E2,E2__R02__day1_0,100.0,130.0,3302.0,7.988799325170231,2947.535816676928,-0.1134842993098415,0.9996,0.012704783263414607,2,2905.6161062607516,2989.3320537077816,False,1.028811771543614,2864.5544611232835,3031.4584461165587,False,1.058265251109182,2807.0384192937295,3095.766047516075,False,1.1028584526089213
cubic_z,lofo_anchor,E2@100,E2,E2__R02__day1_1,100.0,80.0,24470.0,10.124894594989758,24958.685302842478,0.019691438553040896,0.1823,0.012704783263414607,2,24598.51102328543,25323.421714008313,False,1.0294696979844296,24248.0007583819,25688.050760014383,True,1.0593884013771608,23749.838124875583,26197.001270520985,True,1.1030391505313983
cubic_z,lofo_anchor,E2@100,E2,E2__R02__day1_1,100.0,90.0,15300.0,9.653407805263656,15579.744688932466,0.017799697883129184,0.1707,0.012704783263414607,2,15383.82140523126,15774.96110580276,False,1.0254253927075943,15190.220214257697,15977.708600259795,True,1.051841801823449,14933.668553055115,16260.30490921012,True,1.0888352618408421
cubic_z,lofo_anchor,E2@100,E2,E2__R02__day1_1,100.0,110.0,6671.0,8.884765649605711,7222.118725940214,0.07924059689619511,0.0021,0.012704783263414607,2,7127.851095663396,7312.40473876351,False,1.025891904954692,7037.767156394744,7408.670486194092,False,1.052701847270172,6909.8850836018855,7539.619158954459,False,1.0911352457723238
cubic_z,lofo_anchor,E2@100,E2,E2__R02__day1_1,100.0,120.0,4863.0,8.57339043162244,5288.752070579208,0.08397962121865454,0.00195,0.012704783263414607,2,5219.431992992432,5359.398650262487,False,1.026816453870454,5150.094423704223,5433.773530601531,False,1.0550823118099786,5055.02629182322,5539.699582034514,False,1.0958794795974214
cubic_z,lofo_anchor,E2@100,E2,E2__R02__day1_1,100.0,130.0,3845.0,8.302802119331277,4035.140117233552,0.04827323739153222,0.0258,0.012704783263414607,2,3978.5413999021334,4092.511699383414,False,1.0286462519867416,3921.6226911635094,4152.549132576989,False,1.0588854307513622,3842.4535541078953,4234.983455553465,True,1.1021560562588775
cubic_z,lofo_anchor,E2@100,E2,E2__R03__day1_0,100.0,80.0,27350.0,10.127913740342262,25032.509825392455,-0.08855806750786499,0.99725,0.012704783263414607,2,24667.793709866823,25397.727336336797,False,1.0295905517556687,24314.969020207638,25767.107143346693,False,1.0597219812179164,23832.245352995506,26273.071207475736,False,1.10241694889959
cubic_z,lofo_anchor,E2@100,E2,E2__R03__day1_0,100.0,90.0,15560.0,9.65642695061616,15622.11420575025,0.003968152883777165,0.41325,0.012704783263414607,2,15426.964163569277,15820.575010512046,True,1.025514472113203,15236.145190754158,16015.560914915073,True,1.0511557033884065,14975.118703556034,16302.660477598869,True,1.0886498331213623
cubic_z,lofo_anchor,E2@100,E2,E2__R03__day1_0,100.0,110.0,7895.0,8.887784794958213,7243.669207637013,-0.0862001317315304,0.9981,0.012704783263414607,2,7151.153574009937,7336.85567887362,False,1.0259681326854169,7060.072147335305,7432.1680356662,False,1.0527042614530981,6941.559501263711,7569.300119070053,False,1.0904322173845895
cubic_z,lofo_anchor,E2@100,E2,E2__R03__day1_0,100.0,120.0,6977.0,8.576409576974942,5304.912040854225,-0.2739647269642944,1.0,0.012704783263414607,2,5234.1573011965675,5377.471830405573,False,1.0273806309138327,5163.535875994067,5450.154527786195,False,1.0555082134946818,5072.078284292382,5550.719473127084,False,1.0943678630349607
cubic_z,lofo_anchor,E2@100,E2,E2__R03__day1_0,100.0,130.0,5128.0,8.305821264683779,4047.4084757034216,-0.2366497339167264,1.0,0.012704783263414607,2,3989.987003097,4106.086776152523,False,1.0290977822648062,3932.2897157774833,4163.757349809791,False,1.0588633215664636,3854.0872889170937,4246.341056279836,False,1.1017760465598996
cubic_z,lofo_anchor,E2@110,E2,E2__R01__day1_0,110.0,80.0,9462.0,9.112232739233454,9063.725962271485,-0.04280631695763937,0.9634,0.012675979959976595,2,8936.849188979733,9194.79494372933,False,1.0288631652269211,8812.757109100581,9327.885407396816,False,1.0584525696009803,8646.431948030475,9516.22410447633,True,1.1005955013205164
cubic_z,lofo_anchor,E2@110,E2,E2__R01__day1_0,110.0,90.0,5527.0,8.640746025231088,5656.435516124439,0.023345573397826058,0.13215,0.012675979959976595,2,5580.289800704766,5735.179473243606,False,1.0277565642772313,5505.945332050631,5816.7989015181565,True,1.0564578016527004,5404.35923678166,5926.954471282814,True,1.0966988335905596
cubic_z,lofo_anchor,E2@110,E2,E2__R01__day1_0,110.0,100.0,3705.0,8.229878563024686,3751.0074321642155,0.012440025294498724,0.25675,0.012675979959976595,2,3703.487388574786,3800.214661167882,True,1.0261178890176588,3656.347137843391,3850.938220103385,True,1.0532200786533548,3589.267346187868,3920.5486399331903,True,1.0922977482012237
cubic_z,lofo_anchor,E2@110,E2,E2__R01__day1_0,110.0,120.0,1955.0,7.560661450813183,1920.6918094966877,-0.017484021606283484,0.8272,0.012675979959976595,2,1896.9648186586496,1945.06784263,False,1.0253578893494526,1873.0927543727598,1969.315109897905,True,1.0513708439160383,1841.0005989337765,2005.6889972205265,True,1.0894559178210643
cubic_z,lofo_anchor,E2@110,E2,E2__R01__day1_0,110.0,130.0,1536.0,7.290151814242953,1465.8848167630968,-0.0467850994646648,0.9701,0.012675979959976595,2,1444.5208667330787,1487.2301111655893,False,1.0295663741632903,1423.9754699925152,1508.691316973746,False,1.0594924904020124,1396.2569452089213,1540.143292307648,True,1.103051481743711
cubic_z,lofo_anchor,E2@110,E2,E2__R02__day1_0,110.0,80.0,18780.0,9.890231091339624,19736.720589522498,0.049683338577370506,0.0219,0.012675979959976595,2,19456.295788694308,20016.29137094611,False,1.0287822300983525,19181.446988246695,20305.42284457188,False,1.0585970316532372,18818.76515754981,20723.692808354182,False,1.1012249015733184
cubic_z,lofo_anchor,E2@110,E2,E2__R02__day1_0,110.0,90.0,11540.0,9.418744377337259,12316.067315255134,0.06516983727516745,0.0072,0.012675979959976595,2,12148.127124358734,12487.340751523068,False,1.0279231212920188,11980.50549939022,12668.464570621885,False,1.057423209001213,11760.156424636289,12918.684858017761,False,1.098513012204028
cubic_z,lofo_anchor,E2@110,E2,E2__R02__day1_0,110.0,100.0,7544.0,9.007876915130856,8164.363401159124,0.07936909081756305,0.0021,0.012675979959976595,2,8062.813731052283,8270.27367414304,False,1.0257304645761276,7962.602221457826,8375.882212985875,False,1.0519026293206422,7828.754344041179,8521.76709636875,False,1.0885214584431373
cubic_z,lofo_anchor,E2@110,E2,E2__R02__day1_0,110.0,120.0,4017.0,8.338659802919352,4182.68929785511,0.04036916856006911,0.02975,0.012675979959976595,2,4130.085526624949,4235.328313803112,False,1.0254819873583019,4077.7949353009167,4289.499790284307,False,1.0519165034883657,4009.053990730768,4365.381698007043,True,1.0888807454576894
cubic_z,lofo_anchor,E2@110,E2,E2__R02__day1_0,110.0,130.0,3302.0,8.068150166349124,3192.1917239317618,-0.034133458130948924,0.92975,0.012675979959976595,2,3145.3734648296995,3238.444749321849,False,1.0295898994293795,3100.901614218109,3286.269652831877,False,1.0597787552380982,3037.61626427837,3353.8922497029157,True,1.1041197958885967
cubic_z,lofo_anchor,E2@110,E2,E2__R02__day1_1,110.0,80.0,24470.0,10.045424354027944,23047.717148585278,-0.05977880240877376,0.9883,0.012675979959976595,2,22720.904847042922,23377.444434555066,False,1.02889583808092,22398.028429070622,23714.594159956956,False,1.058780429494301,21948.33393055626,24196.317009833692,False,1.1024215818107184
cubic_z,lofo_anchor,E2@110,E2,E2__R02__day1_1,110.0,90.0,15300.0,9.573937640025578,14385.316251591566,-0.061670467354948855,0.99125,0.012675979959976595,2,14193.70948222664,14586.58621945046,False,1.027679637780087,13993.918071142354,14780.447200440756,False,1.0562050688949187,13734.504155300841,15076.470318171672,False,1.0977076527624696
cubic_z,lofo_anchor,E2@110,E2,E2__R02__day1_1,110.0,100.0,10330.0,9.163070177819177,9539.82787879601,-0.07973738429450705,0.998,0.012675979959976595,2,9418.217188665503,9659.995366298404,False,1.0256713317169912,9298.550673353413,9783.51291901883,False,1.052154605884459,9135.220735382154,9959.511147411262,False,1.090232128583002
cubic_z,lofo_anchor,E2@110,E2,E2__R02__day1_1,110.0,120.0,4863.0,8.493853065607674,4884.880553087835,0.004442255203887413,0.40545,0.012675979959976595,2,4824.79218526189,4946.558890775988,True,1.025237709903041,4765.5987221981695,5006.294081607933,True,1.0505068457166995,4683.568510526336,5095.814406014169,True,1.0880196146509462
cubic_z,lofo_anchor,E2@110,E2,E2__R02__day1_1,110.0,130.0,3845.0,8.223343429037442,3726.327688774561,-0.031185452902303012,0.9146,0.012675979959976595,2,3673.1357667878324,3779.971122132492,False,1.0290855993700683,3620.1797829112274,3835.754362897712,False,1.059548031565749,3544.813222184151,3914.663241923923,True,1.1043355450789838
cubic_z,lofo_anchor,E2@110,E2,E2__R03__day1_0,110.0,80.0,27350.0,10.213715235417359,27276.32223968592,-0.002756572432767612,0.55135,0.012675979959976595,2,26885.695794742518,27663.817882506704,True,1.0289418616391675,26496.63646049848,28055.382017568758,True,1.0588280538699346,25980.555832580212,28621.907894686246,True,1.1016664954794277
cubic_z,lofo_anchor,E2@110,E2,E2__R03__day1_0,110.0,90.0,15560.0,9.742228521414994,17024.841223459534,0.08976972368261116,0.0016,0.012675979959976595,2,16792.59357850633,17254.43252485058,False,1.02750253819847,16549.205729531346,17487.80488476787,False,1.0567156618013174,16235.174451120647,17836.607599770934,False,1.0986397253365974
cubic_z,lofo_anchor,E2@110,E2,E2__R03__day1_0,110.0,100.0,10360.0,9.33136105920859,11286.49886699167,0.08565354339511622,0.00105,0.012675979959976595,2,11142.989243652239,11431.883706365199,False,1.0259261187815947,11002.115990668095,11576.613572580085,False,1.0522170082917937,10795.853200208387,11776.21666943655,False,1.090809262690719
cubic_z,lofo_anchor,E2@110,E2,E2__R03__day1_0,110.0,120.0,6977.0,8.662143946997087,5780.457633647936,-0.1882303569421495,1.0,0.012675979959976595,2,5709.281121243563,5852.049709263983,False,1.0250064036064357,5638.657764881932,5924.290720200475,False,1.0506561964263004,5537.4962460230645,6025.288598278322,False,1.0880889720883478
cubic_z,lofo_anchor,E2@110,E2,E2__R03__day1_0,110.0,130.0,5128.0,8.391634310426857,4410.034315488805,-0.15083668817364781,0.99985,0.012675979959976595,2,4346.3802335384835,4474.246247028404,False,1.0294189662706572,4283.754411562714,4538.620416110081,False,1.0594959421248409,4197.013687358311,4631.756918407181,False,1.1035839440691715
cubic_z,lofo_anchor,E2@120,E2,E2__R01__day1_0,120.0,80.0,9462.0,9.1302023996199,9229.797414725752,-0.024836656571192606,0.876,0.012744811414432736,2,9098.947202962,9362.213548588412,False,1.0289337150501008,8972.384670754342,9492.059102109624,True,1.0579193213872307,8786.995625739935,9685.625828038153,True,1.102268197296678
cubic_z,lofo_anchor,E2@120,E2,E2__R01__day1_0,120.0,90.0,5527.0,8.658735422354145,5760.489796939079,0.04133497052088231,0.04265,0.012744811414432736,2,5678.268329614604,5843.792140860858,False,1.0291504031929903,5595.373398870752,5927.149269909256,False,1.0592946792622389,5487.311212525773,6055.149379241091,True,1.1034820415177338
cubic_z,lofo_anchor,E2@120,E2,E2__R01__day1_0,120.0,100.0,3705.0,8.247917169520802,3819.544298286009,0.03047863179061494,0.0765,0.012744811414432736,2,3768.4670813527223,3871.2112871741483,False,1.0272641908774602,3718.456214962025,3925.5669456644073,False,1.0556980420716067,3651.7676553149595,3998.8050669663385,True,1.095032719605335
cubic_z,lofo_anchor,E2@120,E2,E2__R01__day1_0,120.0,110.0,2622.0,7.890114818796794,2670.894078357685,0.0184221544731491,0.16395,0.012744811414432736,2,2637.4297988874164,2704.021127239123,False,1.0252485690348225,2604.3581002571455,2737.946460894394,True,1.0512941598254322,2558.8003808449384,2789.2274385548503,True,1.0900527682561243
cubic_z,lofo_anchor,E2@120,E2,E2__R01__day1_0,120.0,130.0,1536.0,7.308256421895247,1492.4858422321504,-0.028680491812370867,0.90585,0.012744811414432736,2,1471.6843656764386,1513.2949570719868,False,1.028274127500446,1451.3007639687198,1534.6430582965131,False,1.0574259287922414,1423.9155448371469,1564.0777553469404,True,1.0984343566007095
cubic_z,lofo_anchor,E2@120,E2,E2__R02__day1_0,120.0,80.0,18780.0,9.849710191631637,18956.626795762895,0.009162438869383394,0.32305,0.012744811414432736,2,18693.392180146173,19227.684563932235,True,1.0285818849054866,18423.08134162221,19502.648077055605,True,1.0585985978900494,18046.025347747298,19890.020026781705,True,1.1021828709369843
cubic_z,lofo_anchor,E2@120,E2,E2__R02__day1_0,120.0,90.0,11540.0,9.378243214365884,11826.878421687545,0.02466867430379338,0.134,0.012744811414432736,2,11655.599637639289,12001.074010717439,False,1.0296402058940421,11486.203386404257,12189.774446909787,True,1.0612535784747046,11252.544501687209,12434.252136424127,True,1.1050169261325502
cubic_z,lofo_anchor,E2@120,E2,E2__R02__day1_0,120.0,100.0,7544.0,8.96742496153254,7842.93061904606,0.038917137219247167,0.04435,0.012744811414432736,2,7735.54198559941,7951.457498830653,False,1.0279121377187526,7630.022301969196,8057.61702046449,False,1.0560410837049505,7480.583173560193,8213.395019888321,True,1.0979618606365105
cubic_z,lofo_anchor,E2@120,E2,E2__R02__day1_0,120.0,110.0,5710.0,8.609622610808533,5484.873709085885,-0.04035169184152387,0.9686,0.012744811414432736,2,5415.231623933272,5554.1380110702385,False,1.025651051844773,5346.846625614143,5624.76746223662,False,1.0519784568517627,5250.458885992055,5725.232968497663,True,1.0904252547853066
cubic_z,lofo_anchor,E2@120,E2,E2__R02__day1_0,120.0,130.0,3302.0,8.027764213906984,3063.378149674956,-0.07451941057308886,0.99595,0.012744811414432736,2,3021.146701863737,3107.896081156042,False,1.028714057228267,2980.4385018122184,3153.4358437779943,False,1.058044258205827,2923.502517354131,3214.8696192095013,False,1.0996637082149896
cubic_z,lofo_anchor,E2@120,E2,E2__R02__day1_1,120.0,80.0,24470.0,10.040771916599645,22941.628049959698,-0.06443123983707189,0.99145,0.012744811414432736,2,22620.15922730734,23263.348858972502,False,1.0284343547364907,22298.549965076847,23602.6048516066,False,1.0584816003090836,21887.039624170193,24092.509656847767,False,1.1007660273179218
cubic_z,lofo_anchor,E2@120,E2,E2__R02__day1_1,120.0,90.0,15300.0,9.569304939333891,14316.226539672307,-0.06630316804663572,0.99165,0.012744811414432736,2,14111.136127055788,14526.774389033193,False,1.029454627765973,13908.124962439922,14739.688211832858,False,1.059789745320713,13632.990698774845,15033.702067214275,False,1.1027442473473783
cubic_z,lofo_anchor,E2@120,E2,E2__R02__day1_1,120.0,100.0,10330.0,9.158486686500549,9494.430754246368,-0.08432087561313573,0.9981,0.012744811414432736,2,9367.018932549232,9622.481055851424,False,1.027272510618559,9243.230620944387,9754.632612159563,False,1.0553271915618316,9071.416125648748,9942.460091874826,False,1.0960207264401933
cubic_z,lofo_anchor,E2@120,E2,E2__R02__day1_1,120.0,110.0,6671.0,8.800684335776541,6638.44645405531,-0.004840716932974942,0.6061,0.012744811414432736,2,6555.557699218129,6721.962551571731,True,1.025383782736509,6473.759525355053,6807.005883149117,True,1.0514764807819745,6364.105072285805,6932.613362021636,True,1.0893304373951258
cubic_z,lofo_anchor,E2@120,E2,E2__R02__day1_1,120.0,130.0,3845.0,8.218825938874993,3710.0347051254753,-0.03570294306475219,0.943,0.012744811414432736,2,3659.6990176803556,3762.014129165977,False,1.0279572475745484,3609.8352758545057,3815.0412475682238,False,1.0568463533741557,3539.459954681002,3889.513208012883,True,1.0989001875466706
cubic_z,lofo_anchor,E2@120,E2,E2__R03__day1_0,120.0,80.0,27350.0,10.401403871879706,32901.809700156235,0.18493206402957973,5e-05,0.012744811414432736,2,32437.516892958705,33366.775861771835,False,1.0286476604198656,31985.53687130976,33848.91376975603,False,1.0582568585902858,31315.168400678896,34532.312047205494,False,1.1027343556120506
cubic_z,lofo_anchor,E2@120,E2,E2__R03__day1_0,120.0,90.0,15560.0,9.929936894613952,20539.977911875347,0.27747809688156977,0.0,0.012744811414432736,2,20242.978841410073,20838.194040407852,False,1.0294035380692181,19947.143695881594,21142.856995019138,False,1.059944086099125,19518.781229684726,21578.240691926716,False,1.1055116832351144
cubic_z,lofo_anchor,E2@120,E2,E2__R03__day1_0,120.0,100.0,10360.0,9.519118641780608,13619.826706845126,0.2734111259671348,0.0,0.012744811414432736,2,13436.862184815753,13803.403316460817,False,1.0272787743599299,13248.907931682596,13992.083438698888,False,1.0560933407378512,12990.31006676862,14249.78091421198,False,1.0969546408799968
cubic_z,lofo_anchor,E2@120,E2,E2__R03__day1_0,120.0,110.0,7895.0,9.161316291056602,9521.175185103111,0.18733136436685882,5e-05,0.012744811414432736,2,9404.971357518345,9641.087820363276,False,1.0251054951545577,9283.885804405378,9764.037965897973,False,1.0517188784533256,9121.12036767368,9936.850966843413,False,1.0894331580208914
cubic_z,lofo_anchor,E2@120,E2,E2__R03__day1_0,120.0,130.0,5128.0,8.579457894155054,5322.224868094764,0.03698689555454848,0.05155,0.012744811414432736,2,5248.473912119333,5395.0923528189,False,1.0279354424075553,5176.088796162198,5470.493960329948,False,1.0568779199433431,5071.787453646207,5575.973104880447,True,1.0994098541869635
cubic_z,lofo_anchor,E2@130,E2,E2__R01__day1_0,130.0,80.0,9462.0,9.159538672378229,9502.06481174354,0.004499616187136013,0.42095,0.012755047402605132,2,9364.536640134078,9645.088300506519,True,1.0299589473728008,9226.85734988055,9789.920329340901,True,1.0610243507739545,9041.015383002525,10001.21179927282,True,1.1062044887209794
cubic_z,lofo_anchor,E2@130,E2,E2__R01__day1_0,130.0,90.0,5527.0,8.688005446507209,5930.467257911666,0.07060499467394621,0.00625,0.012755047402605132,2,5846.428508638459,6015.702619207227,False,1.0289534217888159,5766.724618851424,6102.841783466196,False,1.058285627774908,5652.190391850432,6223.5965944569825,False,1.101094648798531
cubic_z,lofo_anchor,E2@130,E2,E2__R01__day1_0,130.0,100.0,3705.0,8.277133594197954,3932.495185822199,0.05969505646776696,0.0134,0.012755047402605132,2,3877.27981975321,3989.607285821521,False,1.0289706885471734,3821.80925724481,4048.339539339675,False,1.0592730476188583,3747.04255036777,4132.659073844292,False,1.1029122349941487
cubic_z,lofo_anchor,E2@130,E2,E2__R01__day1_0,130.0,110.0,2622.0,7.919293818611876,2749.242722999684,0.04760115428823042,0.0304,0.012755047402605132,2,2709.473471888396,2790.127093789788,False,1.02976726760317,2669.3456926247086,2830.9819120096013,False,1.06055274887456,2613.84728357675,2894.181213987506,True,1.1072495444443682
cubic_z,lofo_anchor,E2@130,E2,E2__R01__day1_0,130.0,120.0,1955.0,7.607936071091669,2013.9832438097933,0.029790598672202684,0.0886,0.012755047402605132,2,1985.9467900632867,2041.575280112115,False,1.0280110677321095,1958.2381796389434,2070.434095487872,False,1.0572943153777214,1919.0371208653266,2112.961628554082,True,1.1010530258014557
cubic_z,lofo_anchor,E2@130,E2,E2__R02__day1_0,130.0,80.0,18780.0,9.92432874078945,20423.98643312857,0.08378098802719691,0.0042,0.012755047402605132,2,20126.510785244882,20728.807682447707,False,1.0299255496210689,19818.842651121715,21044.168449600373,False,1.061826304393678,19388.668956513575,21505.262226792744,False,1.1091665072536145
cubic_z,lofo_anchor,E2@130,E2,E2__R02__day1_0,130.0,90.0,11540.0,9.452795514918428,12744.71126870486,0.09922097485633685,0.00145,0.012755047402605132,2,12566.039337986304,12921.639823312198,False,1.0282985335125394,12388.886737030414,13111.391516644746,False,1.058318781578232,12140.401600505798,13380.28388388842,False,1.1021286053116204
cubic_z,lofo_anchor,E2@130,E2,E2__R02__day1_0,130.0,100.0,7544.0,9.041923662609173,8449.748232107737,0.11341583829588053,0.0009,0.012755047402605132,2,8329.388027522615,8571.17801202059,False,1.0290285413164848,8210.768431663704,8696.561030068426,False,1.0591653025472412,8041.283947063858,8876.758173847928,False,1.1038981128242746
cubic_z,lofo_anchor,E2@130,E2,E2__R02__day1_0,130.0,110.0,5710.0,8.684083887023096,5907.540574315365,0.03410958437303968,0.0729,0.012755047402605132,2,5822.4932231618395,5993.796735823895,False,1.029420989616718,5735.115154816543,6082.984610219039,False,1.0606560541526953,5617.314666307828,6212.557917866805,True,1.1059658016185554
cubic_z,lofo_anchor,E2@130,E2,E2__R02__day1_0,130.0,120.0,4017.0,8.372726139502891,4327.49034358341,0.07443550514360808,0.0042,0.012755047402605132,2,4267.781290227308,4387.750754228862,False,1.0281104995413588,4209.172784577045,4449.000548977316,False,1.0569774102120566,4125.530216949711,4537.750290149774,False,1.0999192955868944
cubic_z,lofo_anchor,E2@130,E2,E2__R02__day1_1,130.0,80.0,24470.0,10.076306191710703,23773.24793715145,-0.028896964726014218,0.89435,0.012755047402605132,2,23413.974352496163,24132.300455647106,False,1.0306793751601748,23068.49949212084,24492.88108418037,True,1.061745740876906,22570.85840204024,25026.196079257035,True,1.108783531112616
cubic_z,lofo_anchor,E2@130,E2,E2__R02__day1_1,130.0,90.0,15300.0,9.604772965839683,14836.260989341024,-0.030835141540844546,0.9162,0.012755047402605132,2,14624.13001614396,15049.783862668306,False,1.0291062679321406,14415.745280867977,15259.96632368185,False,1.0585624278429981,14126.21179032243,15584.8274305569,True,1.1032559657100522
cubic_z,lofo_anchor,E2@130,E2,E2__R02__day1_1,130.0,100.0,10330.0,9.193901113530428,9836.334906102542,-0.048906448583256434,0.9748,0.012755047402605132,2,9696.403582061255,9980.2647221635,False,1.029274889158636,9557.076569445951,10128.641946802156,False,1.0598054617646888,9359.222521917487,10330.758712310062,True,1.1038052240041762
cubic_z,lofo_anchor,E2@130,E2,E2__R02__day1_1,130.0,110.0,6671.0,8.83606133794435,6879.048877726637,0.030536285234834537,0.0923,0.012755047402605132,2,6778.218764283593,6980.168291075256,False,1.0297938933242747,6678.378404481005,7081.981371382948,False,1.06043427647513,6537.54620594267,7230.880519876935,True,1.106054212405263
cubic_z,lofo_anchor,E2@130,E2,E2__R02__day1_1,130.0,120.0,4863.0,8.524703590424144,5038.6740906485875,0.03529278002035774,0.0596,0.012755047402605132,2,4969.439281629207,5110.703340888211,False,1.028426559064968,4900.612998777058,5180.531482754023,False,1.0571190755211275,4800.9056347952055,5282.94970097847,True,1.1004069029579724
cubic_z,lofo_anchor,E2@130,E2,E2__R03__day1_0,130.0,80.0,27350.0,10.364381339428325,31714.54045739221,0.14790953157819864,0.0005,0.012755047402605132,2,31253.462017124675,32174.999433768156,False,1.0294859307470816,30777.980276741666,32669.868732495313,False,1.0614688955786782,30130.043013380528,33376.53762279818,False,1.1077494183455334
cubic_z,lofo_anchor,E2@130,E2,E2__R03__day1_0,130.0,90.0,15560.0,9.892848113557303,19784.878426462226,0.2403893158249204,0.0,0.012755047402605132,2,19507.453203353973,20069.740623505444,False,1.0288242352443422,19233.029364397036,20364.023962519095,False,1.0588048079527026,18836.281398659914,20799.64147099543,False,1.10423289134315
cubic_z,lofo_anchor,E2@130,E2,E2__R03__day1_0,130.0,100.0,10360.0,9.48197626124805,13118.579007475875,0.2362687454345771,0.0,0.012755047402605132,2,12937.411773811187,13307.207886277865,False,1.028583469316115,12756.445415688311,13502.950571376066,False,1.0585198408617558,12486.768201294719,13788.45137485703,False,1.104245001795368
cubic_z,lofo_anchor,E2@130,E2,E2__R03__day1_0,130.0,110.0,7895.0,9.124136485661973,9173.61677894701,0.15015155897222954,0.0003,0.012755047402605132,2,9041.542792719989,9306.281064508767,False,1.0292802100103908,8910.400190197,9442.718659413033,False,1.0597412526770318,8720.522285885496,9649.346154097868,False,1.1065101192064735
cubic_z,lofo_anchor,E2@130,E2,E2__R03__day1_0,130.0,120.0,6977.0,8.812778738141766,6718.688952683461,-0.0375955657974707,0.9508,0.012755047402605132,2,6625.06146610452,6811.487895195602,False,1.0281395772771145,6533.343628347574,6906.283135830294,False,1.0570824877271983,6399.024849912997,7042.754687094043,True,1.1005981149127433
cubic_z,lofo_anchor,E3@80,E3,E3__R03__day1_0,80.0,90.0,11550.0,9.324618733847107,11208.989987402041,-0.029821982102832933,0.6387,0.056843170727955465,5,10562.622859913869,11884.6243136463,True,1.1251584451386172,10021.932638359604,12543.406777882536,True,1.251595598424981,9387.194520216506,13395.725768110833,True,1.4270212190938891
cubic_z,lofo_anchor,E3@80,E3,E3__R03__day1_0,80.0,100.0,7546.0,8.917728439618482,7462.946839221449,-0.011044460905774045,0.54825,0.056843170727955465,5,7036.457710770374,7909.281352865854,True,1.1240430452327583,6662.8179819239895,8356.4579984996,True,1.2541927486493554,6231.02400190912,8893.821399053975,True,1.4273450714246971
cubic_z,lofo_anchor,E3@80,E3,E3__R03__day1_0,80.0,110.0,5376.0,8.58281440208309,5348.6530256891465,-0.0068854801198963145,0.52465,0.056843170727955465,5,5045.67516496114,5666.51545502487,True,1.1230440465876705,4771.7964870789165,5973.238000487909,True,1.2517797053294832,4480.785455697794,6365.778273793805,True,1.4206835691494766
cubic_z,lofo_anchor,E3@80,E3,E3__R03__day1_0,80.0,120.0,3839.0,8.299747258556792,4026.5250155426606,0.04678006355599429,0.2915,0.056843170727955465,5,3798.451354908045,4261.070160087832,True,1.121791425492926,3602.945368992677,4499.033117020465,True,1.2487097794320206,3384.2476930142993,4796.168928857982,True,1.4172038703780883
cubic_z,lofo_anchor,E3@80,E3,E3__R03__day1_0,80.0,130.0,2959.0,8.052836202475085,3146.329703645638,0.06022955007487507,0.244,0.056843170727955465,5,2963.4951037834526,3341.462117987618,False,1.1275409612526843,2804.4560657784627,3527.3634540432813,True,1.2577709799365864,2629.7211563792416,3768.3249011538255,True,1.4329750863556507
cubic_z,lofo_anchor,E3@90,E3,E3__R03__day1_0,90.0,80.0,18570.0,9.858982260479877,19144.59329871538,0.029679606133125702,0.3577,0.05664491948008857,5,18058.695291543798,20275.22091354123,True,1.1227400754159325,17112.131753701844,21400.19267871832,True,1.250586016209748,16047.226256414087,22745.19128956389,True,1.417390826683996
cubic_z,lofo_anchor,E3@90,E3,E3__R03__day1_0,90.0,100.0,7546.0,8.947406084502301,7683.313784739098,0.0186331839780447,0.411,0.05664491948008857,5,7276.386181316139,8112.053388041123,True,1.1148464616777432,6912.944327497802,8536.05648974806,True,1.23479317716967,6510.966479067684,9062.30298554137,True,1.391852195012224
cubic_z,lofo_anchor,E3@90,E3,E3__R03__day1_0,90.0,110.0,5376.0,8.612493911377868,5497.854897946752,0.02279402917488227,0.39315,0.05664491948008857,5,5194.612378766269,5817.252528305431,True,1.1198626777397855,4924.168009547855,6128.929345075799,True,1.2446629223844388,4617.38266160313,6531.750751489099,True,1.4146002682007106
cubic_z,lofo_anchor,E3@90,E3,E3__R03__day1_0,90.0,120.0,3839.0,8.329509529079843,4146.143217859814,0.0765423340790452,0.18965,0.05664491948008857,5,3911.7178782015826,4398.067554513628,False,1.1243314808110971,3703.851338231002,4642.67616067377,True,1.2534725983065942,3467.0229844393452,4957.4442361633155,True,1.4298850219376285
cubic_z,lofo_anchor,E3@90,E3,E3__R03__day1_0,90.0,130.0,2959.0,8.082793560884644,3239.9665354941926,0.09018690848443445,0.14525,0.05664491948008857,5,3060.503026847039,3431.597932662308,False,1.1212529125310404,2897.2536774589103,3618.2712669110915,True,1.248862429638734,2720.562535984938,3857.0773984067228,True,1.4177499496479415
cubic_z,lofo_anchor,E3@100,E3,E3__R03__day1_0,100.0,80.0,18570.0,9.83941593632918,18772.660574747035,0.010113281982429001,0.451,0.05665781795878068,5,17728.46468039556,19885.467363543878,True,1.1216688936145482,16799.87927794019,20960.897413058457,True,1.2476814306982593,15737.50845402702,22320.477181361064,True,1.4182980264356617
cubic_z,lofo_anchor,E3@100,E3,E3__R03__day1_0,100.0,90.0,11550.0,9.334760903272644,11319.433134580055,-0.019679812677296127,0.60055,0.05665781795878068,5,10723.1084050952,11949.672923626627,True,1.1143851644685987,10182.476796088016,12583.498608444796,True,1.2357993895236985,9581.927922863882,13372.102691999164,True,1.3955545063213604
cubic_z,lofo_anchor,E3@100,E3,E3__R03__day1_0,100.0,110.0,5376.0,8.593074813124273,5395.065563984114,0.0033749309212876,0.4836,0.05665781795878068,5,5103.628843000556,5698.100944068882,True,1.1164802769471809,4847.821510921953,5994.190599362492,True,1.236470976882671,4562.637743880333,6365.527786540683,True,1.3951420524407157
cubic_z,lofo_anchor,E3@100,E3,E3__R03__day1_0,100.0,120.0,3839.0,8.310106499715717,4067.129112096427,0.05713930471491935,0.2459,0.05665781795878068,5,3842.554830966768,4299.2668700184595,False,1.1188563492630201,3642.5123899685677,4529.8290020300055,True,1.2436001630372202,3426.479106634019,4813.277431357762,True,1.404729835369128
cubic_z,lofo_anchor,E3@100,E3,E3__R03__day1_0,100.0,130.0,2959.0,8.063307317048638,3174.898952095644,0.07070066464842828,0.2054,0.05665781795878068,5,2996.242123497784,3366.3784831177422,False,1.1235335277870884,2837.491786612278,3549.305119022683,True,1.2508600503334846,2662.981238052791,3775.975246876685,True,1.4179503756615763
cubic_z,lofo_anchor,E3@110,E3,E3__R03__day1_0,110.0,80.0,18570.0,9.835946557833248,18693.220340712167,0.006643903486496683,0.47,0.056777686647642586,5,17649.795969172304,19798.937222798257,True,1.1217657845665587,16722.816574400975,20871.70426206475,True,1.2480974224171562,15666.428648378813,22273.972239122893,True,1.4217645092602416
cubic_z,lofo_anchor,E3@110,E3,E3__R03__day1_0,110.0,90.0,11550.0,9.331331460325154,11290.768672111453,-0.023109255624785163,0.60795,0.056777686647642586,5,10660.441127754713,11946.239936552538,True,1.120614034014992,10120.256822257636,12592.38892701939,True,1.2442756293817323,9480.674659495742,13448.049304169263,True,1.4184696540240245
cubic_z,lofo_anchor,E3@110,E3,E3__R03__day1_0,110.0,100.0,7546.0,8.924498169345856,7509.729055819906,-0.00427473117840016,0.5231,0.056777686647642586,5,7110.02348172,7933.582401971454,True,1.1158306892190777,6754.576219282831,8363.078642029865,True,1.2381352094532758,6357.995569885019,8899.378641992607,True,1.399714508161186
cubic_z,lofo_anchor,E3@110,E3,E3__R03__day1_0,110.0,120.0,3839.0,8.30671510508983,4044.9484151966603,0.05374791008903301,0.2589,0.056777686647642586,5,3831.5551611103424,4273.302371178947,True,1.1152918831894336,3645.8516334094,4497.027085703622,True,1.2334640950537665,3436.4056388937197,4778.092911380335,True,1.3904333229177634
cubic_z,lofo_anchor,E3@110,E3,E3__R03__day1_0,110.0,130.0,2959.0,8.059946220572415,3163.5860070063286,0.06733956817220577,0.21715,0.056777686647642586,5,2987.3856663351903,3358.53198769398,False,1.124237832945787,2831.6425701252188,3545.13831441809,True,1.2519723893899926,2661.1262392757944,3784.847741714607,True,1.4222729030489831
cubic_z,lofo_anchor,E3@120,E3,E3__R03__day1_0,120.0,80.0,18570.0,9.782569404845384,17703.949660137765,-0.046733249501366814,0.708,0.05662866606912654,5,16708.019867913838,18771.21864343837,True,1.123485535200177,15829.780902679338,19824.76136538943,True,1.2523711785571148,14875.571358185829,21105.067614781787,True,1.418773578950159
cubic_z,lofo_anchor,E3@120,E3,E3__R03__day1_0,120.0,90.0,11550.0,9.277779337999265,10696.273222685548,-0.07666137795067485,0.80745,0.05662866606912654,5,10099.25425318944,11347.681648765863,False,1.1236158001648644,9563.399674412758,11974.287560521525,True,1.2520952765949112,8963.39343703948,12730.154703985108,True,1.420238305213762
cubic_z,lofo_anchor,E3@120,E3,E3__R03__day1_0,120.0,100.0,7546.0,8.870891570806629,7125.124980617093,-0.057881329717627494,0.75245,0.05662866606912654,5,6737.914352486726,7540.829053700538,False,1.1191636846671233,6386.511066910788,7942.536526896353,True,1.2436424901927288,6007.321473048325,8464.655776189531,True,1.409056567750863
cubic_z,lofo_anchor,E3@120,E3,E3__R03__day1_0,120.0,110.0,5376.0,8.536071240254133,5099.351080936576,-0.05362864194885297,0.7431,0.05662866606912654,5,4828.824856258789,5384.731433366466,True,1.1151225388485875,4589.747115545345,5669.906327135274,True,1.235341770340998,4324.705712423222,6029.417458928927,True,1.3941798262963236
cubic_z,lofo_anchor,E3@120,E3,E3__R03__day1_0,120.0,130.0,2959.0,8.00639717629171,3001.9086885178776,0.01379052389150015,0.43235,0.05662866606912654,5,2831.645278454471,3178.6699481635032,True,1.1225523099060064,2684.4487709794357,3354.656804690208,True,1.249663186333127,2516.2441845872618,3569.0722337684742,True,1.418412511643383
cubic_z,lofo_anchor,E3@130,E3,E3__R03__day1_0,130.0,80.0,18570.0,9.768602886253499,17461.313160109334,-0.060699768093252615,0.7602,0.05664105389460615,5,16469.090109110057,18513.61644465401,False,1.1241432478660738,15628.806765205802,19545.342674033964,True,1.2505972444132774,14618.993381144055,20830.009011418253,True,1.4248593229603157
cubic_z,lofo_anchor,E3@130,E3,E3__R03__day1_0,130.0,90.0,11550.0,9.263700324284084,10547.151818714708,-0.09074039166585557,0.85585,0.05664105389460615,5,9959.274362807751,11167.5152592489,False,1.1213181656038358,9456.179830961806,11777.047474782545,True,1.2454339580368026,8865.156835981325,12553.487021618534,True,1.416047933936967
cubic_z,lofo_anchor,E3@130,E3,E3__R03__day1_0,130.0,100.0,7546.0,8.85674083267455,7021.101400802092,-0.0720320678497064,0.7998,0.05664105389460615,5,6626.455021874025,7433.693231229213,False,1.1218205219367645,6280.246558069346,7849.9122861990445,True,1.2499369592604404,5893.318357416483,8361.688135501994,True,1.4188420900389973
cubic_z,lofo_anchor,E3@130,E3,E3__R03__day1_0,130.0,110.0,5376.0,8.52189996714403,5027.22003263669,-0.06779991505895566,0.78505,0.05664105389460615,5,4739.789864592572,5323.793273391416,False,1.123212932531355,4488.108850679926,5613.155712167142,True,1.2506728109584009,4199.533666162439,5991.792820340857,True,1.4267757557510419
cubic_z,lofo_anchor,E3@130,E3,E3__R03__day1_0,130.0,120.0,3839.0,8.23901306117648,3785.797152163928,-0.013954133824316983,0.5674,0.05664105389460615,5,3578.756209695424,4008.6000260393544,True,1.120109834578677,3390.323701573418,4228.317993468295,True,1.2471723545176443,3189.8473292396784,4499.666532045954,True,1.410621282968574
cubic_z,strict_holdout,E1,E1,E1__R01__day1_1,110.0,120.0,780.0,6.703823522297326,815.0546176675077,0.044529602613688546,0.32965,0.03534942422589463,5,761.4114682623555,873.5124053623429,True,1.1472278022759719,713.9881734055892,930.5455796103746,True,1.3033067132916885,660.6942678482217,1002.0775038260441,True,1.5167037956748959
cubic_z,strict_holdout,E1,E1,E1__R01__day1_1,110.0,130.0,599.0,6.47667814737829,649.2613791562842,0.08141654926284048,0.3849,0.03534942422589463,5,537.8945830451333,786.897681089624,True,1.462921743206322,450.67928572239134,935.0139269207539,True,2.074676952196783,366.965861899334,1136.5780903395016,True,3.0972311278679308
cubic_z,strict_holdout,E2,E2,E2__R01__day1_0,110.0,120.0,1955.0,7.621714572540604,2048.5010458690986,0.043569100121137794,0.1907,0.010260540940733115,2,1979.0805847610904,2114.405420395621,False,1.0683776278118897,1897.5053546753381,2188.3704228276633,True,1.1532881408928048,1766.1753895448362,2318.770767793703,True,1.3128768419716668
cubic_z,strict_holdout,E2,E2,E2__R01__day1_0,110.0,130.0,1536.0,7.472034509778446,1777.0382444900108,0.13509759607082827,0.1833,0.010260540940733115,2,1603.231226957785,1952.6226243851495,False,1.2179295110726809,1411.173773230811,2156.915851082533,True,1.5284551711476209,1136.2119076218855,2545.3837656070123,True,2.2402368330521654
cubic_z,strict_holdout,E2,E2,E2__R02__day1_0,110.0,120.0,4017.0,8.398903481709805,4458.575443796837,0.10061284735052212,0.05865,0.010260540940733115,2,4309.783751831227,4599.417187082583,False,1.0672037048560243,4127.954528112281,4759.5373003730865,False,1.15300138796578,3835.125115821142,5034.604601335482,True,1.312761500417834
cubic_z,strict_holdout,E2,E2,E2__R02__day1_0,110.0,130.0,3302.0,8.24922341894765,3866.956626699044,0.14693979446757766,0.16765,0.010260540940733115,2,3491.3512743462657,4249.263964208394,False,1.2170829086809787,3064.438528393397,4691.553109470288,True,1.5309666243916937,2459.049893301548,5532.481502063037,True,2.2498451605774723
cubic_z,strict_holdout,E2,E2,E2__R02__day1_1,110.0,120.0,4863.0,8.554385296261648,5207.307550052126,0.06497448585786181,0.11725,0.010260540940733115,2,5034.296916883788,5372.499608962352,False,1.0671797269136658,4824.241180368175,5560.906199397752,True,1.1527007028643945,4484.298033604409,5881.965655135165,True,1.3116803591235286
cubic_z,strict_holdout,E2,E2,E2__R02__day1_1,110.0,130.0,3845.0,8.404705233499492,4516.340106321726,0.15017635155974673,0.1637,0.010260540940733115,2,4077.176177460253,4957.301481985072,False,1.2158663904175624,3579.5789746587143,5482.028941835682,True,1.5314731091687541,2895.619210349979,6489.468500968108,True,2.241133253216592
cubic_z,strict_holdout,E2,E2,E2__R03__day1_0,110.0,120.0,6977.0,8.722452543883325,6160.81103835913,-0.12792176005591216,0.9765,0.010260540940733115,2,5957.606378436923,6358.43618531935,False,1.0672803440544845,5704.209303447518,6577.425337469443,False,1.15308274776912,5290.851193634199,6958.15345066808,False,1.3151293045323087
cubic_z,strict_holdout,E2,E2,E2__R03__day1_0,110.0,130.0,5128.0,8.572772481121168,5347.228848705636,0.030301482520663114,0.3862,0.010260540940733115,2,4824.217667398552,5872.54874028774,True,1.217305922983881,4239.513223457571,6486.621809077484,True,1.5300392915834011,3422.322904742051,7681.905860641493,True,2.244646713493126
cubic_z,strict_holdout,E3,E3,E3__R03__day1_0,110.0,120.0,3839.0,8.31121915939133,4066.3192561266032,0.05825196439053215,0.28895,0.036132308106477544,5,3791.4986843395286,4359.8901448091465,True,1.1499120816835073,3553.6882489587133,4654.94427431135,True,1.3098910056827076,3292.7695724912205,5026.276950737155,True,1.5264587576149187
cubic_z,strict_holdout,E3,E3,E3__R03__day1_0,110.0,130.0,2959.0,8.074752754714412,3214.149287498302,0.08214610231420227,0.384,0.036132308106477544,5,2648.98648579661,3890.3781562394047,True,1.4686289179272576,2211.235965598449,4667.236505356418,True,2.1106912957131088,1793.965839213026,5737.7562440417,True,3.198364271283298
cubic_z,e2_same_formulation_anchor,E2__R01__day1_0,E2,E2__R01__day1_0,110.0,120.0,1955.0,7.5929448896023475,1983.7272504071998,0.014799417182881136,0.42965,0.0585545088574316,5,1874.7435417616687,2098.4737188216727,True,1.1193390840273376,1782.3755766487925,2214.2572046798164,True,1.2423067470678901,1675.9907090763993,2356.2223625444885,True,1.4058683916230954
cubic_z,e2_same_formulation_anchor,E2__R01__day1_0,E2,E2__R01__day1_0,110.0,130.0,1536.0,7.3433300854368255,1545.839166520667,0.006393171729207836,0.4741,0.0585545088574316,5,1456.2050908312062,1643.4317945853188,True,1.1285716585754024,1375.8864820090807,1738.6467278485263,True,1.2636556507988508,1289.195080922449,1865.5051602776302,True,1.4470309326210102
cubic_z,e2_same_formulation_anchor,E2__R02__day1_0,E2,E2__R02__day1_0,110.0,120.0,4017.0,8.359576263574638,4272.697772464946,0.061285629215355186,0.22455,0.05732454169084178,5,4042.9155050037148,4509.396926629678,False,1.1153824315765746,3842.318030679539,4747.549529563466,True,1.2355951515871348,3620.02646150102,5047.946241665257,True,1.394450094591894
cubic_z,e2_same_formulation_anchor,E2__R02__day1_0,E2,E2__R02__day1_0,110.0,130.0,3302.0,8.105498891018087,3311.3305744129257,0.00321526653801385,0.4859,0.05732454169084178,5,3123.468692532522,3517.37358238169,True,1.1261113616380733,2951.68558568312,3709.071568937183,True,1.2565943970888007,2768.5682372964275,3954.029908005838,True,1.4281858235385385
cubic_z,e2_same_formulation_anchor,E2__R02__day1_1,E2,E2__R02__day1_1,110.0,120.0,4863.0,8.522921395358525,5029.924936518445,0.033510584954738576,0.3236,0.05172658532867876,5,4783.070956035584,5290.442679426346,True,1.1060765621196835,4567.581025296587,5536.309526204704,True,1.212087863475879,4326.904650160702,5862.658681892839,True,1.3549313321880339
cubic_z,e2_same_formulation_anchor,E2__R02__day1_1,E2,E2__R02__day1_1,110.0,130.0,3845.0,8.269587213722739,3902.8965464370367,0.015058331782993761,0.4277,0.05172658532867876,5,3696.5657734698625,4114.683398817138,True,1.1131097486072326,3521.388583541941,4321.552539339083,True,1.2272296671650784,3322.1717547952417,4574.406023280228,True,1.3769324288178368
cubic_z,e2_same_formulation_anchor,E2__R03__day1_0,E2,E2__R03__day1_0,110.0,120.0,6977.0,8.669515101108965,5824.85686602253,-0.18085920283027157,0.9998,0.029563405177343002,5,5658.297059926406,5996.769988494915,False,1.0598188686425931,5507.642963831954,6156.345461465054,False,1.117782234958412,5336.0856870067455,6349.841693784885,False,1.1899812083690136
cubic_z,e2_same_formulation_anchor,E2__R03__day1_0,E2,E2__R03__day1_0,110.0,130.0,5128.0,8.415907697179245,4517.458942922577,-0.12656330142126038,0.99645,0.029563405177343002,5,4384.491324111661,4659.514415658595,False,1.0627263395492421,4261.212515402341,4792.151336594913,False,1.1245980620007734,4122.527569260387,4943.758436219744,False,1.199205670104637
